#SampleID	d__Bacteria;__;__;__;__;__	d__Bacteria;p__Pseudomonadota;c__Gammaproteobacteria;o__Enterobacterales_737866;f__Enterobacteriaceae_A_725029;g__Escherichia	d__Bacteria;p__Pseudomonadota;c__Gammaproteobacteria;o__Burkholderiales;f__Burkholderiaceae_A_595427;g__Sutterella	d__Bacteria;p__Bacillota_A_368345;c__Clostridia_258483;o__Oscillospirales;f__Ruminococcaceae;g__Gemmiger_A_73129	d__Archaea;p__Methanobacteriota_A_1229;c__Methanobacteria;o__Methanobacteriales;f__Methanobacteriaceae;g__Methanobrevibacter_A	d__Bacteria;p__Bacteroidota;c__Bacteroidia;o__Bacteroidales;f__Bacteroidaceae;g__Bacteroides_H_857956	d__Bacteria;p__Bacteroidota;c__Bacteroidia;o__Chitinophagales;f__Chitinophagaceae;g__Hydrotalea	d__Bacteria;p__Actinomycetota;c__Actinomycetes;o__Actinomycetales;f__Bifidobacteriaceae;g__Bifidobacterium_388775	d__Bacteria;p__Bacillota_I;c__Bacilli_A;o__Lactobacillales;f__Enterococcaceae;g__Enterococcus_B	d__Bacteria;p__Bacillota_A_368345;c__Clostridia_258483;o__Lachnospirales;f__Lachnospiraceae;g__Blautia_A_141780	d__Bacteria;p__Bacillota_A_368345;c__Clostridia_258483;o__Lachnospirales;f__Lachnospiraceae;g__Eubacterium_G_180878	d__Bacteria;p__Bacillota_A_368345;c__Clostridia_258483;o__Christensenellales;f__;g__	d__Bacteria;p__Bacillota_A_368345;c__Clostridia_258483;o__Christensenellales;f__CAG-138;g__PeH17	d__Bacteria;p__Bacillota_A_368345;c__Clostridia_258483;o__Christensenellales;f__Christensenellaceae;g__	d__Bacteria;p__Bacillota_I;c__Bacilli_A;o__Lactobacillales;f__Lactobacillaceae;g__Lactobacillus	d__Bacteria;p__Bacillota_A_368345;c__Clostridia_258483;o__Lachnospirales;f__Lachnospiraceae;__	d__Bacteria;p__Bacillota_I;c__Bacilli_A;o__Lactobacillales;f__Lactobacillaceae;g__Lacticaseibacillus	d__Bacteria;p__Bacillota_I;c__Bacilli_A;o__Erysipelotrichales;f__Erysipelotrichaceae;g__Clostridium_AQ	d__Bacteria;p__Bacillota_I;c__Bacilli_A;o__Lactobacillales;f__Lactobacillaceae;g__Leuconostoc_B	d__Bacteria;p__Bacillota_I;c__Bacilli_A;o__Staphylococcales;f__Gemellaceae;g__Gemella	d__Bacteria;p__Bacillota_I;c__Bacilli_A;o__Lactobacillales;f__Aerococcaceae;g__Granulicatella	d__Bacteria;p__Bacillota_I;c__Bacilli_A;o__Lactobacillales;f__Streptococcaceae;g__Streptococcus	d__Bacteria;p__Bacillota_A_368345;c__Clostridia_258483;o__Oscillospirales;f__Ruminococcaceae;__	d__Bacteria;p__Bacillota_C;c__Negativicutes;o__Veillonellales;f__Veillonellaceae;g__Veillonella_A	d__Bacteria;p__Bacillota_I;c__Bacilli_A;o__Staphylococcales;f__Staphylococcaceae;g__Staphylococcus	d__Bacteria;p__Bacillota_I;c__Bacilli_A;o__Lactobacillales;f__Streptococcaceae;g__Lactococcus_A_346120	d__Bacteria;p__Bacillota_I;c__Bacilli_A;o__Lactobacillales;f__Enterococcaceae;g__Enterococcus_H_360604	d__Bacteria;p__Actinomycetota;c__Coriobacteriia;o__Coriobacteriales;f__Coriobacteriaceae;g__Collinsella	d__Bacteria;p__Bacillota_I;c__Bacilli_A;o__MOL361;f__Turicibacteraceae;g__Turicibacter	d__Bacteria;p__Actinomycetota;c__Coriobacteriia;o__Coriobacteriales;f__Eggerthellaceae;__	d__Bacteria;p__Bacillota_A_368345;c__Clostridia_258483;o__Oscillospirales;f__Acutalibacteraceae;g__Ruminococcus_E	d__Bacteria;p__Bacillota_I;c__Bacilli_A;o__Erysipelotrichales;f__Coprobacillaceae;g__Faecalibacillus	d__Bacteria;p__Bacillota_I;c__Bacilli_A;o__Erysipelotrichales;f__Coprobacillaceae;g__	d__Bacteria;p__Bacillota_I;c__Bacilli_A;o__Erysipelotrichales;f__Erysipelotrichaceae;g__Holdemania	d__Bacteria;p__Bacillota_I;c__Bacilli_A;o__Erysipelotrichales;f__Coprobacillaceae;g__Thomasclavelia	d__Bacteria;p__Bacillota_I;c__Bacilli_A;o__Erysipelotrichales;f__Coprobacillaceae;g__Coprobacillus	d__Bacteria;p__Bacillota_I;c__Bacilli_A;o__Erysipelotrichales;f__Erysipelotrichaceae;g__Bulleidia	d__Bacteria;p__Bacillota_I;c__Bacilli_A;o__Erysipelotrichales;f__Erysipelotrichaceae;g__Dielma	d__Bacteria;p__Bacillota_I;c__Bacilli_A;o__Erysipelotrichales;f__Erysipelotrichaceae;g__Merdibacter	d__Bacteria;p__Bacteroidota;c__Bacteroidia;o__Bacteroidales;f__Rikenellaceae;g__Alistipes_A_871400	d__Bacteria;p__Bacillota_I;c__Bacilli_A;o__Erysipelotrichales;f__Erysipelotrichaceae;g__Holdemanella	d__Bacteria;p__Bacillota_I;c__Bacilli_A;o__Erysipelotrichales;f__Erysipelotrichaceae;g__Longicatena	d__Bacteria;p__Bacillota_A_368345;c__Clostridia_258483;o__Peptostreptococcales;f__Peptostreptococcaceae_256921;__	d__Bacteria;p__Patescibacteria;c__Paceibacteria;o__UBA9973;f__UBA9973;g__	d__Bacteria;p__Patescibacteria;c__Paceibacteria;o__UBA9973;f__UBA9973;g__UBA9973	d__Bacteria;p__Actinomycetota;c__Coriobacteriia;o__Coriobacteriales;f__Eggerthellaceae;g__Eggerthella	d__Bacteria;p__Verrucomicrobiota;c__Verrucomicrobiae;o__Verrucomicrobiales;f__Akkermansiaceae;g__Akkermansia	d__Bacteria;p__Bacillota_A_368345;c__Clostridia_258483;o__Oscillospirales;f__Ruminococcaceae;g__Faecalibacterium	d__Bacteria;p__Bacteroidota;c__Bacteroidia;o__Flavobacteriales_B_877923;f__Flavobacteriaceae;g__Flavobacterium	d__Bacteria;p__Bacillota_C;c__Negativicutes;o__Veillonellales;f__Dialisteraceae;g__Dialister_36337	d__Bacteria;p__Bacillota_A_368345;c__Clostridia_258483;o__Lachnospirales;f__Lachnospiraceae;g__Blautia_A_141781	d__Bacteria;p__Bacillota_A_368345;c__Clostridia_258483;o__TANB77;f__CAG-508;g__	d__Bacteria;p__Bacillota_A_368345;c__Clostridia_258483;o__TANB77;f__CAG-508;__	d__Bacteria;p__Bacillota_A_368345;c__Clostridia_258483;o__TANB77;f__CAG-508;g__CAG-269	d__Bacteria;p__Bacillota_A_368345;c__Clostridia_258483;o__Oscillospirales;f__Oscillospiraceae_88309;g__Hominicoprocola	d__Bacteria;p__Bacteroidota;c__Bacteroidia;o__Bacteroidales;f__Marinifilaceae;g__Odoribacter_865974	d__Bacteria;p__Bacteroidota;c__Bacteroidia;o__Bacteroidales;f__Bacteroidaceae;g__Phocaeicola_A	d__Bacteria;p__Bacillota_A_368345;c__Clostridia_258483;o__Oscillospirales;f__Oscillospiraceae_88309;g__	d__Bacteria;p__Bacillota_A_368345;c__Clostridia_258483;o__Oscillospirales;f__Acutalibacteraceae;g__Eubacterium_R	d__Bacteria;p__Bacteroidota;c__Bacteroidia;o__Bacteroidales;f__Porphyromonadaceae;g__Porphyromonas_A	d__Bacteria;p__Actinomycetota;c__Actinomycetes;o__Actinomycetales;f__Actinomycetaceae;g__Pauljensenia	d__Bacteria;p__Bacteroidota;c__Bacteroidia;o__Bacteroidales;f__Bacteroidaceae;g__Prevotella	d__Bacteria;p__Bacteroidota;c__Bacteroidia;o__Bacteroidales;f__Tannerellaceae;g__Parabacteroides_B_862066	d__Bacteria;p__Bacillota_A_368345;c__Clostridia_258483;o__Oscillospirales;f__Oscillospiraceae_88309;g__Vescimonas	d__Bacteria;p__Bacteroidota;c__Bacteroidia;o__Bacteroidales;f__Rikenellaceae;g__Alistipes_A_871404	d__Bacteria;p__Bacillota_A_368345;c__Clostridia_258483;o__Christensenellales;f__Aristaeellaceae;g__Limiplasma	d__Bacteria;p__Bacillota_A_368345;c__Clostridia_258483;o__Lachnospirales;f__Lachnospiraceae;g__Clostridium_AP_143938	d__Bacteria;p__Bacteroidota;c__Bacteroidia;o__Bacteroidales;f__Marinifilaceae;g__Butyricimonas	d__Bacteria;p__Bacillota_A_368345;c__Clostridia_258483;o__Lachnospirales;f__Lachnospiraceae;g__Anaerostipes	d__Bacteria;p__Bacillota_A_368345;c__Clostridia_258483;o__Oscillospirales;f__Butyricicoccaceae;g__Agathobaculum	d__Bacteria;p__Bacillota_A_368345;c__Clostridia_258483;o__Clostridiales;f__Clostridiaceae_222000;g__Clostridium_T	d__Bacteria;p__Bacteroidota;c__Bacteroidia;o__Bacteroidales;f__Barnesiellaceae;g__Barnesiella_B	d__Bacteria;p__Patescibacteria;c__Saccharimonadia;o__Saccharimonadales;f__Nanosynbacteraceae;g__Nanosynbacter	d__Bacteria;p__Patescibacteria;c__Saccharimonadia;o__Saccharimonadales;f__Saccharimonadaceae;g__Saccharimonas	d__Bacteria;p__Patescibacteria;c__Saccharimonadia;o__Saccharimonadales;f__Nanogingivalaceae;g__Nanogingivalis	d__Bacteria;p__Cyanobacteriota;c__Chloroplast;o__;f__;g__	d__Bacteria;p__Bacillota_A_368345;c__Clostridia_258483;o__Oscillospirales;f__Acutalibacteraceae;g__Hominenteromicrobium	d__Bacteria;p__Bacillota_A_368345;c__Clostridia_258483;o__Oscillospirales;f__Acutalibacteraceae;g__UBA5905	d__Bacteria;p__Bacillota_A_368345;c__Clostridia_258483;o__Oscillospirales;f__Acutalibacteraceae;g__	d__Bacteria;p__Bacillota_A_368345;c__Clostridia_258483;o__Oscillospirales;f__Ruminococcaceae;g__Anaerotruncus	d__Bacteria;p__Bacillota_A_368345;c__Clostridia_258483;o__Oscillospirales;f__Acutalibacteraceae;g__Acutalibacter	d__Bacteria;p__Bacillota_A_368345;c__Clostridia_258483;o__Oscillospirales;f__Oscillospiraceae_88309;g__Dysosmobacter	d__Bacteria;p__Bacillota_A_368345;c__Clostridia_258483;o__Lachnospirales;f__Lachnospiraceae;g__Bariatricus	d__Bacteria;p__Bacillota_A_368345;c__Clostridia_258483;o__Oscillospirales;f__Oscillospiraceae_88309;__	d__Bacteria;p__Bacillota_A_368345;c__Clostridia_258483;o__Oscillospirales;f__Ruminococcaceae;g__Merdimmobilis	d__Bacteria;p__Bacillota_A_368345;c__Clostridia_258483;o__Lachnospirales;f__Lachnospiraceae;g__Anaerobutyricum	d__Bacteria;p__Bacillota_A_368345;c__Clostridia_258483;o__Oscillospirales;f__Ruminococcaceae;g__Angelakisella	d__Bacteria;p__Bacillota_A_368345;c__Clostridia_258483;o__Oscillospirales;f__Acutalibacteraceae;g__UBA737	d__Bacteria;p__Bacillota_A_368345;c__Clostridia_258483;o__Lachnospirales;f__Lachnospiraceae;g__Dorea_A	d__Bacteria;p__Bacillota_A_368345;c__Clostridia_258483;o__Oscillospirales;f__Ruminococcaceae;g__Ruthenibacterium	d__Bacteria;p__Bacillota_A_368345;c__Clostridia_258483;o__Lachnospirales;f__Lachnospiraceae;g__Lachnospira	d__Bacteria;p__Bacillota_A_368345;c__Clostridia_258483;o__Lachnospirales;f__Lachnospiraceae;g__	d__Bacteria;p__Bacillota_A_368345;c__Clostridia_258483;o__Oscillospirales;f__Ruminococcaceae;g__Hominimerdicola	d__Bacteria;p__Bacillota_A_368345;c__Clostridia_258483;o__Oscillospirales;f__Ruminococcaceae;g__Huintestinicola	d__Bacteria;p__Bacillota_A_368345;c__Clostridia_258483;o__Tissierellales;f__Peptoniphilaceae;g__Peptoniphilus_A	d__Bacteria;p__Bacillota_A_368345;c__Clostridia_258483;o__Tissierellales;f__Peptoniphilaceae;g__Ezakiella	d__Bacteria;p__Pseudomonadota;c__Alphaproteobacteria;o__Rickettsiales;f__Mitochondria;g__	d__Bacteria;p__Pseudomonadota;c__Alphaproteobacteria;o__Rhizobiales_505101;f__Rhizobiaceae;g__Mesorhizobium_I	d__Bacteria;p__Bacillota_A_368345;c__Clostridia_258483;o__Peptostreptococcales;f__Peptostreptococcaceae_256921;g__Romboutsia_B	d__Bacteria;p__Bacillota_A_368345;c__Clostridia_258483;o__Peptostreptococcales;f__Peptostreptococcaceae_256921;g__Peptostreptococcus	d__Bacteria;p__Bacillota_A_368345;c__Clostridia_258483;o__Peptostreptococcales;f__Anaerovoracaceae;__	d__Bacteria;p__Bacillota_A_368345;c__Clostridia_258483;o__Peptostreptococcales;f__Anaerovoracaceae;g__Lentihominibacter	d__Bacteria;p__Bacillota_A_368345;c__Clostridia_258483;o__Peptostreptococcales;f__Anaerovoracaceae;g__	d__Bacteria;p__Bacillota_A_368345;c__Clostridia_258483;o__Lachnospirales;f__Lachnospiraceae;g__Coprococcus_A_187866	d__Bacteria;p__Bacillota_A_368345;c__Clostridia_258483;o__Peptostreptococcales;f__Peptostreptococcaceae_256921;g__Terrisporobacter	d__Bacteria;p__Bacillota_A_368345;c__Clostridia_258483;o__Peptostreptococcales;f__Peptostreptococcaceae_256921;g__Intestinibacter	d__Bacteria;p__Bacillota_A_368345;c__Clostridia_258483;o__Lachnospirales;f__Lachnospiraceae;g__Fusicatenibacter	d__Bacteria;p__Bacillota_A_368345;c__Clostridia_258483;o__Oscillospirales;f__Acutalibacteraceae;g__CAG-177	d__Bacteria;p__Bacillota_A_368345;c__Clostridia_258483;o__Lachnospirales;f__Lachnospiraceae;g__Enterocloster	d__Bacteria;p__Bacillota_C;c__Negativicutes;o__Veillonellales;f__Dialisteraceae;g__Dialister_37762	d__Bacteria;p__Bacillota_A_368345;c__Clostridia_258483;o__Lachnospirales;f__Lachnospiraceae;g__Agathobacter_164117	d__Bacteria;p__Bacillota_A_368345;c__Clostridia_258483;o__Lachnospirales;f__Lachnospiraceae;g__Roseburia_A_166204	d__Bacteria;p__Bacillota_A_368345;c__Clostridia_258483;o__Christensenellales;f__Aristaeellaceae;g__Onthenecus	d__Bacteria;p__Actinomycetota;c__Actinomycetes;o__Mycobacteriales;f__Mycobacteriaceae;g__Lawsonella	d__Bacteria;p__Bacillota_A_368345;c__Clostridia_258483;o__Lachnospirales;f__Lachnospiraceae;g__Otoolea_134252	d__Bacteria;p__Bacillota_A_368345;c__Clostridia_258483;o__Oscillospirales;f__Acutalibacteraceae;g__CAG-217	d__Bacteria;p__Pseudomonadota;c__Gammaproteobacteria;o__Enterobacterales_737866;f__Enterobacteriaceae_A_725029;__	d__Bacteria;p__Bacillota_A_368345;c__Clostridia_258483;o__Lachnospirales;f__Lachnospiraceae;g__Schaedlerella	d__Bacteria;p__Actinomycetota;c__Actinomycetes;o__Actinomycetales;f__Actinomycetaceae;g__Actinomyces	d__Bacteria;p__Actinomycetota;c__Actinomycetes;o__Mycobacteriales;f__Mycobacteriaceae;g__Corynebacterium	d__Bacteria;p__Bacillota_A_368345;c__Clostridia_258483;o__;f__;g__	d__Bacteria;p__Bacillota_A_368345;c__Clostridia_258483;o__Lachnospirales;f__Anaerotignaceae;g__Anaerotignum_189125	d__Bacteria;p__Bacillota_A_368345;c__Clostridia_258483;o__Lachnospirales;f__Anaerotignaceae;g__	d__Bacteria;p__Bacillota_A_368345;c__Clostridia_258483;o__Oscillospirales;f__Acutalibacteraceae;g__Fimenecus	d__Bacteria;p__Bacillota_A_368345;c__Clostridia_258483;o__Peptostreptococcales;f__Anaerovoracaceae;g__Hominibacterium	d__Bacteria;p__Bacillota_A_368345;c__Clostridia_258483;o__Lachnospirales;f__Lachnospiraceae;g__Acetatifactor	d__Bacteria;p__Bacillota_A_368345;c__Clostridia_258483;o__Lachnospirales;f__Lachnospiraceae;g__Limivivens	d__Bacteria;p__Bacillota_A_368345;c__Clostridia_258483;o__Lachnospirales;f__Lachnospiraceae;g__Alitiscatomonas	d__Bacteria;p__Bacillota_A_368345;c__Clostridia_258483;o__Clostridiales;f__Clostridiaceae_222000;__	d__Bacteria;p__Bacillota_A_368345;c__Clostridia_258483;o__Oscillospirales;f__Oscillospiraceae_88309;g__Lawsonibacter	d__Bacteria;p__Bacillota_A_368345;c__Clostridia_258483;o__Tissierellales;f__Peptoniphilaceae;g__Parvimonas	d__Bacteria;p__Bacillota_A_368345;c__Clostridia_258483;o__Tissierellales;f__Peptoniphilaceae;g__Finegoldia	d__Bacteria;p__Bacillota_A_368345;c__Clostridia_258483;o__Lachnospirales;f__Lachnospiraceae;g__Sellimonas	d__Bacteria;p__Bacillota_A_368345;c__Clostridia_258483;o__Lachnospirales;f__Lachnospiraceae;g__Dorea_D_146760	d__Bacteria;p__Bacillota_A_368345;c__Clostridia_258483;o__Lachnospirales;f__Lachnospiraceae;g__Lachnoclostridium_B	d__Bacteria;p__Bacillota_A_368345;c__Clostridia_258483;o__Lachnospirales;f__Lachnospiraceae;g__Muricomes_149720	d__Bacteria;p__Bacillota_A_368345;c__Clostridia_258483;o__Lachnospirales;f__Lachnospiraceae;g__Merdimonas	d__Bacteria;p__Bacillota_A_368345;c__Clostridia_258483;o__Lachnospirales;f__Lachnospiraceae;g__Mediterraneibacter_A_155507	d__Bacteria;p__Bacillota_A_368345;c__Clostridia_258483;o__Lachnospirales;f__Lachnospiraceae;g__Hominisplanchenecus_A	d__Bacteria;p__Bacillota_A_368345;c__Clostridia_258483;o__Lachnospirales;f__Lachnospiraceae;g__Faecalimonas	d__Bacteria;p__Bacillota_A_368345;c__Clostridia_258483;o__Lachnospirales;f__Lachnospiraceae;g__Blautia_A_141893	d__Bacteria;p__Bacillota_A_368345;c__Clostridia_258483;o__Lachnospirales;f__Lachnospiraceae;g__Oribacterium	d__Bacteria;p__Bacillota_A_368345;c__Clostridia_258483;o__Tissierellales;f__Peptoniphilaceae;g__Fenollaria	d__Bacteria;p__Fusobacteriota;c__Fusobacteriia;o__Fusobacteriales;f__Fusobacteriaceae;g__Fusobacterium_C	d__Bacteria;p__Bacillota_A_368345;c__Clostridia_258483;o__Lachnospirales;f__Lachnospiraceae;g__Ruminococcus_B	d__Bacteria;p__Actinomycetota;c__Coriobacteriia;o__Coriobacteriales;f__Atopobiaceae;g__Lancefieldella	d__Bacteria;p__Bacillota_A_368345;c__Clostridia_258483;o__Lachnospirales;f__Lachnospiraceae;g__Massilistercora	d__Bacteria;p__Bacillota_A_368345;c__Clostridia_258483;o__Lachnospirales;f__Lachnospiraceae;g__Eubacterium_I	d__Bacteria;p__Bacillota_A_368345;c__Clostridia_258483;o__Oscillospirales;f__Ruminococcaceae;g__Paludihabitans	d__Bacteria;p__Bacillota_A_368345;c__Clostridia_258483;o__Lachnospirales;f__Lachnospiraceae;g__Eisenbergiella	d__Bacteria;p__Bacillota_A_368345;c__Clostridia_258483;o__Lachnospirales;f__Lachnospiraceae;g__Clostridium_R_135822	d__Bacteria;p__Bacillota_A_368345;c__Clostridia_258483;o__Christensenellales;f__Aristaeellaceae;g__SFMI01	d__Bacteria;p__Bacillota_A_368345;c__Clostridia_258483;o__Lachnospirales;f__Lachnospiraceae;g__Ventrisoma	d__Bacteria;p__Bacillota_A_368345;c__Clostridia_258483;o__Lachnospirales;f__Lachnospiraceae;g__Coprococcus_A_121497	d__Bacteria;p__Bacillota_A_368345;c__Clostridia_258483;o__Lachnospirales;f__Lachnospiraceae;g__Eubacterium_F	d__Bacteria;p__Bacillota_A_368345;c__Clostridia_258483;o__Oscillospirales;f__Acutalibacteraceae;g__Anaeromassilibacillus	d__Bacteria;p__Bacillota_A_368345;c__Clostridia_258483;o__Oscillospirales;f__Ruminococcaceae;g__Ruminococcus_C_58660	d__Bacteria;p__Desulfobacterota_G_459543;c__Desulfovibrionia;o__Desulfovibrionales;f__Desulfovibrionaceae;g__Desulfovibrio_446353	d__Bacteria;p__Actinomycetota;c__Coriobacteriia;o__Coriobacteriales;f__Eggerthellaceae;g__Slackia	d__Bacteria;p__Bacillota_A_368345;c__Clostridia_258483;o__Eubacteriales;f__Anaerofustaceae;g__Anaerofustis	d__Bacteria;p__Bacillota_A_368345;c__Clostridia_258483;o__UBA1381;f__UBA1381;g__Hominilimicola	d__Bacteria;p__Pseudomonadota;c__Gammaproteobacteria;o__Enterobacterales_737866;f__Pasteurellaceae;g__Haemophilus_D_735815	d__Bacteria;p__Bacillota_A_368345;c__Clostridia_258483;o__Lachnospirales;f__Lachnospiraceae;g__Hungatella_A_128155	d__Bacteria;p__Pseudomonadota;c__Alphaproteobacteria;o__Sphingomonadales;f__Sphingomonadaceae_486827;g__Sphingomonas_L_486704	d__Bacteria;p__Pseudomonadota;c__Gammaproteobacteria;o__Pseudomonadales_A_650611;f__Pseudomonadaceae;g__Pseudomonas_E_647464	d__Bacteria;p__Bacillota_A_368345;c__Clostridia_258483;o__Oscillospirales;f__CAG-272;g__RUG13077	d__Bacteria;p__Bacillota_A_368345;c__Clostridia_258483;o__Oscillospirales;f__Oscillospiraceae_88309;g__Intestinimonas	d__Bacteria;p__Bacillota_A_368345;c__Clostridia_258483;o__Oscillospirales;f__Oscillospiraceae_88309;g__Limivicinus	d__Bacteria;p__Bacillota_A_368345;c__Clostridia_258483;o__Oscillospirales;f__Oscillospiraceae_88309;g__Faecousia	d__Bacteria;p__Bacillota_A_368345;c__Clostridia_258483;o__Oscillospirales;f__UBA644;g__UBA644	d__Bacteria;p__Bacillota_A_368345;c__Clostridia_258483;o__Christensenellales;f__Aristaeellaceae;g__	d__Bacteria;p__Bacillota_A_368345;c__Clostridia_258483;o__Christensenellales;f__Christensenellaceae;g__Christensenella	d__Bacteria;p__Bacillota_A_368345;c__Clostridia_258483;o__Christensenellales;f__CAG-138;g__	d__Bacteria;p__Bacillota_A_368345;c__Clostridia_258483;o__Oscillospirales;f__CAG-382;g__SFLA01	d__Bacteria;p__Bacillota_A_368345;c__Clostridia_258483;o__Oscillospirales;f__Oscillospiraceae_88309;g__Onthomonas	d__Bacteria;p__Bacillota_A_368345;c__Clostridia_258483;o__Oscillospirales;f__Oscillospiraceae_88309;g__Evtepia	d__Bacteria;p__Bacillota_C;c__Negativicutes;o__Acidaminococcales;f__Acidaminococcaceae;g__Acidaminococcus	d__Bacteria;p__Actinomycetota;c__Coriobacteriia;o__Coriobacteriales;f__Eggerthellaceae;g__Anaerotardibacter	d__Bacteria;p__Actinomycetota;c__Coriobacteriia;o__Coriobacteriales;f__Eggerthellaceae;g__Adlercreutzia_A_404257	d__Bacteria;p__Actinomycetota;c__Coriobacteriia;o__Coriobacteriales;f__Eggerthellaceae;g__Gordonibacter	d__Bacteria;p__Pseudomonadota;c__Gammaproteobacteria;o__Burkholderiales;f__Burkholderiaceae_A_595427;g__Parasutterella_564865	d__Bacteria;p__Pseudomonadota;c__Gammaproteobacteria;o__Burkholderiales;f__Burkholderiaceae_A_595421;g__Oxalobacter	d__Bacteria;p__Bacillota_A_368345;c__Clostridia_258483;o__Oscillospirales;f__Acutalibacteraceae;g__UMGS1071	d__Bacteria;p__Bacillota_A_368345;c__Clostridia_258483;o__Oscillospirales;f__Acutalibacteraceae;g__Hydrogeniiclostridium	d__Bacteria;p__Bacillota_A_368345;c__Clostridia_258483;o__Oscillospirales;f__Ruminococcaceae;g__Negativibacillus	d__Bacteria;p__Bacillota_A_368345;c__Clostridia_258483;o__Oscillospirales;f__QAKW01;g__	d__Bacteria;p__Bacillota_A_368345;c__Clostridia_258483;o__Oscillospirales;f__Acutalibacteraceae;g__Clostridium_A_51961	d__Bacteria;p__Bacillota_A_368345;c__Clostridia_258483;o__Monoglobales;f__Monoglobaceae;g__Monoglobus	d__Bacteria;p__Bacillota_A_368345;c__Clostridia_258483;o__Oscillospirales;f__Ruminococcaceae;g__Ruminiclostridium_E
SRR23478191	0.0	120.0	0.0	0.0	0.0	189.0	0.0	23.0	317.0	6.0	42.0	0.0	0.0	0.0	0.0	24.0	0.0	1.0	0.0	2.0	8.0	5.0	0.0	32.0	0.0	0.0	0.0	0.0	0.0	2.0	44.0	0.0	0.0	0.0	18.0	0.0	3.0	4.0	0.0	2.0	0.0	0.0	0.0	0.0	0.0	12.0	1.0	201.0	0.0	0.0	84.0	0.0	0.0	0.0	0.0	0.0	540.0	0.0	0.0	0.0	7.0	1.0	26.0	0.0	0.0	0.0	0.0	0.0	54.0	14.0	0.0	0.0	0.0	0.0	0.0	0.0	0.0	0.0	0.0	0.0	0.0	0.0	0.0	0.0	0.0	6.0	0.0	0.0	150.0	4.0	28.0	0.0	0.0	0.0	0.0	0.0	0.0	0.0	1.0	0.0	0.0	0.0	0.0	0.0	1.0	0.0	10.0	0.0	952.0	2.0	2275.0	0.0	0.0	0.0	0.0	0.0	0.0	10.0	3.0	0.0	0.0	0.0	0.0	0.0	0.0	0.0	0.0	5.0	0.0	0.0	0.0	0.0	1.0	0.0	0.0	0.0	0.0	55.0	0.0	0.0	0.0	0.0	0.0	0.0	101.0	1.0	0.0	9.0	0.0	0.0	0.0	0.0	0.0	0.0	0.0	0.0	0.0	0.0	0.0	0.0	2.0	1.0	14.0	3.0	0.0	0.0	0.0	0.0	0.0	0.0	0.0	0.0	0.0	0.0	0.0	0.0	489.0	0.0	0.0	0.0	328.0	0.0	12.0	0.0	0.0	0.0	0.0	0.0	0.0
SRR23478195	1.0	132.0	0.0	1.0	1.0	2.0	0.0	154.0	0.0	0.0	0.0	0.0	0.0	0.0	0.0	0.0	1.0	0.0	0.0	1.0	12.0	11.0	0.0	24.0	2.0	0.0	0.0	0.0	44.0	0.0	0.0	0.0	0.0	0.0	2.0	0.0	0.0	0.0	0.0	0.0	0.0	0.0	3.0	0.0	0.0	0.0	76.0	5.0	0.0	0.0	34.0	0.0	0.0	0.0	0.0	0.0	0.0	0.0	0.0	0.0	0.0	0.0	0.0	0.0	1.0	0.0	0.0	0.0	0.0	0.0	47.0	0.0	0.0	0.0	0.0	1.0	0.0	0.0	0.0	0.0	0.0	0.0	0.0	0.0	0.0	0.0	0.0	0.0	0.0	0.0	2.0	0.0	0.0	0.0	0.0	0.0	0.0	0.0	5690.0	0.0	0.0	0.0	0.0	0.0	0.0	3.0	0.0	0.0	0.0	0.0	0.0	0.0	0.0	0.0	0.0	0.0	0.0	0.0	0.0	0.0	0.0	0.0	0.0	0.0	0.0	0.0	0.0	0.0	0.0	0.0	0.0	0.0	0.0	0.0	0.0	0.0	0.0	0.0	0.0	0.0	0.0	0.0	0.0	0.0	10.0	0.0	0.0	0.0	0.0	0.0	0.0	0.0	0.0	0.0	0.0	0.0	0.0	0.0	0.0	0.0	9.0	1.0	0.0	0.0	2.0	0.0	0.0	0.0	0.0	0.0	0.0	0.0	0.0	0.0	0.0	0.0	0.0	0.0	0.0	0.0	0.0	0.0	0.0	0.0	0.0	0.0	0.0	0.0	0.0
SRR23478196	2.0	328.0	0.0	0.0	0.0	2.0	0.0	799.0	1.0	42.0	0.0	0.0	0.0	0.0	0.0	117.0	4.0	6.0	0.0	484.0	46.0	398.0	0.0	714.0	0.0	0.0	0.0	0.0	1.0	0.0	0.0	1.0	0.0	0.0	250.0	0.0	0.0	0.0	0.0	0.0	0.0	0.0	0.0	1.0	0.0	95.0	2.0	0.0	0.0	0.0	0.0	0.0	0.0	0.0	0.0	0.0	0.0	0.0	1.0	1.0	21.0	10.0	0.0	0.0	0.0	0.0	0.0	0.0	0.0	0.0	620.0	0.0	0.0	0.0	0.0	2.0	0.0	0.0	0.0	0.0	0.0	0.0	0.0	0.0	0.0	0.0	0.0	0.0	0.0	0.0	0.0	0.0	0.0	0.0	1.0	0.0	0.0	0.0	3.0	0.0	0.0	0.0	0.0	0.0	6.0	13.0	0.0	0.0	4.0	0.0	0.0	0.0	0.0	0.0	0.0	0.0	1.0	0.0	0.0	1.0	0.0	0.0	0.0	0.0	0.0	0.0	0.0	5.0	0.0	0.0	0.0	3.0	115.0	0.0	0.0	0.0	0.0	421.0	0.0	0.0	0.0	0.0	0.0	8.0	328.0	0.0	0.0	0.0	0.0	0.0	0.0	0.0	0.0	0.0	0.0	0.0	0.0	0.0	1.0	0.0	24.0	1101.0	1.0	0.0	5.0	0.0	0.0	0.0	0.0	0.0	0.0	0.0	0.0	0.0	0.0	0.0	0.0	0.0	0.0	0.0	0.0	0.0	0.0	0.0	0.0	0.0	0.0	0.0	0.0
SRR23478197	0.0	38.0	0.0	1.0	0.0	374.0	0.0	1246.0	1.0	0.0	0.0	0.0	0.0	0.0	0.0	0.0	0.0	6.0	0.0	0.0	3.0	2906.0	0.0	107.0	0.0	0.0	17.0	1.0	0.0	0.0	0.0	0.0	0.0	0.0	118.0	0.0	2.0	0.0	0.0	0.0	0.0	0.0	0.0	2.0	0.0	223.0	12.0	0.0	5.0	0.0	3.0	0.0	0.0	0.0	0.0	0.0	443.0	0.0	0.0	0.0	11.0	0.0	12.0	0.0	0.0	0.0	0.0	0.0	59.0	0.0	4.0	0.0	2.0	0.0	1.0	1.0	0.0	0.0	0.0	0.0	0.0	0.0	0.0	0.0	0.0	0.0	0.0	0.0	0.0	0.0	0.0	0.0	0.0	0.0	0.0	0.0	3.0	0.0	42.0	0.0	0.0	0.0	0.0	0.0	7.0	0.0	0.0	0.0	23.0	0.0	0.0	0.0	0.0	0.0	0.0	0.0	0.0	0.0	0.0	0.0	0.0	0.0	0.0	0.0	0.0	0.0	0.0	0.0	0.0	11.0	0.0	0.0	4.0	0.0	0.0	0.0	0.0	0.0	0.0	0.0	0.0	0.0	0.0	0.0	352.0	4.0	0.0	0.0	0.0	0.0	0.0	0.0	0.0	0.0	0.0	0.0	0.0	0.0	0.0	0.0	0.0	2.0	2.0	0.0	0.0	0.0	0.0	0.0	0.0	0.0	0.0	0.0	0.0	0.0	0.0	0.0	0.0	0.0	0.0	0.0	0.0	0.0	5.0	0.0	0.0	0.0	0.0	0.0	0.0
SRR23478198	0.0	19.0	0.0	0.0	0.0	9.0	0.0	259.0	0.0	36.0	0.0	0.0	0.0	0.0	0.0	0.0	0.0	39.0	1.0	5.0	9.0	178.0	0.0	7.0	0.0	8.0	899.0	263.0	0.0	0.0	0.0	0.0	25.0	0.0	139.0	0.0	25.0	0.0	0.0	0.0	0.0	20.0	0.0	0.0	0.0	0.0	81.0	71.0	3.0	0.0	557.0	0.0	0.0	0.0	0.0	0.0	0.0	0.0	0.0	0.0	3.0	0.0	0.0	0.0	0.0	0.0	30.0	0.0	58.0	0.0	2587.0	22.0	0.0	0.0	0.0	0.0	0.0	0.0	0.0	6.0	0.0	0.0	0.0	0.0	0.0	2.0	0.0	0.0	44.0	0.0	0.0	0.0	0.0	0.0	0.0	0.0	0.0	0.0	88.0	4.0	0.0	0.0	0.0	6.0	0.0	6.0	0.0	0.0	0.0	0.0	6.0	0.0	0.0	0.0	0.0	0.0	0.0	41.0	1.0	1.0	0.0	0.0	0.0	0.0	0.0	0.0	0.0	0.0	0.0	0.0	0.0	0.0	0.0	0.0	0.0	0.0	0.0	4.0	0.0	13.0	0.0	0.0	0.0	0.0	249.0	0.0	0.0	0.0	0.0	297.0	0.0	0.0	0.0	0.0	0.0	0.0	0.0	0.0	0.0	0.0	135.0	0.0	0.0	0.0	6.0	0.0	0.0	0.0	0.0	0.0	0.0	0.0	0.0	0.0	0.0	0.0	0.0	0.0	0.0	0.0	0.0	0.0	10.0	0.0	0.0	0.0	0.0	0.0	0.0
SRR23478199	0.0	3186.0	0.0	451.0	0.0	32.0	0.0	142.0	0.0	27.0	0.0	0.0	0.0	0.0	0.0	31.0	0.0	40.0	0.0	2.0	0.0	51.0	0.0	93.0	0.0	0.0	0.0	0.0	15.0	0.0	263.0	1.0	0.0	0.0	112.0	3.0	7.0	0.0	0.0	1.0	0.0	0.0	3.0	0.0	0.0	157.0	9.0	216.0	0.0	0.0	525.0	0.0	0.0	0.0	0.0	0.0	0.0	0.0	0.0	0.0	0.0	0.0	0.0	0.0	0.0	0.0	55.0	0.0	11.0	5.0	60.0	0.0	5.0	0.0	1.0	1.0	0.0	1.0	216.0	0.0	6.0	0.0	0.0	0.0	0.0	0.0	0.0	0.0	0.0	3.0	20.0	0.0	29.0	0.0	0.0	0.0	0.0	0.0	8.0	0.0	0.0	0.0	0.0	0.0	0.0	19.0	64.0	0.0	2.0	12.0	33.0	1.0	0.0	0.0	0.0	0.0	0.0	7.0	0.0	0.0	0.0	0.0	1.0	0.0	0.0	2.0	0.0	0.0	19.0	0.0	3.0	0.0	6.0	0.0	2.0	1.0	0.0	0.0	0.0	8.0	0.0	0.0	0.0	0.0	74.0	0.0	0.0	0.0	0.0	0.0	0.0	0.0	0.0	0.0	0.0	2.0	1.0	0.0	0.0	0.0	0.0	0.0	1.0	0.0	0.0	0.0	0.0	0.0	0.0	0.0	0.0	0.0	0.0	0.0	0.0	0.0	0.0	0.0	0.0	4.0	168.0	0.0	26.0	0.0	0.0	0.0	0.0	0.0	0.0
SRR23478200	0.0	1582.0	0.0	1.0	0.0	1.0	0.0	1268.0	244.0	320.0	0.0	0.0	0.0	0.0	0.0	0.0	0.0	235.0	0.0	1.0	5.0	50.0	0.0	38.0	0.0	3.0	5.0	0.0	1.0	0.0	3.0	0.0	0.0	0.0	604.0	2.0	3.0	0.0	5.0	6.0	0.0	0.0	5.0	0.0	0.0	169.0	10.0	19.0	0.0	0.0	819.0	0.0	0.0	0.0	0.0	0.0	30.0	0.0	0.0	0.0	6.0	0.0	3.0	0.0	0.0	0.0	103.0	0.0	4.0	0.0	2.0	0.0	1.0	0.0	0.0	0.0	0.0	0.0	0.0	2.0	0.0	0.0	0.0	0.0	0.0	0.0	0.0	0.0	0.0	110.0	1.0	0.0	0.0	0.0	0.0	0.0	0.0	0.0	49.0	2.0	0.0	0.0	0.0	0.0	7.0	15.0	0.0	0.0	28.0	0.0	0.0	4.0	0.0	0.0	2.0	0.0	3.0	0.0	0.0	0.0	0.0	0.0	0.0	0.0	0.0	0.0	0.0	0.0	1.0	0.0	0.0	0.0	5.0	0.0	0.0	8.0	43.0	0.0	0.0	12.0	0.0	0.0	0.0	0.0	337.0	0.0	0.0	0.0	0.0	31.0	0.0	0.0	0.0	0.0	0.0	0.0	0.0	0.0	0.0	0.0	0.0	0.0	0.0	0.0	0.0	0.0	0.0	0.0	0.0	0.0	0.0	0.0	0.0	0.0	0.0	0.0	0.0	0.0	0.0	3.0	1.0	0.0	8.0	0.0	0.0	0.0	0.0	0.0	0.0
SRR23478201	0.0	599.0	0.0	0.0	0.0	163.0	0.0	765.0	8.0	0.0	0.0	0.0	0.0	0.0	0.0	0.0	0.0	67.0	0.0	1.0	2.0	986.0	0.0	1.0	0.0	0.0	0.0	0.0	6.0	0.0	0.0	0.0	0.0	0.0	1972.0	596.0	0.0	0.0	0.0	1.0	0.0	0.0	0.0	0.0	0.0	243.0	7.0	0.0	0.0	0.0	535.0	0.0	0.0	0.0	1.0	0.0	1.0	0.0	0.0	0.0	4.0	0.0	0.0	0.0	0.0	0.0	0.0	0.0	156.0	0.0	7.0	3.0	3.0	0.0	11.0	2.0	0.0	0.0	0.0	1.0	0.0	0.0	0.0	0.0	0.0	0.0	0.0	0.0	21.0	0.0	0.0	0.0	0.0	0.0	0.0	0.0	0.0	0.0	16.0	0.0	0.0	0.0	0.0	0.0	0.0	2.0	0.0	0.0	1.0	0.0	0.0	0.0	0.0	0.0	0.0	0.0	1.0	0.0	0.0	0.0	0.0	0.0	0.0	0.0	0.0	0.0	0.0	2.0	4.0	0.0	0.0	0.0	0.0	0.0	0.0	0.0	0.0	0.0	0.0	10.0	0.0	0.0	0.0	0.0	54.0	0.0	0.0	0.0	0.0	0.0	0.0	0.0	0.0	0.0	0.0	0.0	0.0	0.0	0.0	0.0	2.0	0.0	2.0	0.0	0.0	0.0	0.0	0.0	0.0	0.0	0.0	0.0	0.0	0.0	0.0	0.0	0.0	0.0	0.0	0.0	0.0	0.0	0.0	0.0	0.0	0.0	0.0	0.0	0.0
SRR23478202	0.0	4.0	0.0	482.0	0.0	11.0	0.0	199.0	27.0	0.0	3.0	2.0	0.0	0.0	0.0	20.0	0.0	0.0	0.0	5.0	1.0	38.0	0.0	7.0	0.0	0.0	0.0	63.0	2.0	0.0	299.0	36.0	0.0	2.0	0.0	0.0	2.0	2.0	0.0	4.0	23.0	0.0	0.0	0.0	0.0	18.0	3083.0	399.0	0.0	0.0	101.0	0.0	0.0	0.0	0.0	0.0	131.0	0.0	0.0	0.0	12.0	0.0	0.0	14.0	0.0	4.0	1.0	0.0	112.0	24.0	24.0	0.0	1.0	0.0	0.0	0.0	0.0	2.0	0.0	0.0	0.0	3.0	64.0	0.0	1.0	16.0	0.0	0.0	29.0	123.0	1.0	0.0	10.0	0.0	1.0	0.0	0.0	0.0	31.0	0.0	0.0	10.0	0.0	0.0	6.0	20.0	9.0	0.0	7.0	7.0	5.0	6.0	57.0	0.0	3.0	0.0	0.0	0.0	0.0	0.0	0.0	2.0	0.0	58.0	27.0	0.0	0.0	10.0	0.0	1.0	0.0	0.0	1.0	0.0	35.0	0.0	97.0	44.0	0.0	0.0	12.0	11.0	0.0	0.0	1.0	0.0	4.0	10.0	1.0	30.0	0.0	0.0	63.0	0.0	1.0	1.0	6.0	0.0	0.0	1.0	204.0	0.0	23.0	0.0	0.0	0.0	4.0	0.0	0.0	1.0	1.0	2.0	0.0	0.0	0.0	0.0	0.0	0.0	22.0	0.0	0.0	0.0	3.0	0.0	0.0	1.0	1.0	0.0	0.0
SRR23478203	0.0	133.0	0.0	8.0	0.0	65.0	0.0	1365.0	4.0	6.0	0.0	0.0	0.0	0.0	0.0	18.0	0.0	4.0	0.0	13.0	39.0	1166.0	0.0	39.0	41.0	14.0	0.0	0.0	11.0	7.0	189.0	12.0	0.0	0.0	163.0	0.0	0.0	0.0	0.0	0.0	0.0	0.0	13.0	3.0	0.0	320.0	33.0	4.0	0.0	0.0	547.0	0.0	0.0	1.0	0.0	0.0	10.0	0.0	6.0	0.0	3.0	0.0	4.0	0.0	0.0	0.0	5.0	0.0	161.0	7.0	28.0	0.0	6.0	0.0	1.0	41.0	0.0	0.0	2.0	0.0	0.0	0.0	0.0	0.0	0.0	0.0	0.0	0.0	15.0	0.0	47.0	0.0	0.0	0.0	0.0	0.0	1.0	0.0	422.0	0.0	0.0	0.0	0.0	0.0	44.0	223.0	0.0	0.0	0.0	2.0	4.0	0.0	0.0	2.0	0.0	0.0	7.0	0.0	1.0	12.0	0.0	0.0	0.0	0.0	0.0	0.0	0.0	5.0	0.0	0.0	0.0	0.0	2.0	0.0	0.0	0.0	0.0	832.0	0.0	0.0	0.0	0.0	0.0	0.0	35.0	0.0	0.0	0.0	0.0	0.0	0.0	0.0	0.0	0.0	0.0	0.0	0.0	0.0	0.0	0.0	0.0	4.0	0.0	1.0	5.0	0.0	0.0	0.0	0.0	0.0	0.0	0.0	0.0	0.0	0.0	0.0	0.0	0.0	0.0	0.0	0.0	0.0	0.0	0.0	0.0	0.0	0.0	0.0	1.0
SRR23478204	2.0	67.0	0.0	2.0	0.0	0.0	0.0	11.0	0.0	2.0	0.0	0.0	0.0	0.0	27.0	1.0	0.0	3.0	0.0	343.0	33.0	419.0	0.0	42.0	2.0	2.0	0.0	1.0	20.0	0.0	2.0	1.0	0.0	0.0	270.0	1.0	0.0	0.0	0.0	2.0	0.0	0.0	0.0	0.0	0.0	225.0	9.0	0.0	0.0	0.0	255.0	0.0	0.0	1314.0	0.0	0.0	0.0	0.0	0.0	1.0	1.0	0.0	0.0	0.0	0.0	0.0	0.0	0.0	3.0	1.0	14.0	0.0	4.0	0.0	1.0	63.0	0.0	0.0	0.0	0.0	0.0	0.0	0.0	0.0	0.0	0.0	0.0	0.0	11.0	19.0	47.0	0.0	216.0	0.0	0.0	0.0	3.0	0.0	10.0	1.0	0.0	0.0	0.0	0.0	10.0	26.0	223.0	0.0	110.0	0.0	0.0	1854.0	0.0	0.0	1.0	0.0	4.0	0.0	0.0	0.0	0.0	0.0	0.0	0.0	0.0	0.0	0.0	0.0	0.0	0.0	0.0	0.0	0.0	0.0	0.0	1.0	0.0	5.0	0.0	95.0	0.0	1.0	0.0	4.0	59.0	1.0	0.0	0.0	0.0	12.0	0.0	0.0	0.0	0.0	0.0	0.0	0.0	0.0	0.0	0.0	112.0	3.0	3.0	0.0	1.0	0.0	0.0	0.0	0.0	0.0	0.0	0.0	0.0	0.0	0.0	0.0	0.0	0.0	0.0	0.0	0.0	0.0	0.0	0.0	0.0	0.0	0.0	0.0	0.0
SRR23478205	0.0	3507.0	0.0	0.0	0.0	2.0	0.0	287.0	53.0	2.0	0.0	0.0	0.0	0.0	0.0	8.0	0.0	1.0	1.0	1.0	9.0	308.0	0.0	21.0	0.0	0.0	47.0	0.0	79.0	0.0	16.0	0.0	0.0	0.0	28.0	0.0	0.0	0.0	0.0	0.0	0.0	0.0	3.0	0.0	0.0	0.0	0.0	101.0	0.0	0.0	36.0	0.0	0.0	0.0	0.0	0.0	1.0	0.0	0.0	0.0	4.0	2.0	0.0	0.0	0.0	0.0	0.0	0.0	4.0	4.0	86.0	0.0	4.0	0.0	0.0	10.0	0.0	0.0	0.0	0.0	0.0	0.0	0.0	0.0	0.0	11.0	0.0	0.0	15.0	7.0	0.0	0.0	10.0	0.0	1.0	0.0	3.0	0.0	412.0	0.0	0.0	0.0	0.0	0.0	18.0	666.0	2.0	0.0	0.0	0.0	17.0	0.0	0.0	17.0	0.0	0.0	5.0	0.0	0.0	1.0	0.0	0.0	0.0	0.0	0.0	0.0	0.0	0.0	4.0	0.0	0.0	0.0	0.0	0.0	0.0	0.0	0.0	0.0	0.0	16.0	0.0	0.0	0.0	0.0	13.0	0.0	0.0	0.0	2.0	1.0	0.0	0.0	0.0	0.0	0.0	0.0	0.0	0.0	44.0	0.0	6.0	7.0	0.0	0.0	5.0	0.0	0.0	0.0	0.0	0.0	0.0	0.0	0.0	0.0	0.0	0.0	0.0	0.0	0.0	0.0	0.0	0.0	0.0	0.0	0.0	0.0	0.0	35.0	0.0
SRR23478206	0.0	330.0	0.0	0.0	0.0	249.0	0.0	2493.0	0.0	0.0	0.0	0.0	0.0	0.0	0.0	0.0	0.0	18.0	0.0	3.0	2.0	87.0	0.0	1120.0	0.0	0.0	0.0	0.0	0.0	0.0	0.0	255.0	0.0	0.0	7.0	0.0	1.0	0.0	0.0	4.0	0.0	0.0	0.0	0.0	0.0	67.0	586.0	15.0	0.0	0.0	152.0	0.0	0.0	0.0	0.0	2.0	185.0	0.0	0.0	0.0	0.0	0.0	8.0	0.0	0.0	0.0	0.0	0.0	261.0	0.0	10.0	0.0	0.0	0.0	2.0	2.0	0.0	0.0	1.0	0.0	0.0	0.0	0.0	0.0	0.0	0.0	0.0	0.0	0.0	8.0	0.0	0.0	0.0	0.0	0.0	0.0	0.0	0.0	16.0	0.0	0.0	18.0	0.0	0.0	1.0	15.0	0.0	0.0	16.0	0.0	0.0	0.0	0.0	0.0	0.0	0.0	0.0	0.0	0.0	0.0	0.0	0.0	0.0	0.0	0.0	0.0	0.0	0.0	2.0	0.0	0.0	0.0	23.0	0.0	0.0	0.0	0.0	5.0	0.0	30.0	0.0	0.0	0.0	0.0	196.0	0.0	0.0	0.0	0.0	21.0	0.0	0.0	0.0	0.0	0.0	0.0	0.0	0.0	0.0	0.0	0.0	19.0	1.0	0.0	0.0	0.0	0.0	0.0	0.0	0.0	0.0	0.0	0.0	0.0	0.0	0.0	0.0	0.0	0.0	0.0	0.0	0.0	47.0	0.0	0.0	0.0	0.0	0.0	0.0
SRR23478207	0.0	63.0	0.0	16.0	0.0	306.0	0.0	337.0	1339.0	0.0	7.0	0.0	0.0	0.0	0.0	2.0	0.0	4.0	0.0	1.0	6.0	342.0	0.0	79.0	0.0	0.0	0.0	58.0	0.0	3.0	270.0	0.0	0.0	0.0	82.0	0.0	0.0	3.0	0.0	1.0	0.0	0.0	0.0	1.0	1.0	18.0	60.0	141.0	6.0	0.0	1150.0	2.0	0.0	0.0	0.0	0.0	173.0	0.0	0.0	0.0	6.0	1.0	0.0	0.0	0.0	2.0	7.0	0.0	238.0	11.0	359.0	0.0	4.0	0.0	0.0	37.0	0.0	0.0	0.0	2.0	0.0	0.0	0.0	0.0	3.0	45.0	0.0	0.0	0.0	1.0	8.0	0.0	0.0	0.0	0.0	0.0	4.0	0.0	23.0	0.0	0.0	1.0	0.0	0.0	22.0	16.0	53.0	1.0	5.0	2.0	0.0	333.0	0.0	0.0	0.0	34.0	0.0	1.0	0.0	3.0	0.0	0.0	0.0	8.0	0.0	80.0	0.0	1.0	1.0	3.0	0.0	0.0	1.0	0.0	0.0	0.0	0.0	0.0	0.0	256.0	0.0	0.0	0.0	0.0	57.0	5.0	0.0	0.0	0.0	5.0	0.0	0.0	0.0	0.0	0.0	0.0	0.0	0.0	0.0	0.0	39.0	27.0	0.0	0.0	4.0	0.0	0.0	0.0	2.0	5.0	0.0	0.0	0.0	0.0	0.0	0.0	0.0	0.0	0.0	0.0	0.0	6.0	19.0	0.0	0.0	0.0	0.0	0.0	27.0
SRR23478208	0.0	14.0	5.0	0.0	0.0	121.0	0.0	273.0	0.0	14.0	0.0	1.0	0.0	0.0	0.0	3.0	0.0	5.0	0.0	0.0	4.0	47.0	0.0	0.0	0.0	0.0	0.0	0.0	0.0	0.0	0.0	0.0	0.0	2.0	30.0	0.0	1.0	0.0	0.0	110.0	0.0	4.0	0.0	0.0	0.0	34.0	3356.0	53.0	0.0	0.0	91.0	0.0	0.0	0.0	0.0	3.0	644.0	0.0	0.0	0.0	0.0	0.0	0.0	0.0	0.0	0.0	7.0	0.0	91.0	1.0	6.0	0.0	1.0	0.0	0.0	2.0	0.0	0.0	28.0	17.0	45.0	12.0	0.0	0.0	6.0	0.0	0.0	0.0	65.0	253.0	0.0	0.0	0.0	0.0	0.0	0.0	0.0	0.0	6.0	0.0	0.0	13.0	0.0	0.0	0.0	1.0	0.0	1.0	16.0	8.0	0.0	51.0	0.0	3.0	0.0	0.0	0.0	5.0	0.0	0.0	0.0	0.0	1.0	0.0	0.0	0.0	0.0	0.0	0.0	0.0	0.0	0.0	9.0	0.0	0.0	0.0	0.0	3.0	0.0	11.0	0.0	0.0	0.0	0.0	5.0	0.0	4.0	0.0	0.0	531.0	0.0	0.0	0.0	0.0	0.0	1.0	0.0	0.0	0.0	0.0	0.0	0.0	4.0	0.0	5.0	0.0	5.0	0.0	0.0	0.0	0.0	0.0	0.0	0.0	0.0	3.0	0.0	0.0	0.0	0.0	0.0	0.0	12.0	0.0	0.0	0.0	182.0	0.0	0.0
SRR23478209	3.0	112.0	0.0	4.0	0.0	3.0	0.0	1563.0	0.0	93.0	0.0	0.0	0.0	0.0	1.0	0.0	0.0	4.0	0.0	34.0	216.0	565.0	0.0	0.0	0.0	0.0	0.0	230.0	47.0	1.0	224.0	474.0	0.0	0.0	3.0	0.0	12.0	0.0	0.0	0.0	0.0	5.0	0.0	0.0	0.0	27.0	37.0	6.0	1.0	0.0	717.0	0.0	0.0	0.0	0.0	0.0	12.0	0.0	2.0	0.0	45.0	0.0	0.0	0.0	0.0	0.0	17.0	0.0	47.0	0.0	404.0	0.0	23.0	1.0	4.0	22.0	0.0	0.0	0.0	0.0	0.0	0.0	0.0	0.0	0.0	95.0	0.0	0.0	183.0	0.0	8.0	0.0	7.0	0.0	2.0	0.0	9.0	0.0	165.0	0.0	3.0	0.0	0.0	2.0	207.0	135.0	2.0	0.0	0.0	0.0	0.0	25.0	0.0	0.0	0.0	46.0	2.0	23.0	0.0	0.0	0.0	0.0	0.0	0.0	1.0	0.0	0.0	0.0	17.0	0.0	3.0	19.0	95.0	0.0	0.0	0.0	4.0	23.0	0.0	11.0	0.0	0.0	2.0	0.0	118.0	31.0	0.0	0.0	0.0	0.0	0.0	0.0	0.0	0.0	0.0	0.0	0.0	0.0	0.0	0.0	0.0	0.0	0.0	0.0	7.0	0.0	0.0	0.0	0.0	0.0	0.0	6.0	0.0	0.0	0.0	3.0	0.0	0.0	0.0	3.0	0.0	0.0	11.0	2.0	0.0	0.0	0.0	0.0	0.0
SRR23478210	0.0	11.0	3.0	0.0	0.0	1222.0	0.0	685.0	0.0	1.0	7.0	0.0	0.0	0.0	0.0	0.0	0.0	0.0	0.0	3.0	0.0	118.0	0.0	5.0	0.0	0.0	0.0	0.0	33.0	0.0	225.0	374.0	0.0	10.0	3.0	0.0	0.0	4.0	0.0	28.0	0.0	0.0	0.0	3.0	0.0	10.0	184.0	393.0	9.0	0.0	272.0	0.0	0.0	0.0	6.0	20.0	555.0	4.0	2.0	0.0	2.0	0.0	2.0	4.0	4.0	70.0	10.0	0.0	64.0	12.0	3.0	39.0	0.0	0.0	0.0	4.0	0.0	0.0	0.0	7.0	0.0	5.0	0.0	0.0	0.0	64.0	0.0	0.0	0.0	49.0	49.0	1.0	0.0	0.0	0.0	0.0	0.0	0.0	77.0	0.0	0.0	0.0	4.0	0.0	0.0	34.0	42.0	0.0	13.0	0.0	587.0	69.0	0.0	3.0	0.0	36.0	0.0	0.0	0.0	0.0	0.0	0.0	149.0	0.0	0.0	295.0	0.0	0.0	0.0	12.0	0.0	0.0	1.0	0.0	0.0	0.0	0.0	3.0	0.0	0.0	0.0	0.0	0.0	0.0	3.0	5.0	0.0	0.0	0.0	0.0	0.0	0.0	0.0	0.0	0.0	0.0	0.0	7.0	0.0	0.0	0.0	5.0	0.0	1.0	2.0	0.0	14.0	0.0	4.0	0.0	0.0	15.0	0.0	0.0	0.0	0.0	0.0	0.0	0.0	10.0	0.0	0.0	2.0	0.0	0.0	0.0	0.0	0.0	177.0
SRR23478211	0.0	2834.0	0.0	0.0	0.0	2.0	0.0	177.0	0.0	27.0	0.0	0.0	0.0	0.0	0.0	0.0	0.0	0.0	0.0	6.0	3.0	55.0	0.0	9.0	0.0	0.0	0.0	0.0	61.0	0.0	11.0	0.0	2.0	0.0	18.0	0.0	0.0	0.0	0.0	0.0	0.0	0.0	0.0	0.0	0.0	191.0	2434.0	62.0	0.0	0.0	58.0	0.0	0.0	0.0	0.0	0.0	9.0	0.0	0.0	0.0	7.0	0.0	0.0	0.0	0.0	0.0	72.0	0.0	0.0	0.0	9.0	0.0	11.0	0.0	0.0	3.0	0.0	0.0	0.0	0.0	0.0	3.0	0.0	0.0	0.0	0.0	0.0	0.0	7.0	4.0	8.0	0.0	0.0	0.0	2.0	0.0	3.0	0.0	28.0	0.0	0.0	0.0	0.0	0.0	0.0	7.0	0.0	0.0	4.0	0.0	12.0	0.0	0.0	5.0	0.0	0.0	0.0	9.0	0.0	0.0	0.0	0.0	0.0	0.0	1.0	0.0	0.0	9.0	0.0	7.0	3.0	0.0	0.0	0.0	0.0	0.0	0.0	11.0	0.0	0.0	0.0	1.0	0.0	0.0	9.0	0.0	0.0	0.0	0.0	0.0	0.0	0.0	0.0	0.0	0.0	0.0	0.0	0.0	0.0	0.0	0.0	28.0	0.0	0.0	0.0	0.0	0.0	0.0	0.0	0.0	0.0	0.0	0.0	0.0	0.0	0.0	0.0	0.0	0.0	0.0	0.0	0.0	10.0	0.0	0.0	0.0	7.0	0.0	0.0
SRR23478212	0.0	1090.0	0.0	0.0	0.0	145.0	0.0	814.0	0.0	21.0	0.0	0.0	0.0	0.0	0.0	35.0	0.0	39.0	1.0	7.0	25.0	328.0	0.0	5.0	0.0	0.0	0.0	460.0	185.0	0.0	123.0	0.0	0.0	20.0	51.0	2.0	15.0	0.0	2.0	11.0	0.0	2.0	37.0	3.0	1.0	76.0	0.0	193.0	4.0	0.0	209.0	0.0	0.0	0.0	0.0	0.0	4.0	0.0	0.0	0.0	4.0	4.0	32.0	6.0	0.0	0.0	6.0	0.0	23.0	0.0	229.0	0.0	3.0	0.0	1.0	0.0	0.0	0.0	0.0	0.0	0.0	7.0	0.0	0.0	0.0	0.0	0.0	0.0	115.0	9.0	0.0	0.0	0.0	0.0	0.0	0.0	0.0	0.0	131.0	0.0	0.0	0.0	0.0	0.0	32.0	422.0	91.0	0.0	3.0	0.0	42.0	0.0	0.0	0.0	0.0	0.0	0.0	9.0	0.0	1.0	0.0	0.0	0.0	0.0	0.0	0.0	0.0	9.0	2.0	0.0	0.0	0.0	0.0	0.0	46.0	0.0	0.0	17.0	0.0	10.0	0.0	0.0	0.0	0.0	581.0	67.0	0.0	0.0	0.0	0.0	0.0	0.0	0.0	0.0	0.0	0.0	0.0	0.0	0.0	0.0	0.0	0.0	0.0	0.0	5.0	0.0	0.0	0.0	0.0	0.0	0.0	0.0	0.0	0.0	0.0	0.0	0.0	0.0	0.0	0.0	0.0	0.0	5.0	1.0	0.0	0.0	0.0	438.0	0.0
SRR23478213	0.0	33.0	0.0	845.0	1.0	124.0	0.0	129.0	0.0	0.0	13.0	5.0	0.0	3.0	0.0	0.0	0.0	1.0	0.0	0.0	0.0	10.0	0.0	0.0	0.0	0.0	0.0	11.0	13.0	1.0	210.0	4.0	0.0	1.0	1.0	0.0	0.0	0.0	0.0	5.0	0.0	0.0	0.0	0.0	0.0	4.0	3626.0	71.0	0.0	0.0	134.0	39.0	0.0	0.0	0.0	0.0	142.0	0.0	0.0	0.0	2.0	92.0	35.0	8.0	0.0	2.0	0.0	0.0	23.0	0.0	3.0	2.0	0.0	0.0	0.0	0.0	1.0	7.0	1.0	1.0	0.0	9.0	11.0	3.0	0.0	15.0	0.0	0.0	17.0	73.0	0.0	0.0	25.0	0.0	0.0	0.0	0.0	0.0	16.0	0.0	2.0	15.0	0.0	3.0	0.0	2.0	1.0	0.0	2.0	36.0	19.0	14.0	0.0	0.0	0.0	0.0	0.0	0.0	0.0	0.0	0.0	0.0	1.0	137.0	3.0	4.0	2.0	1.0	0.0	3.0	0.0	0.0	0.0	2.0	2.0	0.0	0.0	57.0	4.0	0.0	12.0	0.0	2.0	0.0	0.0	0.0	0.0	1.0	2.0	12.0	0.0	23.0	9.0	3.0	1.0	5.0	2.0	14.0	0.0	0.0	3.0	0.0	3.0	0.0	0.0	0.0	0.0	13.0	8.0	37.0	3.0	0.0	0.0	0.0	2.0	0.0	0.0	9.0	2.0	1.0	0.0	0.0	4.0	0.0	1.0	1.0	0.0	0.0	0.0
SRR23478214	0.0	27.0	0.0	422.0	0.0	106.0	0.0	2596.0	0.0	0.0	0.0	0.0	0.0	3.0	0.0	36.0	0.0	0.0	0.0	9.0	6.0	46.0	0.0	6.0	0.0	0.0	0.0	2.0	1.0	0.0	571.0	0.0	0.0	3.0	19.0	0.0	0.0	0.0	0.0	37.0	0.0	2.0	0.0	0.0	0.0	45.0	27.0	86.0	2.0	0.0	201.0	0.0	0.0	0.0	20.0	0.0	62.0	0.0	0.0	0.0	5.0	13.0	43.0	0.0	3.0	2.0	0.0	7.0	211.0	9.0	285.0	0.0	0.0	0.0	0.0	8.0	0.0	0.0	10.0	21.0	0.0	4.0	39.0	8.0	0.0	79.0	0.0	0.0	62.0	1.0	19.0	1.0	47.0	0.0	0.0	0.0	1.0	0.0	147.0	0.0	2.0	30.0	13.0	12.0	0.0	33.0	42.0	0.0	19.0	12.0	38.0	93.0	3.0	10.0	0.0	0.0	0.0	0.0	0.0	0.0	0.0	0.0	8.0	58.0	0.0	12.0	2.0	0.0	0.0	1.0	0.0	0.0	0.0	0.0	12.0	0.0	0.0	60.0	7.0	0.0	9.0	0.0	0.0	0.0	0.0	0.0	0.0	5.0	0.0	81.0	0.0	0.0	0.0	0.0	1.0	3.0	0.0	0.0	0.0	0.0	69.0	0.0	0.0	0.0	4.0	0.0	1.0	1.0	25.0	0.0	1.0	0.0	0.0	0.0	0.0	4.0	25.0	0.0	0.0	31.0	0.0	0.0	0.0	0.0	0.0	1.0	0.0	0.0	62.0
SRR23478215	0.0	81.0	0.0	25.0	0.0	279.0	0.0	1915.0	465.0	0.0	0.0	0.0	0.0	0.0	0.0	0.0	0.0	0.0	0.0	10.0	3.0	172.0	1.0	281.0	0.0	1.0	58.0	445.0	29.0	0.0	20.0	0.0	0.0	0.0	19.0	0.0	0.0	0.0	0.0	58.0	0.0	0.0	0.0	0.0	0.0	2.0	246.0	244.0	0.0	0.0	151.0	0.0	0.0	0.0	0.0	8.0	510.0	0.0	0.0	6.0	0.0	120.0	35.0	2.0	3.0	0.0	6.0	1.0	57.0	0.0	14.0	16.0	2.0	0.0	1.0	22.0	0.0	0.0	0.0	0.0	0.0	2.0	0.0	0.0	0.0	6.0	0.0	0.0	4.0	3.0	0.0	0.0	0.0	0.0	0.0	2.0	4.0	0.0	3.0	0.0	0.0	2.0	0.0	0.0	0.0	12.0	87.0	0.0	39.0	0.0	136.0	15.0	16.0	0.0	6.0	0.0	0.0	0.0	0.0	0.0	0.0	0.0	0.0	10.0	0.0	0.0	0.0	3.0	0.0	0.0	0.0	0.0	12.0	0.0	0.0	0.0	0.0	0.0	0.0	0.0	0.0	1.0	0.0	0.0	22.0	0.0	0.0	0.0	0.0	234.0	0.0	0.0	0.0	2.0	0.0	0.0	1.0	0.0	46.0	0.0	4.0	157.0	0.0	0.0	0.0	0.0	2.0	0.0	0.0	0.0	0.0	4.0	0.0	0.0	0.0	0.0	0.0	14.0	4.0	0.0	0.0	0.0	64.0	1.0	0.0	0.0	0.0	0.0	2.0
SRR23478216	0.0	7.0	0.0	213.0	0.0	6.0	0.0	3266.0	0.0	0.0	0.0	0.0	0.0	0.0	0.0	0.0	0.0	3.0	0.0	2.0	2.0	71.0	0.0	8.0	0.0	0.0	0.0	0.0	0.0	5.0	264.0	508.0	0.0	0.0	16.0	0.0	2.0	0.0	0.0	0.0	0.0	0.0	0.0	0.0	0.0	45.0	22.0	96.0	0.0	0.0	165.0	0.0	0.0	1.0	0.0	0.0	3.0	0.0	0.0	0.0	3.0	0.0	0.0	11.0	0.0	0.0	0.0	0.0	308.0	2.0	7.0	0.0	5.0	0.0	0.0	0.0	0.0	0.0	0.0	0.0	0.0	0.0	0.0	0.0	0.0	36.0	0.0	0.0	161.0	21.0	8.0	2.0	0.0	48.0	0.0	0.0	0.0	0.0	53.0	0.0	0.0	10.0	0.0	2.0	0.0	19.0	17.0	0.0	0.0	0.0	73.0	0.0	17.0	0.0	0.0	275.0	0.0	14.0	0.0	3.0	0.0	0.0	0.0	0.0	7.0	0.0	0.0	0.0	0.0	0.0	0.0	0.0	2.0	10.0	0.0	0.0	0.0	307.0	0.0	0.0	27.0	0.0	1.0	0.0	11.0	0.0	0.0	0.0	0.0	4.0	0.0	0.0	0.0	0.0	0.0	7.0	0.0	0.0	0.0	0.0	0.0	7.0	0.0	0.0	0.0	0.0	0.0	0.0	1.0	0.0	0.0	1.0	0.0	0.0	0.0	10.0	0.0	0.0	0.0	14.0	0.0	0.0	2.0	0.0	0.0	0.0	1.0	6.0	32.0
SRR23478217	0.0	1.0	0.0	4.0	0.0	39.0	0.0	2130.0	437.0	0.0	0.0	0.0	0.0	0.0	0.0	0.0	1.0	3.0	0.0	11.0	2.0	263.0	0.0	4.0	1.0	0.0	0.0	951.0	37.0	0.0	4.0	0.0	0.0	0.0	72.0	0.0	1.0	0.0	0.0	5.0	0.0	0.0	3.0	0.0	0.0	187.0	9.0	11.0	0.0	0.0	1015.0	0.0	0.0	0.0	0.0	0.0	131.0	0.0	0.0	0.0	9.0	0.0	2.0	0.0	0.0	0.0	31.0	0.0	150.0	0.0	23.0	0.0	4.0	0.0	0.0	1.0	0.0	0.0	0.0	0.0	0.0	0.0	0.0	0.0	0.0	0.0	0.0	0.0	94.0	0.0	0.0	0.0	0.0	0.0	0.0	0.0	2.0	0.0	23.0	0.0	0.0	0.0	0.0	0.0	34.0	33.0	106.0	0.0	27.0	0.0	2.0	0.0	0.0	0.0	0.0	0.0	0.0	0.0	0.0	0.0	0.0	0.0	0.0	0.0	0.0	0.0	0.0	0.0	0.0	0.0	0.0	1.0	8.0	0.0	0.0	3.0	0.0	2.0	0.0	3.0	0.0	0.0	0.0	0.0	308.0	0.0	0.0	0.0	0.0	16.0	0.0	0.0	0.0	0.0	0.0	0.0	0.0	0.0	0.0	0.0	0.0	0.0	0.0	0.0	0.0	0.0	0.0	0.0	1.0	0.0	0.0	0.0	0.0	0.0	0.0	3.0	0.0	0.0	0.0	11.0	0.0	0.0	8.0	0.0	0.0	0.0	0.0	0.0	0.0
SRR23478218	0.0	3.0	0.0	337.0	0.0	1.0	0.0	1157.0	10.0	1.0	0.0	0.0	0.0	0.0	0.0	0.0	7.0	7.0	0.0	2.0	1.0	64.0	0.0	0.0	0.0	0.0	36.0	207.0	7.0	0.0	935.0	494.0	2.0	2.0	90.0	0.0	1.0	0.0	0.0	9.0	0.0	1.0	0.0	1.0	0.0	118.0	707.0	24.0	0.0	0.0	503.0	0.0	16.0	0.0	0.0	0.0	2.0	0.0	0.0	0.0	2.0	0.0	0.0	0.0	0.0	0.0	2.0	0.0	118.0	0.0	23.0	0.0	2.0	0.0	1.0	0.0	0.0	0.0	10.0	0.0	5.0	7.0	22.0	0.0	0.0	129.0	0.0	0.0	258.0	8.0	4.0	0.0	0.0	0.0	0.0	0.0	0.0	0.0	28.0	1.0	8.0	36.0	0.0	0.0	12.0	26.0	106.0	0.0	0.0	1.0	0.0	8.0	0.0	0.0	0.0	0.0	0.0	0.0	0.0	0.0	0.0	0.0	0.0	0.0	16.0	0.0	0.0	3.0	0.0	0.0	0.0	0.0	17.0	0.0	0.0	2.0	0.0	586.0	0.0	0.0	0.0	0.0	0.0	0.0	7.0	0.0	0.0	7.0	0.0	7.0	0.0	0.0	0.0	0.0	0.0	3.0	0.0	0.0	0.0	3.0	0.0	0.0	0.0	0.0	0.0	0.0	0.0	0.0	0.0	0.0	0.0	0.0	0.0	0.0	0.0	0.0	0.0	0.0	0.0	9.0	0.0	0.0	0.0	0.0	0.0	0.0	3.0	0.0	22.0
SRR23478220	0.0	3.0	0.0	83.0	234.0	40.0	0.0	80.0	121.0	0.0	3.0	0.0	0.0	0.0	0.0	57.0	0.0	0.0	4.0	2.0	0.0	15.0	0.0	4.0	0.0	0.0	0.0	65.0	1.0	2.0	1037.0	43.0	0.0	0.0	0.0	0.0	0.0	0.0	0.0	24.0	871.0	0.0	0.0	0.0	0.0	0.0	14.0	111.0	0.0	0.0	35.0	399.0	0.0	83.0	28.0	0.0	15.0	0.0	44.0	0.0	0.0	287.0	50.0	64.0	4.0	45.0	0.0	0.0	0.0	3.0	26.0	0.0	0.0	0.0	0.0	0.0	1.0	0.0	2.0	2.0	0.0	16.0	42.0	1.0	8.0	9.0	20.0	1.0	29.0	9.0	18.0	0.0	1.0	12.0	0.0	0.0	0.0	0.0	43.0	0.0	4.0	7.0	0.0	0.0	3.0	6.0	1.0	12.0	3.0	0.0	901.0	43.0	2.0	0.0	0.0	222.0	0.0	0.0	0.0	0.0	10.0	0.0	4.0	414.0	0.0	23.0	1.0	0.0	0.0	5.0	0.0	0.0	0.0	0.0	3.0	0.0	0.0	11.0	0.0	0.0	4.0	0.0	0.0	0.0	0.0	0.0	0.0	1.0	6.0	19.0	0.0	11.0	2.0	6.0	0.0	0.0	1.0	7.0	4.0	0.0	9.0	2.0	0.0	0.0	0.0	10.0	0.0	47.0	3.0	0.0	14.0	1.0	11.0	13.0	0.0	11.0	0.0	0.0	0.0	0.0	2.0	0.0	1.0	0.0	0.0	0.0	0.0	0.0	2.0
SRR23478227	0.0	3195.0	0.0	0.0	0.0	18.0	0.0	11.0	0.0	0.0	0.0	0.0	0.0	0.0	0.0	0.0	0.0	0.0	0.0	0.0	0.0	1.0	0.0	16.0	0.0	0.0	0.0	0.0	0.0	0.0	11.0	0.0	0.0	1.0	0.0	0.0	0.0	0.0	0.0	0.0	0.0	0.0	0.0	0.0	0.0	5.0	2878.0	0.0	0.0	0.0	7.0	0.0	0.0	0.0	0.0	0.0	18.0	0.0	0.0	0.0	0.0	0.0	0.0	0.0	0.0	0.0	0.0	0.0	10.0	0.0	0.0	0.0	0.0	0.0	0.0	82.0	0.0	0.0	0.0	0.0	0.0	3.0	2.0	0.0	0.0	0.0	0.0	0.0	0.0	6.0	1.0	0.0	0.0	0.0	0.0	0.0	1.0	0.0	2.0	0.0	0.0	0.0	0.0	0.0	0.0	1.0	0.0	0.0	0.0	2.0	0.0	1.0	0.0	0.0	0.0	0.0	0.0	0.0	0.0	0.0	0.0	0.0	0.0	0.0	0.0	0.0	0.0	0.0	0.0	0.0	0.0	0.0	0.0	0.0	0.0	0.0	0.0	0.0	0.0	0.0	0.0	0.0	0.0	0.0	0.0	0.0	0.0	0.0	0.0	0.0	0.0	0.0	0.0	0.0	0.0	0.0	0.0	0.0	0.0	0.0	0.0	0.0	0.0	0.0	0.0	0.0	0.0	0.0	0.0	0.0	0.0	0.0	0.0	0.0	0.0	3.0	2.0	0.0	0.0	0.0	0.0	0.0	0.0	0.0	0.0	0.0	0.0	0.0	0.0
SRR23478228	0.0	10.0	0.0	0.0	0.0	62.0	0.0	1827.0	0.0	0.0	0.0	0.0	0.0	0.0	0.0	20.0	0.0	3.0	0.0	49.0	14.0	50.0	0.0	39.0	13.0	0.0	0.0	2.0	0.0	0.0	5.0	0.0	22.0	13.0	54.0	0.0	5.0	0.0	0.0	119.0	0.0	0.0	1.0	1.0	0.0	413.0	0.0	718.0	0.0	0.0	1105.0	0.0	0.0	0.0	0.0	0.0	106.0	0.0	0.0	0.0	0.0	0.0	0.0	0.0	0.0	0.0	5.0	0.0	65.0	4.0	76.0	14.0	20.0	6.0	0.0	594.0	0.0	0.0	0.0	0.0	0.0	25.0	0.0	0.0	0.0	2.0	0.0	0.0	0.0	2.0	0.0	0.0	31.0	0.0	0.0	0.0	7.0	0.0	41.0	0.0	0.0	2.0	0.0	17.0	0.0	0.0	28.0	0.0	8.0	1.0	0.0	0.0	0.0	0.0	4.0	0.0	0.0	5.0	0.0	0.0	0.0	0.0	0.0	223.0	0.0	0.0	0.0	47.0	4.0	1.0	0.0	0.0	44.0	0.0	0.0	0.0	0.0	30.0	10.0	0.0	0.0	0.0	3.0	0.0	48.0	0.0	0.0	0.0	0.0	0.0	0.0	0.0	0.0	0.0	0.0	0.0	6.0	0.0	0.0	0.0	26.0	9.0	0.0	0.0	0.0	0.0	21.0	0.0	0.0	0.0	0.0	0.0	0.0	0.0	0.0	0.0	0.0	0.0	0.0	40.0	0.0	0.0	135.0	0.0	0.0	0.0	0.0	0.0	3.0
SRR23478229	0.0	36.0	0.0	583.0	0.0	23.0	0.0	670.0	0.0	0.0	0.0	0.0	0.0	0.0	0.0	0.0	0.0	2.0	0.0	29.0	29.0	881.0	0.0	0.0	0.0	9.0	0.0	445.0	12.0	0.0	0.0	369.0	0.0	0.0	0.0	0.0	21.0	0.0	0.0	0.0	0.0	0.0	0.0	0.0	0.0	44.0	1.0	275.0	0.0	0.0	320.0	0.0	0.0	0.0	0.0	0.0	19.0	0.0	0.0	0.0	95.0	0.0	0.0	0.0	0.0	0.0	0.0	0.0	123.0	71.0	154.0	0.0	24.0	0.0	1.0	0.0	14.0	0.0	0.0	0.0	0.0	0.0	0.0	0.0	0.0	20.0	0.0	0.0	401.0	0.0	0.0	0.0	1.0	0.0	0.0	0.0	0.0	0.0	345.0	0.0	0.0	114.0	0.0	62.0	16.0	146.0	12.0	0.0	2.0	0.0	98.0	19.0	0.0	0.0	0.0	0.0	0.0	0.0	1.0	35.0	0.0	0.0	0.0	0.0	0.0	0.0	6.0	0.0	0.0	0.0	2.0	0.0	0.0	8.0	0.0	0.0	0.0	383.0	0.0	0.0	0.0	0.0	0.0	0.0	52.0	83.0	0.0	3.0	0.0	4.0	0.0	0.0	0.0	0.0	0.0	0.0	0.0	0.0	0.0	0.0	106.0	0.0	0.0	0.0	0.0	0.0	0.0	0.0	0.0	0.0	0.0	0.0	0.0	0.0	0.0	0.0	0.0	0.0	0.0	0.0	0.0	0.0	6.0	0.0	0.0	0.0	0.0	0.0	0.0
SRR23478230	0.0	13.0	0.0	1177.0	0.0	13.0	0.0	1174.0	1844.0	0.0	0.0	0.0	0.0	0.0	0.0	0.0	0.0	6.0	0.0	1.0	3.0	104.0	3.0	12.0	8.0	0.0	0.0	34.0	0.0	0.0	19.0	0.0	10.0	0.0	56.0	0.0	6.0	0.0	0.0	0.0	0.0	7.0	0.0	0.0	0.0	268.0	575.0	12.0	0.0	0.0	580.0	0.0	0.0	0.0	0.0	0.0	3.0	0.0	0.0	0.0	15.0	0.0	0.0	0.0	0.0	2.0	0.0	0.0	3.0	1.0	0.0	0.0	3.0	2.0	0.0	9.0	0.0	0.0	0.0	0.0	0.0	0.0	0.0	0.0	0.0	0.0	0.0	0.0	0.0	21.0	0.0	0.0	0.0	0.0	0.0	0.0	0.0	0.0	3.0	0.0	0.0	10.0	0.0	0.0	0.0	0.0	0.0	0.0	0.0	10.0	0.0	0.0	0.0	0.0	0.0	0.0	0.0	0.0	0.0	12.0	0.0	0.0	0.0	0.0	1.0	0.0	0.0	0.0	0.0	0.0	1.0	0.0	11.0	0.0	6.0	0.0	0.0	1.0	0.0	0.0	16.0	0.0	0.0	0.0	3.0	8.0	0.0	0.0	0.0	3.0	0.0	0.0	0.0	0.0	0.0	0.0	0.0	18.0	0.0	0.0	4.0	0.0	0.0	0.0	0.0	0.0	0.0	0.0	1.0	0.0	7.0	0.0	0.0	0.0	0.0	0.0	0.0	28.0	19.0	22.0	0.0	0.0	0.0	0.0	0.0	0.0	17.0	39.0	1.0
SRR23478231	0.0	2.0	0.0	72.0	0.0	27.0	0.0	1311.0	0.0	0.0	0.0	0.0	0.0	0.0	0.0	6.0	0.0	0.0	0.0	1.0	0.0	29.0	1.0	4.0	0.0	0.0	0.0	34.0	0.0	0.0	14.0	59.0	0.0	0.0	14.0	0.0	2.0	0.0	0.0	9.0	0.0	0.0	0.0	0.0	1.0	15.0	1790.0	79.0	0.0	0.0	248.0	0.0	0.0	0.0	0.0	0.0	15.0	0.0	0.0	0.0	4.0	0.0	0.0	4.0	6.0	0.0	3.0	0.0	118.0	1.0	6.0	0.0	0.0	1.0	0.0	312.0	0.0	2.0	0.0	0.0	0.0	0.0	0.0	16.0	0.0	31.0	0.0	0.0	796.0	22.0	0.0	0.0	0.0	0.0	0.0	0.0	34.0	0.0	38.0	0.0	0.0	56.0	0.0	6.0	7.0	24.0	679.0	0.0	11.0	9.0	114.0	12.0	3.0	0.0	0.0	0.0	0.0	0.0	0.0	7.0	0.0	0.0	0.0	59.0	0.0	0.0	0.0	0.0	0.0	1.0	0.0	0.0	0.0	0.0	3.0	0.0	5.0	30.0	0.0	0.0	0.0	0.0	0.0	0.0	2.0	5.0	1.0	12.0	0.0	6.0	0.0	0.0	0.0	0.0	0.0	0.0	4.0	0.0	0.0	0.0	4.0	0.0	5.0	1.0	0.0	0.0	0.0	0.0	0.0	0.0	0.0	0.0	0.0	0.0	0.0	27.0	0.0	0.0	0.0	9.0	0.0	0.0	0.0	0.0	2.0	0.0	0.0	0.0	0.0
SRR23478232	0.0	1.0	0.0	164.0	0.0	8.0	0.0	1236.0	0.0	0.0	0.0	0.0	0.0	0.0	0.0	2.0	0.0	1.0	0.0	1.0	4.0	93.0	0.0	4.0	1.0	0.0	0.0	0.0	4.0	0.0	45.0	790.0	8.0	0.0	59.0	0.0	1.0	0.0	0.0	0.0	0.0	0.0	1.0	0.0	0.0	100.0	2688.0	65.0	0.0	0.0	160.0	0.0	0.0	0.0	0.0	0.0	8.0	1.0	0.0	0.0	3.0	0.0	0.0	0.0	0.0	0.0	0.0	0.0	287.0	4.0	0.0	0.0	1.0	0.0	0.0	0.0	0.0	0.0	20.0	0.0	3.0	0.0	41.0	0.0	0.0	108.0	0.0	0.0	144.0	7.0	0.0	0.0	0.0	0.0	0.0	0.0	1.0	0.0	7.0	0.0	0.0	9.0	0.0	0.0	0.0	3.0	19.0	0.0	0.0	0.0	0.0	33.0	0.0	0.0	0.0	0.0	0.0	3.0	0.0	0.0	0.0	0.0	0.0	0.0	1.0	1.0	0.0	0.0	13.0	0.0	0.0	0.0	0.0	9.0	1.0	0.0	0.0	31.0	0.0	0.0	0.0	0.0	0.0	0.0	37.0	0.0	0.0	0.0	0.0	0.0	0.0	0.0	0.0	0.0	1.0	5.0	0.0	0.0	0.0	0.0	12.0	1.0	0.0	0.0	0.0	0.0	0.0	0.0	0.0	0.0	0.0	3.0	0.0	0.0	0.0	12.0	0.0	0.0	0.0	6.0	0.0	0.0	4.0	0.0	0.0	0.0	0.0	0.0	0.0
SRR23478233	0.0	10.0	0.0	4.0	0.0	1.0	0.0	574.0	0.0	314.0	0.0	0.0	0.0	0.0	0.0	115.0	0.0	254.0	2.0	24.0	4.0	245.0	0.0	4.0	0.0	3.0	0.0	0.0	1.0	0.0	2.0	694.0	4.0	0.0	513.0	0.0	3.0	0.0	6.0	0.0	0.0	0.0	0.0	0.0	0.0	58.0	0.0	35.0	0.0	0.0	1585.0	0.0	0.0	0.0	0.0	0.0	0.0	0.0	0.0	0.0	6.0	1.0	0.0	0.0	0.0	0.0	8.0	0.0	792.0	0.0	6.0	0.0	1.0	5.0	0.0	0.0	0.0	0.0	0.0	0.0	0.0	0.0	0.0	0.0	0.0	216.0	0.0	0.0	0.0	1.0	0.0	0.0	0.0	0.0	0.0	0.0	0.0	0.0	11.0	0.0	0.0	0.0	0.0	0.0	0.0	37.0	0.0	0.0	0.0	0.0	0.0	0.0	0.0	0.0	0.0	0.0	0.0	0.0	0.0	4.0	0.0	0.0	1.0	0.0	0.0	0.0	0.0	0.0	0.0	2.0	0.0	0.0	102.0	0.0	0.0	0.0	7.0	1.0	23.0	459.0	0.0	2.0	0.0	0.0	67.0	2.0	0.0	0.0	0.0	0.0	0.0	0.0	0.0	0.0	0.0	0.0	0.0	0.0	0.0	4.0	0.0	0.0	0.0	0.0	1.0	0.0	0.0	0.0	0.0	0.0	0.0	0.0	0.0	0.0	0.0	0.0	0.0	0.0	0.0	0.0	0.0	0.0	0.0	0.0	0.0	0.0	0.0	0.0	0.0
SRR23478234	3.0	0.0	0.0	187.0	0.0	2164.0	0.0	46.0	0.0	0.0	1.0	2.0	0.0	0.0	0.0	4.0	0.0	0.0	0.0	0.0	0.0	0.0	1.0	0.0	0.0	0.0	2.0	20.0	23.0	1.0	0.0	0.0	0.0	0.0	3.0	6.0	0.0	0.0	0.0	422.0	0.0	0.0	1.0	0.0	0.0	6.0	0.0	64.0	0.0	1.0	38.0	0.0	0.0	0.0	0.0	4.0	459.0	0.0	0.0	0.0	0.0	0.0	512.0	19.0	254.0	0.0	29.0	10.0	23.0	2.0	69.0	183.0	0.0	0.0	0.0	3.0	0.0	31.0	0.0	24.0	0.0	87.0	0.0	0.0	4.0	2.0	1.0	0.0	2.0	20.0	20.0	8.0	0.0	0.0	0.0	0.0	0.0	0.0	60.0	0.0	138.0	5.0	7.0	0.0	110.0	290.0	0.0	0.0	21.0	19.0	0.0	32.0	0.0	0.0	11.0	0.0	0.0	0.0	0.0	3.0	0.0	0.0	47.0	11.0	0.0	14.0	0.0	7.0	0.0	47.0	0.0	0.0	4.0	0.0	3.0	0.0	0.0	103.0	0.0	8.0	0.0	0.0	0.0	0.0	3.0	0.0	6.0	0.0	0.0	30.0	0.0	0.0	0.0	0.0	0.0	0.0	0.0	0.0	0.0	0.0	1.0	0.0	32.0	0.0	2.0	0.0	0.0	48.0	0.0	0.0	0.0	11.0	0.0	0.0	0.0	28.0	0.0	0.0	0.0	0.0	87.0	0.0	18.0	2.0	0.0	5.0	1.0	0.0	0.0
SRR23478235	11.0	29.0	0.0	315.0	0.0	459.0	0.0	208.0	0.0	0.0	13.0	0.0	0.0	2.0	0.0	2.0	0.0	0.0	0.0	5.0	0.0	36.0	0.0	40.0	2.0	0.0	0.0	52.0	11.0	3.0	136.0	29.0	0.0	0.0	0.0	0.0	0.0	0.0	0.0	110.0	256.0	0.0	0.0	0.0	1.0	0.0	515.0	507.0	2.0	0.0	60.0	0.0	0.0	0.0	81.0	2.0	469.0	5.0	0.0	4.0	6.0	4.0	39.0	12.0	140.0	7.0	0.0	20.0	12.0	9.0	19.0	0.0	1.0	2.0	0.0	0.0	0.0	4.0	0.0	2.0	0.0	134.0	10.0	0.0	0.0	14.0	0.0	0.0	63.0	35.0	38.0	0.0	32.0	3.0	0.0	0.0	0.0	0.0	134.0	0.0	3.0	47.0	1.0	3.0	1.0	8.0	23.0	0.0	0.0	17.0	937.0	63.0	43.0	0.0	0.0	0.0	0.0	0.0	0.0	0.0	0.0	0.0	10.0	312.0	4.0	25.0	1.0	0.0	0.0	17.0	0.0	0.0	0.0	2.0	3.0	0.0	0.0	96.0	0.0	23.0	0.0	0.0	0.0	0.0	2.0	0.0	3.0	9.0	0.0	19.0	0.0	0.0	5.0	105.0	24.0	5.0	6.0	8.0	0.0	0.0	14.0	0.0	0.0	0.0	4.0	0.0	34.0	3.0	36.0	1.0	1.0	2.0	0.0	0.0	0.0	12.0	0.0	0.0	2.0	5.0	12.0	0.0	36.0	0.0	0.0	3.0	4.0	9.0	16.0
SRR23478236	0.0	2.0	0.0	0.0	0.0	9.0	0.0	262.0	0.0	11.0	0.0	0.0	0.0	0.0	0.0	9.0	0.0	0.0	0.0	0.0	0.0	4.0	0.0	1.0	0.0	0.0	0.0	129.0	0.0	19.0	50.0	145.0	0.0	0.0	4.0	0.0	1.0	0.0	0.0	0.0	0.0	0.0	0.0	1.0	0.0	108.0	3997.0	352.0	0.0	0.0	134.0	0.0	0.0	0.0	0.0	0.0	69.0	0.0	2.0	0.0	8.0	0.0	9.0	0.0	0.0	0.0	2.0	0.0	258.0	14.0	0.0	9.0	2.0	5.0	0.0	26.0	0.0	0.0	0.0	0.0	0.0	0.0	88.0	0.0	0.0	57.0	0.0	0.0	0.0	1.0	22.0	0.0	0.0	0.0	0.0	0.0	4.0	0.0	5.0	0.0	0.0	0.0	0.0	0.0	0.0	1.0	14.0	0.0	0.0	4.0	8.0	0.0	0.0	0.0	0.0	0.0	0.0	7.0	0.0	0.0	0.0	0.0	0.0	0.0	0.0	0.0	0.0	0.0	0.0	0.0	0.0	0.0	1.0	0.0	7.0	0.0	6.0	2.0	0.0	3.0	0.0	2.0	0.0	0.0	164.0	5.0	0.0	0.0	0.0	4.0	0.0	0.0	0.0	0.0	0.0	0.0	0.0	0.0	0.0	2.0	158.0	0.0	0.0	0.0	0.0	0.0	0.0	0.0	0.0	0.0	0.0	3.0	0.0	0.0	0.0	0.0	0.0	16.0	3.0	6.0	0.0	0.0	1.0	0.0	0.0	0.0	0.0	0.0	0.0
SRR23478237	0.0	4.0	0.0	191.0	0.0	2.0	0.0	547.0	1.0	5.0	0.0	0.0	0.0	0.0	0.0	0.0	0.0	0.0	36.0	2.0	0.0	750.0	0.0	2.0	0.0	4.0	0.0	89.0	13.0	8.0	15.0	266.0	0.0	0.0	9.0	0.0	3.0	0.0	0.0	5.0	0.0	0.0	1.0	0.0	0.0	1131.0	1578.0	98.0	0.0	0.0	154.0	0.0	0.0	0.0	0.0	0.0	5.0	0.0	9.0	0.0	7.0	0.0	0.0	0.0	0.0	0.0	8.0	0.0	27.0	0.0	40.0	0.0	7.0	0.0	3.0	0.0	15.0	0.0	0.0	0.0	0.0	0.0	217.0	0.0	0.0	24.0	0.0	0.0	426.0	3.0	0.0	0.0	0.0	0.0	0.0	1.0	0.0	0.0	57.0	0.0	2.0	40.0	0.0	5.0	4.0	24.0	31.0	0.0	0.0	2.0	12.0	3.0	0.0	0.0	0.0	0.0	0.0	0.0	2.0	0.0	0.0	0.0	0.0	0.0	2.0	0.0	0.0	0.0	6.0	0.0	2.0	0.0	1.0	0.0	8.0	0.0	3.0	225.0	0.0	0.0	0.0	0.0	0.0	0.0	10.0	0.0	0.0	0.0	0.0	1.0	0.0	0.0	0.0	0.0	0.0	0.0	6.0	0.0	0.0	0.0	1.0	3.0	0.0	0.0	0.0	0.0	0.0	0.0	0.0	0.0	0.0	4.0	0.0	0.0	0.0	0.0	0.0	0.0	83.0	8.0	0.0	0.0	3.0	0.0	0.0	0.0	0.0	1.0	0.0
SRR23478238	0.0	211.0	0.0	1020.0	0.0	2.0	0.0	276.0	0.0	0.0	1.0	0.0	0.0	0.0	0.0	0.0	0.0	0.0	3.0	56.0	55.0	2681.0	0.0	5.0	9.0	1.0	0.0	412.0	47.0	4.0	44.0	0.0	0.0	0.0	39.0	0.0	2.0	0.0	0.0	5.0	0.0	0.0	5.0	0.0	1.0	17.0	7.0	71.0	0.0	0.0	148.0	0.0	0.0	0.0	0.0	0.0	2.0	0.0	11.0	0.0	13.0	0.0	0.0	0.0	0.0	0.0	3.0	0.0	11.0	0.0	24.0	0.0	108.0	18.0	8.0	54.0	1.0	0.0	0.0	0.0	0.0	2.0	0.0	0.0	0.0	4.0	0.0	0.0	19.0	0.0	1.0	0.0	11.0	1.0	0.0	0.0	0.0	0.0	190.0	0.0	0.0	9.0	0.0	3.0	12.0	53.0	9.0	0.0	0.0	64.0	1.0	4.0	0.0	0.0	0.0	0.0	2.0	0.0	0.0	2.0	0.0	0.0	0.0	0.0	4.0	0.0	0.0	0.0	0.0	0.0	0.0	1.0	1.0	0.0	0.0	0.0	0.0	35.0	0.0	0.0	7.0	0.0	11.0	0.0	1.0	0.0	0.0	0.0	0.0	0.0	0.0	0.0	0.0	0.0	0.0	0.0	35.0	0.0	94.0	5.0	142.0	2.0	0.0	0.0	0.0	0.0	0.0	0.0	0.0	0.0	0.0	0.0	0.0	0.0	0.0	0.0	3.0	76.0	34.0	3.0	0.0	0.0	2.0	0.0	0.0	0.0	0.0	0.0	0.0
SRR23478239	0.0	424.0	0.0	5.0	0.0	1345.0	0.0	425.0	0.0	2.0	0.0	0.0	0.0	0.0	0.0	2.0	0.0	0.0	0.0	1.0	9.0	151.0	0.0	0.0	0.0	0.0	0.0	0.0	25.0	3.0	0.0	0.0	0.0	7.0	36.0	4.0	0.0	3.0	0.0	32.0	0.0	0.0	2.0	0.0	2.0	75.0	12.0	175.0	0.0	0.0	279.0	0.0	0.0	0.0	0.0	0.0	1901.0	0.0	155.0	0.0	3.0	4.0	0.0	0.0	0.0	0.0	33.0	0.0	19.0	1.0	34.0	0.0	9.0	0.0	0.0	34.0	1.0	7.0	0.0	11.0	0.0	7.0	0.0	0.0	0.0	21.0	2.0	0.0	39.0	57.0	3.0	0.0	0.0	9.0	0.0	0.0	8.0	0.0	74.0	0.0	146.0	171.0	0.0	0.0	14.0	28.0	24.0	0.0	5.0	17.0	11.0	1.0	0.0	0.0	1.0	0.0	0.0	1.0	0.0	0.0	0.0	0.0	16.0	0.0	5.0	6.0	0.0	0.0	0.0	0.0	0.0	0.0	5.0	0.0	50.0	2.0	0.0	27.0	0.0	0.0	0.0	0.0	2.0	0.0	15.0	7.0	0.0	0.0	5.0	59.0	0.0	0.0	0.0	4.0	0.0	32.0	6.0	0.0	0.0	2.0	8.0	0.0	20.0	0.0	0.0	0.0	0.0	0.0	0.0	0.0	0.0	0.0	0.0	0.0	0.0	22.0	40.0	0.0	0.0	8.0	7.0	0.0	7.0	3.0	0.0	3.0	0.0	0.0	2.0
SRR23478240	0.0	3.0	0.0	2597.0	0.0	12.0	0.0	306.0	0.0	0.0	7.0	3.0	0.0	0.0	0.0	0.0	0.0	0.0	0.0	0.0	0.0	17.0	0.0	0.0	0.0	0.0	0.0	155.0	16.0	5.0	215.0	80.0	3.0	0.0	12.0	0.0	1.0	0.0	0.0	2.0	0.0	0.0	0.0	0.0	0.0	2.0	932.0	151.0	0.0	0.0	193.0	0.0	0.0	0.0	14.0	0.0	7.0	0.0	0.0	0.0	0.0	0.0	0.0	7.0	0.0	90.0	0.0	0.0	38.0	4.0	14.0	0.0	1.0	0.0	0.0	0.0	0.0	4.0	14.0	0.0	2.0	0.0	29.0	2.0	2.0	119.0	0.0	0.0	69.0	34.0	1.0	0.0	10.0	0.0	0.0	1.0	0.0	0.0	19.0	0.0	4.0	13.0	0.0	14.0	5.0	72.0	163.0	0.0	0.0	0.0	29.0	0.0	5.0	0.0	0.0	0.0	0.0	0.0	0.0	0.0	0.0	0.0	0.0	318.0	1.0	3.0	0.0	0.0	0.0	5.0	0.0	0.0	7.0	0.0	12.0	0.0	0.0	19.0	0.0	1.0	0.0	0.0	0.0	0.0	47.0	0.0	67.0	0.0	2.0	4.0	0.0	22.0	6.0	30.0	9.0	2.0	2.0	0.0	0.0	0.0	0.0	0.0	0.0	0.0	0.0	0.0	0.0	2.0	20.0	0.0	102.0	18.0	0.0	13.0	3.0	3.0	0.0	4.0	5.0	2.0	0.0	0.0	3.0	0.0	1.0	0.0	14.0	0.0	1.0
SRR23478241	0.0	53.0	0.0	1027.0	0.0	20.0	0.0	685.0	0.0	0.0	0.0	0.0	0.0	18.0	1.0	0.0	0.0	0.0	0.0	0.0	6.0	236.0	0.0	13.0	0.0	0.0	0.0	139.0	69.0	8.0	1.0	204.0	6.0	0.0	0.0	0.0	29.0	0.0	10.0	1.0	0.0	14.0	0.0	0.0	0.0	19.0	58.0	70.0	0.0	0.0	1128.0	5.0	0.0	2.0	0.0	0.0	3.0	0.0	0.0	0.0	13.0	0.0	0.0	0.0	0.0	0.0	4.0	0.0	318.0	0.0	59.0	0.0	6.0	0.0	0.0	5.0	0.0	0.0	0.0	0.0	0.0	0.0	76.0	0.0	0.0	95.0	0.0	0.0	406.0	0.0	0.0	0.0	44.0	0.0	0.0	0.0	2.0	0.0	67.0	0.0	0.0	20.0	0.0	34.0	189.0	58.0	407.0	0.0	0.0	0.0	35.0	0.0	32.0	4.0	0.0	91.0	0.0	0.0	0.0	19.0	0.0	0.0	0.0	0.0	0.0	0.0	2.0	0.0	0.0	0.0	0.0	0.0	2.0	0.0	2.0	0.0	0.0	268.0	0.0	0.0	66.0	0.0	0.0	0.0	0.0	17.0	0.0	0.0	0.0	0.0	0.0	0.0	0.0	7.0	0.0	0.0	16.0	0.0	0.0	0.0	3.0	7.0	13.0	0.0	5.0	0.0	0.0	0.0	0.0	0.0	1.0	0.0	0.0	0.0	0.0	0.0	0.0	0.0	9.0	0.0	0.0	0.0	4.0	0.0	0.0	0.0	0.0	0.0	0.0
SRR23478242	0.0	11.0	0.0	252.0	0.0	452.0	0.0	308.0	0.0	0.0	53.0	35.0	0.0	0.0	0.0	7.0	0.0	0.0	0.0	1.0	3.0	35.0	0.0	11.0	0.0	0.0	0.0	108.0	16.0	0.0	414.0	16.0	0.0	0.0	4.0	0.0	0.0	0.0	0.0	116.0	0.0	0.0	0.0	0.0	0.0	0.0	706.0	105.0	0.0	0.0	570.0	283.0	0.0	414.0	15.0	0.0	22.0	0.0	0.0	0.0	0.0	3.0	0.0	7.0	5.0	1.0	0.0	1.0	5.0	21.0	8.0	26.0	0.0	4.0	0.0	5.0	0.0	6.0	1.0	2.0	0.0	6.0	9.0	0.0	0.0	4.0	0.0	0.0	35.0	19.0	16.0	0.0	27.0	0.0	0.0	0.0	2.0	0.0	25.0	0.0	1.0	12.0	1.0	0.0	2.0	3.0	2.0	0.0	0.0	7.0	99.0	6.0	0.0	0.0	0.0	0.0	0.0	0.0	0.0	0.0	2.0	0.0	0.0	1521.0	0.0	0.0	2.0	0.0	0.0	2.0	0.0	0.0	0.0	0.0	0.0	0.0	0.0	14.0	0.0	0.0	8.0	0.0	7.0	0.0	0.0	3.0	12.0	0.0	1.0	24.0	0.0	36.0	0.0	7.0	40.0	0.0	1.0	0.0	0.0	0.0	33.0	0.0	1.0	0.0	0.0	0.0	0.0	6.0	4.0	3.0	2.0	0.0	0.0	0.0	0.0	3.0	0.0	25.0	3.0	1.0	2.0	0.0	23.0	0.0	0.0	0.0	1.0	18.0	42.0
SRR23478243	1.0	116.0	0.0	1129.0	0.0	3.0	0.0	249.0	200.0	0.0	0.0	0.0	36.0	0.0	0.0	4.0	0.0	0.0	0.0	18.0	2.0	644.0	0.0	0.0	0.0	5.0	0.0	239.0	6.0	2.0	500.0	118.0	0.0	0.0	8.0	0.0	11.0	0.0	0.0	2.0	0.0	0.0	5.0	0.0	0.0	6.0	235.0	120.0	0.0	0.0	290.0	3.0	0.0	0.0	2.0	0.0	1.0	0.0	0.0	1.0	4.0	0.0	2.0	0.0	0.0	11.0	0.0	0.0	63.0	8.0	306.0	1.0	3.0	0.0	1.0	0.0	13.0	0.0	0.0	1.0	0.0	0.0	46.0	0.0	0.0	22.0	1.0	0.0	264.0	13.0	2.0	3.0	37.0	9.0	0.0	0.0	0.0	0.0	321.0	0.0	12.0	93.0	2.0	10.0	58.0	147.0	29.0	0.0	0.0	0.0	24.0	6.0	121.0	0.0	0.0	230.0	0.0	11.0	0.0	0.0	0.0	0.0	0.0	0.0	4.0	0.0	7.0	0.0	0.0	0.0	0.0	0.0	0.0	2.0	12.0	8.0	0.0	28.0	13.0	17.0	21.0	0.0	0.0	0.0	0.0	0.0	0.0	2.0	0.0	6.0	0.0	0.0	4.0	0.0	6.0	1.0	2.0	21.0	0.0	0.0	11.0	0.0	0.0	0.0	1.0	0.0	2.0	0.0	10.0	4.0	48.0	0.0	1.0	0.0	1.0	9.0	0.0	22.0	15.0	1.0	0.0	0.0	6.0	0.0	0.0	0.0	5.0	46.0	0.0
SRR23478244	4.0	178.0	0.0	136.0	0.0	1321.0	0.0	528.0	0.0	0.0	0.0	8.0	30.0	0.0	0.0	8.0	0.0	0.0	0.0	0.0	0.0	125.0	1.0	1.0	0.0	0.0	0.0	19.0	4.0	2.0	22.0	0.0	0.0	1.0	12.0	14.0	0.0	0.0	0.0	228.0	0.0	0.0	0.0	0.0	0.0	1.0	1218.0	39.0	0.0	1.0	21.0	0.0	0.0	0.0	187.0	1.0	517.0	10.0	12.0	0.0	0.0	2.0	21.0	10.0	30.0	29.0	0.0	0.0	4.0	2.0	1.0	27.0	0.0	0.0	0.0	0.0	0.0	9.0	0.0	8.0	4.0	253.0	5.0	5.0	33.0	7.0	0.0	0.0	16.0	207.0	1.0	2.0	1.0	0.0	0.0	0.0	0.0	0.0	3.0	0.0	14.0	6.0	1.0	0.0	0.0	6.0	0.0	0.0	31.0	7.0	24.0	1.0	3.0	0.0	1.0	38.0	0.0	0.0	0.0	1.0	17.0	0.0	1.0	0.0	0.0	1.0	0.0	1.0	0.0	13.0	0.0	0.0	0.0	0.0	12.0	0.0	0.0	8.0	9.0	106.0	0.0	0.0	0.0	0.0	7.0	0.0	18.0	0.0	0.0	207.0	0.0	1.0	0.0	0.0	30.0	1.0	2.0	0.0	0.0	0.0	4.0	0.0	5.0	0.0	4.0	0.0	51.0	2.0	19.0	8.0	3.0	1.0	0.0	25.0	1.0	1.0	0.0	4.0	0.0	4.0	30.0	0.0	25.0	0.0	9.0	10.0	0.0	49.0	1.0
SRR23478245	0.0	12.0	0.0	80.0	0.0	506.0	0.0	47.0	0.0	0.0	7.0	78.0	224.0	9.0	0.0	0.0	0.0	0.0	0.0	2.0	4.0	26.0	0.0	1.0	1.0	0.0	0.0	2.0	0.0	0.0	0.0	3.0	0.0	0.0	0.0	0.0	3.0	0.0	0.0	781.0	0.0	0.0	0.0	6.0	0.0	9.0	1236.0	20.0	0.0	0.0	72.0	0.0	0.0	19.0	0.0	0.0	52.0	0.0	0.0	0.0	10.0	363.0	0.0	750.0	6.0	20.0	0.0	0.0	38.0	0.0	2.0	0.0	0.0	0.0	0.0	0.0	0.0	103.0	3.0	4.0	0.0	0.0	0.0	0.0	0.0	3.0	0.0	0.0	25.0	26.0	8.0	3.0	4.0	0.0	0.0	0.0	5.0	0.0	0.0	0.0	7.0	8.0	0.0	0.0	9.0	4.0	0.0	0.0	0.0	78.0	8.0	0.0	5.0	0.0	0.0	0.0	0.0	0.0	0.0	3.0	2.0	0.0	1.0	535.0	0.0	0.0	0.0	0.0	0.0	0.0	0.0	0.0	0.0	0.0	0.0	0.0	0.0	15.0	0.0	0.0	0.0	0.0	0.0	0.0	0.0	0.0	0.0	0.0	183.0	9.0	0.0	1.0	0.0	0.0	62.0	4.0	0.0	1.0	0.0	0.0	2.0	3.0	0.0	0.0	5.0	0.0	0.0	40.0	47.0	0.0	0.0	0.0	0.0	0.0	0.0	0.0	0.0	8.0	0.0	0.0	0.0	0.0	14.0	22.0	0.0	0.0	0.0	0.0	50.0
SRR23478246	0.0	129.0	0.0	493.0	0.0	13.0	0.0	119.0	0.0	0.0	48.0	0.0	0.0	0.0	0.0	0.0	0.0	0.0	0.0	5.0	5.0	71.0	0.0	1748.0	6.0	0.0	0.0	145.0	36.0	0.0	19.0	84.0	0.0	7.0	0.0	0.0	0.0	0.0	0.0	15.0	0.0	0.0	0.0	3.0	5.0	5.0	1177.0	371.0	0.0	0.0	150.0	0.0	0.0	0.0	0.0	0.0	46.0	0.0	39.0	0.0	0.0	199.0	0.0	11.0	0.0	0.0	0.0	0.0	124.0	67.0	13.0	0.0	0.0	0.0	0.0	0.0	0.0	0.0	0.0	0.0	0.0	16.0	24.0	0.0	0.0	10.0	0.0	0.0	84.0	0.0	10.0	0.0	3.0	0.0	0.0	0.0	0.0	0.0	0.0	0.0	0.0	0.0	0.0	0.0	27.0	0.0	0.0	0.0	7.0	61.0	44.0	122.0	0.0	3.0	0.0	0.0	0.0	0.0	0.0	0.0	0.0	0.0	2.0	0.0	0.0	0.0	7.0	0.0	0.0	0.0	0.0	0.0	0.0	0.0	0.0	0.0	37.0	94.0	0.0	0.0	0.0	0.0	0.0	0.0	0.0	0.0	0.0	0.0	0.0	55.0	0.0	0.0	0.0	0.0	0.0	20.0	18.0	0.0	0.0	2.0	8.0	149.0	0.0	0.0	0.0	0.0	0.0	0.0	7.0	0.0	0.0	0.0	0.0	0.0	0.0	0.0	0.0	73.0	0.0	0.0	0.0	0.0	33.0	0.0	0.0	0.0	0.0	0.0	0.0
SRR23478247	1.0	260.0	0.0	26.0	0.0	17.0	0.0	776.0	0.0	0.0	0.0	0.0	0.0	2.0	0.0	2.0	0.0	1.0	11.0	3.0	1.0	76.0	0.0	14.0	4.0	0.0	0.0	133.0	20.0	4.0	623.0	904.0	15.0	0.0	1.0	0.0	1.0	0.0	0.0	7.0	0.0	0.0	0.0	0.0	0.0	82.0	983.0	54.0	0.0	0.0	354.0	0.0	0.0	0.0	0.0	0.0	8.0	0.0	15.0	3.0	9.0	1.0	0.0	0.0	0.0	0.0	6.0	0.0	12.0	14.0	5.0	0.0	4.0	0.0	0.0	214.0	0.0	0.0	0.0	0.0	0.0	0.0	13.0	12.0	0.0	69.0	0.0	0.0	195.0	31.0	0.0	1.0	0.0	0.0	3.0	0.0	8.0	0.0	131.0	0.0	2.0	22.0	0.0	0.0	0.0	72.0	39.0	0.0	0.0	0.0	580.0	17.0	5.0	2.0	0.0	0.0	1.0	16.0	0.0	8.0	0.0	0.0	0.0	0.0	4.0	0.0	0.0	0.0	0.0	0.0	0.0	1.0	2.0	0.0	0.0	0.0	0.0	5.0	0.0	5.0	14.0	0.0	105.0	2.0	19.0	1.0	0.0	0.0	0.0	1.0	2.0	0.0	0.0	0.0	0.0	0.0	1.0	0.0	0.0	1.0	84.0	0.0	0.0	0.0	2.0	0.0	0.0	3.0	0.0	0.0	4.0	2.0	0.0	0.0	0.0	2.0	0.0	0.0	52.0	4.0	0.0	0.0	21.0	0.0	0.0	0.0	1.0	12.0	0.0
SRR23478248	0.0	0.0	0.0	1617.0	0.0	7.0	0.0	657.0	0.0	0.0	2.0	0.0	10.0	3.0	0.0	0.0	0.0	0.0	2.0	2.0	0.0	229.0	3.0	13.0	0.0	0.0	0.0	160.0	1.0	2.0	258.0	61.0	0.0	0.0	1.0	0.0	1.0	0.0	0.0	5.0	0.0	0.0	0.0	0.0	1.0	0.0	485.0	129.0	0.0	0.0	372.0	37.0	15.0	12.0	13.0	0.0	1.0	0.0	4.0	0.0	3.0	0.0	1.0	20.0	1.0	13.0	3.0	0.0	829.0	20.0	82.0	9.0	0.0	0.0	0.0	9.0	0.0	5.0	5.0	0.0	0.0	1.0	44.0	0.0	0.0	22.0	0.0	14.0	143.0	29.0	3.0	4.0	0.0	8.0	0.0	0.0	0.0	0.0	3.0	0.0	1.0	65.0	0.0	0.0	3.0	8.0	19.0	0.0	0.0	0.0	17.0	11.0	12.0	0.0	0.0	0.0	0.0	0.0	0.0	0.0	0.0	0.0	0.0	0.0	4.0	0.0	3.0	0.0	0.0	0.0	0.0	0.0	0.0	3.0	4.0	0.0	0.0	114.0	0.0	0.0	8.0	0.0	0.0	0.0	0.0	0.0	0.0	0.0	4.0	20.0	7.0	115.0	39.0	0.0	0.0	8.0	0.0	0.0	41.0	0.0	55.0	0.0	0.0	0.0	0.0	0.0	0.0	34.0	6.0	0.0	47.0	6.0	4.0	0.0	0.0	24.0	0.0	25.0	0.0	2.0	0.0	0.0	15.0	0.0	0.0	0.0	5.0	0.0	2.0
SRR23478249	0.0	17.0	0.0	67.0	0.0	210.0	0.0	17.0	0.0	0.0	0.0	0.0	4.0	0.0	0.0	0.0	0.0	0.0	0.0	0.0	0.0	7.0	0.0	0.0	0.0	0.0	0.0	1.0	0.0	0.0	0.0	0.0	0.0	0.0	0.0	0.0	0.0	0.0	0.0	5.0	0.0	0.0	0.0	0.0	0.0	1.0	5744.0	14.0	0.0	0.0	8.0	0.0	0.0	0.0	1.0	0.0	20.0	0.0	37.0	1.0	0.0	1.0	4.0	2.0	2.0	9.0	0.0	0.0	2.0	0.0	2.0	0.0	0.0	0.0	0.0	0.0	0.0	1.0	0.0	0.0	0.0	0.0	1.0	0.0	0.0	2.0	0.0	0.0	0.0	1.0	1.0	0.0	0.0	0.0	0.0	3.0	0.0	0.0	0.0	0.0	0.0	2.0	0.0	0.0	0.0	3.0	0.0	0.0	0.0	0.0	6.0	2.0	1.0	0.0	0.0	0.0	0.0	0.0	0.0	0.0	0.0	0.0	0.0	0.0	0.0	2.0	0.0	0.0	0.0	1.0	0.0	0.0	0.0	0.0	0.0	0.0	0.0	7.0	0.0	0.0	0.0	0.0	0.0	0.0	1.0	0.0	0.0	0.0	0.0	6.0	0.0	3.0	0.0	0.0	1.0	0.0	0.0	1.0	0.0	0.0	1.0	0.0	0.0	0.0	0.0	0.0	0.0	0.0	10.0	2.0	2.0	2.0	0.0	1.0	0.0	2.0	0.0	0.0	0.0	0.0	0.0	2.0	0.0	0.0	0.0	0.0	0.0	1.0	1.0
SRR23478250	0.0	0.0	0.0	40.0	0.0	11.0	0.0	1512.0	3.0	1.0	44.0	3.0	2.0	1.0	0.0	0.0	69.0	3.0	0.0	1.0	1.0	190.0	0.0	0.0	8.0	0.0	0.0	437.0	9.0	14.0	889.0	73.0	5.0	0.0	92.0	0.0	0.0	0.0	12.0	0.0	0.0	3.0	1.0	0.0	0.0	10.0	530.0	13.0	0.0	0.0	381.0	0.0	0.0	0.0	1.0	0.0	15.0	0.0	1.0	0.0	7.0	0.0	0.0	101.0	0.0	0.0	14.0	0.0	117.0	0.0	50.0	0.0	1.0	1.0	0.0	0.0	13.0	0.0	0.0	0.0	0.0	0.0	4.0	0.0	0.0	200.0	0.0	0.0	200.0	0.0	6.0	1.0	2.0	4.0	0.0	0.0	0.0	0.0	92.0	0.0	9.0	42.0	0.0	18.0	4.0	18.0	58.0	0.0	0.0	0.0	288.0	1.0	2.0	0.0	0.0	0.0	0.0	1.0	3.0	3.0	1.0	0.0	0.0	0.0	5.0	0.0	4.0	0.0	0.0	0.0	0.0	0.0	24.0	20.0	0.0	3.0	10.0	227.0	0.0	58.0	0.0	0.0	0.0	0.0	1.0	0.0	1.0	8.0	0.0	0.0	0.0	0.0	0.0	6.0	1.0	0.0	3.0	1.0	0.0	1.0	1.0	0.0	0.0	0.0	0.0	0.0	0.0	0.0	0.0	1.0	26.0	1.0	0.0	0.0	0.0	162.0	0.0	0.0	24.0	9.0	0.0	0.0	4.0	1.0	0.0	0.0	12.0	1.0	0.0
SRR23478251	0.0	2.0	0.0	1603.0	315.0	2.0	0.0	1101.0	3.0	0.0	0.0	0.0	3.0	2.0	0.0	0.0	0.0	0.0	0.0	0.0	0.0	77.0	0.0	0.0	0.0	0.0	0.0	126.0	20.0	5.0	508.0	45.0	0.0	0.0	0.0	0.0	3.0	0.0	0.0	0.0	0.0	0.0	0.0	4.0	0.0	13.0	1443.0	37.0	0.0	0.0	81.0	0.0	0.0	0.0	3.0	0.0	1.0	0.0	47.0	0.0	9.0	0.0	0.0	3.0	1.0	13.0	0.0	0.0	27.0	2.0	52.0	0.0	0.0	1.0	0.0	1.0	2.0	0.0	4.0	0.0	0.0	0.0	64.0	0.0	0.0	3.0	3.0	0.0	71.0	23.0	0.0	0.0	29.0	0.0	0.0	0.0	0.0	0.0	84.0	0.0	5.0	49.0	1.0	1.0	16.0	51.0	0.0	0.0	0.0	0.0	35.0	2.0	2.0	0.0	0.0	4.0	0.0	0.0	0.0	0.0	15.0	0.0	0.0	0.0	29.0	0.0	1.0	0.0	0.0	0.0	0.0	0.0	0.0	7.0	7.0	0.0	0.0	17.0	0.0	0.0	17.0	0.0	0.0	0.0	18.0	9.0	0.0	0.0	0.0	0.0	0.0	0.0	0.0	0.0	1.0	0.0	2.0	0.0	0.0	0.0	0.0	0.0	0.0	0.0	1.0	0.0	0.0	7.0	3.0	2.0	21.0	5.0	0.0	0.0	0.0	3.0	0.0	44.0	10.0	20.0	0.0	0.0	2.0	0.0	1.0	0.0	0.0	0.0	2.0
SRR23478252	0.0	25.0	0.0	38.0	0.0	38.0	0.0	433.0	0.0	0.0	0.0	0.0	0.0	0.0	0.0	0.0	0.0	0.0	0.0	3.0	0.0	86.0	0.0	0.0	0.0	24.0	0.0	104.0	2.0	0.0	61.0	36.0	0.0	0.0	1.0	0.0	0.0	0.0	0.0	9.0	0.0	0.0	0.0	0.0	0.0	13.0	4216.0	55.0	0.0	0.0	343.0	0.0	0.0	0.0	1.0	1.0	1.0	0.0	0.0	0.0	3.0	0.0	2.0	6.0	0.0	0.0	0.0	0.0	210.0	0.0	20.0	1.0	2.0	0.0	0.0	10.0	9.0	0.0	0.0	0.0	0.0	0.0	0.0	0.0	0.0	42.0	0.0	0.0	64.0	4.0	0.0	0.0	12.0	0.0	0.0	0.0	0.0	0.0	8.0	0.0	0.0	14.0	0.0	0.0	0.0	23.0	19.0	0.0	0.0	0.0	50.0	13.0	87.0	0.0	0.0	105.0	0.0	0.0	0.0	0.0	0.0	0.0	0.0	0.0	6.0	0.0	0.0	0.0	0.0	0.0	0.0	0.0	2.0	0.0	7.0	0.0	0.0	41.0	0.0	0.0	0.0	0.0	0.0	0.0	0.0	0.0	0.0	0.0	0.0	9.0	0.0	2.0	0.0	0.0	0.0	0.0	0.0	0.0	0.0	0.0	0.0	0.0	0.0	0.0	0.0	0.0	0.0	0.0	1.0	0.0	0.0	0.0	0.0	0.0	0.0	0.0	0.0	0.0	0.0	1.0	0.0	0.0	1.0	1.0	0.0	0.0	0.0	0.0	0.0
SRR23478253	0.0	0.0	8.0	128.0	0.0	413.0	1.0	63.0	0.0	0.0	6.0	1.0	15.0	2.0	0.0	2.0	0.0	0.0	0.0	0.0	0.0	2.0	0.0	6.0	0.0	0.0	0.0	24.0	0.0	1.0	4.0	0.0	0.0	0.0	0.0	0.0	0.0	0.0	0.0	386.0	0.0	0.0	0.0	0.0	0.0	0.0	2671.0	80.0	0.0	0.0	2.0	102.0	0.0	0.0	38.0	10.0	1561.0	1.0	16.0	2.0	0.0	42.0	81.0	4.0	34.0	5.0	0.0	43.0	0.0	0.0	0.0	100.0	1.0	0.0	0.0	0.0	0.0	3.0	0.0	0.0	0.0	53.0	9.0	3.0	3.0	0.0	0.0	1.0	12.0	3.0	7.0	0.0	0.0	13.0	0.0	1.0	0.0	0.0	0.0	0.0	0.0	0.0	0.0	0.0	0.0	0.0	1.0	0.0	0.0	0.0	4.0	7.0	2.0	0.0	0.0	0.0	0.0	0.0	0.0	0.0	1.0	1.0	1.0	0.0	0.0	30.0	0.0	0.0	0.0	13.0	0.0	0.0	0.0	0.0	0.0	0.0	0.0	10.0	1.0	0.0	0.0	0.0	2.0	0.0	2.0	0.0	0.0	0.0	0.0	0.0	0.0	0.0	0.0	15.0	6.0	0.0	1.0	0.0	0.0	0.0	2.0	0.0	0.0	0.0	0.0	0.0	1.0	0.0	101.0	3.0	5.0	0.0	1.0	0.0	0.0	0.0	1.0	0.0	0.0	0.0	1.0	2.0	3.0	0.0	0.0	1.0	0.0	0.0	10.0
SRR23478254	0.0	208.0	16.0	16.0	0.0	4068.0	0.0	10.0	0.0	0.0	0.0	0.0	0.0	0.0	0.0	0.0	0.0	1.0	0.0	0.0	0.0	0.0	0.0	5.0	0.0	0.0	0.0	0.0	3.0	0.0	165.0	0.0	0.0	2.0	0.0	9.0	0.0	1.0	0.0	54.0	0.0	0.0	0.0	0.0	0.0	0.0	1047.0	84.0	0.0	0.0	9.0	0.0	0.0	0.0	0.0	0.0	372.0	0.0	0.0	2.0	0.0	12.0	0.0	3.0	0.0	0.0	0.0	0.0	0.0	1.0	0.0	0.0	0.0	0.0	0.0	0.0	0.0	2.0	0.0	1.0	1.0	12.0	2.0	0.0	3.0	4.0	0.0	0.0	0.0	10.0	0.0	0.0	8.0	0.0	0.0	0.0	0.0	0.0	1.0	2.0	0.0	3.0	0.0	0.0	7.0	5.0	2.0	0.0	7.0	3.0	3.0	6.0	0.0	0.0	2.0	0.0	0.0	0.0	0.0	0.0	0.0	0.0	6.0	35.0	2.0	1.0	0.0	3.0	0.0	0.0	0.0	0.0	0.0	0.0	0.0	0.0	3.0	31.0	0.0	0.0	0.0	0.0	2.0	0.0	2.0	0.0	0.0	0.0	0.0	7.0	3.0	0.0	0.0	0.0	0.0	0.0	0.0	0.0	0.0	0.0	0.0	0.0	0.0	0.0	0.0	0.0	2.0	0.0	0.0	0.0	2.0	0.0	0.0	0.0	0.0	1.0	0.0	0.0	0.0	0.0	4.0	0.0	0.0	0.0	0.0	1.0	0.0	0.0	0.0
SRR23478255	0.0	285.0	0.0	157.0	0.0	1092.0	7.0	55.0	0.0	19.0	5.0	0.0	0.0	0.0	0.0	5.0	0.0	2.0	0.0	4.0	3.0	83.0	0.0	16.0	11.0	2.0	0.0	3.0	67.0	0.0	8.0	188.0	2.0	4.0	139.0	0.0	0.0	0.0	0.0	64.0	0.0	0.0	0.0	2.0	1.0	71.0	0.0	992.0	0.0	2.0	496.0	0.0	0.0	0.0	0.0	5.0	736.0	9.0	203.0	0.0	0.0	3.0	0.0	9.0	0.0	0.0	0.0	0.0	25.0	18.0	11.0	87.0	1.0	0.0	0.0	0.0	0.0	3.0	0.0	1.0	0.0	2.0	4.0	3.0	0.0	19.0	0.0	0.0	135.0	0.0	31.0	0.0	49.0	0.0	0.0	0.0	0.0	0.0	55.0	0.0	21.0	5.0	0.0	0.0	0.0	12.0	8.0	0.0	11.0	8.0	519.0	11.0	0.0	0.0	0.0	0.0	0.0	3.0	0.0	0.0	0.0	3.0	0.0	99.0	0.0	0.0	0.0	6.0	0.0	0.0	0.0	4.0	0.0	0.0	0.0	0.0	0.0	20.0	0.0	0.0	0.0	0.0	0.0	0.0	40.0	0.0	0.0	57.0	0.0	0.0	18.0	0.0	0.0	0.0	4.0	0.0	0.0	0.0	0.0	0.0	128.0	29.0	0.0	0.0	3.0	0.0	0.0	0.0	0.0	0.0	0.0	0.0	0.0	0.0	0.0	13.0	0.0	0.0	0.0	0.0	0.0	0.0	19.0	0.0	0.0	0.0	2.0	0.0	0.0
SRR23478256	8.0	210.0	0.0	346.0	0.0	1214.0	0.0	1.0	0.0	0.0	5.0	1.0	0.0	3.0	0.0	0.0	0.0	0.0	0.0	0.0	1.0	3.0	0.0	0.0	3.0	0.0	0.0	0.0	1.0	0.0	54.0	3.0	0.0	5.0	11.0	10.0	0.0	0.0	0.0	508.0	0.0	0.0	0.0	9.0	0.0	0.0	0.0	152.0	0.0	0.0	21.0	0.0	0.0	0.0	0.0	12.0	1845.0	3.0	191.0	0.0	0.0	0.0	147.0	11.0	0.0	13.0	0.0	0.0	0.0	0.0	2.0	0.0	0.0	0.0	0.0	18.0	0.0	8.0	1.0	19.0	3.0	159.0	2.0	0.0	0.0	1.0	0.0	0.0	4.0	92.0	7.0	16.0	341.0	0.0	0.0	0.0	1.0	0.0	2.0	0.0	103.0	0.0	0.0	0.0	0.0	9.0	7.0	0.0	7.0	21.0	127.0	0.0	0.0	0.0	0.0	0.0	0.0	0.0	0.0	0.0	1.0	0.0	0.0	0.0	0.0	6.0	0.0	1.0	0.0	25.0	0.0	0.0	0.0	0.0	0.0	0.0	0.0	148.0	0.0	7.0	0.0	0.0	0.0	0.0	2.0	0.0	0.0	2.0	55.0	7.0	0.0	0.0	0.0	0.0	34.0	5.0	1.0	0.0	0.0	0.0	0.0	0.0	0.0	0.0	0.0	0.0	25.0	3.0	104.0	0.0	19.0	1.0	0.0	0.0	6.0	2.0	0.0	0.0	0.0	4.0	11.0	0.0	19.0	3.0	0.0	0.0	0.0	19.0	0.0
SRR23478257	0.0	0.0	1.0	27.0	0.0	800.0	0.0	19.0	0.0	0.0	16.0	0.0	0.0	0.0	0.0	1.0	0.0	0.0	0.0	3.0	0.0	0.0	1.0	1.0	0.0	0.0	0.0	2.0	0.0	0.0	389.0	1.0	0.0	0.0	24.0	0.0	0.0	0.0	0.0	1801.0	0.0	0.0	0.0	0.0	0.0	0.0	1.0	90.0	0.0	0.0	7.0	5.0	4.0	2.0	0.0	8.0	115.0	3.0	0.0	0.0	0.0	0.0	552.0	1627.0	72.0	1.0	0.0	0.0	1.0	3.0	0.0	234.0	0.0	0.0	0.0	0.0	0.0	9.0	1.0	1.0	0.0	28.0	0.0	0.0	2.0	1.0	0.0	0.0	5.0	3.0	1.0	0.0	13.0	0.0	0.0	0.0	0.0	0.0	1.0	0.0	0.0	0.0	0.0	0.0	0.0	2.0	0.0	0.0	0.0	8.0	247.0	0.0	0.0	0.0	0.0	0.0	0.0	0.0	0.0	0.0	0.0	0.0	1.0	59.0	0.0	1.0	0.0	0.0	0.0	7.0	0.0	0.0	0.0	0.0	0.0	0.0	0.0	3.0	0.0	1.0	0.0	0.0	0.0	0.0	0.0	1.0	0.0	0.0	0.0	1.0	0.0	0.0	0.0	0.0	0.0	0.0	21.0	0.0	0.0	0.0	1.0	0.0	0.0	0.0	0.0	0.0	3.0	0.0	23.0	0.0	0.0	1.0	0.0	0.0	0.0	0.0	0.0	0.0	0.0	0.0	2.0	0.0	1.0	1.0	7.0	0.0	0.0	0.0	1.0
SRR23478258	7.0	154.0	2.0	96.0	1.0	1958.0	0.0	49.0	0.0	0.0	49.0	0.0	0.0	0.0	1.0	0.0	0.0	0.0	0.0	0.0	8.0	35.0	0.0	91.0	0.0	0.0	4.0	12.0	0.0	0.0	0.0	37.0	1.0	2.0	0.0	3.0	0.0	6.0	0.0	457.0	0.0	0.0	0.0	1.0	0.0	15.0	4.0	869.0	0.0	0.0	55.0	23.0	29.0	0.0	0.0	86.0	968.0	2.0	0.0	0.0	0.0	3.0	142.0	32.0	2.0	0.0	0.0	0.0	13.0	54.0	0.0	64.0	6.0	0.0	0.0	0.0	0.0	0.0	0.0	0.0	0.0	67.0	0.0	0.0	19.0	3.0	0.0	0.0	60.0	6.0	16.0	2.0	19.0	0.0	0.0	0.0	0.0	0.0	1.0	0.0	0.0	5.0	0.0	3.0	0.0	0.0	13.0	0.0	24.0	0.0	183.0	77.0	3.0	0.0	0.0	0.0	0.0	0.0	1.0	0.0	0.0	32.0	3.0	0.0	0.0	5.0	3.0	14.0	0.0	16.0	0.0	0.0	0.0	0.0	5.0	1.0	0.0	102.0	15.0	0.0	2.0	0.0	0.0	0.0	0.0	0.0	0.0	0.0	0.0	13.0	0.0	0.0	0.0	0.0	0.0	0.0	0.0	0.0	0.0	0.0	9.0	0.0	0.0	0.0	0.0	0.0	0.0	0.0	0.0	0.0	0.0	0.0	0.0	0.0	0.0	0.0	0.0	0.0	0.0	0.0	1.0	0.0	52.0	1.0	0.0	0.0	1.0	0.0	0.0
SRR23478259	0.0	19.0	19.0	66.0	0.0	3236.0	0.0	2.0	0.0	0.0	17.0	8.0	0.0	2.0	0.0	1.0	0.0	0.0	0.0	0.0	0.0	13.0	1.0	368.0	0.0	0.0	0.0	9.0	0.0	0.0	13.0	17.0	1.0	2.0	0.0	3.0	0.0	0.0	0.0	239.0	0.0	0.0	0.0	0.0	0.0	0.0	235.0	219.0	0.0	0.0	34.0	0.0	0.0	15.0	19.0	38.0	891.0	2.0	36.0	0.0	0.0	3.0	19.0	3.0	19.0	1.0	2.0	0.0	5.0	28.0	5.0	0.0	0.0	0.0	0.0	0.0	1.0	5.0	0.0	9.0	0.0	19.0	30.0	1.0	6.0	3.0	0.0	0.0	21.0	6.0	19.0	1.0	0.0	0.0	1.0	1.0	0.0	0.0	8.0	1.0	4.0	1.0	1.0	4.0	0.0	1.0	4.0	0.0	5.0	0.0	132.0	77.0	5.0	0.0	0.0	0.0	0.0	0.0	0.0	0.0	1.0	4.0	5.0	19.0	1.0	6.0	0.0	5.0	0.0	9.0	1.0	0.0	0.0	10.0	0.0	2.0	0.0	47.0	10.0	0.0	9.0	0.0	0.0	0.0	0.0	0.0	0.0	4.0	0.0	37.0	2.0	0.0	0.0	9.0	5.0	0.0	0.0	0.0	16.0	0.0	4.0	0.0	0.0	0.0	0.0	3.0	2.0	0.0	26.0	0.0	1.0	1.0	0.0	0.0	0.0	4.0	0.0	0.0	0.0	0.0	0.0	0.0	18.0	0.0	0.0	0.0	3.0	0.0	0.0
SRR23478260	0.0	29.0	0.0	69.0	0.0	1.0	0.0	1170.0	2.0	0.0	0.0	0.0	0.0	2.0	2.0	0.0	0.0	1.0	0.0	0.0	0.0	143.0	0.0	0.0	0.0	0.0	0.0	66.0	183.0	2.0	33.0	2.0	0.0	0.0	0.0	0.0	0.0	0.0	0.0	16.0	1473.0	0.0	0.0	6.0	2.0	6.0	164.0	92.0	9.0	0.0	79.0	0.0	0.0	2.0	1.0	0.0	6.0	0.0	22.0	0.0	7.0	5.0	24.0	53.0	1.0	0.0	12.0	0.0	7.0	0.0	586.0	3.0	4.0	0.0	0.0	195.0	4.0	7.0	5.0	0.0	0.0	5.0	3.0	0.0	0.0	56.0	0.0	0.0	15.0	82.0	1.0	0.0	10.0	0.0	0.0	0.0	8.0	0.0	424.0	0.0	6.0	84.0	0.0	2.0	179.0	351.0	0.0	0.0	0.0	0.0	2.0	3.0	0.0	0.0	0.0	41.0	0.0	0.0	3.0	0.0	0.0	0.0	0.0	0.0	0.0	4.0	0.0	0.0	0.0	0.0	0.0	0.0	0.0	16.0	1.0	4.0	0.0	21.0	0.0	3.0	3.0	0.0	1.0	0.0	0.0	4.0	0.0	4.0	0.0	1.0	0.0	0.0	0.0	2.0	0.0	13.0	7.0	0.0	24.0	0.0	0.0	0.0	0.0	0.0	7.0	0.0	4.0	10.0	21.0	0.0	2.0	12.0	0.0	0.0	0.0	25.0	0.0	0.0	0.0	2.0	0.0	0.0	0.0	10.0	0.0	0.0	4.0	0.0	59.0
SRR23478261	0.0	2.0	0.0	88.0	429.0	11.0	0.0	474.0	0.0	0.0	19.0	0.0	0.0	0.0	2.0	18.0	5.0	0.0	0.0	0.0	3.0	94.0	1.0	0.0	0.0	0.0	0.0	13.0	2.0	2.0	92.0	50.0	0.0	0.0	0.0	0.0	1.0	0.0	2.0	10.0	0.0	0.0	0.0	0.0	0.0	0.0	1871.0	726.0	0.0	0.0	156.0	0.0	0.0	0.0	0.0	0.0	26.0	1.0	1.0	0.0	4.0	30.0	7.0	18.0	17.0	2.0	0.0	0.0	34.0	11.0	14.0	7.0	3.0	0.0	0.0	2.0	219.0	0.0	4.0	4.0	0.0	8.0	15.0	6.0	4.0	15.0	0.0	2.0	62.0	22.0	19.0	1.0	4.0	4.0	0.0	1.0	0.0	0.0	34.0	0.0	6.0	23.0	35.0	3.0	2.0	7.0	10.0	19.0	30.0	9.0	99.0	15.0	15.0	0.0	0.0	559.0	0.0	0.0	0.0	0.0	0.0	3.0	0.0	0.0	5.0	2.0	7.0	5.0	0.0	2.0	1.0	0.0	0.0	1.0	2.0	0.0	0.0	121.0	1.0	0.0	12.0	0.0	0.0	0.0	5.0	0.0	0.0	5.0	4.0	178.0	14.0	0.0	5.0	55.0	0.0	0.0	0.0	0.0	0.0	0.0	43.0	0.0	2.0	0.0	0.0	0.0	0.0	38.0	15.0	1.0	7.0	1.0	3.0	2.0	0.0	7.0	0.0	4.0	1.0	3.0	6.0	0.0	1.0	0.0	0.0	0.0	4.0	77.0	0.0
SRR23478262	3.0	197.0	0.0	450.0	77.0	422.0	0.0	1385.0	17.0	0.0	0.0	0.0	0.0	0.0	0.0	13.0	0.0	15.0	0.0	1.0	23.0	91.0	0.0	1.0	0.0	0.0	0.0	31.0	58.0	6.0	154.0	188.0	1.0	1.0	2.0	2.0	2.0	0.0	0.0	7.0	0.0	0.0	0.0	2.0	0.0	164.0	122.0	139.0	12.0	0.0	713.0	0.0	0.0	18.0	0.0	2.0	118.0	0.0	0.0	0.0	25.0	1.0	152.0	1.0	0.0	14.0	0.0	0.0	293.0	33.0	66.0	0.0	5.0	0.0	0.0	22.0	0.0	0.0	0.0	0.0	0.0	1.0	23.0	0.0	0.0	169.0	0.0	0.0	108.0	69.0	7.0	0.0	41.0	0.0	4.0	0.0	2.0	0.0	21.0	0.0	0.0	30.0	0.0	0.0	65.0	64.0	52.0	0.0	20.0	2.0	72.0	22.0	31.0	0.0	0.0	30.0	0.0	0.0	1.0	13.0	0.0	0.0	0.0	0.0	0.0	10.0	0.0	2.0	0.0	0.0	0.0	0.0	1.0	28.0	29.0	0.0	0.0	115.0	3.0	0.0	0.0	0.0	0.0	0.0	19.0	8.0	0.0	0.0	0.0	0.0	0.0	0.0	0.0	0.0	0.0	0.0	7.0	0.0	0.0	0.0	51.0	1.0	3.0	0.0	0.0	0.0	0.0	0.0	2.0	0.0	0.0	0.0	0.0	0.0	0.0	0.0	0.0	0.0	0.0	1.0	0.0	0.0	2.0	0.0	0.0	0.0	0.0	0.0	0.0
SRR23478263	0.0	40.0	0.0	338.0	0.0	31.0	0.0	729.0	0.0	0.0	21.0	0.0	0.0	2.0	0.0	7.0	0.0	0.0	0.0	1.0	1.0	46.0	0.0	2.0	0.0	0.0	0.0	94.0	24.0	5.0	0.0	111.0	0.0	0.0	89.0	0.0	0.0	0.0	0.0	4.0	0.0	4.0	0.0	0.0	0.0	13.0	0.0	1798.0	0.0	0.0	743.0	0.0	0.0	6.0	36.0	5.0	40.0	0.0	25.0	0.0	2.0	0.0	11.0	1.0	0.0	0.0	0.0	0.0	258.0	29.0	59.0	0.0	0.0	0.0	0.0	12.0	0.0	0.0	0.0	0.0	0.0	0.0	53.0	0.0	0.0	58.0	0.0	0.0	191.0	10.0	10.0	0.0	469.0	0.0	0.0	0.0	1.0	0.0	32.0	0.0	0.0	31.0	1.0	35.0	28.0	31.0	100.0	0.0	0.0	0.0	31.0	44.0	36.0	0.0	0.0	0.0	0.0	0.0	0.0	3.0	0.0	2.0	0.0	0.0	0.0	0.0	0.0	0.0	0.0	0.0	0.0	0.0	4.0	0.0	1.0	0.0	0.0	97.0	0.0	0.0	35.0	0.0	0.0	0.0	0.0	0.0	0.0	1.0	0.0	60.0	0.0	0.0	0.0	0.0	36.0	2.0	0.0	0.0	0.0	4.0	71.0	0.0	0.0	0.0	3.0	0.0	0.0	2.0	0.0	0.0	0.0	1.0	0.0	0.0	0.0	5.0	0.0	152.0	6.0	0.0	0.0	0.0	17.0	0.0	0.0	0.0	0.0	3.0	0.0
SRR23478264	0.0	0.0	2.0	18.0	6.0	412.0	0.0	54.0	0.0	0.0	1.0	2.0	0.0	0.0	0.0	2.0	0.0	0.0	0.0	0.0	0.0	2.0	1.0	0.0	0.0	0.0	0.0	5.0	1.0	0.0	19.0	0.0	0.0	0.0	0.0	0.0	0.0	7.0	0.0	405.0	0.0	0.0	0.0	0.0	0.0	1.0	3373.0	39.0	0.0	0.0	0.0	31.0	0.0	19.0	77.0	20.0	512.0	3.0	4.0	0.0	0.0	0.0	70.0	253.0	42.0	32.0	1.0	43.0	3.0	1.0	0.0	259.0	0.0	1.0	0.0	0.0	0.0	6.0	0.0	3.0	0.0	44.0	0.0	6.0	5.0	0.0	76.0	1.0	4.0	5.0	0.0	0.0	0.0	0.0	0.0	0.0	0.0	0.0	0.0	0.0	0.0	1.0	3.0	0.0	0.0	1.0	1.0	39.0	2.0	0.0	8.0	0.0	0.0	0.0	1.0	0.0	0.0	0.0	0.0	0.0	2.0	0.0	0.0	0.0	0.0	0.0	0.0	0.0	0.0	7.0	0.0	0.0	0.0	0.0	0.0	1.0	0.0	1.0	0.0	0.0	0.0	0.0	0.0	0.0	0.0	0.0	0.0	0.0	0.0	0.0	0.0	0.0	0.0	2.0	6.0	2.0	0.0	30.0	0.0	0.0	4.0	0.0	0.0	0.0	0.0	1.0	1.0	2.0	81.0	1.0	6.0	0.0	2.0	0.0	0.0	0.0	0.0	0.0	1.0	0.0	0.0	3.0	1.0	0.0	0.0	5.0	0.0	0.0	0.0
SRR23478265	0.0	0.0	3.0	69.0	0.0	802.0	0.0	3.0	1.0	0.0	22.0	4.0	2.0	0.0	0.0	0.0	0.0	0.0	0.0	0.0	0.0	0.0	0.0	3.0	0.0	0.0	0.0	2.0	0.0	0.0	129.0	0.0	0.0	0.0	1.0	1.0	0.0	0.0	0.0	1579.0	0.0	0.0	0.0	1.0	1.0	0.0	289.0	239.0	0.0	0.0	9.0	0.0	19.0	63.0	34.0	14.0	1819.0	1.0	317.0	0.0	0.0	8.0	0.0	86.0	20.0	0.0	0.0	0.0	1.0	2.0	0.0	159.0	0.0	0.0	0.0	0.0	0.0	9.0	1.0	0.0	2.0	5.0	0.0	1.0	0.0	2.0	0.0	0.0	4.0	1.0	21.0	1.0	28.0	3.0	0.0	0.0	0.0	0.0	3.0	0.0	0.0	1.0	0.0	0.0	0.0	0.0	3.0	0.0	0.0	32.0	21.0	3.0	17.0	0.0	0.0	0.0	0.0	0.0	0.0	0.0	0.0	0.0	0.0	0.0	0.0	4.0	0.0	0.0	0.0	0.0	0.0	0.0	0.0	0.0	0.0	0.0	0.0	7.0	1.0	0.0	0.0	0.0	0.0	0.0	0.0	0.0	0.0	0.0	0.0	10.0	0.0	1.0	1.0	1.0	20.0	0.0	3.0	0.0	0.0	0.0	5.0	0.0	0.0	0.0	0.0	0.0	0.0	25.0	45.0	12.0	0.0	0.0	1.0	0.0	2.0	0.0	0.0	0.0	0.0	0.0	0.0	3.0	0.0	0.0	0.0	0.0	0.0	0.0	6.0
SRR23478266	0.0	122.0	0.0	529.0	0.0	1.0	0.0	460.0	0.0	0.0	0.0	0.0	0.0	0.0	0.0	0.0	0.0	0.0	0.0	0.0	68.0	156.0	0.0	27.0	0.0	0.0	0.0	0.0	0.0	0.0	19.0	158.0	0.0	0.0	41.0	0.0	0.0	0.0	0.0	0.0	0.0	0.0	0.0	0.0	0.0	0.0	0.0	228.0	0.0	0.0	96.0	0.0	0.0	0.0	0.0	0.0	22.0	0.0	475.0	0.0	6.0	0.0	0.0	17.0	0.0	0.0	0.0	0.0	242.0	0.0	282.0	0.0	0.0	0.0	0.0	0.0	0.0	0.0	0.0	0.0	0.0	0.0	0.0	0.0	2.0	60.0	0.0	0.0	269.0	5.0	0.0	0.0	66.0	0.0	0.0	0.0	0.0	0.0	1237.0	0.0	0.0	57.0	0.0	0.0	3.0	72.0	101.0	0.0	20.0	0.0	10.0	57.0	0.0	0.0	0.0	0.0	0.0	0.0	0.0	0.0	0.0	0.0	0.0	0.0	0.0	0.0	0.0	13.0	0.0	0.0	0.0	0.0	0.0	0.0	0.0	0.0	0.0	171.0	11.0	0.0	0.0	0.0	0.0	0.0	0.0	0.0	0.0	17.0	0.0	0.0	0.0	0.0	0.0	0.0	0.0	0.0	4.0	0.0	0.0	0.0	1035.0	0.0	0.0	0.0	8.0	0.0	0.0	0.0	0.0	0.0	0.0	0.0	0.0	0.0	0.0	0.0	0.0	0.0	0.0	2.0	0.0	0.0	0.0	0.0	0.0	0.0	1.0	48.0	0.0
SRR23478267	0.0	19.0	0.0	414.0	0.0	10.0	0.0	828.0	0.0	0.0	12.0	1.0	0.0	0.0	0.0	8.0	0.0	0.0	0.0	9.0	9.0	190.0	0.0	2.0	0.0	0.0	0.0	134.0	100.0	0.0	137.0	17.0	2.0	2.0	0.0	0.0	0.0	0.0	0.0	3.0	0.0	0.0	9.0	0.0	0.0	0.0	0.0	68.0	0.0	0.0	386.0	0.0	0.0	0.0	4.0	0.0	6.0	0.0	0.0	0.0	0.0	0.0	0.0	0.0	2.0	63.0	2.0	0.0	10.0	26.0	56.0	0.0	0.0	9.0	0.0	0.0	0.0	0.0	2.0	0.0	0.0	1.0	87.0	2.0	0.0	26.0	0.0	5.0	36.0	3.0	1.0	0.0	1.0	0.0	0.0	0.0	0.0	0.0	74.0	0.0	5.0	58.0	0.0	36.0	6.0	19.0	10.0	0.0	0.0	0.0	98.0	14.0	15.0	0.0	0.0	0.0	0.0	0.0	0.0	5.0	1.0	0.0	0.0	129.0	6.0	0.0	0.0	0.0	0.0	0.0	0.0	0.0	0.0	23.0	288.0	0.0	18.0	8.0	0.0	7.0	0.0	2.0	0.0	2.0	6.0	1.0	27.0	7.0	1.0	5.0	0.0	0.0	61.0	0.0	0.0	11.0	3.0	0.0	0.0	0.0	585.0	0.0	0.0	0.0	3.0	0.0	0.0	0.0	2.0	0.0	19.0	0.0	0.0	0.0	0.0	0.0	0.0	0.0	2.0	49.0	3.0	0.0	0.0	0.0	1.0	0.0	0.0	1941.0	0.0
SRR23478268	0.0	7.0	0.0	889.0	0.0	77.0	0.0	353.0	0.0	3.0	25.0	0.0	0.0	0.0	0.0	1.0	1.0	3.0	0.0	0.0	3.0	133.0	0.0	4.0	0.0	0.0	0.0	0.0	19.0	3.0	714.0	116.0	3.0	0.0	13.0	0.0	0.0	0.0	3.0	1.0	0.0	1.0	0.0	1.0	0.0	16.0	8.0	1049.0	0.0	0.0	242.0	0.0	0.0	0.0	6.0	0.0	24.0	0.0	773.0	1.0	11.0	0.0	8.0	2.0	5.0	8.0	3.0	0.0	82.0	12.0	8.0	0.0	1.0	0.0	2.0	0.0	7.0	2.0	0.0	1.0	0.0	4.0	0.0	0.0	0.0	28.0	0.0	0.0	242.0	38.0	1.0	0.0	4.0	0.0	0.0	0.0	0.0	0.0	67.0	0.0	2.0	39.0	9.0	13.0	34.0	196.0	44.0	0.0	1.0	76.0	163.0	55.0	32.0	1.0	0.0	0.0	3.0	0.0	0.0	2.0	0.0	0.0	0.0	6.0	1.0	0.0	13.0	0.0	0.0	0.0	0.0	0.0	0.0	0.0	10.0	0.0	0.0	114.0	25.0	0.0	16.0	0.0	0.0	0.0	8.0	7.0	4.0	9.0	0.0	64.0	0.0	8.0	41.0	0.0	4.0	18.0	26.0	0.0	0.0	0.0	4.0	1.0	31.0	0.0	0.0	0.0	0.0	0.0	0.0	0.0	6.0	6.0	0.0	0.0	0.0	6.0	0.0	2.0	13.0	11.0	1.0	0.0	11.0	0.0	0.0	0.0	1.0	77.0	0.0
SRR23478269	2.0	679.0	0.0	3.0	261.0	0.0	0.0	121.0	0.0	0.0	0.0	0.0	0.0	0.0	0.0	49.0	0.0	57.0	0.0	0.0	0.0	0.0	0.0	0.0	0.0	0.0	97.0	536.0	0.0	0.0	0.0	0.0	16.0	0.0	26.0	10.0	5.0	0.0	0.0	0.0	0.0	0.0	0.0	0.0	1.0	79.0	56.0	0.0	0.0	0.0	1691.0	0.0	0.0	0.0	0.0	0.0	0.0	0.0	0.0	0.0	33.0	0.0	0.0	0.0	0.0	0.0	0.0	0.0	0.0	0.0	149.0	0.0	0.0	3.0	0.0	0.0	0.0	0.0	92.0	0.0	2.0	1.0	0.0	0.0	0.0	0.0	0.0	0.0	0.0	0.0	0.0	0.0	0.0	0.0	0.0	0.0	0.0	0.0	6.0	0.0	0.0	0.0	0.0	0.0	0.0	28.0	0.0	0.0	13.0	106.0	0.0	1.0	0.0	13.0	0.0	0.0	1150.0	0.0	0.0	0.0	0.0	0.0	0.0	0.0	9.0	5.0	0.0	0.0	0.0	3.0	3.0	0.0	0.0	0.0	0.0	11.0	57.0	254.0	0.0	0.0	0.0	0.0	0.0	11.0	0.0	0.0	385.0	0.0	0.0	0.0	0.0	0.0	0.0	0.0	0.0	0.0	0.0	0.0	1.0	0.0	45.0	0.0	0.0	0.0	0.0	0.0	0.0	0.0	0.0	0.0	0.0	22.0	0.0	0.0	0.0	2.0	0.0	0.0	0.0	0.0	0.0	0.0	0.0	0.0	0.0	0.0	0.0	0.0	0.0
SRR23478270	0.0	3.0	0.0	325.0	0.0	992.0	1.0	17.0	0.0	0.0	51.0	2.0	0.0	1.0	0.0	0.0	0.0	0.0	0.0	0.0	1.0	3.0	1.0	84.0	0.0	0.0	0.0	5.0	0.0	0.0	32.0	3.0	0.0	0.0	7.0	2.0	0.0	0.0	1.0	369.0	0.0	0.0	0.0	0.0	1.0	1.0	3.0	231.0	0.0	0.0	8.0	0.0	2.0	220.0	13.0	5.0	1752.0	12.0	551.0	0.0	0.0	1.0	13.0	12.0	13.0	1.0	0.0	1.0	5.0	5.0	0.0	0.0	2.0	0.0	0.0	1.0	0.0	3.0	0.0	0.0	2.0	54.0	0.0	5.0	45.0	1.0	0.0	2.0	1.0	2.0	66.0	0.0	199.0	0.0	0.0	0.0	0.0	0.0	0.0	0.0	1.0	8.0	8.0	0.0	0.0	1.0	2.0	0.0	1.0	43.0	384.0	382.0	9.0	0.0	0.0	0.0	0.0	0.0	0.0	0.0	0.0	2.0	0.0	0.0	1.0	40.0	2.0	2.0	0.0	16.0	0.0	0.0	0.0	0.0	0.0	0.0	0.0	3.0	2.0	0.0	0.0	0.0	0.0	0.0	0.0	0.0	0.0	1.0	0.0	13.0	2.0	4.0	0.0	0.0	134.0	0.0	14.0	0.0	0.0	0.0	27.0	0.0	0.0	0.0	0.0	1.0	0.0	0.0	8.0	0.0	0.0	0.0	0.0	0.0	0.0	1.0	0.0	0.0	0.0	0.0	0.0	0.0	7.0	4.0	2.0	0.0	1.0	0.0	1.0
SRR23478271	0.0	16.0	0.0	766.0	0.0	832.0	0.0	139.0	0.0	2.0	1.0	0.0	0.0	0.0	0.0	0.0	0.0	3.0	0.0	3.0	0.0	23.0	0.0	2.0	0.0	0.0	0.0	76.0	13.0	0.0	29.0	10.0	0.0	0.0	3.0	0.0	0.0	0.0	0.0	2.0	0.0	0.0	0.0	0.0	0.0	15.0	10.0	545.0	0.0	6.0	88.0	0.0	0.0	0.0	0.0	0.0	192.0	0.0	0.0	0.0	3.0	0.0	2.0	54.0	1.0	0.0	0.0	0.0	5.0	2.0	97.0	0.0	10.0	0.0	0.0	0.0	0.0	0.0	0.0	0.0	0.0	2.0	203.0	0.0	41.0	12.0	0.0	0.0	27.0	116.0	4.0	4.0	22.0	0.0	0.0	0.0	0.0	0.0	105.0	0.0	53.0	105.0	0.0	2.0	74.0	208.0	28.0	0.0	4.0	15.0	29.0	65.0	12.0	0.0	2.0	0.0	40.0	0.0	0.0	0.0	0.0	0.0	0.0	1685.0	0.0	1.0	0.0	2.0	0.0	2.0	3.0	0.0	0.0	0.0	0.0	3.0	5.0	206.0	0.0	0.0	10.0	0.0	0.0	0.0	0.0	0.0	0.0	0.0	0.0	35.0	0.0	0.0	0.0	0.0	8.0	28.0	6.0	0.0	30.0	0.0	0.0	0.0	14.0	0.0	0.0	0.0	0.0	0.0	0.0	0.0	0.0	0.0	0.0	0.0	0.0	0.0	81.0	0.0	9.0	3.0	0.0	0.0	2.0	0.0	0.0	0.0	0.0	1.0	0.0
SRR23478272	1.0	70.0	0.0	50.0	2.0	895.0	0.0	28.0	0.0	0.0	2.0	42.0	3.0	0.0	0.0	1.0	0.0	0.0	0.0	0.0	0.0	1.0	3.0	0.0	0.0	0.0	0.0	2.0	0.0	0.0	53.0	0.0	0.0	0.0	2.0	0.0	0.0	0.0	0.0	589.0	0.0	0.0	0.0	1.0	0.0	0.0	2347.0	68.0	0.0	0.0	0.0	0.0	0.0	3.0	15.0	22.0	140.0	0.0	3.0	1.0	0.0	0.0	156.0	36.0	41.0	12.0	0.0	4.0	0.0	2.0	0.0	588.0	0.0	0.0	0.0	0.0	0.0	10.0	0.0	3.0	0.0	27.0	0.0	2.0	4.0	0.0	23.0	41.0	2.0	3.0	19.0	0.0	2.0	4.0	0.0	1.0	0.0	0.0	0.0	0.0	0.0	2.0	5.0	0.0	0.0	0.0	0.0	128.0	0.0	0.0	0.0	2.0	2.0	0.0	0.0	0.0	0.0	0.0	0.0	0.0	9.0	0.0	1.0	0.0	0.0	2.0	0.0	0.0	0.0	2.0	0.0	0.0	0.0	0.0	0.0	0.0	0.0	10.0	0.0	13.0	0.0	0.0	0.0	0.0	0.0	0.0	0.0	0.0	3.0	2.0	0.0	0.0	0.0	31.0	16.0	0.0	0.0	29.0	0.0	0.0	6.0	0.0	1.0	0.0	0.0	14.0	1.0	2.0	75.0	3.0	4.0	0.0	6.0	2.0	0.0	0.0	0.0	1.0	2.0	0.0	3.0	3.0	4.0	0.0	0.0	9.0	0.0	0.0	0.0
SRR23478273	0.0	0.0	0.0	5.0	0.0	545.0	0.0	7.0	0.0	0.0	1.0	1.0	2.0	0.0	0.0	0.0	0.0	0.0	0.0	0.0	0.0	0.0	1.0	0.0	0.0	0.0	0.0	2.0	0.0	0.0	0.0	0.0	0.0	0.0	2.0	0.0	0.0	0.0	0.0	650.0	0.0	0.0	0.0	0.0	0.0	0.0	2290.0	23.0	0.0	0.0	0.0	102.0	0.0	6.0	94.0	15.0	406.0	1.0	0.0	0.0	0.0	685.0	109.0	103.0	53.0	7.0	0.0	54.0	0.0	1.0	0.0	266.0	0.0	0.0	0.0	0.0	0.0	7.0	1.0	2.0	0.0	9.0	0.0	3.0	6.0	0.0	0.0	2.0	1.0	0.0	5.0	0.0	110.0	0.0	0.0	0.0	0.0	0.0	0.0	0.0	1.0	0.0	2.0	0.0	0.0	0.0	5.0	246.0	0.0	4.0	34.0	0.0	1.0	0.0	0.0	0.0	0.0	0.0	0.0	0.0	6.0	0.0	0.0	0.0	0.0	23.0	0.0	0.0	0.0	10.0	0.0	0.0	0.0	0.0	0.0	0.0	1.0	13.0	0.0	0.0	0.0	0.0	0.0	0.0	0.0	0.0	0.0	0.0	0.0	6.0	2.0	0.0	1.0	2.0	45.0	0.0	0.0	1.0	0.0	0.0	3.0	0.0	0.0	0.0	0.0	34.0	3.0	1.0	39.0	1.0	2.0	0.0	38.0	4.0	0.0	0.0	0.0	0.0	0.0	0.0	0.0	1.0	1.0	0.0	0.0	8.0	0.0	0.0	9.0
SRR23478274	0.0	1408.0	2.0	14.0	0.0	149.0	0.0	18.0	2.0	0.0	2.0	0.0	3.0	1.0	0.0	0.0	0.0	0.0	0.0	0.0	0.0	11.0	0.0	2.0	0.0	0.0	1.0	12.0	0.0	0.0	185.0	6.0	0.0	1.0	2.0	0.0	0.0	0.0	0.0	147.0	0.0	0.0	0.0	0.0	0.0	0.0	2207.0	29.0	0.0	0.0	6.0	0.0	0.0	14.0	7.0	16.0	230.0	0.0	0.0	0.0	1.0	0.0	36.0	57.0	9.0	4.0	0.0	1.0	1.0	0.0	11.0	37.0	0.0	0.0	0.0	0.0	0.0	0.0	0.0	1.0	0.0	31.0	0.0	0.0	0.0	0.0	2.0	0.0	9.0	7.0	5.0	0.0	0.0	17.0	0.0	0.0	0.0	0.0	4.0	0.0	1.0	1.0	0.0	0.0	4.0	0.0	1.0	0.0	1.0	0.0	0.0	0.0	4.0	0.0	0.0	26.0	0.0	0.0	0.0	0.0	0.0	0.0	0.0	0.0	0.0	2.0	0.0	0.0	0.0	2.0	0.0	0.0	0.0	0.0	0.0	0.0	0.0	5.0	0.0	0.0	0.0	0.0	0.0	0.0	0.0	1.0	0.0	0.0	3.0	0.0	1.0	0.0	1.0	3.0	2.0	0.0	0.0	1.0	1.0	0.0	0.0	0.0	0.0	0.0	0.0	3.0	2.0	0.0	16.0	0.0	3.0	0.0	11.0	2.0	0.0	3.0	0.0	0.0	0.0	1.0	1.0	7.0	8.0	0.0	1.0	7.0	0.0	0.0	0.0
SRR23478275	1.0	6.0	0.0	109.0	255.0	10.0	0.0	376.0	1.0	0.0	18.0	2.0	3.0	2.0	0.0	0.0	0.0	0.0	0.0	0.0	0.0	59.0	0.0	1.0	0.0	0.0	0.0	83.0	50.0	4.0	64.0	2.0	1.0	0.0	0.0	0.0	0.0	0.0	0.0	0.0	0.0	0.0	0.0	0.0	0.0	0.0	3776.0	43.0	0.0	0.0	64.0	0.0	0.0	0.0	15.0	0.0	1.0	0.0	187.0	0.0	3.0	4.0	1.0	4.0	1.0	144.0	0.0	0.0	16.0	0.0	7.0	0.0	0.0	0.0	0.0	0.0	2.0	0.0	0.0	0.0	0.0	2.0	6.0	0.0	0.0	6.0	0.0	0.0	39.0	0.0	1.0	0.0	0.0	1.0	0.0	0.0	0.0	0.0	68.0	0.0	0.0	10.0	1.0	3.0	6.0	4.0	1.0	1.0	0.0	33.0	6.0	0.0	3.0	0.0	0.0	0.0	0.0	0.0	0.0	0.0	0.0	0.0	0.0	1.0	0.0	3.0	0.0	0.0	0.0	8.0	0.0	0.0	0.0	0.0	0.0	0.0	0.0	12.0	5.0	3.0	0.0	0.0	0.0	0.0	0.0	0.0	0.0	1.0	1.0	4.0	0.0	19.0	3.0	1.0	0.0	7.0	0.0	2.0	0.0	0.0	2.0	0.0	0.0	0.0	0.0	2.0	1.0	10.0	11.0	2.0	23.0	0.0	2.0	8.0	1.0	3.0	0.0	6.0	6.0	0.0	0.0	0.0	2.0	0.0	0.0	0.0	1.0	7.0	0.0
SRR23478276	0.0	53.0	0.0	87.0	0.0	107.0	0.0	17.0	0.0	0.0	14.0	8.0	1.0	1.0	0.0	15.0	0.0	0.0	0.0	0.0	0.0	3.0	2.0	279.0	0.0	0.0	0.0	4.0	0.0	1.0	24.0	6.0	0.0	2.0	5.0	0.0	0.0	0.0	4.0	51.0	0.0	1.0	0.0	0.0	0.0	0.0	843.0	157.0	0.0	0.0	31.0	307.0	4.0	21.0	295.0	3.0	123.0	3.0	0.0	4.0	0.0	443.0	48.0	118.0	19.0	6.0	0.0	1.0	1.0	17.0	5.0	81.0	0.0	0.0	0.0	0.0	1.0	6.0	9.0	3.0	0.0	32.0	3.0	3.0	13.0	2.0	0.0	31.0	27.0	14.0	26.0	3.0	44.0	0.0	0.0	0.0	0.0	0.0	1.0	0.0	2.0	15.0	2.0	4.0	2.0	16.0	4.0	166.0	2.0	5.0	17.0	283.0	12.0	0.0	0.0	484.0	0.0	2.0	0.0	0.0	12.0	2.0	0.0	0.0	0.0	208.0	0.0	3.0	0.0	8.0	0.0	0.0	0.0	0.0	0.0	1.0	0.0	130.0	10.0	0.0	0.0	0.0	2.0	0.0	6.0	0.0	1.0	4.0	2.0	22.0	1.0	0.0	1.0	56.0	26.0	3.0	12.0	42.0	0.0	0.0	25.0	1.0	0.0	0.0	0.0	57.0	1.0	7.0	77.0	1.0	19.0	0.0	6.0	5.0	2.0	0.0	0.0	0.0	3.0	1.0	6.0	0.0	34.0	0.0	3.0	0.0	0.0	0.0	0.0
SRR23478277	0.0	18.0	0.0	7.0	0.0	99.0	0.0	71.0	0.0	0.0	0.0	7.0	0.0	1.0	0.0	0.0	0.0	0.0	0.0	0.0	0.0	5.0	0.0	1.0	1.0	0.0	0.0	13.0	0.0	0.0	43.0	0.0	0.0	1.0	0.0	0.0	0.0	0.0	0.0	11.0	4.0	0.0	0.0	0.0	0.0	0.0	3101.0	22.0	0.0	0.0	2.0	1212.0	0.0	0.0	87.0	4.0	80.0	0.0	12.0	55.0	0.0	26.0	10.0	32.0	0.0	37.0	0.0	0.0	3.0	0.0	0.0	1.0	0.0	1.0	0.0	0.0	0.0	6.0	0.0	1.0	0.0	6.0	4.0	0.0	6.0	0.0	0.0	35.0	1.0	15.0	0.0	1.0	2.0	0.0	0.0	2.0	0.0	0.0	0.0	0.0	7.0	6.0	3.0	0.0	0.0	0.0	0.0	811.0	0.0	0.0	2.0	0.0	3.0	0.0	0.0	0.0	0.0	0.0	0.0	0.0	1.0	0.0	0.0	0.0	0.0	4.0	0.0	0.0	0.0	5.0	0.0	0.0	0.0	0.0	0.0	0.0	0.0	26.0	0.0	6.0	0.0	0.0	63.0	0.0	0.0	0.0	0.0	0.0	0.0	0.0	0.0	0.0	0.0	3.0	0.0	0.0	0.0	2.0	0.0	0.0	0.0	0.0	2.0	0.0	0.0	0.0	3.0	15.0	65.0	10.0	0.0	1.0	2.0	3.0	0.0	2.0	0.0	0.0	0.0	0.0	0.0	0.0	9.0	0.0	0.0	1.0	1.0	0.0	0.0
SRR23478278	0.0	76.0	0.0	472.0	2.0	253.0	0.0	366.0	30.0	0.0	15.0	1.0	0.0	1.0	0.0	5.0	0.0	0.0	0.0	1.0	0.0	26.0	0.0	1.0	0.0	0.0	0.0	76.0	6.0	2.0	151.0	4.0	0.0	0.0	8.0	0.0	0.0	0.0	0.0	12.0	0.0	0.0	0.0	0.0	0.0	2.0	507.0	2665.0	0.0	1.0	111.0	0.0	280.0	0.0	0.0	0.0	255.0	0.0	68.0	1.0	2.0	7.0	50.0	1.0	0.0	0.0	0.0	0.0	17.0	11.0	25.0	0.0	0.0	0.0	0.0	0.0	0.0	2.0	0.0	1.0	3.0	32.0	43.0	0.0	3.0	27.0	0.0	0.0	32.0	5.0	4.0	0.0	13.0	0.0	0.0	2.0	0.0	0.0	32.0	0.0	9.0	31.0	6.0	4.0	64.0	211.0	27.0	0.0	5.0	0.0	17.0	0.0	0.0	0.0	0.0	0.0	0.0	0.0	0.0	0.0	0.0	0.0	0.0	0.0	6.0	0.0	0.0	1.0	0.0	4.0	0.0	0.0	1.0	0.0	9.0	0.0	24.0	20.0	0.0	0.0	0.0	2.0	0.0	0.0	1.0	2.0	22.0	0.0	1.0	11.0	1.0	0.0	0.0	8.0	0.0	2.0	7.0	0.0	0.0	0.0	4.0	0.0	0.0	0.0	0.0	0.0	0.0	0.0	4.0	0.0	2.0	2.0	0.0	0.0	0.0	10.0	0.0	12.0	5.0	0.0	0.0	0.0	8.0	0.0	0.0	0.0	1.0	9.0	0.0
SRR23478279	4.0	2.0	0.0	65.0	304.0	461.0	0.0	110.0	0.0	0.0	9.0	52.0	2.0	0.0	2.0	3.0	2.0	0.0	0.0	0.0	3.0	12.0	0.0	26.0	0.0	0.0	0.0	44.0	4.0	0.0	52.0	1.0	0.0	1.0	0.0	0.0	0.0	0.0	0.0	65.0	0.0	0.0	0.0	0.0	0.0	0.0	37.0	99.0	0.0	0.0	24.0	550.0	0.0	0.0	80.0	1.0	549.0	6.0	0.0	0.0	0.0	530.0	1810.0	20.0	14.0	0.0	0.0	1.0	3.0	27.0	3.0	2.0	0.0	0.0	0.0	0.0	3.0	28.0	0.0	1.0	0.0	64.0	12.0	1.0	32.0	1.0	4.0	0.0	1.0	13.0	80.0	2.0	134.0	0.0	0.0	0.0	0.0	0.0	31.0	0.0	0.0	6.0	1.0	0.0	2.0	7.0	1.0	295.0	1.0	2.0	28.0	44.0	0.0	0.0	0.0	0.0	0.0	1.0	0.0	0.0	9.0	0.0	0.0	2.0	3.0	0.0	0.0	0.0	1.0	16.0	0.0	0.0	1.0	1.0	18.0	0.0	1.0	2.0	0.0	0.0	0.0	0.0	0.0	0.0	0.0	0.0	0.0	0.0	2.0	4.0	0.0	0.0	0.0	0.0	2.0	8.0	4.0	21.0	9.0	0.0	12.0	3.0	0.0	0.0	0.0	0.0	0.0	17.0	0.0	11.0	0.0	0.0	0.0	0.0	5.0	2.0	0.0	2.0	1.0	0.0	75.0	42.0	21.0	2.0	9.0	9.0	13.0	0.0	0.0
SRR23478280	0.0	3672.0	0.0	37.0	6.0	200.0	0.0	375.0	0.0	0.0	0.0	0.0	0.0	1.0	0.0	0.0	0.0	0.0	0.0	0.0	0.0	4.0	0.0	0.0	0.0	0.0	0.0	514.0	2.0	2.0	119.0	16.0	0.0	0.0	26.0	0.0	0.0	0.0	0.0	3.0	0.0	0.0	0.0	0.0	0.0	0.0	170.0	19.0	0.0	0.0	18.0	0.0	0.0	0.0	0.0	0.0	15.0	0.0	0.0	2.0	0.0	3.0	7.0	5.0	5.0	3.0	0.0	1.0	22.0	0.0	1.0	6.0	1.0	0.0	0.0	0.0	0.0	0.0	0.0	0.0	0.0	1.0	0.0	0.0	0.0	7.0	1.0	0.0	22.0	8.0	0.0	0.0	0.0	0.0	0.0	0.0	0.0	0.0	21.0	0.0	0.0	18.0	0.0	1.0	6.0	9.0	5.0	0.0	3.0	0.0	8.0	0.0	0.0	0.0	0.0	465.0	0.0	0.0	0.0	0.0	0.0	0.0	0.0	1.0	0.0	0.0	0.0	0.0	0.0	0.0	0.0	0.0	0.0	0.0	0.0	0.0	0.0	2.0	0.0	0.0	2.0	0.0	0.0	0.0	0.0	0.0	0.0	0.0	1.0	7.0	0.0	1.0	0.0	0.0	0.0	0.0	0.0	1.0	0.0	0.0	5.0	0.0	0.0	0.0	0.0	0.0	0.0	22.0	1.0	2.0	2.0	2.0	0.0	0.0	0.0	2.0	0.0	9.0	0.0	17.0	0.0	0.0	6.0	0.0	0.0	0.0	0.0	14.0	1.0
SRR23478281	2.0	1888.0	3.0	80.0	0.0	773.0	0.0	53.0	3.0	0.0	9.0	2.0	0.0	0.0	0.0	3.0	0.0	0.0	0.0	0.0	1.0	0.0	3.0	3.0	0.0	0.0	0.0	10.0	1.0	0.0	16.0	7.0	0.0	0.0	5.0	0.0	0.0	0.0	0.0	270.0	0.0	0.0	0.0	0.0	0.0	0.0	1041.0	93.0	0.0	0.0	8.0	0.0	50.0	47.0	52.0	5.0	822.0	4.0	0.0	0.0	0.0	0.0	181.0	19.0	29.0	1.0	0.0	0.0	8.0	5.0	0.0	274.0	0.0	0.0	0.0	0.0	1.0	9.0	0.0	2.0	0.0	105.0	1.0	6.0	8.0	5.0	0.0	0.0	2.0	9.0	4.0	0.0	2.0	0.0	0.0	0.0	0.0	0.0	0.0	0.0	0.0	0.0	0.0	2.0	0.0	1.0	8.0	41.0	0.0	2.0	7.0	0.0	0.0	0.0	2.0	0.0	0.0	0.0	0.0	0.0	2.0	0.0	2.0	0.0	0.0	16.0	3.0	0.0	0.0	10.0	0.0	0.0	0.0	0.0	0.0	3.0	0.0	4.0	1.0	0.0	0.0	0.0	0.0	0.0	2.0	0.0	0.0	0.0	2.0	16.0	3.0	1.0	1.0	0.0	104.0	0.0	0.0	0.0	0.0	0.0	6.0	0.0	0.0	0.0	0.0	0.0	1.0	2.0	23.0	0.0	0.0	0.0	0.0	0.0	0.0	2.0	0.0	0.0	0.0	0.0	5.0	0.0	6.0	0.0	0.0	0.0	0.0	2.0	50.0
SRR23478282	0.0	0.0	0.0	787.0	0.0	243.0	0.0	366.0	0.0	0.0	3.0	0.0	0.0	0.0	1.0	0.0	3.0	0.0	0.0	7.0	0.0	191.0	2.0	0.0	0.0	0.0	0.0	556.0	3.0	1.0	221.0	72.0	0.0	0.0	3.0	0.0	1.0	0.0	0.0	1.0	0.0	0.0	0.0	0.0	1.0	4.0	6.0	293.0	0.0	0.0	236.0	0.0	0.0	0.0	12.0	0.0	60.0	0.0	361.0	0.0	7.0	88.0	4.0	16.0	0.0	0.0	3.0	0.0	96.0	11.0	55.0	0.0	4.0	1.0	0.0	0.0	4.0	0.0	1.0	0.0	0.0	0.0	28.0	2.0	0.0	41.0	0.0	0.0	248.0	12.0	4.0	0.0	0.0	0.0	0.0	0.0	0.0	0.0	135.0	0.0	2.0	465.0	0.0	3.0	8.0	570.0	18.0	4.0	0.0	8.0	4.0	0.0	10.0	0.0	0.0	0.0	0.0	0.0	0.0	0.0	0.0	0.0	0.0	0.0	5.0	2.0	4.0	1.0	1.0	0.0	1.0	0.0	0.0	0.0	25.0	0.0	0.0	765.0	14.0	0.0	0.0	0.0	0.0	0.0	9.0	0.0	0.0	4.0	7.0	0.0	0.0	1.0	4.0	23.0	0.0	3.0	1.0	0.0	16.0	1.0	15.0	0.0	0.0	0.0	0.0	0.0	0.0	0.0	2.0	0.0	14.0	0.0	0.0	0.0	1.0	8.0	0.0	0.0	10.0	13.0	0.0	0.0	1.0	0.0	0.0	0.0	0.0	0.0	0.0
SRR23478283	0.0	14.0	0.0	210.0	0.0	170.0	0.0	96.0	12.0	0.0	34.0	0.0	8.0	0.0	0.0	0.0	0.0	0.0	0.0	0.0	0.0	3.0	0.0	22.0	0.0	0.0	0.0	83.0	5.0	0.0	41.0	11.0	0.0	0.0	10.0	0.0	0.0	0.0	0.0	11.0	0.0	0.0	0.0	0.0	0.0	0.0	2210.0	450.0	0.0	0.0	236.0	0.0	0.0	134.0	4.0	0.0	46.0	0.0	477.0	0.0	0.0	305.0	0.0	11.0	6.0	15.0	0.0	0.0	21.0	14.0	5.0	3.0	4.0	0.0	0.0	0.0	0.0	0.0	3.0	2.0	0.0	19.0	0.0	0.0	10.0	27.0	0.0	0.0	19.0	15.0	24.0	0.0	70.0	0.0	0.0	0.0	0.0	0.0	67.0	0.0	4.0	48.0	0.0	3.0	0.0	81.0	8.0	81.0	0.0	257.0	45.0	174.0	0.0	0.0	0.0	0.0	0.0	0.0	0.0	0.0	0.0	0.0	0.0	0.0	2.0	14.0	13.0	0.0	0.0	0.0	0.0	0.0	0.0	0.0	15.0	0.0	0.0	118.0	0.0	0.0	0.0	0.0	2.0	0.0	0.0	0.0	0.0	0.0	4.0	32.0	0.0	0.0	7.0	158.0	9.0	19.0	40.0	0.0	0.0	0.0	37.0	0.0	0.0	0.0	0.0	0.0	0.0	21.0	35.0	0.0	8.0	0.0	0.0	0.0	0.0	0.0	0.0	0.0	0.0	0.0	0.0	4.0	6.0	0.0	0.0	4.0	2.0	74.0	0.0
SRR23478284	0.0	118.0	0.0	33.0	0.0	1628.0	0.0	43.0	0.0	0.0	17.0	1.0	0.0	1.0	0.0	0.0	0.0	0.0	0.0	0.0	0.0	4.0	1.0	13.0	0.0	0.0	0.0	9.0	0.0	0.0	287.0	0.0	0.0	0.0	13.0	7.0	0.0	0.0	0.0	212.0	0.0	0.0	0.0	0.0	0.0	0.0	373.0	74.0	0.0	0.0	4.0	0.0	0.0	0.0	4.0	19.0	1493.0	0.0	0.0	2.0	0.0	0.0	4.0	4.0	2.0	0.0	0.0	7.0	0.0	1.0	12.0	1424.0	1.0	0.0	0.0	0.0	0.0	160.0	0.0	1.0	0.0	8.0	0.0	0.0	10.0	5.0	0.0	0.0	3.0	1.0	4.0	0.0	20.0	0.0	0.0	1.0	0.0	0.0	3.0	0.0	2.0	1.0	0.0	0.0	1.0	10.0	2.0	0.0	1.0	12.0	56.0	3.0	1.0	0.0	0.0	0.0	0.0	0.0	0.0	0.0	3.0	0.0	0.0	15.0	0.0	5.0	0.0	0.0	0.0	6.0	0.0	0.0	1.0	0.0	1.0	0.0	1.0	14.0	0.0	0.0	0.0	0.0	0.0	1.0	6.0	0.0	0.0	1.0	2.0	1.0	0.0	0.0	0.0	0.0	43.0	0.0	2.0	0.0	0.0	0.0	2.0	2.0	0.0	0.0	0.0	0.0	0.0	1.0	1.0	0.0	2.0	0.0	0.0	0.0	0.0	0.0	0.0	0.0	0.0	0.0	39.0	0.0	3.0	1.0	1.0	0.0	3.0	0.0	0.0
SRR23478285	5.0	1536.0	0.0	604.0	5.0	74.0	0.0	671.0	117.0	1.0	1.0	1.0	0.0	3.0	0.0	3.0	0.0	0.0	2.0	3.0	3.0	151.0	5.0	5.0	0.0	0.0	22.0	12.0	74.0	1.0	576.0	41.0	14.0	0.0	14.0	0.0	1.0	0.0	0.0	26.0	0.0	0.0	85.0	0.0	0.0	18.0	37.0	253.0	3.0	0.0	140.0	0.0	0.0	0.0	1.0	0.0	133.0	6.0	0.0	0.0	4.0	5.0	15.0	9.0	1.0	3.0	0.0	0.0	93.0	2.0	385.0	0.0	4.0	4.0	2.0	0.0	4.0	1.0	1.0	0.0	0.0	10.0	25.0	10.0	0.0	134.0	0.0	1.0	69.0	79.0	3.0	1.0	8.0	0.0	0.0	0.0	0.0	0.0	211.0	0.0	10.0	53.0	2.0	4.0	148.0	78.0	6.0	0.0	7.0	0.0	16.0	0.0	2.0	0.0	0.0	1.0	16.0	1.0	0.0	0.0	0.0	0.0	0.0	0.0	0.0	0.0	2.0	0.0	0.0	4.0	0.0	0.0	0.0	0.0	5.0	2.0	55.0	13.0	2.0	0.0	4.0	0.0	0.0	0.0	3.0	2.0	1.0	0.0	0.0	3.0	0.0	0.0	0.0	6.0	2.0	0.0	0.0	0.0	0.0	1.0	0.0	0.0	0.0	0.0	0.0	0.0	0.0	1.0	2.0	2.0	10.0	0.0	0.0	0.0	0.0	6.0	0.0	6.0	8.0	5.0	0.0	0.0	10.0	0.0	0.0	0.0	4.0	0.0	0.0
SRR23478286	29.0	133.0	4.0	471.0	0.0	2419.0	0.0	186.0	0.0	0.0	9.0	6.0	5.0	0.0	0.0	0.0	0.0	0.0	2.0	1.0	0.0	42.0	0.0	3.0	1.0	0.0	0.0	47.0	6.0	11.0	284.0	12.0	0.0	0.0	1.0	20.0	0.0	0.0	3.0	21.0	0.0	0.0	2.0	1.0	0.0	14.0	261.0	50.0	0.0	0.0	63.0	0.0	0.0	0.0	21.0	0.0	106.0	0.0	0.0	216.0	10.0	33.0	27.0	46.0	4.0	14.0	0.0	14.0	18.0	0.0	41.0	4.0	0.0	0.0	0.0	0.0	6.0	0.0	4.0	0.0	0.0	30.0	21.0	0.0	0.0	30.0	0.0	0.0	3.0	16.0	2.0	5.0	11.0	15.0	7.0	93.0	0.0	0.0	36.0	16.0	5.0	8.0	0.0	19.0	16.0	28.0	6.0	0.0	181.0	10.0	33.0	18.0	6.0	0.0	0.0	0.0	0.0	0.0	1.0	3.0	0.0	0.0	2.0	21.0	0.0	23.0	6.0	0.0	0.0	1.0	5.0	0.0	2.0	12.0	33.0	2.0	19.0	34.0	0.0	45.0	0.0	0.0	182.0	0.0	6.0	0.0	22.0	0.0	5.0	58.0	0.0	4.0	9.0	14.0	30.0	15.0	0.0	0.0	8.0	0.0	5.0	0.0	0.0	0.0	0.0	2.0	8.0	18.0	51.0	1.0	43.0	0.0	1.0	10.0	2.0	10.0	12.0	0.0	0.0	19.0	3.0	0.0	4.0	0.0	0.0	0.0	2.0	0.0	3.0
SRR23478287	0.0	1.0	2.0	39.0	0.0	1732.0	0.0	13.0	0.0	0.0	0.0	21.0	0.0	1.0	0.0	2.0	0.0	0.0	0.0	0.0	0.0	0.0	0.0	5.0	0.0	0.0	0.0	2.0	0.0	0.0	1.0	0.0	0.0	0.0	0.0	0.0	0.0	0.0	0.0	676.0	3.0	0.0	0.0	0.0	0.0	0.0	104.0	33.0	0.0	0.0	1.0	2.0	5.0	0.0	51.0	9.0	1917.0	1.0	0.0	1.0	0.0	5.0	202.0	38.0	55.0	0.0	0.0	16.0	1.0	0.0	0.0	1000.0	0.0	0.0	0.0	0.0	0.0	7.0	0.0	1.0	0.0	9.0	3.0	0.0	2.0	0.0	1.0	58.0	3.0	1.0	0.0	0.0	4.0	0.0	0.0	2.0	0.0	0.0	2.0	0.0	0.0	0.0	2.0	0.0	0.0	0.0	0.0	0.0	0.0	15.0	59.0	0.0	1.0	0.0	0.0	55.0	0.0	0.0	0.0	0.0	0.0	1.0	0.0	0.0	0.0	8.0	0.0	0.0	0.0	0.0	0.0	0.0	0.0	0.0	0.0	0.0	0.0	1.0	0.0	0.0	0.0	0.0	0.0	0.0	0.0	0.0	0.0	0.0	1.0	0.0	0.0	0.0	0.0	0.0	3.0	0.0	4.0	0.0	0.0	0.0	2.0	0.0	0.0	0.0	0.0	0.0	4.0	0.0	84.0	0.0	0.0	1.0	0.0	0.0	0.0	0.0	0.0	0.0	0.0	0.0	0.0	0.0	1.0	0.0	0.0	0.0	0.0	0.0	3.0
SRR23478288	6.0	793.0	0.0	229.0	1454.0	550.0	0.0	62.0	0.0	0.0	2.0	3.0	14.0	0.0	0.0	0.0	6.0	3.0	0.0	1.0	0.0	11.0	3.0	0.0	0.0	0.0	0.0	10.0	0.0	3.0	0.0	0.0	1.0	2.0	0.0	0.0	0.0	0.0	0.0	119.0	28.0	0.0	0.0	0.0	0.0	0.0	14.0	43.0	0.0	0.0	92.0	269.0	3.0	46.0	45.0	0.0	1202.0	6.0	0.0	0.0	1.0	0.0	10.0	6.0	6.0	19.0	0.0	10.0	18.0	24.0	6.0	14.0	1.0	0.0	0.0	0.0	2.0	1.0	11.0	3.0	0.0	55.0	4.0	0.0	29.0	33.0	0.0	0.0	16.0	170.0	1.0	0.0	1.0	0.0	0.0	0.0	0.0	0.0	29.0	0.0	5.0	18.0	1.0	2.0	0.0	1.0	2.0	65.0	0.0	0.0	12.0	0.0	3.0	0.0	9.0	0.0	0.0	0.0	0.0	0.0	0.0	3.0	4.0	0.0	0.0	7.0	0.0	0.0	0.0	4.0	1.0	0.0	0.0	0.0	0.0	0.0	0.0	15.0	0.0	40.0	0.0	0.0	2.0	0.0	0.0	0.0	26.0	0.0	16.0	2.0	0.0	0.0	7.0	6.0	0.0	3.0	0.0	0.0	0.0	0.0	0.0	0.0	102.0	0.0	2.0	2.0	3.0	8.0	41.0	8.0	6.0	6.0	0.0	2.0	0.0	10.0	0.0	8.0	0.0	0.0	1.0	15.0	0.0	0.0	2.0	2.0	1.0	0.0	0.0
SRR23478289	21.0	35.0	0.0	473.0	198.0	26.0	0.0	269.0	0.0	0.0	37.0	0.0	3.0	0.0	3.0	34.0	0.0	0.0	0.0	11.0	0.0	43.0	21.0	20.0	0.0	0.0	0.0	64.0	71.0	0.0	1436.0	38.0	0.0	0.0	48.0	0.0	0.0	0.0	0.0	6.0	17.0	0.0	3.0	0.0	0.0	0.0	226.0	1344.0	18.0	0.0	146.0	59.0	123.0	46.0	0.0	0.0	131.0	0.0	8.0	0.0	1.0	0.0	42.0	3.0	0.0	48.0	0.0	0.0	13.0	10.0	20.0	6.0	0.0	1.0	0.0	0.0	0.0	0.0	1.0	0.0	0.0	0.0	8.0	0.0	1.0	23.0	14.0	0.0	18.0	0.0	0.0	3.0	141.0	0.0	0.0	0.0	0.0	0.0	146.0	0.0	3.0	6.0	0.0	0.0	22.0	47.0	8.0	73.0	0.0	6.0	261.0	13.0	19.0	0.0	0.0	12.0	0.0	0.0	0.0	8.0	0.0	0.0	0.0	0.0	0.0	0.0	0.0	0.0	0.0	0.0	0.0	5.0	0.0	0.0	0.0	13.0	0.0	33.0	0.0	0.0	11.0	0.0	0.0	0.0	8.0	0.0	0.0	0.0	0.0	0.0	0.0	0.0	0.0	0.0	0.0	1.0	2.0	0.0	0.0	0.0	32.0	0.0	19.0	0.0	0.0	0.0	0.0	0.0	16.0	63.0	0.0	0.0	0.0	0.0	0.0	0.0	0.0	0.0	0.0	0.0	1.0	0.0	0.0	0.0	1.0	0.0	0.0	0.0	2.0
SRR23478290	22.0	313.0	0.0	757.0	0.0	166.0	0.0	514.0	0.0	0.0	12.0	1.0	0.0	0.0	0.0	7.0	0.0	0.0	0.0	6.0	3.0	43.0	7.0	7.0	0.0	0.0	0.0	140.0	58.0	0.0	418.0	8.0	0.0	1.0	4.0	3.0	0.0	0.0	0.0	38.0	0.0	0.0	3.0	0.0	0.0	5.0	312.0	541.0	1.0	2.0	129.0	0.0	31.0	19.0	5.0	7.0	281.0	0.0	202.0	0.0	2.0	5.0	13.0	72.0	0.0	29.0	0.0	0.0	43.0	4.0	64.0	0.0	3.0	0.0	0.0	0.0	5.0	3.0	0.0	1.0	0.0	23.0	26.0	1.0	46.0	6.0	0.0	1.0	109.0	51.0	1.0	0.0	8.0	0.0	0.0	0.0	0.0	0.0	292.0	0.0	0.0	71.0	2.0	4.0	33.0	98.0	6.0	0.0	16.0	2.0	216.0	15.0	8.0	0.0	0.0	0.0	0.0	0.0	0.0	0.0	42.0	0.0	9.0	0.0	5.0	8.0	0.0	3.0	0.0	1.0	3.0	0.0	0.0	1.0	4.0	2.0	0.0	50.0	0.0	0.0	3.0	6.0	0.0	3.0	1.0	7.0	0.0	0.0	18.0	8.0	0.0	0.0	250.0	1.0	5.0	56.0	9.0	0.0	0.0	1.0	166.0	1.0	1.0	0.0	0.0	0.0	0.0	3.0	48.0	0.0	105.0	0.0	0.0	4.0	1.0	3.0	1.0	0.0	6.0	0.0	0.0	0.0	0.0	0.0	1.0	1.0	0.0	0.0	0.0
SRR23478291	0.0	0.0	0.0	796.0	0.0	285.0	2.0	339.0	0.0	0.0	6.0	6.0	0.0	0.0	0.0	7.0	0.0	0.0	0.0	0.0	1.0	11.0	1.0	3.0	0.0	0.0	0.0	214.0	0.0	0.0	230.0	29.0	0.0	3.0	0.0	0.0	2.0	0.0	0.0	128.0	0.0	0.0	0.0	0.0	0.0	0.0	1122.0	81.0	0.0	0.0	96.0	0.0	0.0	0.0	127.0	0.0	60.0	1.0	140.0	0.0	1.0	0.0	1.0	2.0	23.0	180.0	0.0	0.0	7.0	3.0	0.0	44.0	1.0	0.0	0.0	0.0	1.0	158.0	0.0	10.0	3.0	17.0	0.0	7.0	3.0	14.0	0.0	0.0	19.0	42.0	1.0	0.0	366.0	0.0	0.0	0.0	0.0	0.0	4.0	0.0	8.0	6.0	0.0	2.0	0.0	4.0	23.0	0.0	0.0	0.0	176.0	4.0	4.0	0.0	0.0	0.0	0.0	0.0	1.0	0.0	5.0	0.0	2.0	656.0	0.0	6.0	0.0	1.0	0.0	51.0	0.0	0.0	0.0	0.0	1.0	0.0	0.0	13.0	0.0	0.0	0.0	0.0	1.0	0.0	1.0	0.0	5.0	0.0	3.0	3.0	0.0	0.0	9.0	7.0	27.0	5.0	4.0	0.0	1.0	0.0	14.0	0.0	0.0	0.0	0.0	1.0	9.0	1.0	173.0	164.0	38.0	2.0	0.0	70.0	1.0	1.0	13.0	0.0	0.0	9.0	8.0	0.0	6.0	0.0	0.0	0.0	0.0	3.0	50.0
SRR23478292	0.0	454.0	5.0	82.0	0.0	849.0	1.0	26.0	0.0	0.0	12.0	6.0	0.0	0.0	0.0	0.0	0.0	0.0	0.0	2.0	0.0	12.0	1.0	18.0	0.0	0.0	0.0	23.0	1.0	0.0	216.0	11.0	0.0	1.0	2.0	0.0	0.0	1.0	0.0	321.0	0.0	0.0	0.0	0.0	0.0	1.0	1.0	435.0	0.0	0.0	34.0	0.0	0.0	0.0	157.0	31.0	202.0	3.0	0.0	0.0	3.0	1280.0	0.0	19.0	151.0	0.0	0.0	0.0	47.0	4.0	0.0	0.0	2.0	0.0	0.0	0.0	0.0	7.0	0.0	2.0	0.0	70.0	33.0	2.0	16.0	6.0	0.0	0.0	12.0	12.0	9.0	0.0	0.0	0.0	0.0	0.0	0.0	0.0	12.0	0.0	13.0	4.0	0.0	1.0	0.0	2.0	3.0	0.0	26.0	130.0	20.0	15.0	8.0	0.0	0.0	0.0	0.0	0.0	0.0	1.0	0.0	10.0	1.0	730.0	0.0	15.0	0.0	8.0	0.0	19.0	0.0	0.0	0.0	0.0	2.0	2.0	0.0	2.0	0.0	0.0	0.0	0.0	0.0	0.0	0.0	0.0	0.0	0.0	0.0	2.0	3.0	0.0	0.0	0.0	0.0	1.0	0.0	0.0	0.0	0.0	0.0	2.0	2.0	0.0	0.0	0.0	4.0	12.0	24.0	0.0	0.0	0.0	0.0	0.0	0.0	24.0	0.0	0.0	0.0	0.0	3.0	2.0	10.0	0.0	0.0	3.0	0.0	0.0	1.0
SRR23478293	3.0	683.0	1.0	34.0	30.0	1647.0	0.0	58.0	0.0	0.0	2.0	57.0	29.0	0.0	0.0	0.0	0.0	0.0	0.0	0.0	0.0	1.0	2.0	4.0	0.0	0.0	0.0	6.0	1.0	0.0	11.0	1.0	0.0	1.0	2.0	11.0	0.0	14.0	4.0	238.0	21.0	0.0	0.0	0.0	0.0	0.0	304.0	87.0	0.0	0.0	8.0	22.0	19.0	137.0	171.0	39.0	743.0	2.0	11.0	0.0	1.0	2.0	303.0	213.0	14.0	2.0	0.0	42.0	4.0	0.0	0.0	406.0	0.0	0.0	0.0	0.0	0.0	23.0	1.0	15.0	0.0	29.0	3.0	5.0	7.0	0.0	2.0	0.0	11.0	25.0	3.0	2.0	4.0	0.0	0.0	0.0	0.0	0.0	0.0	0.0	0.0	2.0	0.0	0.0	0.0	0.0	6.0	1.0	4.0	10.0	5.0	11.0	1.0	0.0	4.0	0.0	0.0	0.0	0.0	0.0	0.0	0.0	0.0	49.0	0.0	9.0	0.0	0.0	0.0	11.0	1.0	0.0	0.0	0.0	0.0	0.0	2.0	9.0	0.0	85.0	0.0	0.0	0.0	0.0	0.0	0.0	0.0	1.0	2.0	7.0	0.0	0.0	1.0	5.0	4.0	0.0	1.0	71.0	0.0	0.0	0.0	0.0	7.0	0.0	0.0	0.0	2.0	18.0	60.0	19.0	10.0	0.0	6.0	3.0	0.0	1.0	0.0	0.0	0.0	0.0	10.0	33.0	3.0	3.0	6.0	3.0	0.0	1.0	0.0
SRR23478294	2.0	5.0	0.0	1095.0	0.0	135.0	0.0	551.0	0.0	0.0	0.0	0.0	0.0	10.0	0.0	0.0	0.0	0.0	0.0	0.0	0.0	13.0	0.0	44.0	0.0	0.0	0.0	172.0	73.0	0.0	0.0	5.0	0.0	0.0	0.0	10.0	0.0	0.0	0.0	43.0	0.0	0.0	0.0	0.0	0.0	1.0	96.0	120.0	20.0	0.0	185.0	0.0	54.0	0.0	36.0	21.0	114.0	0.0	0.0	0.0	1.0	5.0	0.0	37.0	0.0	0.0	0.0	0.0	36.0	0.0	64.0	4.0	0.0	0.0	0.0	0.0	0.0	58.0	0.0	0.0	0.0	0.0	8.0	0.0	15.0	21.0	0.0	0.0	35.0	20.0	0.0	0.0	989.0	0.0	0.0	0.0	0.0	0.0	181.0	0.0	0.0	57.0	0.0	2.0	75.0	578.0	15.0	3.0	0.0	0.0	27.0	27.0	84.0	0.0	0.0	0.0	0.0	0.0	0.0	0.0	0.0	0.0	0.0	87.0	2.0	3.0	8.0	0.0	0.0	0.0	0.0	0.0	0.0	0.0	0.0	0.0	0.0	23.0	0.0	0.0	7.0	0.0	0.0	0.0	12.0	0.0	0.0	0.0	0.0	6.0	0.0	0.0	0.0	39.0	29.0	0.0	97.0	0.0	0.0	0.0	0.0	6.0	0.0	0.0	0.0	0.0	0.0	12.0	61.0	0.0	5.0	0.0	0.0	0.0	24.0	3.0	11.0	7.0	0.0	0.0	0.0	0.0	0.0	0.0	0.0	0.0	24.0	0.0	0.0
SRR23492483	0.0	2272.0	2.0	126.0	3.0	20.0	0.0	142.0	0.0	0.0	91.0	0.0	0.0	0.0	314.0	4.0	0.0	1.0	0.0	0.0	0.0	25.0	0.0	0.0	0.0	0.0	0.0	295.0	4.0	5.0	2.0	43.0	0.0	0.0	0.0	0.0	0.0	0.0	0.0	0.0	249.0	0.0	0.0	0.0	0.0	1.0	17.0	1624.0	2.0	0.0	148.0	0.0	0.0	2.0	0.0	0.0	44.0	0.0	0.0	0.0	3.0	204.0	2.0	1.0	0.0	0.0	0.0	0.0	22.0	70.0	1.0	0.0	0.0	0.0	0.0	0.0	0.0	0.0	0.0	0.0	4.0	1.0	74.0	0.0	0.0	15.0	0.0	0.0	90.0	6.0	0.0	0.0	0.0	0.0	0.0	0.0	0.0	0.0	25.0	0.0	0.0	13.0	0.0	0.0	9.0	4.0	5.0	0.0	0.0	32.0	9.0	14.0	16.0	1.0	0.0	0.0	0.0	0.0	0.0	0.0	0.0	0.0	0.0	1.0	0.0	1.0	2.0	2.0	0.0	0.0	0.0	0.0	0.0	0.0	1.0	0.0	0.0	98.0	2.0	0.0	0.0	0.0	0.0	0.0	21.0	0.0	0.0	4.0	0.0	6.0	0.0	0.0	0.0	0.0	0.0	0.0	0.0	0.0	0.0	8.0	0.0	0.0	0.0	0.0	0.0	0.0	0.0	0.0	0.0	0.0	0.0	0.0	0.0	0.0	0.0	0.0	2.0	2.0	0.0	0.0	0.0	0.0	3.0	0.0	0.0	0.0	0.0	0.0	0.0
SRR23492508	0.0	1347.0	0.0	3.0	0.0	1.0	0.0	335.0	244.0	37.0	0.0	0.0	0.0	0.0	106.0	93.0	4.0	68.0	2.0	3.0	0.0	449.0	0.0	29.0	0.0	0.0	2.0	0.0	0.0	0.0	0.0	0.0	0.0	0.0	103.0	0.0	1.0	0.0	0.0	0.0	0.0	0.0	0.0	0.0	0.0	0.0	5.0	0.0	0.0	0.0	4.0	0.0	0.0	0.0	0.0	0.0	0.0	0.0	0.0	0.0	0.0	0.0	0.0	0.0	0.0	0.0	306.0	0.0	16.0	0.0	109.0	0.0	3.0	0.0	0.0	0.0	0.0	0.0	0.0	0.0	0.0	0.0	0.0	0.0	0.0	0.0	0.0	0.0	0.0	0.0	0.0	0.0	5.0	0.0	0.0	0.0	0.0	0.0	5.0	0.0	0.0	0.0	0.0	0.0	0.0	34.0	0.0	0.0	215.0	0.0	2.0	120.0	0.0	0.0	34.0	0.0	0.0	0.0	0.0	0.0	0.0	0.0	0.0	0.0	0.0	1.0	0.0	0.0	0.0	0.0	0.0	0.0	0.0	0.0	0.0	0.0	0.0	0.0	0.0	167.0	0.0	0.0	0.0	0.0	175.0	0.0	0.0	0.0	0.0	0.0	0.0	0.0	0.0	0.0	3.0	0.0	0.0	0.0	0.0	0.0	0.0	782.0	15.0	0.0	0.0	0.0	0.0	0.0	0.0	0.0	0.0	0.0	0.0	0.0	0.0	0.0	0.0	0.0	0.0	0.0	0.0	0.0	0.0	0.0	0.0	0.0	0.0	0.0	0.0
SRR23492516	0.0	4435.0	0.0	1.0	0.0	61.0	0.0	2.0	0.0	0.0	0.0	0.0	0.0	0.0	0.0	0.0	0.0	0.0	0.0	164.0	0.0	4.0	0.0	7.0	7.0	0.0	0.0	0.0	0.0	0.0	0.0	8.0	0.0	0.0	0.0	0.0	0.0	0.0	0.0	14.0	0.0	0.0	0.0	0.0	0.0	0.0	31.0	22.0	0.0	0.0	10.0	0.0	0.0	0.0	3.0	0.0	0.0	0.0	8.0	0.0	0.0	0.0	0.0	0.0	0.0	0.0	0.0	0.0	0.0	0.0	0.0	0.0	0.0	0.0	0.0	0.0	0.0	0.0	0.0	0.0	0.0	0.0	0.0	0.0	0.0	0.0	0.0	0.0	0.0	0.0	0.0	0.0	0.0	0.0	2.0	0.0	0.0	0.0	0.0	0.0	0.0	0.0	0.0	0.0	0.0	0.0	0.0	0.0	0.0	0.0	0.0	0.0	0.0	0.0	0.0	0.0	0.0	0.0	0.0	0.0	0.0	0.0	0.0	2.0	0.0	0.0	0.0	0.0	5.0	0.0	0.0	0.0	0.0	0.0	0.0	0.0	0.0	0.0	0.0	0.0	0.0	0.0	0.0	0.0	0.0	0.0	0.0	0.0	0.0	0.0	0.0	0.0	0.0	0.0	0.0	0.0	0.0	0.0	0.0	0.0	0.0	0.0	0.0	0.0	0.0	0.0	0.0	0.0	0.0	0.0	0.0	0.0	0.0	0.0	0.0	0.0	0.0	0.0	0.0	0.0	0.0	0.0	0.0	0.0	0.0	0.0	0.0	0.0	0.0
SRR23492517	1.0	820.0	21.0	6.0	0.0	126.0	0.0	28.0	55.0	2.0	2.0	0.0	0.0	0.0	0.0	21.0	0.0	0.0	8.0	8.0	4.0	33.0	0.0	12.0	9.0	0.0	0.0	18.0	0.0	0.0	0.0	0.0	0.0	0.0	12.0	0.0	3.0	0.0	0.0	0.0	5.0	0.0	10.0	0.0	0.0	1.0	2.0	40.0	0.0	0.0	50.0	0.0	0.0	0.0	0.0	0.0	163.0	0.0	0.0	14.0	0.0	915.0	6.0	0.0	0.0	0.0	0.0	0.0	13.0	2.0	2476.0	0.0	0.0	0.0	0.0	0.0	0.0	0.0	0.0	0.0	0.0	4.0	5.0	0.0	4.0	1.0	0.0	0.0	16.0	4.0	0.0	0.0	0.0	0.0	26.0	16.0	0.0	0.0	59.0	9.0	0.0	0.0	0.0	0.0	19.0	105.0	9.0	0.0	8.0	3.0	2.0	24.0	0.0	0.0	2.0	0.0	0.0	2.0	0.0	0.0	0.0	0.0	0.0	0.0	0.0	1.0	0.0	5.0	18.0	1.0	2.0	8.0	0.0	0.0	0.0	0.0	0.0	0.0	0.0	0.0	8.0	0.0	0.0	0.0	50.0	0.0	0.0	0.0	0.0	2.0	0.0	0.0	0.0	0.0	0.0	0.0	0.0	0.0	2.0	0.0	0.0	0.0	5.0	0.0	0.0	0.0	0.0	0.0	0.0	0.0	0.0	0.0	0.0	0.0	0.0	0.0	0.0	0.0	1.0	0.0	0.0	0.0	0.0	0.0	0.0	0.0	0.0	0.0	0.0
SRR23492518	0.0	17.0	0.0	485.0	0.0	2987.0	0.0	0.0	4.0	0.0	1.0	7.0	0.0	0.0	0.0	1.0	0.0	0.0	0.0	1.0	0.0	11.0	0.0	1.0	0.0	0.0	0.0	17.0	73.0	1.0	0.0	1.0	0.0	0.0	0.0	0.0	0.0	1.0	1.0	411.0	92.0	0.0	0.0	0.0	0.0	0.0	0.0	1017.0	0.0	0.0	169.0	17.0	0.0	11.0	10.0	27.0	202.0	0.0	3.0	0.0	0.0	1.0	22.0	3.0	19.0	0.0	0.0	0.0	6.0	6.0	5.0	0.0	0.0	0.0	0.0	0.0	3.0	0.0	2.0	1.0	0.0	31.0	34.0	0.0	1.0	3.0	0.0	0.0	7.0	6.0	9.0	13.0	12.0	0.0	0.0	0.0	0.0	0.0	11.0	0.0	0.0	1.0	0.0	6.0	22.0	0.0	0.0	0.0	0.0	0.0	7.0	19.0	62.0	0.0	0.0	0.0	0.0	0.0	0.0	0.0	0.0	5.0	10.0	0.0	0.0	0.0	3.0	3.0	2.0	9.0	0.0	0.0	0.0	0.0	0.0	0.0	0.0	20.0	0.0	0.0	7.0	0.0	0.0	0.0	2.0	0.0	0.0	0.0	0.0	161.0	0.0	0.0	0.0	0.0	16.0	6.0	0.0	0.0	0.0	1.0	1.0	0.0	0.0	0.0	0.0	0.0	1.0	0.0	13.0	0.0	0.0	0.0	0.0	0.0	0.0	3.0	0.0	0.0	4.0	0.0	69.0	0.0	3.0	0.0	0.0	0.0	0.0	0.0	0.0
SRR23492520	0.0	61.0	0.0	0.0	0.0	1993.0	0.0	179.0	0.0	0.0	15.0	0.0	0.0	0.0	1.0	0.0	0.0	0.0	0.0	3.0	0.0	7.0	0.0	39.0	3.0	0.0	3.0	24.0	9.0	0.0	0.0	0.0	0.0	0.0	3.0	0.0	0.0	0.0	0.0	20.0	0.0	0.0	5.0	0.0	0.0	2.0	0.0	741.0	0.0	0.0	67.0	0.0	0.0	0.0	0.0	3.0	1259.0	5.0	0.0	0.0	0.0	0.0	0.0	0.0	0.0	0.0	0.0	0.0	11.0	40.0	17.0	33.0	0.0	0.0	0.0	1.0	0.0	0.0	1.0	1.0	3.0	17.0	4.0	0.0	2.0	0.0	0.0	0.0	67.0	18.0	5.0	0.0	4.0	0.0	1.0	0.0	0.0	0.0	51.0	5.0	0.0	0.0	0.0	2.0	24.0	12.0	0.0	0.0	25.0	27.0	76.0	50.0	0.0	0.0	5.0	0.0	0.0	0.0	0.0	0.0	0.0	128.0	0.0	0.0	0.0	0.0	2.0	79.0	2.0	16.0	0.0	0.0	0.0	0.0	0.0	7.0	0.0	4.0	10.0	0.0	0.0	0.0	0.0	0.0	9.0	0.0	0.0	5.0	0.0	40.0	0.0	0.0	0.0	0.0	0.0	1.0	0.0	0.0	0.0	0.0	0.0	43.0	3.0	0.0	0.0	0.0	3.0	0.0	0.0	0.0	0.0	0.0	0.0	0.0	0.0	0.0	0.0	0.0	0.0	0.0	757.0	0.0	40.0	0.0	7.0	3.0	0.0	0.0	0.0
SRR23492521	0.0	24.0	0.0	15.0	0.0	1956.0	0.0	465.0	0.0	0.0	4.0	3.0	2.0	0.0	0.0	0.0	0.0	0.0	0.0	0.0	0.0	0.0	0.0	2.0	25.0	0.0	0.0	0.0	10.0	0.0	1968.0	3.0	0.0	0.0	2.0	4.0	0.0	0.0	0.0	526.0	0.0	0.0	0.0	0.0	0.0	0.0	78.0	137.0	0.0	0.0	13.0	0.0	0.0	0.0	166.0	0.0	0.0	0.0	16.0	0.0	0.0	1.0	0.0	37.0	0.0	0.0	0.0	0.0	2.0	0.0	9.0	0.0	0.0	0.0	0.0	0.0	0.0	7.0	0.0	2.0	2.0	29.0	0.0	3.0	1.0	0.0	0.0	0.0	15.0	8.0	0.0	0.0	6.0	0.0	0.0	0.0	0.0	0.0	8.0	0.0	0.0	2.0	0.0	0.0	6.0	14.0	7.0	92.0	3.0	0.0	17.0	0.0	0.0	0.0	0.0	0.0	0.0	0.0	0.0	0.0	1.0	0.0	2.0	0.0	0.0	0.0	0.0	6.0	0.0	8.0	0.0	0.0	1.0	0.0	2.0	0.0	0.0	3.0	0.0	2.0	0.0	0.0	0.0	0.0	2.0	0.0	3.0	0.0	2.0	38.0	0.0	0.0	0.0	0.0	11.0	0.0	14.0	0.0	0.0	0.0	9.0	0.0	2.0	0.0	0.0	0.0	0.0	0.0	15.0	0.0	6.0	0.0	0.0	0.0	0.0	0.0	0.0	0.0	0.0	0.0	0.0	0.0	2.0	1.0	0.0	0.0	6.0	0.0	26.0
SRR23492522	0.0	11.0	4.0	0.0	0.0	3417.0	0.0	616.0	3.0	12.0	13.0	2.0	0.0	0.0	0.0	6.0	0.0	12.0	0.0	5.0	0.0	72.0	0.0	0.0	23.0	0.0	0.0	102.0	2.0	0.0	1.0	47.0	0.0	3.0	2.0	29.0	0.0	0.0	5.0	0.0	0.0	0.0	0.0	0.0	0.0	12.0	0.0	253.0	0.0	0.0	261.0	0.0	0.0	0.0	0.0	15.0	338.0	0.0	0.0	0.0	0.0	0.0	114.0	0.0	0.0	0.0	1.0	0.0	216.0	2.0	2.0	0.0	0.0	0.0	0.0	0.0	0.0	0.0	0.0	6.0	0.0	38.0	0.0	0.0	4.0	16.0	0.0	0.0	36.0	41.0	11.0	0.0	37.0	0.0	0.0	0.0	0.0	0.0	3.0	0.0	0.0	6.0	0.0	0.0	5.0	12.0	0.0	0.0	19.0	2.0	0.0	158.0	0.0	0.0	4.0	72.0	0.0	2.0	0.0	0.0	0.0	30.0	0.0	0.0	0.0	4.0	0.0	8.0	4.0	7.0	0.0	0.0	2.0	0.0	3.0	0.0	7.0	0.0	5.0	28.0	0.0	0.0	0.0	0.0	4.0	1.0	0.0	0.0	0.0	19.0	0.0	0.0	0.0	0.0	0.0	0.0	0.0	0.0	0.0	0.0	0.0	0.0	2.0	0.0	0.0	0.0	0.0	0.0	0.0	0.0	0.0	0.0	0.0	0.0	0.0	0.0	0.0	0.0	0.0	0.0	0.0	0.0	6.0	0.0	0.0	0.0	0.0	0.0	0.0
SRR23492523	0.0	14.0	0.0	0.0	0.0	0.0	0.0	592.0	7.0	3.0	0.0	0.0	0.0	0.0	4874.0	0.0	22.0	10.0	0.0	6.0	0.0	5.0	0.0	5.0	19.0	0.0	1.0	0.0	1.0	0.0	0.0	0.0	0.0	0.0	2.0	0.0	0.0	0.0	0.0	0.0	0.0	0.0	0.0	0.0	0.0	0.0	0.0	76.0	0.0	0.0	335.0	0.0	0.0	0.0	0.0	0.0	0.0	0.0	0.0	1.0	2.0	9.0	0.0	0.0	0.0	0.0	0.0	0.0	0.0	0.0	4.0	0.0	2.0	1.0	0.0	0.0	0.0	0.0	13.0	0.0	0.0	0.0	2.0	0.0	0.0	0.0	0.0	0.0	77.0	0.0	0.0	0.0	0.0	0.0	0.0	0.0	0.0	0.0	9.0	0.0	0.0	0.0	0.0	0.0	0.0	21.0	0.0	0.0	1.0	0.0	0.0	1.0	0.0	0.0	0.0	0.0	0.0	0.0	0.0	0.0	0.0	0.0	0.0	0.0	0.0	0.0	0.0	0.0	0.0	10.0	0.0	3.0	0.0	0.0	0.0	0.0	0.0	0.0	0.0	0.0	0.0	0.0	0.0	0.0	18.0	0.0	0.0	0.0	0.0	0.0	0.0	0.0	0.0	0.0	4.0	0.0	0.0	0.0	0.0	0.0	0.0	1.0	0.0	0.0	0.0	0.0	0.0	0.0	0.0	0.0	0.0	0.0	0.0	0.0	0.0	0.0	0.0	0.0	0.0	0.0	0.0	0.0	11.0	0.0	0.0	0.0	0.0	0.0	0.0
SRR23492524	1.0	16.0	19.0	0.0	0.0	2.0	0.0	635.0	0.0	15.0	0.0	0.0	0.0	0.0	51.0	0.0	0.0	0.0	0.0	3.0	11.0	1024.0	0.0	906.0	9.0	0.0	0.0	911.0	10.0	1.0	0.0	0.0	0.0	0.0	1.0	0.0	0.0	0.0	0.0	0.0	0.0	0.0	0.0	0.0	0.0	104.0	1.0	907.0	0.0	0.0	423.0	0.0	0.0	0.0	0.0	0.0	1.0	0.0	0.0	0.0	5.0	2.0	0.0	0.0	0.0	0.0	44.0	0.0	25.0	13.0	5.0	0.0	6.0	0.0	0.0	0.0	0.0	0.0	0.0	0.0	0.0	3.0	498.0	0.0	1.0	30.0	0.0	0.0	0.0	0.0	0.0	0.0	0.0	0.0	0.0	0.0	1.0	0.0	87.0	0.0	0.0	0.0	0.0	0.0	0.0	3.0	0.0	0.0	0.0	0.0	0.0	4.0	0.0	0.0	0.0	0.0	0.0	0.0	0.0	0.0	0.0	0.0	0.0	0.0	0.0	0.0	0.0	0.0	0.0	0.0	2.0	0.0	23.0	0.0	3.0	0.0	0.0	0.0	0.0	0.0	0.0	1.0	0.0	0.0	33.0	1.0	0.0	0.0	0.0	0.0	0.0	0.0	0.0	0.0	0.0	13.0	0.0	0.0	0.0	8.0	1.0	153.0	0.0	0.0	0.0	0.0	0.0	0.0	0.0	0.0	0.0	0.0	0.0	0.0	0.0	0.0	0.0	0.0	0.0	0.0	0.0	0.0	15.0	0.0	2.0	0.0	0.0	0.0	0.0
SRR23492525	13.0	2146.0	0.0	83.0	0.0	94.0	0.0	136.0	6.0	0.0	8.0	2.0	1.0	0.0	0.0	8.0	0.0	0.0	0.0	1.0	0.0	69.0	2.0	1.0	0.0	0.0	1.0	31.0	10.0	0.0	284.0	19.0	0.0	0.0	0.0	0.0	3.0	0.0	0.0	143.0	1154.0	0.0	0.0	0.0	0.0	0.0	187.0	934.0	1.0	0.0	25.0	7.0	3.0	33.0	14.0	2.0	231.0	0.0	0.0	0.0	1.0	49.0	11.0	2.0	27.0	48.0	0.0	3.0	3.0	2.0	13.0	132.0	0.0	0.0	0.0	0.0	1.0	1.0	0.0	0.0	0.0	0.0	1.0	6.0	7.0	11.0	0.0	0.0	8.0	8.0	1.0	0.0	0.0	0.0	5.0	0.0	0.0	0.0	17.0	3.0	0.0	2.0	0.0	0.0	0.0	1.0	4.0	6.0	4.0	0.0	20.0	7.0	0.0	0.0	0.0	0.0	0.0	0.0	0.0	0.0	2.0	0.0	1.0	0.0	0.0	3.0	0.0	0.0	0.0	0.0	2.0	0.0	0.0	0.0	1.0	0.0	0.0	10.0	1.0	0.0	0.0	0.0	0.0	0.0	0.0	4.0	1.0	0.0	1.0	1.0	0.0	0.0	8.0	10.0	5.0	3.0	2.0	0.0	0.0	0.0	8.0	5.0	0.0	0.0	3.0	1.0	0.0	1.0	1.0	0.0	4.0	0.0	0.0	1.0	0.0	1.0	0.0	3.0	0.0	0.0	0.0	1.0	22.0	0.0	0.0	0.0	1.0	0.0	3.0
SRR23492530	0.0	12.0	131.0	1.0	0.0	1292.0	0.0	124.0	28.0	0.0	0.0	0.0	0.0	0.0	0.0	0.0	0.0	0.0	0.0	303.0	7.0	18.0	0.0	7.0	11.0	0.0	0.0	0.0	2.0	0.0	0.0	1.0	0.0	0.0	5.0	0.0	0.0	0.0	4.0	2.0	0.0	0.0	0.0	0.0	0.0	7.0	0.0	2114.0	0.0	1.0	58.0	0.0	0.0	0.0	1.0	0.0	1648.0	0.0	0.0	2.0	0.0	2.0	0.0	0.0	0.0	0.0	0.0	0.0	9.0	1.0	1.0	0.0	0.0	0.0	0.0	0.0	0.0	0.0	2.0	0.0	6.0	15.0	0.0	0.0	0.0	3.0	0.0	0.0	20.0	0.0	51.0	0.0	4.0	0.0	0.0	0.0	0.0	0.0	1.0	0.0	0.0	0.0	0.0	0.0	0.0	1.0	0.0	0.0	1.0	0.0	0.0	0.0	0.0	0.0	0.0	0.0	0.0	0.0	0.0	0.0	0.0	0.0	0.0	0.0	0.0	0.0	0.0	52.0	0.0	0.0	30.0	0.0	0.0	0.0	5.0	0.0	0.0	10.0	0.0	0.0	0.0	0.0	0.0	5.0	3.0	0.0	2.0	20.0	0.0	0.0	0.0	0.0	0.0	0.0	0.0	0.0	0.0	0.0	0.0	0.0	0.0	177.0	0.0	0.0	0.0	0.0	0.0	0.0	0.0	0.0	0.0	0.0	0.0	0.0	0.0	0.0	0.0	0.0	1.0	0.0	0.0	0.0	5.0	0.0	4.0	0.0	0.0	0.0	0.0
SRR23492531	0.0	30.0	1.0	239.0	2.0	253.0	0.0	1381.0	31.0	0.0	3.0	0.0	0.0	0.0	35.0	5.0	8.0	1.0	0.0	0.0	0.0	121.0	0.0	10.0	0.0	3.0	93.0	221.0	3.0	0.0	0.0	11.0	8.0	0.0	17.0	0.0	2.0	0.0	0.0	226.0	0.0	0.0	0.0	0.0	0.0	68.0	0.0	34.0	3.0	0.0	283.0	0.0	0.0	0.0	0.0	3.0	43.0	3.0	0.0	0.0	0.0	2.0	0.0	8.0	0.0	0.0	4.0	0.0	178.0	31.0	9.0	0.0	0.0	0.0	0.0	55.0	6.0	0.0	0.0	0.0	1.0	24.0	76.0	0.0	1.0	14.0	0.0	0.0	419.0	58.0	0.0	0.0	0.0	0.0	0.0	0.0	2.0	0.0	12.0	0.0	0.0	71.0	0.0	2.0	11.0	3.0	5.0	0.0	0.0	0.0	487.0	0.0	4.0	0.0	0.0	1227.0	0.0	0.0	0.0	0.0	0.0	0.0	0.0	0.0	0.0	0.0	0.0	0.0	0.0	0.0	0.0	0.0	9.0	5.0	2.0	0.0	3.0	86.0	0.0	0.0	0.0	0.0	1.0	0.0	6.0	3.0	0.0	11.0	0.0	3.0	0.0	0.0	0.0	0.0	0.0	7.0	0.0	0.0	0.0	0.0	12.0	0.0	0.0	0.0	0.0	0.0	0.0	0.0	0.0	0.0	0.0	20.0	0.0	0.0	0.0	20.0	2.0	0.0	0.0	4.0	0.0	0.0	2.0	0.0	0.0	0.0	0.0	2.0	0.0
SRR23492532	0.0	2.0	0.0	6.0	0.0	25.0	0.0	777.0	259.0	61.0	0.0	0.0	0.0	0.0	0.0	31.0	0.0	15.0	0.0	1.0	3.0	633.0	0.0	13.0	0.0	0.0	0.0	0.0	78.0	0.0	0.0	418.0	0.0	0.0	49.0	0.0	0.0	0.0	0.0	0.0	0.0	0.0	35.0	3.0	0.0	218.0	32.0	25.0	23.0	0.0	812.0	31.0	0.0	0.0	0.0	0.0	0.0	0.0	0.0	2.0	4.0	10.0	0.0	0.0	0.0	6.0	167.0	0.0	328.0	43.0	493.0	0.0	5.0	0.0	0.0	6.0	0.0	0.0	0.0	0.0	0.0	1.0	0.0	0.0	0.0	0.0	0.0	0.0	3.0	7.0	0.0	0.0	0.0	0.0	0.0	0.0	0.0	0.0	818.0	0.0	0.0	0.0	0.0	5.0	0.0	113.0	0.0	0.0	0.0	0.0	14.0	5.0	0.0	0.0	0.0	0.0	0.0	0.0	0.0	0.0	0.0	0.0	2.0	0.0	0.0	0.0	0.0	5.0	20.0	0.0	0.0	0.0	348.0	0.0	38.0	0.0	0.0	0.0	0.0	0.0	0.0	0.0	0.0	0.0	7.0	49.0	3.0	0.0	0.0	0.0	0.0	0.0	0.0	0.0	0.0	30.0	0.0	0.0	0.0	9.0	0.0	18.0	0.0	0.0	0.0	0.0	0.0	0.0	0.0	0.0	0.0	0.0	0.0	0.0	0.0	0.0	0.0	0.0	13.0	11.0	0.0	0.0	0.0	0.0	4.0	0.0	0.0	0.0	0.0
SRR23492534	0.0	461.0	0.0	1758.0	0.0	0.0	0.0	68.0	0.0	110.0	0.0	0.0	0.0	0.0	1.0	196.0	0.0	0.0	0.0	0.0	11.0	100.0	0.0	13.0	0.0	0.0	0.0	0.0	494.0	0.0	0.0	0.0	2.0	0.0	24.0	0.0	1.0	0.0	0.0	0.0	0.0	1.0	0.0	0.0	0.0	121.0	0.0	0.0	0.0	0.0	1924.0	0.0	0.0	0.0	0.0	0.0	0.0	0.0	0.0	0.0	7.0	0.0	0.0	0.0	0.0	0.0	0.0	0.0	1.0	4.0	147.0	0.0	1.0	0.0	0.0	0.0	0.0	0.0	0.0	0.0	0.0	0.0	0.0	0.0	0.0	0.0	0.0	0.0	0.0	0.0	3.0	0.0	1.0	0.0	0.0	0.0	1.0	0.0	153.0	0.0	0.0	0.0	0.0	0.0	11.0	47.0	0.0	0.0	8.0	0.0	0.0	0.0	0.0	0.0	3.0	0.0	0.0	41.0	0.0	0.0	0.0	0.0	0.0	0.0	0.0	0.0	0.0	7.0	0.0	0.0	0.0	2.0	30.0	0.0	19.0	0.0	0.0	261.0	0.0	11.0	0.0	0.0	22.0	0.0	165.0	6.0	0.0	0.0	0.0	0.0	0.0	0.0	0.0	0.0	0.0	0.0	0.0	0.0	0.0	0.0	0.0	0.0	0.0	0.0	0.0	0.0	0.0	0.0	0.0	0.0	0.0	0.0	0.0	0.0	0.0	0.0	0.0	0.0	0.0	0.0	0.0	0.0	5.0	0.0	0.0	0.0	0.0	0.0	0.0
SRR23492545	13.0	200.0	0.0	2072.0	0.0	15.0	0.0	84.0	0.0	0.0	8.0	1.0	0.0	0.0	1.0	5.0	0.0	0.0	0.0	0.0	0.0	7.0	10.0	4.0	0.0	0.0	0.0	36.0	1.0	0.0	208.0	1.0	0.0	0.0	0.0	0.0	0.0	0.0	0.0	3.0	0.0	0.0	0.0	0.0	0.0	0.0	1.0	3137.0	0.0	0.0	64.0	0.0	0.0	0.0	20.0	0.0	9.0	0.0	68.0	0.0	0.0	0.0	0.0	1.0	0.0	0.0	0.0	0.0	2.0	51.0	1.0	0.0	0.0	0.0	0.0	0.0	0.0	0.0	0.0	2.0	2.0	2.0	11.0	0.0	4.0	0.0	0.0	0.0	23.0	4.0	3.0	0.0	4.0	0.0	0.0	0.0	0.0	0.0	10.0	4.0	3.0	12.0	0.0	0.0	0.0	0.0	1.0	0.0	0.0	11.0	7.0	0.0	4.0	0.0	0.0	0.0	0.0	0.0	0.0	0.0	0.0	0.0	0.0	0.0	1.0	0.0	0.0	0.0	0.0	0.0	0.0	0.0	0.0	0.0	3.0	0.0	26.0	27.0	0.0	0.0	0.0	0.0	0.0	2.0	1.0	0.0	0.0	0.0	0.0	3.0	0.0	0.0	0.0	0.0	0.0	0.0	1.0	0.0	0.0	0.0	8.0	3.0	0.0	0.0	0.0	0.0	0.0	21.0	0.0	0.0	0.0	0.0	0.0	0.0	0.0	0.0	0.0	0.0	0.0	2.0	0.0	0.0	2.0	0.0	3.0	1.0	0.0	0.0	0.0
SRR23492546	0.0	32.0	5.0	1.0	0.0	101.0	0.0	276.0	6.0	0.0	62.0	8.0	0.0	0.0	0.0	4.0	0.0	2.0	0.0	3.0	4.0	69.0	1.0	50.0	1.0	0.0	0.0	98.0	1.0	0.0	599.0	97.0	0.0	0.0	203.0	0.0	0.0	0.0	0.0	16.0	0.0	0.0	0.0	0.0	0.0	18.0	5.0	2686.0	6.0	20.0	389.0	0.0	0.0	92.0	0.0	9.0	101.0	0.0	0.0	0.0	0.0	0.0	2.0	4.0	0.0	0.0	0.0	0.0	57.0	29.0	3.0	0.0	0.0	2.0	0.0	0.0	0.0	0.0	1.0	0.0	0.0	2.0	0.0	0.0	4.0	112.0	0.0	0.0	289.0	15.0	5.0	0.0	11.0	0.0	0.0	0.0	0.0	0.0	10.0	0.0	0.0	0.0	0.0	0.0	51.0	15.0	18.0	0.0	0.0	19.0	109.0	2.0	40.0	0.0	0.0	202.0	0.0	0.0	0.0	0.0	0.0	9.0	0.0	0.0	0.0	0.0	0.0	0.0	0.0	0.0	0.0	0.0	21.0	0.0	0.0	0.0	0.0	40.0	0.0	0.0	29.0	0.0	0.0	0.0	4.0	0.0	0.0	0.0	0.0	4.0	0.0	0.0	0.0	0.0	8.0	4.0	0.0	0.0	11.0	0.0	0.0	122.0	0.0	0.0	0.0	0.0	1.0	0.0	0.0	0.0	0.0	0.0	0.0	0.0	0.0	0.0	4.0	0.0	0.0	0.0	0.0	0.0	7.0	0.0	0.0	0.0	0.0	0.0	0.0
SRR23492547	0.0	59.0	0.0	0.0	0.0	799.0	0.0	2106.0	1.0	350.0	0.0	0.0	0.0	0.0	0.0	5.0	2.0	3.0	1.0	0.0	0.0	26.0	0.0	2.0	2.0	0.0	0.0	0.0	0.0	0.0	0.0	200.0	0.0	0.0	0.0	0.0	1.0	0.0	0.0	0.0	0.0	0.0	0.0	0.0	0.0	1323.0	0.0	367.0	1.0	0.0	345.0	0.0	0.0	0.0	0.0	0.0	4.0	0.0	0.0	0.0	0.0	1.0	0.0	0.0	0.0	0.0	177.0	0.0	105.0	0.0	0.0	10.0	5.0	0.0	0.0	0.0	0.0	0.0	0.0	0.0	0.0	0.0	0.0	0.0	0.0	0.0	0.0	0.0	0.0	0.0	0.0	0.0	0.0	0.0	0.0	9.0	0.0	0.0	2.0	0.0	0.0	0.0	0.0	0.0	0.0	20.0	0.0	0.0	70.0	0.0	0.0	0.0	0.0	0.0	1.0	0.0	0.0	0.0	0.0	2.0	0.0	0.0	0.0	0.0	0.0	0.0	0.0	0.0	0.0	2.0	0.0	4.0	143.0	0.0	0.0	0.0	0.0	0.0	0.0	0.0	0.0	0.0	0.0	0.0	5.0	0.0	0.0	0.0	0.0	0.0	0.0	0.0	0.0	0.0	0.0	0.0	0.0	0.0	0.0	0.0	0.0	0.0	0.0	0.0	0.0	0.0	0.0	0.0	0.0	0.0	0.0	0.0	0.0	0.0	0.0	0.0	0.0	0.0	0.0	0.0	0.0	0.0	23.0	0.0	0.0	0.0	0.0	0.0	0.0
SRR23492549	2.0	384.0	0.0	0.0	0.0	12.0	0.0	32.0	22.0	374.0	0.0	0.0	0.0	0.0	0.0	18.0	4.0	325.0	0.0	6.0	29.0	209.0	0.0	121.0	0.0	0.0	0.0	0.0	0.0	0.0	0.0	0.0	0.0	0.0	98.0	0.0	3.0	0.0	0.0	0.0	0.0	0.0	2.0	0.0	0.0	0.0	0.0	0.0	0.0	0.0	459.0	0.0	0.0	0.0	0.0	0.0	0.0	0.0	0.0	0.0	6.0	28.0	14.0	0.0	0.0	0.0	0.0	0.0	8.0	0.0	6.0	0.0	8.0	0.0	0.0	0.0	0.0	0.0	1.0	1.0	10.0	0.0	0.0	5.0	0.0	0.0	0.0	0.0	0.0	0.0	1.0	0.0	27.0	0.0	0.0	0.0	0.0	0.0	56.0	0.0	0.0	0.0	0.0	0.0	0.0	3.0	0.0	0.0	378.0	43.0	0.0	0.0	0.0	0.0	19.0	0.0	20.0	0.0	0.0	0.0	0.0	0.0	0.0	0.0	0.0	0.0	0.0	0.0	0.0	0.0	0.0	0.0	0.0	0.0	0.0	0.0	0.0	0.0	0.0	34.0	0.0	5.0	0.0	0.0	263.0	0.0	0.0	0.0	0.0	0.0	0.0	0.0	0.0	0.0	0.0	0.0	0.0	0.0	0.0	0.0	0.0	1230.0	86.0	0.0	0.0	0.0	0.0	0.0	0.0	0.0	0.0	0.0	0.0	0.0	0.0	0.0	0.0	0.0	0.0	0.0	0.0	0.0	3.0	43.0	0.0	0.0	0.0	0.0	0.0
SRR23492550	116.0	256.0	0.0	956.0	0.0	33.0	0.0	491.0	11.0	0.0	19.0	0.0	0.0	0.0	0.0	7.0	0.0	0.0	0.0	261.0	3.0	86.0	0.0	1.0	0.0	0.0	0.0	636.0	74.0	28.0	13.0	3.0	0.0	0.0	12.0	0.0	2.0	0.0	2.0	11.0	262.0	0.0	1.0	0.0	0.0	27.0	16.0	106.0	5.0	0.0	193.0	24.0	0.0	4.0	1.0	4.0	44.0	0.0	0.0	0.0	7.0	125.0	9.0	17.0	4.0	0.0	0.0	0.0	1.0	1.0	188.0	1.0	2.0	0.0	0.0	0.0	2.0	1.0	0.0	0.0	1.0	0.0	62.0	0.0	1.0	4.0	1.0	1.0	343.0	113.0	0.0	0.0	3.0	0.0	0.0	1.0	0.0	0.0	155.0	64.0	3.0	281.0	0.0	5.0	66.0	446.0	2.0	18.0	0.0	0.0	3.0	8.0	89.0	0.0	0.0	0.0	0.0	0.0	2.0	0.0	0.0	0.0	0.0	105.0	85.0	2.0	0.0	0.0	6.0	0.0	0.0	0.0	0.0	39.0	2.0	1.0	18.0	14.0	0.0	0.0	1.0	0.0	2.0	0.0	8.0	1.0	47.0	0.0	1.0	0.0	0.0	0.0	0.0	3.0	1.0	26.0	0.0	0.0	0.0	1.0	11.0	0.0	0.0	0.0	0.0	3.0	0.0	12.0	41.0	0.0	0.0	3.0	0.0	0.0	0.0	8.0	0.0	0.0	6.0	3.0	0.0	0.0	10.0	3.0	4.0	0.0	0.0	0.0	1.0
SRR23492551	0.0	77.0	0.0	60.0	0.0	43.0	0.0	2072.0	0.0	0.0	23.0	0.0	0.0	0.0	15.0	15.0	1.0	0.0	0.0	0.0	0.0	8.0	0.0	0.0	0.0	0.0	0.0	1283.0	9.0	0.0	0.0	3.0	0.0	1.0	0.0	0.0	1.0	1.0	0.0	8.0	193.0	0.0	0.0	0.0	0.0	13.0	0.0	607.0	0.0	0.0	176.0	0.0	0.0	0.0	0.0	0.0	17.0	0.0	244.0	0.0	0.0	8.0	1.0	0.0	0.0	0.0	0.0	0.0	18.0	82.0	0.0	0.0	1.0	0.0	0.0	0.0	0.0	0.0	0.0	0.0	43.0	16.0	3.0	0.0	9.0	11.0	0.0	0.0	511.0	137.0	0.0	0.0	0.0	0.0	0.0	0.0	0.0	0.0	56.0	0.0	0.0	14.0	0.0	0.0	0.0	5.0	3.0	0.0	8.0	8.0	3.0	38.0	0.0	0.0	0.0	0.0	0.0	8.0	0.0	0.0	0.0	0.0	0.0	0.0	0.0	0.0	0.0	0.0	0.0	2.0	0.0	0.0	0.0	0.0	54.0	0.0	0.0	11.0	0.0	0.0	0.0	0.0	0.0	0.0	0.0	0.0	6.0	5.0	0.0	4.0	0.0	0.0	0.0	0.0	0.0	14.0	0.0	0.0	0.0	1.0	39.0	0.0	0.0	0.0	0.0	0.0	1.0	0.0	0.0	0.0	0.0	1.0	0.0	0.0	0.0	0.0	1.0	7.0	2.0	31.0	3.0	0.0	30.0	2.0	1.0	4.0	0.0	0.0	0.0
SRR23492553	0.0	17.0	0.0	0.0	0.0	9.0	0.0	879.0	0.0	266.0	4.0	0.0	0.0	0.0	6.0	14.0	0.0	4.0	0.0	8.0	142.0	159.0	0.0	2.0	0.0	0.0	0.0	220.0	21.0	0.0	4.0	0.0	0.0	0.0	122.0	0.0	2.0	0.0	0.0	1.0	803.0	4.0	3.0	0.0	0.0	0.0	5.0	451.0	1.0	0.0	606.0	0.0	0.0	0.0	0.0	0.0	10.0	0.0	0.0	0.0	6.0	0.0	0.0	0.0	0.0	0.0	8.0	0.0	320.0	20.0	8.0	0.0	5.0	28.0	0.0	0.0	0.0	0.0	0.0	0.0	0.0	10.0	0.0	0.0	0.0	38.0	0.0	0.0	25.0	2.0	6.0	0.0	0.0	0.0	0.0	0.0	0.0	0.0	107.0	0.0	0.0	0.0	0.0	11.0	12.0	29.0	0.0	0.0	14.0	0.0	306.0	19.0	0.0	0.0	0.0	0.0	0.0	0.0	0.0	0.0	0.0	0.0	0.0	0.0	0.0	0.0	0.0	0.0	0.0	0.0	3.0	0.0	33.0	0.0	109.0	0.0	43.0	967.0	0.0	0.0	209.0	2.0	0.0	0.0	4.0	19.0	0.0	0.0	0.0	0.0	0.0	0.0	0.0	0.0	0.0	0.0	0.0	0.0	0.0	1.0	63.0	1.0	0.0	0.0	0.0	0.0	0.0	3.0	2.0	0.0	0.0	0.0	0.0	0.0	0.0	0.0	0.0	0.0	4.0	0.0	0.0	0.0	10.0	0.0	10.0	0.0	0.0	0.0	0.0
SRR23492554	0.0	129.0	0.0	2.0	0.0	767.0	0.0	1300.0	0.0	0.0	0.0	0.0	0.0	0.0	0.0	13.0	0.0	40.0	0.0	0.0	1.0	61.0	0.0	1.0	0.0	0.0	0.0	19.0	0.0	0.0	0.0	0.0	0.0	2.0	21.0	0.0	3.0	0.0	0.0	307.0	0.0	0.0	0.0	0.0	1.0	34.0	1.0	179.0	49.0	179.0	241.0	0.0	0.0	0.0	33.0	24.0	22.0	0.0	127.0	0.0	8.0	4.0	674.0	0.0	0.0	0.0	36.0	0.0	21.0	0.0	0.0	0.0	11.0	0.0	0.0	0.0	0.0	5.0	0.0	11.0	0.0	5.0	0.0	0.0	0.0	0.0	0.0	0.0	28.0	127.0	82.0	4.0	126.0	0.0	42.0	0.0	0.0	0.0	2.0	153.0	0.0	164.0	0.0	8.0	9.0	54.0	92.0	0.0	76.0	0.0	73.0	0.0	0.0	141.0	0.0	0.0	0.0	0.0	0.0	0.0	0.0	0.0	0.0	0.0	0.0	16.0	0.0	0.0	0.0	6.0	28.0	5.0	12.0	0.0	0.0	0.0	0.0	96.0	0.0	43.0	0.0	0.0	0.0	14.0	36.0	0.0	0.0	3.0	40.0	0.0	0.0	0.0	0.0	0.0	3.0	0.0	97.0	0.0	0.0	0.0	0.0	1.0	0.0	0.0	0.0	0.0	0.0	19.0	0.0	0.0	0.0	6.0	0.0	0.0	0.0	8.0	0.0	19.0	4.0	2.0	26.0	0.0	1.0	7.0	0.0	0.0	0.0	0.0	12.0
SRR23492555	3.0	131.0	3.0	0.0	0.0	0.0	12.0	4360.0	41.0	0.0	0.0	0.0	0.0	0.0	0.0	0.0	3.0	0.0	0.0	2.0	1.0	1322.0	0.0	0.0	0.0	0.0	1.0	0.0	0.0	0.0	0.0	13.0	0.0	0.0	0.0	0.0	0.0	0.0	0.0	0.0	0.0	0.0	0.0	0.0	0.0	0.0	0.0	9.0	0.0	0.0	12.0	0.0	0.0	0.0	0.0	0.0	4.0	0.0	0.0	0.0	3.0	0.0	0.0	0.0	0.0	0.0	0.0	0.0	0.0	0.0	0.0	0.0	4.0	0.0	0.0	2.0	0.0	0.0	0.0	0.0	0.0	0.0	0.0	0.0	0.0	9.0	0.0	0.0	8.0	0.0	29.0	2.0	0.0	0.0	0.0	0.0	0.0	4.0	0.0	0.0	0.0	0.0	0.0	0.0	0.0	1.0	0.0	0.0	0.0	0.0	0.0	0.0	0.0	0.0	0.0	0.0	0.0	0.0	0.0	0.0	0.0	0.0	0.0	0.0	0.0	0.0	0.0	0.0	0.0	0.0	0.0	0.0	0.0	0.0	0.0	0.0	0.0	0.0	0.0	0.0	0.0	0.0	0.0	0.0	0.0	0.0	0.0	0.0	0.0	0.0	0.0	0.0	0.0	0.0	0.0	0.0	0.0	0.0	0.0	0.0	0.0	248.0	0.0	25.0	0.0	0.0	0.0	0.0	0.0	0.0	0.0	0.0	0.0	0.0	0.0	0.0	0.0	0.0	0.0	0.0	0.0	0.0	0.0	0.0	0.0	0.0	0.0	0.0	0.0
SRR23492556	1.0	41.0	0.0	5.0	12.0	12.0	0.0	283.0	1143.0	0.0	0.0	0.0	0.0	0.0	0.0	12.0	0.0	11.0	0.0	1.0	4.0	41.0	0.0	518.0	0.0	0.0	137.0	2.0	27.0	0.0	5.0	2.0	3.0	0.0	70.0	0.0	0.0	0.0	0.0	8.0	0.0	0.0	39.0	0.0	0.0	0.0	23.0	21.0	0.0	0.0	1.0	1.0	0.0	0.0	10.0	0.0	36.0	0.0	4.0	0.0	14.0	0.0	1.0	0.0	0.0	0.0	0.0	1.0	1.0	0.0	1280.0	0.0	24.0	2.0	0.0	0.0	0.0	0.0	2.0	1.0	0.0	2.0	0.0	0.0	0.0	0.0	0.0	0.0	0.0	0.0	0.0	2.0	0.0	0.0	0.0	0.0	0.0	0.0	55.0	1.0	0.0	0.0	0.0	0.0	37.0	4.0	0.0	0.0	0.0	0.0	21.0	3.0	0.0	0.0	0.0	0.0	0.0	0.0	0.0	0.0	0.0	0.0	0.0	0.0	0.0	0.0	0.0	0.0	216.0	0.0	0.0	0.0	9.0	0.0	0.0	0.0	0.0	1.0	0.0	0.0	0.0	0.0	0.0	0.0	0.0	3.0	0.0	0.0	0.0	0.0	0.0	0.0	0.0	0.0	0.0	0.0	3.0	0.0	0.0	0.0	0.0	0.0	0.0	0.0	0.0	0.0	0.0	3.0	1.0	0.0	0.0	0.0	0.0	0.0	0.0	0.0	0.0	0.0	1.0	0.0	0.0	0.0	1.0	0.0	0.0	0.0	0.0	0.0	0.0
SRR23492560	4.0	0.0	0.0	0.0	0.0	0.0	0.0	4.0	12.0	0.0	0.0	0.0	0.0	0.0	0.0	27.0	0.0	22.0	0.0	2.0	441.0	169.0	0.0	654.0	0.0	0.0	39.0	1.0	2.0	0.0	3.0	0.0	0.0	0.0	86.0	0.0	2.0	0.0	0.0	0.0	0.0	0.0	2.0	0.0	0.0	0.0	0.0	4.0	0.0	0.0	37.0	0.0	0.0	0.0	0.0	0.0	0.0	0.0	0.0	0.0	0.0	4.0	0.0	0.0	0.0	0.0	0.0	0.0	0.0	0.0	5.0	0.0	0.0	0.0	0.0	0.0	0.0	0.0	0.0	0.0	0.0	0.0	0.0	0.0	0.0	0.0	0.0	0.0	26.0	2.0	0.0	0.0	0.0	0.0	2.0	0.0	0.0	0.0	56.0	0.0	0.0	0.0	0.0	0.0	0.0	0.0	0.0	0.0	71.0	0.0	0.0	94.0	0.0	7.0	4.0	0.0	23.0	0.0	0.0	0.0	0.0	0.0	0.0	0.0	0.0	0.0	0.0	12.0	83.0	1.0	0.0	28.0	0.0	0.0	4.0	0.0	0.0	0.0	0.0	14.0	0.0	0.0	0.0	2862.0	146.0	0.0	0.0	0.0	0.0	0.0	0.0	0.0	0.0	0.0	0.0	0.0	0.0	0.0	0.0	0.0	0.0	289.0	257.0	0.0	0.0	0.0	0.0	0.0	0.0	0.0	0.0	0.0	0.0	0.0	0.0	0.0	0.0	0.0	0.0	0.0	0.0	0.0	4.0	0.0	0.0	0.0	0.0	0.0	0.0
SRR29856071	0.0	226.0	0.0	0.0	0.0	3472.0	0.0	5.0	6.0	2.0	2.0	0.0	0.0	0.0	0.0	16.0	0.0	3.0	0.0	0.0	0.0	67.0	1.0	46.0	0.0	0.0	0.0	0.0	6.0	0.0	0.0	0.0	1.0	0.0	4.0	0.0	0.0	0.0	0.0	0.0	0.0	0.0	0.0	0.0	0.0	4.0	1926.0	0.0	0.0	0.0	18.0	0.0	0.0	0.0	0.0	0.0	90.0	0.0	0.0	0.0	4.0	3.0	0.0	0.0	0.0	0.0	1.0	0.0	2.0	5.0	0.0	0.0	1.0	0.0	0.0	0.0	0.0	0.0	0.0	10.0	1.0	26.0	0.0	0.0	0.0	0.0	0.0	0.0	0.0	8.0	0.0	0.0	0.0	0.0	0.0	0.0	0.0	0.0	1.0	0.0	0.0	0.0	0.0	0.0	1.0	11.0	0.0	0.0	43.0	0.0	0.0	52.0	0.0	0.0	1.0	0.0	0.0	0.0	0.0	0.0	0.0	0.0	0.0	0.0	0.0	0.0	0.0	2.0	0.0	4.0	0.0	0.0	0.0	0.0	24.0	0.0	2.0	2.0	0.0	8.0	0.0	0.0	0.0	0.0	130.0	0.0	0.0	0.0	0.0	0.0	0.0	0.0	0.0	0.0	0.0	1.0	0.0	0.0	0.0	0.0	2.0	3.0	2.0	0.0	0.0	0.0	0.0	0.0	0.0	0.0	0.0	0.0	0.0	0.0	0.0	0.0	0.0	0.0	0.0	0.0	0.0	0.0	0.0	0.0	0.0	0.0	0.0	0.0	10.0
SRR29856073	0.0	3298.0	0.0	1.0	0.0	1.0	34.0	202.0	0.0	0.0	0.0	0.0	0.0	0.0	0.0	2.0	0.0	16.0	0.0	2.0	19.0	46.0	0.0	204.0	0.0	0.0	0.0	0.0	0.0	0.0	467.0	123.0	0.0	0.0	35.0	0.0	0.0	0.0	0.0	0.0	0.0	0.0	0.0	0.0	0.0	11.0	2.0	301.0	0.0	9.0	47.0	0.0	0.0	0.0	0.0	0.0	11.0	0.0	0.0	0.0	0.0	0.0	0.0	1.0	0.0	0.0	0.0	0.0	585.0	0.0	20.0	0.0	0.0	0.0	0.0	0.0	0.0	0.0	0.0	0.0	0.0	0.0	0.0	0.0	0.0	0.0	0.0	0.0	2.0	2.0	22.0	0.0	11.0	0.0	0.0	0.0	0.0	7.0	6.0	0.0	0.0	0.0	0.0	1.0	0.0	78.0	0.0	0.0	0.0	27.0	0.0	12.0	0.0	0.0	0.0	0.0	0.0	0.0	0.0	0.0	0.0	0.0	0.0	0.0	0.0	0.0	0.0	0.0	0.0	0.0	0.0	0.0	0.0	0.0	0.0	0.0	0.0	7.0	0.0	1.0	0.0	0.0	0.0	4.0	54.0	3.0	0.0	0.0	0.0	0.0	0.0	0.0	0.0	0.0	27.0	0.0	0.0	0.0	1.0	3.0	308.0	206.0	0.0	7.0	0.0	0.0	0.0	0.0	0.0	0.0	0.0	0.0	0.0	0.0	0.0	0.0	0.0	0.0	0.0	0.0	0.0	0.0	5.0	0.0	0.0	0.0	0.0	0.0	0.0
SRR29856074	0.0	145.0	5.0	31.0	0.0	444.0	0.0	1574.0	17.0	0.0	4.0	0.0	0.0	0.0	0.0	0.0	0.0	0.0	0.0	14.0	0.0	192.0	0.0	0.0	0.0	0.0	67.0	15.0	1.0	0.0	0.0	1.0	1.0	0.0	0.0	0.0	0.0	0.0	1.0	35.0	0.0	0.0	0.0	0.0	0.0	0.0	1.0	319.0	0.0	0.0	49.0	193.0	3.0	0.0	49.0	25.0	1983.0	2.0	0.0	0.0	0.0	77.0	375.0	18.0	14.0	0.0	0.0	29.0	0.0	3.0	0.0	28.0	0.0	0.0	0.0	0.0	0.0	0.0	0.0	0.0	0.0	17.0	7.0	14.0	17.0	2.0	0.0	0.0	4.0	0.0	0.0	0.0	0.0	0.0	0.0	0.0	0.0	0.0	2.0	0.0	2.0	4.0	0.0	0.0	0.0	0.0	2.0	42.0	0.0	123.0	0.0	0.0	4.0	0.0	0.0	0.0	0.0	0.0	0.0	0.0	1.0	0.0	0.0	0.0	0.0	3.0	0.0	0.0	0.0	57.0	0.0	0.0	0.0	0.0	0.0	0.0	3.0	3.0	0.0	0.0	0.0	0.0	0.0	0.0	0.0	0.0	7.0	0.0	0.0	1.0	0.0	0.0	0.0	0.0	14.0	0.0	0.0	0.0	0.0	0.0	0.0	19.0	0.0	0.0	2.0	4.0	0.0	20.0	21.0	1.0	0.0	0.0	0.0	0.0	0.0	12.0	0.0	0.0	0.0	0.0	12.0	4.0	3.0	0.0	4.0	0.0	0.0	0.0	0.0
SRR29856077	26.0	961.0	0.0	285.0	0.0	330.0	0.0	235.0	0.0	8.0	3.0	0.0	0.0	0.0	0.0	3.0	0.0	2.0	0.0	20.0	0.0	11.0	1.0	15.0	0.0	0.0	0.0	129.0	0.0	0.0	338.0	4.0	0.0	2.0	7.0	0.0	0.0	0.0	0.0	3.0	0.0	0.0	0.0	0.0	0.0	1.0	0.0	1222.0	0.0	8.0	39.0	0.0	0.0	0.0	1.0	0.0	571.0	0.0	0.0	0.0	1.0	0.0	6.0	10.0	0.0	0.0	0.0	0.0	3.0	136.0	0.0	1.0	1.0	0.0	0.0	0.0	2.0	0.0	0.0	0.0	5.0	0.0	147.0	16.0	5.0	1.0	0.0	0.0	143.0	4.0	3.0	0.0	0.0	0.0	0.0	0.0	0.0	0.0	27.0	108.0	0.0	6.0	0.0	0.0	0.0	0.0	9.0	0.0	32.0	80.0	111.0	0.0	49.0	0.0	0.0	0.0	0.0	0.0	0.0	0.0	0.0	2.0	0.0	0.0	0.0	0.0	0.0	35.0	0.0	1.0	0.0	0.0	3.0	0.0	3.0	0.0	0.0	53.0	0.0	0.0	0.0	0.0	0.0	0.0	1.0	0.0	0.0	6.0	0.0	225.0	7.0	0.0	0.0	0.0	5.0	0.0	0.0	0.0	0.0	0.0	20.0	9.0	0.0	0.0	2.0	0.0	0.0	0.0	2.0	0.0	0.0	0.0	0.0	0.0	0.0	24.0	0.0	1.0	0.0	0.0	714.0	0.0	15.0	0.0	0.0	0.0	0.0	9.0	0.0
SRR29856079	0.0	378.0	0.0	8.0	0.0	216.0	0.0	9.0	0.0	0.0	0.0	0.0	0.0	0.0	0.0	0.0	41.0	20.0	0.0	9.0	6.0	804.0	0.0	0.0	7.0	0.0	0.0	548.0	8.0	0.0	0.0	0.0	0.0	0.0	88.0	0.0	0.0	0.0	0.0	43.0	0.0	131.0	0.0	0.0	0.0	107.0	0.0	0.0	0.0	0.0	825.0	0.0	0.0	0.0	0.0	0.0	0.0	0.0	0.0	0.0	170.0	0.0	0.0	4.0	0.0	0.0	0.0	0.0	355.0	2.0	0.0	24.0	12.0	0.0	0.0	0.0	0.0	0.0	0.0	0.0	0.0	0.0	924.0	0.0	0.0	2.0	0.0	0.0	129.0	0.0	0.0	0.0	0.0	0.0	0.0	0.0	0.0	0.0	39.0	0.0	0.0	0.0	0.0	0.0	0.0	0.0	0.0	0.0	40.0	0.0	0.0	6.0	0.0	0.0	0.0	0.0	0.0	0.0	6.0	0.0	0.0	0.0	0.0	0.0	0.0	0.0	0.0	0.0	0.0	0.0	0.0	0.0	0.0	26.0	13.0	0.0	0.0	0.0	0.0	0.0	0.0	0.0	0.0	0.0	674.0	113.0	0.0	0.0	0.0	22.0	0.0	0.0	0.0	0.0	0.0	0.0	0.0	0.0	0.0	0.0	0.0	0.0	0.0	0.0	0.0	0.0	0.0	0.0	0.0	0.0	0.0	0.0	0.0	0.0	0.0	0.0	0.0	0.0	0.0	17.0	92.0	0.0	186.0	0.0	0.0	0.0	0.0	0.0	0.0
SRR29856080	18.0	4581.0	0.0	0.0	0.0	1.0	0.0	0.0	146.0	0.0	0.0	0.0	0.0	0.0	0.0	0.0	0.0	0.0	0.0	161.0	22.0	68.0	0.0	1008.0	0.0	0.0	2.0	0.0	4.0	0.0	0.0	0.0	0.0	0.0	0.0	0.0	0.0	0.0	0.0	0.0	0.0	0.0	0.0	0.0	0.0	0.0	0.0	2.0	0.0	31.0	0.0	0.0	0.0	0.0	0.0	0.0	28.0	0.0	0.0	0.0	0.0	0.0	0.0	0.0	0.0	0.0	0.0	0.0	0.0	0.0	0.0	0.0	0.0	0.0	0.0	0.0	0.0	0.0	0.0	0.0	0.0	0.0	1.0	0.0	0.0	0.0	0.0	0.0	1.0	0.0	0.0	0.0	0.0	0.0	0.0	0.0	0.0	3.0	0.0	0.0	0.0	0.0	0.0	0.0	0.0	0.0	0.0	0.0	0.0	0.0	2.0	0.0	0.0	0.0	0.0	0.0	0.0	0.0	0.0	0.0	0.0	0.0	0.0	0.0	0.0	0.0	0.0	0.0	0.0	0.0	0.0	0.0	0.0	0.0	0.0	0.0	0.0	0.0	0.0	0.0	0.0	0.0	0.0	20.0	0.0	0.0	0.0	0.0	0.0	0.0	0.0	0.0	0.0	0.0	0.0	0.0	0.0	0.0	0.0	0.0	0.0	118.0	0.0	3.0	0.0	0.0	0.0	0.0	0.0	0.0	0.0	0.0	0.0	0.0	0.0	0.0	0.0	0.0	0.0	0.0	2.0	0.0	0.0	0.0	0.0	0.0	0.0	0.0	0.0
SRR29856082	0.0	22.0	1.0	21.0	0.0	484.0	6.0	478.0	1.0	117.0	0.0	0.0	0.0	0.0	0.0	11.0	1.0	16.0	0.0	0.0	0.0	16.0	0.0	2.0	0.0	0.0	0.0	59.0	9.0	0.0	0.0	0.0	5.0	50.0	106.0	0.0	0.0	105.0	34.0	91.0	0.0	3.0	0.0	0.0	0.0	21.0	0.0	1922.0	0.0	0.0	223.0	0.0	0.0	0.0	0.0	0.0	531.0	0.0	0.0	0.0	0.0	0.0	75.0	0.0	0.0	0.0	0.0	0.0	112.0	5.0	2.0	0.0	0.0	0.0	0.0	0.0	0.0	0.0	0.0	0.0	21.0	1.0	0.0	0.0	63.0	11.0	0.0	0.0	680.0	28.0	41.0	0.0	23.0	0.0	0.0	0.0	0.0	3.0	2.0	0.0	0.0	0.0	0.0	0.0	0.0	21.0	0.0	0.0	83.0	81.0	96.0	5.0	0.0	0.0	11.0	0.0	0.0	0.0	0.0	0.0	0.0	0.0	0.0	0.0	0.0	0.0	4.0	0.0	0.0	0.0	0.0	0.0	30.0	0.0	2.0	17.0	0.0	42.0	0.0	0.0	0.0	0.0	0.0	0.0	88.0	1.0	0.0	0.0	0.0	0.0	0.0	0.0	0.0	0.0	0.0	10.0	0.0	0.0	0.0	1.0	166.0	8.0	1.0	5.0	0.0	0.0	0.0	0.0	0.0	0.0	0.0	0.0	0.0	0.0	0.0	0.0	0.0	1.0	0.0	4.0	41.0	0.0	2.0	0.0	0.0	0.0	11.0	0.0	0.0
SRR29856083	0.0	3429.0	0.0	0.0	0.0	0.0	6.0	402.0	2094.0	0.0	0.0	0.0	0.0	0.0	0.0	0.0	0.0	0.0	1.0	2.0	4.0	43.0	0.0	0.0	0.0	2.0	175.0	0.0	0.0	0.0	0.0	0.0	0.0	0.0	0.0	0.0	0.0	0.0	0.0	0.0	0.0	0.0	0.0	0.0	0.0	0.0	0.0	0.0	0.0	0.0	0.0	0.0	0.0	0.0	0.0	0.0	0.0	0.0	0.0	0.0	9.0	0.0	0.0	0.0	0.0	0.0	0.0	0.0	0.0	0.0	0.0	0.0	0.0	0.0	0.0	0.0	0.0	0.0	0.0	0.0	0.0	0.0	0.0	0.0	0.0	0.0	0.0	0.0	0.0	0.0	0.0	0.0	0.0	0.0	0.0	0.0	0.0	8.0	0.0	0.0	0.0	0.0	0.0	0.0	0.0	0.0	0.0	0.0	0.0	0.0	0.0	0.0	0.0	0.0	0.0	0.0	0.0	0.0	0.0	0.0	0.0	0.0	0.0	0.0	0.0	0.0	0.0	0.0	0.0	0.0	0.0	0.0	0.0	0.0	0.0	0.0	0.0	0.0	0.0	0.0	0.0	0.0	0.0	0.0	0.0	0.0	0.0	0.0	0.0	0.0	0.0	0.0	0.0	0.0	0.0	0.0	0.0	0.0	0.0	0.0	0.0	3.0	0.0	14.0	0.0	0.0	0.0	0.0	0.0	0.0	0.0	0.0	0.0	0.0	0.0	0.0	0.0	0.0	0.0	0.0	0.0	0.0	0.0	0.0	0.0	0.0	0.0	0.0	0.0
SRR29856085	0.0	303.0	0.0	0.0	0.0	1324.0	5.0	195.0	5.0	12.0	0.0	0.0	0.0	0.0	0.0	0.0	0.0	1.0	0.0	0.0	5.0	30.0	0.0	69.0	0.0	0.0	3.0	0.0	17.0	0.0	0.0	15.0	2.0	13.0	13.0	8.0	6.0	10.0	0.0	91.0	0.0	0.0	3.0	0.0	0.0	25.0	0.0	711.0	0.0	0.0	76.0	0.0	0.0	0.0	0.0	17.0	967.0	3.0	0.0	3.0	1.0	0.0	84.0	0.0	0.0	0.0	13.0	0.0	49.0	30.0	6.0	0.0	1.0	0.0	0.0	0.0	0.0	0.0	9.0	10.0	0.0	26.0	0.0	0.0	23.0	21.0	0.0	0.0	34.0	44.0	1.0	0.0	0.0	0.0	0.0	0.0	0.0	6.0	9.0	1.0	0.0	36.0	0.0	0.0	0.0	5.0	1.0	0.0	252.0	92.0	110.0	628.0	0.0	2.0	11.0	0.0	0.0	2.0	0.0	0.0	0.0	0.0	0.0	0.0	0.0	0.0	0.0	35.0	0.0	39.0	0.0	0.0	0.0	0.0	2.0	3.0	0.0	165.0	0.0	14.0	0.0	0.0	0.0	0.0	46.0	8.0	0.0	0.0	0.0	32.0	183.0	0.0	0.0	0.0	0.0	6.0	0.0	0.0	0.0	0.0	3.0	8.0	3.0	3.0	1.0	0.0	10.0	0.0	0.0	0.0	0.0	0.0	0.0	0.0	0.0	0.0	0.0	0.0	0.0	2.0	0.0	0.0	38.0	0.0	0.0	0.0	0.0	0.0	0.0
SRR29856086	0.0	79.0	4.0	0.0	0.0	2103.0	3.0	65.0	3.0	0.0	0.0	0.0	0.0	0.0	0.0	0.0	0.0	0.0	0.0	0.0	0.0	20.0	0.0	11.0	0.0	0.0	0.0	1.0	0.0	0.0	2.0	40.0	0.0	0.0	0.0	0.0	0.0	0.0	0.0	347.0	0.0	0.0	0.0	0.0	0.0	0.0	1.0	740.0	0.0	1.0	15.0	0.0	0.0	0.0	0.0	38.0	696.0	2.0	0.0	0.0	0.0	0.0	267.0	9.0	0.0	0.0	4.0	12.0	26.0	3.0	0.0	191.0	0.0	0.0	0.0	0.0	0.0	0.0	0.0	8.0	0.0	83.0	0.0	0.0	5.0	0.0	0.0	0.0	12.0	24.0	1.0	0.0	0.0	0.0	0.0	0.0	0.0	1.0	0.0	0.0	5.0	2.0	0.0	0.0	0.0	6.0	0.0	0.0	3.0	991.0	0.0	0.0	0.0	0.0	0.0	0.0	0.0	0.0	0.0	0.0	0.0	0.0	5.0	0.0	0.0	0.0	0.0	0.0	2.0	0.0	0.0	0.0	0.0	0.0	0.0	0.0	0.0	69.0	0.0	0.0	0.0	0.0	0.0	0.0	9.0	0.0	0.0	0.0	0.0	0.0	0.0	0.0	0.0	0.0	0.0	6.0	101.0	0.0	0.0	0.0	0.0	0.0	1.0	1.0	0.0	0.0	0.0	0.0	0.0	0.0	0.0	0.0	0.0	0.0	0.0	5.0	248.0	0.0	0.0	0.0	0.0	0.0	1.0	2.0	0.0	0.0	0.0	0.0	0.0
SRR29856087	0.0	331.0	1.0	815.0	0.0	495.0	2.0	40.0	3.0	2.0	148.0	0.0	0.0	0.0	0.0	86.0	0.0	1.0	0.0	2.0	0.0	7.0	8.0	3.0	0.0	0.0	0.0	316.0	1.0	0.0	127.0	15.0	0.0	0.0	5.0	0.0	0.0	0.0	0.0	0.0	0.0	0.0	0.0	0.0	0.0	8.0	0.0	331.0	0.0	0.0	8.0	0.0	0.0	0.0	0.0	0.0	2054.0	0.0	0.0	0.0	3.0	3.0	0.0	0.0	0.0	0.0	0.0	0.0	7.0	7.0	6.0	0.0	0.0	0.0	0.0	0.0	1.0	0.0	0.0	13.0	46.0	111.0	0.0	0.0	0.0	0.0	0.0	25.0	95.0	23.0	1.0	0.0	0.0	0.0	2.0	2.0	0.0	3.0	45.0	0.0	0.0	0.0	0.0	0.0	4.0	11.0	0.0	0.0	10.0	206.0	0.0	204.0	0.0	0.0	40.0	0.0	0.0	0.0	0.0	0.0	0.0	0.0	0.0	0.0	32.0	25.0	0.0	0.0	0.0	17.0	0.0	0.0	2.0	0.0	40.0	0.0	3.0	24.0	0.0	8.0	1.0	0.0	5.0	1.0	68.0	0.0	1.0	0.0	0.0	0.0	1.0	0.0	3.0	0.0	0.0	11.0	0.0	0.0	0.0	0.0	6.0	6.0	0.0	0.0	0.0	0.0	0.0	0.0	0.0	0.0	0.0	0.0	0.0	0.0	0.0	0.0	0.0	0.0	0.0	0.0	0.0	0.0	20.0	0.0	0.0	0.0	0.0	0.0	0.0
SRR29856088	2.0	2452.0	0.0	0.0	0.0	0.0	1.0	5.0	2.0	0.0	0.0	0.0	0.0	0.0	0.0	0.0	0.0	0.0	0.0	53.0	18.0	191.0	0.0	272.0	0.0	0.0	8.0	0.0	0.0	0.0	0.0	0.0	0.0	0.0	35.0	0.0	10.0	0.0	0.0	0.0	0.0	0.0	3.0	0.0	0.0	135.0	0.0	1.0	0.0	286.0	35.0	0.0	0.0	0.0	0.0	0.0	0.0	0.0	0.0	2.0	6.0	14.0	0.0	0.0	0.0	0.0	0.0	0.0	7.0	0.0	9.0	0.0	0.0	0.0	2.0	0.0	0.0	0.0	0.0	0.0	0.0	0.0	0.0	0.0	0.0	0.0	0.0	0.0	0.0	0.0	1.0	0.0	0.0	0.0	1.0	0.0	0.0	1.0	0.0	58.0	0.0	0.0	0.0	0.0	0.0	0.0	0.0	0.0	0.0	0.0	0.0	0.0	0.0	0.0	1.0	0.0	0.0	0.0	0.0	0.0	0.0	0.0	0.0	0.0	0.0	0.0	0.0	0.0	986.0	0.0	0.0	1.0	0.0	0.0	0.0	0.0	0.0	0.0	0.0	0.0	0.0	2.0	0.0	253.0	609.0	27.0	0.0	0.0	0.0	2.0	0.0	0.0	0.0	0.0	0.0	0.0	0.0	0.0	1.0	0.0	0.0	154.0	0.0	0.0	0.0	0.0	0.0	0.0	0.0	0.0	0.0	0.0	0.0	0.0	0.0	0.0	0.0	0.0	0.0	0.0	0.0	0.0	0.0	0.0	0.0	0.0	0.0	0.0	0.0
SRR29856090	0.0	7.0	0.0	607.0	0.0	184.0	12.0	220.0	0.0	14.0	0.0	0.0	0.0	0.0	0.0	1.0	0.0	1.0	0.0	0.0	13.0	70.0	0.0	101.0	0.0	0.0	0.0	77.0	0.0	0.0	0.0	398.0	0.0	23.0	3.0	0.0	1.0	0.0	0.0	0.0	0.0	0.0	0.0	0.0	0.0	23.0	0.0	1950.0	0.0	0.0	278.0	0.0	0.0	0.0	0.0	0.0	252.0	0.0	0.0	0.0	3.0	0.0	0.0	3.0	0.0	0.0	0.0	0.0	25.0	190.0	6.0	0.0	9.0	2.0	0.0	0.0	0.0	0.0	0.0	0.0	0.0	0.0	237.0	0.0	0.0	4.0	0.0	0.0	85.0	52.0	2.0	0.0	1.0	0.0	0.0	0.0	0.0	4.0	17.0	0.0	0.0	0.0	0.0	0.0	0.0	4.0	3.0	0.0	3.0	17.0	1.0	32.0	0.0	0.0	1.0	0.0	0.0	5.0	0.0	0.0	0.0	0.0	0.0	0.0	0.0	0.0	0.0	113.0	0.0	5.0	0.0	0.0	0.0	0.0	22.0	1.0	49.0	20.0	0.0	0.0	0.0	0.0	0.0	0.0	8.0	16.0	0.0	2.0	0.0	0.0	0.0	0.0	0.0	0.0	0.0	0.0	0.0	0.0	0.0	0.0	0.0	219.0	0.0	12.0	0.0	0.0	0.0	0.0	0.0	0.0	0.0	5.0	0.0	0.0	0.0	0.0	0.0	0.0	0.0	0.0	754.0	0.0	75.0	0.0	0.0	0.0	0.0	0.0	0.0
SRR29856091	0.0	7.0	0.0	2464.0	0.0	276.0	1.0	65.0	0.0	0.0	0.0	0.0	0.0	0.0	0.0	1.0	0.0	0.0	0.0	1.0	0.0	24.0	0.0	6.0	0.0	0.0	0.0	0.0	0.0	0.0	139.0	262.0	0.0	0.0	8.0	0.0	0.0	0.0	0.0	1.0	0.0	1.0	0.0	0.0	0.0	50.0	0.0	999.0	0.0	3.0	93.0	0.0	0.0	0.0	0.0	0.0	225.0	4.0	0.0	0.0	1.0	2.0	1.0	6.0	0.0	0.0	0.0	0.0	13.0	80.0	0.0	0.0	0.0	0.0	0.0	0.0	3.0	0.0	1.0	0.0	0.0	0.0	125.0	0.0	1.0	9.0	0.0	0.0	218.0	0.0	26.0	0.0	0.0	0.0	0.0	0.0	0.0	2.0	12.0	0.0	0.0	0.0	0.0	0.0	1.0	0.0	19.0	0.0	6.0	1.0	322.0	6.0	0.0	0.0	0.0	0.0	0.0	2.0	0.0	0.0	0.0	0.0	0.0	0.0	0.0	0.0	0.0	2.0	0.0	0.0	0.0	0.0	0.0	0.0	18.0	0.0	0.0	346.0	0.0	0.0	19.0	0.0	1.0	0.0	36.0	2.0	0.0	15.0	0.0	85.0	9.0	0.0	0.0	0.0	0.0	0.0	0.0	0.0	0.0	0.0	52.0	3.0	0.0	3.0	0.0	0.0	0.0	0.0	0.0	0.0	0.0	0.0	0.0	0.0	0.0	10.0	47.0	0.0	0.0	2.0	96.0	0.0	15.0	0.0	22.0	0.0	0.0	0.0	0.0
SRR29856092	0.0	52.0	3.0	266.0	0.0	1941.0	2.0	123.0	0.0	49.0	0.0	0.0	0.0	0.0	0.0	0.0	0.0	0.0	0.0	2.0	0.0	8.0	0.0	2.0	0.0	0.0	11.0	0.0	0.0	0.0	0.0	0.0	4.0	15.0	9.0	0.0	0.0	7.0	0.0	86.0	0.0	11.0	0.0	0.0	0.0	72.0	0.0	1776.0	0.0	0.0	195.0	0.0	0.0	0.0	0.0	0.0	979.0	0.0	0.0	0.0	0.0	0.0	75.0	0.0	0.0	0.0	0.0	0.0	22.0	11.0	0.0	0.0	7.0	0.0	0.0	0.0	0.0	0.0	0.0	18.0	0.0	0.0	0.0	0.0	36.0	19.0	0.0	0.0	150.0	16.0	7.0	0.0	0.0	0.0	0.0	0.0	0.0	0.0	17.0	0.0	0.0	0.0	0.0	0.0	0.0	13.0	0.0	0.0	36.0	20.0	25.0	0.0	0.0	0.0	0.0	0.0	0.0	0.0	0.0	0.0	0.0	0.0	0.0	0.0	0.0	0.0	0.0	0.0	0.0	0.0	0.0	0.0	0.0	0.0	3.0	0.0	0.0	0.0	0.0	0.0	0.0	0.0	0.0	0.0	4.0	0.0	0.0	0.0	0.0	0.0	0.0	0.0	0.0	0.0	0.0	2.0	0.0	0.0	0.0	7.0	63.0	13.0	12.0	0.0	0.0	0.0	0.0	0.0	0.0	0.0	0.0	0.0	0.0	0.0	0.0	0.0	0.0	0.0	0.0	9.0	41.0	0.0	0.0	0.0	0.0	0.0	0.0	0.0	0.0
SRR29856093	0.0	62.0	0.0	5.0	0.0	2.0	0.0	3.0	0.0	0.0	0.0	0.0	0.0	0.0	0.0	0.0	0.0	0.0	0.0	1.0	2.0	3.0	0.0	0.0	0.0	0.0	0.0	19.0	0.0	0.0	0.0	4.0	6.0	1.0	5.0	0.0	0.0	0.0	0.0	1.0	0.0	0.0	0.0	0.0	0.0	0.0	5424.0	7.0	0.0	0.0	22.0	0.0	0.0	0.0	0.0	0.0	9.0	0.0	0.0	0.0	0.0	0.0	0.0	0.0	0.0	0.0	1.0	0.0	1.0	1.0	0.0	1.0	0.0	0.0	0.0	0.0	0.0	0.0	1.0	0.0	0.0	7.0	0.0	0.0	3.0	0.0	0.0	0.0	4.0	129.0	0.0	0.0	0.0	0.0	0.0	0.0	0.0	1.0	3.0	0.0	0.0	2.0	0.0	0.0	0.0	0.0	0.0	0.0	0.0	0.0	0.0	3.0	1.0	0.0	4.0	0.0	0.0	0.0	0.0	0.0	0.0	0.0	10.0	0.0	0.0	0.0	0.0	0.0	0.0	0.0	0.0	0.0	0.0	0.0	27.0	3.0	0.0	51.0	0.0	0.0	0.0	0.0	0.0	0.0	88.0	0.0	3.0	0.0	0.0	1.0	0.0	0.0	1.0	0.0	0.0	0.0	0.0	0.0	0.0	0.0	1.0	0.0	0.0	0.0	0.0	0.0	0.0	0.0	0.0	0.0	0.0	0.0	0.0	0.0	0.0	0.0	0.0	0.0	0.0	0.0	321.0	0.0	0.0	0.0	0.0	0.0	0.0	0.0	0.0
SRR29856094	10.0	566.0	0.0	0.0	0.0	57.0	2.0	0.0	0.0	0.0	0.0	0.0	0.0	0.0	0.0	0.0	0.0	0.0	0.0	7.0	9.0	936.0	0.0	73.0	27.0	0.0	4.0	0.0	97.0	0.0	0.0	0.0	0.0	0.0	0.0	0.0	0.0	0.0	0.0	0.0	0.0	0.0	2.0	0.0	0.0	0.0	2.0	13.0	0.0	0.0	0.0	0.0	0.0	0.0	0.0	0.0	10.0	0.0	0.0	0.0	13.0	2.0	0.0	0.0	0.0	0.0	0.0	0.0	0.0	0.0	0.0	0.0	0.0	0.0	0.0	0.0	0.0	0.0	0.0	0.0	0.0	0.0	0.0	0.0	0.0	0.0	0.0	0.0	0.0	0.0	0.0	0.0	0.0	0.0	2.0	0.0	0.0	1.0	39.0	4.0	0.0	0.0	0.0	0.0	0.0	0.0	0.0	0.0	0.0	0.0	0.0	1.0	0.0	11.0	0.0	0.0	3.0	0.0	5.0	0.0	0.0	0.0	0.0	0.0	0.0	0.0	0.0	0.0	0.0	0.0	0.0	3.0	0.0	0.0	0.0	0.0	0.0	3.0	0.0	0.0	0.0	0.0	0.0	358.0	0.0	1.0	0.0	0.0	0.0	0.0	1.0	0.0	0.0	0.0	0.0	0.0	0.0	0.0	0.0	0.0	0.0	2976.0	0.0	9.0	0.0	0.0	0.0	0.0	0.0	0.0	0.0	0.0	0.0	0.0	0.0	0.0	0.0	0.0	0.0	0.0	0.0	0.0	0.0	0.0	0.0	0.0	0.0	0.0	0.0
SRR29856095	0.0	5.0	0.0	0.0	0.0	135.0	1.0	41.0	0.0	1.0	0.0	0.0	0.0	1.0	0.0	2.0	0.0	2.0	0.0	1.0	1.0	16.0	0.0	4.0	0.0	0.0	0.0	54.0	0.0	0.0	0.0	0.0	0.0	0.0	0.0	0.0	0.0	1.0	0.0	0.0	58.0	0.0	0.0	0.0	0.0	6.0	0.0	1211.0	0.0	0.0	16.0	0.0	0.0	0.0	2.0	0.0	1545.0	11.0	1542.0	0.0	0.0	12.0	0.0	18.0	0.0	0.0	0.0	0.0	37.0	25.0	2.0	0.0	1.0	0.0	0.0	0.0	0.0	0.0	0.0	0.0	13.0	40.0	223.0	0.0	25.0	1.0	0.0	0.0	334.0	7.0	21.0	0.0	0.0	0.0	0.0	0.0	0.0	2.0	11.0	0.0	0.0	0.0	0.0	0.0	0.0	1.0	0.0	0.0	1.0	3.0	27.0	0.0	0.0	0.0	0.0	0.0	0.0	0.0	0.0	0.0	0.0	17.0	0.0	2.0	0.0	0.0	0.0	0.0	0.0	19.0	0.0	0.0	0.0	0.0	8.0	6.0	0.0	4.0	0.0	0.0	2.0	0.0	2.0	0.0	4.0	0.0	0.0	0.0	0.0	0.0	0.0	0.0	0.0	0.0	0.0	20.0	0.0	0.0	0.0	0.0	0.0	4.0	0.0	1.0	0.0	0.0	0.0	60.0	0.0	0.0	0.0	0.0	0.0	0.0	0.0	0.0	390.0	0.0	0.0	1.0	0.0	0.0	49.0	0.0	0.0	0.0	0.0	0.0	0.0
SRR29856096	0.0	6.0	0.0	158.0	0.0	341.0	0.0	3.0	0.0	0.0	53.0	0.0	0.0	0.0	0.0	62.0	0.0	0.0	0.0	0.0	0.0	2.0	0.0	1.0	0.0	0.0	0.0	1.0	0.0	0.0	108.0	0.0	0.0	5.0	0.0	0.0	0.0	0.0	0.0	398.0	0.0	0.0	0.0	0.0	0.0	4.0	1248.0	1451.0	0.0	0.0	9.0	0.0	0.0	0.0	13.0	52.0	0.0	6.0	0.0	168.0	0.0	4.0	124.0	945.0	0.0	50.0	0.0	0.0	1.0	9.0	3.0	0.0	0.0	0.0	0.0	0.0	1.0	15.0	5.0	251.0	0.0	53.0	32.0	13.0	19.0	0.0	1.0	0.0	10.0	7.0	5.0	0.0	4.0	0.0	0.0	0.0	0.0	0.0	0.0	0.0	0.0	2.0	23.0	0.0	0.0	0.0	3.0	0.0	15.0	37.0	0.0	7.0	0.0	0.0	2.0	0.0	0.0	0.0	0.0	0.0	0.0	39.0	18.0	135.0	0.0	15.0	0.0	2.0	0.0	9.0	0.0	0.0	0.0	0.0	0.0	0.0	0.0	40.0	0.0	0.0	0.0	0.0	0.0	0.0	1.0	0.0	4.0	0.0	1.0	29.0	0.0	0.0	3.0	13.0	0.0	0.0	4.0	0.0	0.0	0.0	10.0	0.0	0.0	0.0	0.0	0.0	40.0	0.0	7.0	0.0	7.0	6.0	0.0	0.0	0.0	22.0	0.0	4.0	0.0	0.0	1.0	10.0	8.0	0.0	7.0	0.0	5.0	0.0	1.0
SRR29856097	0.0	118.0	0.0	123.0	0.0	348.0	1.0	72.0	0.0	9.0	18.0	0.0	0.0	0.0	0.0	14.0	0.0	0.0	0.0	4.0	13.0	20.0	7.0	3.0	1.0	0.0	14.0	0.0	0.0	0.0	0.0	32.0	0.0	5.0	0.0	0.0	3.0	0.0	0.0	18.0	0.0	2.0	0.0	0.0	0.0	15.0	1085.0	2067.0	0.0	2.0	42.0	0.0	0.0	0.0	0.0	0.0	356.0	0.0	0.0	1.0	0.0	101.0	0.0	0.0	0.0	0.0	0.0	0.0	14.0	66.0	2.0	0.0	1.0	0.0	0.0	0.0	260.0	4.0	0.0	0.0	1.0	4.0	0.0	0.0	17.0	5.0	0.0	0.0	31.0	28.0	32.0	0.0	0.0	0.0	0.0	0.0	0.0	10.0	13.0	0.0	4.0	1.0	0.0	0.0	2.0	0.0	2.0	0.0	160.0	215.0	191.0	61.0	0.0	5.0	2.0	0.0	0.0	12.0	2.0	1.0	0.0	0.0	4.0	0.0	0.0	6.0	0.0	2.0	0.0	3.0	0.0	0.0	4.0	0.0	12.0	0.0	0.0	234.0	0.0	0.0	0.0	7.0	3.0	0.0	30.0	8.0	0.0	0.0	3.0	131.0	0.0	0.0	0.0	0.0	0.0	45.0	0.0	0.0	0.0	2.0	43.0	1.0	5.0	1.0	0.0	0.0	2.0	0.0	4.0	0.0	0.0	0.0	0.0	0.0	6.0	10.0	0.0	0.0	0.0	0.0	0.0	0.0	5.0	2.0	14.0	0.0	4.0	0.0	0.0
SRR29856098	0.0	42.0	0.0	2.0	0.0	42.0	0.0	173.0	3.0	3.0	105.0	0.0	0.0	0.0	0.0	166.0	0.0	0.0	0.0	58.0	27.0	1926.0	0.0	33.0	0.0	0.0	0.0	563.0	2.0	0.0	0.0	0.0	0.0	0.0	8.0	2.0	2.0	0.0	0.0	2.0	0.0	0.0	0.0	0.0	0.0	5.0	1.0	1.0	0.0	0.0	839.0	0.0	0.0	0.0	0.0	1.0	14.0	2.0	0.0	0.0	8.0	0.0	13.0	0.0	0.0	0.0	129.0	0.0	0.0	38.0	27.0	0.0	4.0	0.0	2.0	0.0	0.0	0.0	0.0	9.0	0.0	1.0	0.0	0.0	1.0	0.0	0.0	0.0	0.0	5.0	0.0	0.0	0.0	0.0	0.0	0.0	0.0	0.0	213.0	1.0	0.0	0.0	0.0	0.0	0.0	13.0	0.0	0.0	13.0	0.0	0.0	51.0	0.0	0.0	5.0	0.0	0.0	472.0	0.0	0.0	0.0	0.0	0.0	0.0	0.0	14.0	0.0	0.0	69.0	0.0	2.0	0.0	42.0	0.0	117.0	0.0	0.0	110.0	0.0	0.0	0.0	1.0	0.0	0.0	478.0	2.0	0.0	0.0	0.0	10.0	0.0	0.0	0.0	0.0	0.0	0.0	0.0	0.0	20.0	2.0	0.0	18.0	3.0	0.0	0.0	0.0	0.0	0.0	0.0	0.0	0.0	1.0	0.0	0.0	0.0	0.0	3.0	0.0	0.0	3.0	47.0	0.0	18.0	0.0	0.0	0.0	0.0	0.0	0.0
SRR29856099	0.0	49.0	0.0	0.0	0.0	936.0	6.0	223.0	10.0	0.0	0.0	0.0	0.0	0.0	0.0	27.0	0.0	5.0	0.0	0.0	0.0	14.0	0.0	2325.0	0.0	0.0	0.0	129.0	0.0	0.0	0.0	0.0	0.0	0.0	8.0	0.0	2.0	0.0	0.0	2.0	0.0	0.0	0.0	0.0	0.0	8.0	0.0	414.0	0.0	0.0	7.0	0.0	0.0	0.0	0.0	0.0	101.0	0.0	2.0	0.0	2.0	3.0	0.0	2.0	0.0	0.0	26.0	0.0	0.0	11.0	0.0	0.0	0.0	0.0	0.0	0.0	0.0	0.0	0.0	0.0	0.0	1.0	0.0	0.0	0.0	0.0	0.0	0.0	72.0	0.0	3.0	0.0	0.0	0.0	0.0	0.0	0.0	0.0	0.0	0.0	0.0	0.0	0.0	0.0	0.0	0.0	0.0	0.0	11.0	0.0	69.0	0.0	0.0	0.0	0.0	0.0	0.0	0.0	0.0	0.0	0.0	0.0	27.0	0.0	0.0	0.0	0.0	7.0	0.0	2.0	0.0	0.0	22.0	0.0	2.0	0.0	0.0	0.0	0.0	1277.0	0.0	0.0	0.0	0.0	445.0	0.0	0.0	0.0	0.0	0.0	0.0	0.0	0.0	0.0	0.0	0.0	0.0	0.0	0.0	0.0	15.0	3.0	0.0	0.0	0.0	0.0	0.0	0.0	0.0	0.0	0.0	0.0	0.0	0.0	0.0	0.0	0.0	0.0	0.0	0.0	0.0	0.0	5.0	2.0	0.0	0.0	0.0	0.0	0.0
SRR29856102	0.0	17.0	1.0	218.0	0.0	48.0	32.0	83.0	456.0	3.0	39.0	1.0	0.0	0.0	2.0	6.0	0.0	0.0	4.0	3.0	1.0	225.0	13.0	4.0	1.0	392.0	220.0	0.0	4.0	0.0	1.0	435.0	0.0	2.0	15.0	0.0	4.0	7.0	5.0	54.0	0.0	0.0	1.0	0.0	1.0	109.0	0.0	1897.0	0.0	0.0	248.0	0.0	0.0	0.0	0.0	1.0	126.0	5.0	416.0	0.0	2.0	2.0	0.0	0.0	0.0	0.0	1.0	0.0	0.0	78.0	1.0	18.0	1.0	3.0	0.0	0.0	0.0	1.0	1.0	0.0	5.0	5.0	0.0	0.0	5.0	0.0	0.0	0.0	122.0	4.0	7.0	1.0	5.0	1.0	0.0	0.0	0.0	13.0	18.0	0.0	0.0	5.0	0.0	17.0	18.0	0.0	11.0	0.0	0.0	4.0	120.0	26.0	100.0	1.0	0.0	0.0	0.0	0.0	0.0	0.0	0.0	0.0	2.0	0.0	0.0	0.0	0.0	1.0	0.0	11.0	0.0	0.0	15.0	0.0	12.0	0.0	0.0	0.0	1.0	8.0	28.0	2.0	1.0	0.0	74.0	19.0	0.0	30.0	0.0	25.0	0.0	0.0	0.0	0.0	17.0	10.0	0.0	0.0	0.0	14.0	67.0	2.0	0.0	15.0	0.0	0.0	0.0	0.0	0.0	0.0	1.0	0.0	0.0	0.0	0.0	2.0	0.0	0.0	0.0	4.0	62.0	0.0	14.0	0.0	3.0	0.0	0.0	1.0	0.0
