,Source,Target,Type,Weight,Sign,asso,group
0,Sutterella,Bacteroides_H_857956,Undirected,0.412593677704427,Positive,0.309907625054378,high_edge
1,Sutterella,Odoribacter_865974,Undirected,0.430016246092882,Positive,0.350237040563899,high_edge
2,Sutterella,Lentihominibacter,Undirected,0.193512925076258,Negative,-0.300842804038105,high_edge
3,Gemmiger_A_73129,Collinsella,Undirected,0.508440552858912,Positive,0.516738619852696,high_edge
4,Gemmiger_A_73129,Bariatricus,Undirected,0.460420345396167,Positive,0.417707592675217,high_edge
5,Gemmiger_A_73129,Dorea_A,Undirected,0.469528168024377,Positive,0.437199270960854,high_edge
6,Gemmiger_A_73129,Lentihominibacter,Undirected,0.490255231331721,Positive,0.480320541630645,high_edge
7,Gemmiger_A_73129,Mediterraneibacter_A_155507,Undirected,0.517853868486529,Positive,0.535070215733189,high_edge
8,Gemmiger_A_73129,Anaeromassilibacillus,Undirected,0.411263419987687,Positive,0.30677847871081,high_edge
9,Gemmiger_A_73129,1_Aristaeellaceae(F),Undirected,0.409406988911765,Positive,0.302399790507463,high_edge
10,Methanobrevibacter_A,1_CAG-508(F),Undirected,0.434987214236885,Positive,0.361521103848409,high_edge
11,Methanobrevibacter_A,CAG-177,Undirected,0.418137406382073,Positive,0.322871844296439,high_edge
12,Methanobrevibacter_A,Limivicinus,Undirected,0.415507653198452,Positive,0.316737393060838,high_edge
13,Bacteroides_H_857956,Bifidobacterium_388775,Undirected,0.114921183429335,Negative,-0.566729023084257,high_edge
14,Bacteroides_H_857956,Eubacterium_G_180878,Undirected,0.409691364783031,Positive,0.303071430376559,high_edge
15,Bacteroides_H_857956,1_Christensenellales(O),Undirected,0.43801590860809,Positive,0.368347762044818,high_edge
16,Bacteroides_H_857956,Streptococcus,Undirected,0.110809710066885,Negative,-0.581318743422674,high_edge
17,Bacteroides_H_857956,Collinsella,Undirected,0.187960955007452,Negative,-0.318814821184819,high_edge
18,Bacteroides_H_857956,Turicibacter,Undirected,0.160315079638886,Negative,-0.4101415309637,high_edge
19,Bacteroides_H_857956,Faecalibacillus,Undirected,0.17322401974354,Negative,-0.36711704305806,high_edge
20,Bacteroides_H_857956,Coprobacillus,Undirected,0.435697074701708,Positive,0.363124416999582,high_edge
21,Bacteroides_H_857956,Alistipes_A_871400,Undirected,0.633093290490849,Positive,0.730758933034335,high_edge
22,Bacteroides_H_857956,Blautia_A_141781,Undirected,0.142825508776649,Negative,-0.46949621680802,high_edge
23,Bacteroides_H_857956,Odoribacter_865974,Undirected,0.528819994847792,Positive,0.55597880548953,high_edge
24,Bacteroides_H_857956,Phocaeicola_A,Undirected,0.754812271841005,Positive,0.879765955920461,high_edge
25,Bacteroides_H_857956,1_Oscillospiraceae_88309(F),Undirected,0.427699887922405,Positive,0.344945163431944,high_edge
26,Bacteroides_H_857956,Pauljensenia,Undirected,0.182080176215527,Negative,-0.337985676279245,high_edge
27,Bacteroides_H_857956,Parabacteroides_B_862066,Undirected,0.480484672916835,Positive,0.460207649851344,high_edge
28,Bacteroides_H_857956,Vescimonas,Undirected,0.417449991110257,Positive,0.32127097428512,high_edge
29,Bacteroides_H_857956,Alistipes_A_871404,Undirected,0.503434203770966,Positive,0.50684482003085,high_edge
30,Bacteroides_H_857956,Anaerostipes,Undirected,0.174832819054599,Negative,-0.36180175301876,high_edge
31,Bacteroides_H_857956,Clostridium_T,Undirected,0.120200927265223,Negative,-0.548092816769948,high_edge
32,Bacteroides_H_857956,Barnesiella_B,Undirected,0.470941002203017,Positive,0.440193153700105,high_edge
33,Bacteroides_H_857956,UBA5905,Undirected,0.467205454962189,Positive,0.432259945555904,high_edge
34,Bacteroides_H_857956,Anaerotruncus,Undirected,0.444362165389783,Positive,0.382533193499338,high_edge
35,Bacteroides_H_857956,Dysosmobacter,Undirected,0.537707985723276,Positive,0.572572187071938,high_edge
36,Bacteroides_H_857956,Merdimmobilis,Undirected,0.47829521189359,Positive,0.455648228133692,high_edge
37,Bacteroides_H_857956,Anaerobutyricum,Undirected,0.172042522957109,Negative,-0.371027167582458,high_edge
38,Bacteroides_H_857956,Dorea_A,Undirected,0.133971412158948,Negative,-0.500011029915933,high_edge
39,Bacteroides_H_857956,Romboutsia_B,Undirected,0.132076041078446,Negative,-0.506583996940128,high_edge
40,Bacteroides_H_857956,Lentihominibacter,Undirected,0.169383891674794,Negative,-0.379846238818623,high_edge
41,Bacteroides_H_857956,Terrisporobacter,Undirected,0.179592226079401,Negative,-0.346137831018706,high_edge
42,Bacteroides_H_857956,Intestinibacter,Undirected,0.162714211011868,Negative,-0.402094984882959,high_edge
43,Bacteroides_H_857956,Enterocloster,Undirected,0.426593553425271,Positive,0.342410094053085,high_edge
44,Bacteroides_H_857956,1_Anaerotignaceae(F),Undirected,0.411341683212235,Positive,0.306962772153191,high_edge
45,Bacteroides_H_857956,Hominibacterium,Undirected,0.183568175367922,Negative,-0.333121848544127,high_edge
46,Bacteroides_H_857956,Acetatifactor,Undirected,0.456322160246063,Positive,0.408828813120985,high_edge
47,Bacteroides_H_857956,Lawsonibacter,Undirected,0.531134233821349,Positive,0.560329786611413,high_edge
48,Bacteroides_H_857956,Blautia_A_141893,Undirected,0.18796386307491,Negative,-0.318805375344448,high_edge
49,Bacteroides_H_857956,Eubacterium_F,Undirected,0.437849068760032,Positive,0.367972661012074,high_edge
50,Bacteroides_H_857956,Parasutterella_564865,Undirected,0.432423708811563,Positive,0.355714307361557,high_edge
51,Bacteroides_H_857956,UMGS1071,Undirected,0.409628195802632,Positive,0.30292226561749,high_edge
52,Bifidobacterium_388775,Eubacterium_G_180878,Undirected,0.183724957759752,Negative,-0.332609889168638,high_edge
53,Bifidobacterium_388775,1_Christensenellales(O),Undirected,0.192990132288293,Negative,-0.302529853168133,high_edge
54,Bifidobacterium_388775,Streptococcus,Undirected,0.585997900437038,Positive,0.657204523114919,high_edge
55,Bifidobacterium_388775,Collinsella,Undirected,0.448283186998559,Positive,0.391217116503066,high_edge
56,Bifidobacterium_388775,Turicibacter,Undirected,0.470131672214036,Positive,0.438479110418612,high_edge
57,Bifidobacterium_388775,Ruminococcus_E,Undirected,0.410244789672282,Positive,0.304377583782619,high_edge
58,Bifidobacterium_388775,Faecalibacillus,Undirected,0.4139899857814,Positive,0.313184526471033,high_edge
59,Bifidobacterium_388775,Thomasclavelia,Undirected,0.412908119027969,Positive,0.310646246593445,high_edge
60,Bifidobacterium_388775,Alistipes_A_871400,Undirected,0.115206090440288,Negative,-0.565720524787919,high_edge
61,Bifidobacterium_388775,Eggerthella,Undirected,0.46981292979214,Positive,0.437803341168811,high_edge
62,Bifidobacterium_388775,Blautia_A_141781,Undirected,0.554600724753279,Positive,0.603238971219392,high_edge
63,Bifidobacterium_388775,CAG-269,Undirected,0.17529365560074,Negative,-0.360281108984782,high_edge
64,Bifidobacterium_388775,Odoribacter_865974,Undirected,0.15225731944737,Negative,-0.437335304861118,high_edge
65,Bifidobacterium_388775,Phocaeicola_A,Undirected,0.128243149471745,Negative,-0.519920012885883,high_edge
66,Bifidobacterium_388775,Pauljensenia,Undirected,0.453902317985791,Positive,0.403554643397417,high_edge
67,Bifidobacterium_388775,Parabacteroides_B_862066,Undirected,0.190263131275718,Negative,-0.311347593142809,high_edge
68,Bifidobacterium_388775,Vescimonas,Undirected,0.179700978396003,Negative,-0.345780969688951,high_edge
69,Bifidobacterium_388775,Alistipes_A_871404,Undirected,0.167471781533703,Negative,-0.386206469085331,high_edge
70,Bifidobacterium_388775,Anaerostipes,Undirected,0.565706680479352,Positive,0.622778625239472,high_edge
71,Bifidobacterium_388775,Clostridium_T,Undirected,0.517744867779929,Positive,0.534859974894805,high_edge
72,Bifidobacterium_388775,UBA5905,Undirected,0.173649285920285,Negative,-0.365711005320109,high_edge
73,Bifidobacterium_388775,Dysosmobacter,Undirected,0.1448777480653,Negative,-0.462468131507744,high_edge
74,Bifidobacterium_388775,Anaerobutyricum,Undirected,0.534790865754175,Positive,0.567160922828499,high_edge
75,Bifidobacterium_388775,Dorea_A,Undirected,0.464728524105948,Positive,0.426968894188406,high_edge
76,Bifidobacterium_388775,Romboutsia_B,Undirected,0.511456525208605,Positive,0.5226505464775,high_edge
77,Bifidobacterium_388775,Lentihominibacter,Undirected,0.471006599499237,Positive,0.440331964453278,high_edge
78,Bifidobacterium_388775,Intestinibacter,Undirected,0.485969048048658,Positive,0.471544360871994,high_edge
79,Bifidobacterium_388775,Fusicatenibacter,Undirected,0.421913693247425,Positive,0.331632443890337,high_edge
80,Bifidobacterium_388775,Acetatifactor,Undirected,0.186591231188803,Negative,-0.323267650357893,high_edge
81,Bifidobacterium_388775,Lawsonibacter,Undirected,0.161510818473302,Negative,-0.406128215074624,high_edge
82,Bifidobacterium_388775,Eubacterium_F,Undirected,0.156064687915988,Negative,-0.424453621964678,high_edge
83,Bifidobacterium_388775,Faecousia,Undirected,0.168449704077193,Negative,-0.382951789298617,high_edge
84,Bifidobacterium_388775,Gordonibacter,Undirected,0.464841603560062,Positive,0.427210981439668,high_edge
85,Enterococcus_B,Streptococcus,Undirected,0.416125003921279,Positive,0.318179977908148,high_edge
86,Enterococcus_B,Thomasclavelia,Undirected,0.413442607838498,Positive,0.311900851401396,high_edge
87,Enterococcus_B,Clostridium_T,Undirected,0.437335395056182,Positive,0.366817084686835,high_edge
88,Eubacterium_G_180878,Faecalibacterium,Undirected,0.444442157001242,Positive,0.382710966165134,high_edge
89,Eubacterium_G_180878,Phocaeicola_A,Undirected,0.439119149889397,Positive,0.370825343958414,high_edge
90,Eubacterium_G_180878,Vescimonas,Undirected,0.40858723022735,Positive,0.300461871499686,high_edge
91,Eubacterium_G_180878,Agathobaculum,Undirected,0.411638775588111,Positive,0.307662139217085,high_edge
92,Eubacterium_G_180878,Lachnospira,Undirected,0.44785224208194,Positive,0.390265706852119,high_edge
93,Eubacterium_G_180878,Agathobacter_164117,Undirected,0.441462882546999,Positive,0.376072576854585,high_edge
94,1_Christensenellales(O),Streptococcus,Undirected,0.190605888115952,Negative,-0.310237656705132,high_edge
95,1_Christensenellales(O),Alistipes_A_871400,Undirected,0.435711378267849,Positive,0.363156702767259,high_edge
96,1_Christensenellales(O),Blautia_A_141781,Undirected,0.186004009183893,Negative,-0.325178946129392,high_edge
97,1_Christensenellales(O),Hominicoprocola,Undirected,0.420124967846726,Positive,0.327489894170479,high_edge
98,1_Christensenellales(O),Phocaeicola_A,Undirected,0.410719735928822,Positive,0.305497540752404,high_edge
99,1_Christensenellales(O),Clostridium_T,Undirected,0.171306075471618,Negative,-0.373467241100503,high_edge
100,1_Christensenellales(O),UBA5905,Undirected,0.487303899624815,Positive,0.474285417320156,high_edge
101,1_Christensenellales(O),Anaerobutyricum,Undirected,0.191335829252669,Negative,-0.307875482100938,high_edge
102,1_Christensenellales(O),Romboutsia_B,Undirected,0.185857758913544,Negative,-0.325655177442554,high_edge
103,1_Christensenellales(O),Intestinibacter,Undirected,0.193512594795688,Negative,-0.300843869506368,high_edge
104,1_Christensenellales(O),Eubacterium_F,Undirected,0.420580343493296,Positive,0.328545723307307,high_edge
105,Gemella,Streptococcus,Undirected,0.453132743359048,Positive,0.401872407227999,high_edge
106,Gemella,Blautia_A_141781,Undirected,0.419967416628345,Positive,0.327124404454409,high_edge
107,Gemella,Clostridium_T,Undirected,0.412165451880257,Positive,0.308901088073715,high_edge
108,Granulicatella,Streptococcus,Undirected,0.445001639322552,Positive,0.383953639290691,high_edge
109,Granulicatella,Hominicoprocola,Undirected,0.188728143585898,Negative,-0.316324050019168,high_edge
110,Streptococcus,Collinsella,Undirected,0.429077715018087,Positive,0.348095489022062,high_edge
111,Streptococcus,Turicibacter,Undirected,0.454051701700562,Positive,0.403880911167895,high_edge
112,Streptococcus,Alistipes_A_871400,Undirected,0.12118478960536,Negative,-0.544632348041952,high_edge
113,Streptococcus,Eggerthella,Undirected,0.462572628613413,Positive,0.422343640969006,high_edge
114,Streptococcus,Blautia_A_141781,Undirected,0.602151643907738,Positive,0.683433371109369,high_edge
115,Streptococcus,CAG-269,Undirected,0.171567967344516,Negative,-0.372599265459394,high_edge
116,Streptococcus,Hominicoprocola,Undirected,0.1737237659503,Negative,-0.365464829910708,high_edge
117,Streptococcus,Odoribacter_865974,Undirected,0.174679092378603,Negative,-0.362309201114013,high_edge
118,Streptococcus,Phocaeicola_A,Undirected,0.129299557098493,Negative,-0.51623852253776,high_edge
119,Streptococcus,Pauljensenia,Undirected,0.478864846379583,Positive,0.45683630332205,high_edge
120,Streptococcus,Parabacteroides_B_862066,Undirected,0.147454377643011,Negative,-0.453668076400131,high_edge
121,Streptococcus,Vescimonas,Undirected,0.152430689173877,Negative,-0.43674747330854,high_edge
122,Streptococcus,Alistipes_A_871404,Undirected,0.130313864046064,Negative,-0.512707950140975,high_edge
123,Streptococcus,Butyricimonas,Undirected,0.185488566865425,Negative,-0.326857749413878,high_edge
124,Streptococcus,Anaerostipes,Undirected,0.525421170993963,Positive,0.549549870118518,high_edge
125,Streptococcus,Clostridium_T,Undirected,0.551972181111404,Positive,0.598542147003854,high_edge
126,Streptococcus,Barnesiella_B,Undirected,0.140646139491688,Negative,-0.47697811514108,high_edge
127,Streptococcus,Nanosynbacter,Undirected,0.445480345160856,Positive,0.385015904794152,high_edge
128,Streptococcus,1_Chloroplast(C),Undirected,0.411292041742245,Positive,0.306845879767971,high_edge
129,Streptococcus,UBA5905,Undirected,0.149631316051585,Negative,-0.446253797280317,high_edge
130,Streptococcus,Dysosmobacter,Undirected,0.139821005304228,Negative,-0.47981580583166,high_edge
131,Streptococcus,Merdimmobilis,Undirected,0.188843987522103,Negative,-0.315948153158084,high_edge
132,Streptococcus,Anaerobutyricum,Undirected,0.481764054604046,Positive,0.462863009799123,high_edge
133,Streptococcus,Dorea_A,Undirected,0.466842155972851,Positive,0.431485426704645,high_edge
134,Streptococcus,Romboutsia_B,Undirected,0.499588461320166,Positive,0.499176583912161,high_edge
135,Streptococcus,Lentihominibacter,Undirected,0.423850043431156,Positive,0.336102455091439,high_edge
136,Streptococcus,Terrisporobacter,Undirected,0.422541627364142,Positive,0.333083655745494,high_edge
137,Streptococcus,Intestinibacter,Undirected,0.462286663569158,Positive,0.421728735648824,high_edge
138,Streptococcus,CAG-177,Undirected,0.18879145275949,Negative,-0.316118614232118,high_edge
139,Streptococcus,Acetatifactor,Undirected,0.187519587168522,Negative,-0.320248842469618,high_edge
140,Streptococcus,Lawsonibacter,Undirected,0.165634377020328,Negative,-0.392331985620512,high_edge
141,Streptococcus,Blautia_A_141893,Undirected,0.41169807417736,Positive,0.307801688146747,high_edge
142,Streptococcus,Eubacterium_F,Undirected,0.166252833051984,Negative,-0.390268676787686,high_edge
143,Streptococcus,Slackia,Undirected,0.420302420379768,Positive,0.327901432364889,high_edge
144,Streptococcus,Faecousia,Undirected,0.166537791965325,Negative,-0.389318504444071,high_edge
145,Streptococcus,Anaerotardibacter,Undirected,0.423877997277055,Positive,0.336166875957005,high_edge
146,Streptococcus,Parasutterella_564865,Undirected,0.18330818570023,Negative,-0.3339710390885,high_edge
147,Veillonella_A,Agathobaculum,Undirected,0.446864221547351,Positive,0.388081621191163,high_edge
148,Veillonella_A,Ruthenibacterium,Undirected,0.182536946260884,Negative,-0.336491688456961,high_edge
149,Veillonella_A,Lachnospira,Undirected,0.408584478677634,Positive,0.300455362277988,high_edge
150,Veillonella_A,1_Anaerovoracaceae(F),Undirected,0.188855403673885,Negative,-0.315911112298114,high_edge
151,Veillonella_A,Roseburia_A_166204,Undirected,0.490754475973962,Positive,0.481337992518892,high_edge
152,Veillonella_A,Hominilimicola,Undirected,0.408465515174399,Positive,0.300173906524222,high_edge
153,Veillonella_A,Haemophilus_D_735815,Undirected,0.474292421148102,Positive,0.447263083075351,high_edge
154,Veillonella_A,1_Aristaeellaceae(F),Undirected,0.192248350974027,Negative,-0.304925453008358,high_edge
155,Veillonella_A,UMGS1071,Undirected,0.430421662774021,Positive,0.351161035525778,high_edge
156,Collinsella,Blautia_A_141781,Undirected,0.433699683067025,Positive,0.358607902083224,high_edge
157,Collinsella,Anaerotruncus,Undirected,0.174307928398236,Negative,-0.363534794212024,high_edge
158,Collinsella,Anaerobutyricum,Undirected,0.419698422990167,Positive,0.326500159439801,high_edge
159,Collinsella,Dorea_A,Undirected,0.449255843733028,Positive,0.393361748675562,high_edge
160,Collinsella,Lentihominibacter,Undirected,0.467322340574429,Positive,0.432509022297791,high_edge
161,Collinsella,Terrisporobacter,Undirected,0.437807741940296,Positive,0.367879729955463,high_edge
162,Collinsella,Anaerotardibacter,Undirected,0.430063011829576,Positive,0.350343659030451,high_edge
163,Turicibacter,Alistipes_A_871400,Undirected,0.159777641978721,Negative,-0.411947221837678,high_edge
164,Turicibacter,Blautia_A_141781,Undirected,0.42609586847486,Positive,0.34126809563675,high_edge
165,Turicibacter,Hominicoprocola,Undirected,0.178990799512962,Negative,-0.348112214568731,high_edge
166,Turicibacter,Phocaeicola_A,Undirected,0.17513360768227,Negative,-0.360809130350534,high_edge
167,Turicibacter,Alistipes_A_871404,Undirected,0.190450601633988,Negative,-0.310740456789545,high_edge
168,Turicibacter,Clostridium_T,Undirected,0.485351384647902,Positive,0.470273605432337,high_edge
169,Turicibacter,Romboutsia_B,Undirected,0.536481950734775,Positive,0.570302036010721,high_edge
170,Turicibacter,Terrisporobacter,Undirected,0.473164035041544,Positive,0.444887732052586,high_edge
171,Turicibacter,Intestinibacter,Undirected,0.526848765405307,Positive,0.552255818403035,high_edge
172,Turicibacter,Faecousia,Undirected,0.179174422950636,Negative,-0.347509255876843,high_edge
173,1_Eggerthellaceae(F),Alistipes_A_871400,Undirected,0.190892296700261,Negative,-0.309310551077958,high_edge
174,Ruminococcus_E,Faecalibacillus,Undirected,0.452040604777707,Positive,0.399481002375237,high_edge
175,Ruminococcus_E,Anaerobutyricum,Undirected,0.456061979825541,Positive,0.408262860417379,high_edge
176,Ruminococcus_E,Fusicatenibacter,Undirected,0.434859542168129,Positive,0.361232525843167,high_edge
177,Ruminococcus_E,Hominibacterium,Undirected,0.414621900064717,Positive,0.314664960232316,high_edge
178,Ruminococcus_E,Hungatella_A_128155,Undirected,0.190674635579167,Negative,-0.310015090989828,high_edge
179,Ruminococcus_E,Gordonibacter,Undirected,0.417580281801837,Positive,0.321574543707945,high_edge
180,Faecalibacillus,Alistipes_A_871400,Undirected,0.180650334921363,Negative,-0.342667747328951,high_edge
181,Faecalibacillus,Blautia_A_141781,Undirected,0.473894707847374,Positive,0.446426443138,high_edge
182,Faecalibacillus,Phocaeicola_A,Undirected,0.168420442659932,Negative,-0.383049120371806,high_edge
183,Faecalibacillus,Parabacteroides_B_862066,Undirected,0.192792405646225,Negative,-0.303168200764816,high_edge
184,Faecalibacillus,Butyricimonas,Undirected,0.17662901804413,Negative,-0.355879547853946,high_edge
185,Faecalibacillus,Anaerostipes,Undirected,0.456304353502473,Positive,0.408790087959272,high_edge
186,Faecalibacillus,Anaerobutyricum,Undirected,0.477362877334713,Positive,0.453700876024299,high_edge
187,Faecalibacillus,Dorea_A,Undirected,0.504589856791879,Positive,0.509137580013019,high_edge
188,Faecalibacillus,Fusicatenibacter,Undirected,0.437272780974947,Positive,0.366676153936661,high_edge
189,Faecalibacillus,Agathobacter_164117,Undirected,0.425816040257709,Positive,0.340625560749326,high_edge
190,Faecalibacillus,Hominibacterium,Undirected,0.415043041640366,Positive,0.315650713733292,high_edge
191,Faecalibacillus,Mediterraneibacter_A_155507,Undirected,0.466709747054011,Positive,0.431203012225606,high_edge
192,Faecalibacillus,Gordonibacter,Undirected,0.428638995952866,Positive,0.347093206108503,high_edge
193,Thomasclavelia,Eggerthella,Undirected,0.408945337584849,Positive,0.301308772074624,high_edge
194,Thomasclavelia,Intestinibacter,Undirected,0.419092484017365,Positive,0.32509291574977,high_edge
195,Thomasclavelia,Fusicatenibacter,Undirected,0.433269203507675,Positive,0.35763240861435,high_edge
196,Thomasclavelia,Sellimonas,Undirected,0.439430087262677,Positive,0.37152274586734,high_edge
197,Thomasclavelia,Ruminococcus_B,Undirected,0.421071764344621,Positive,0.329684195921901,high_edge
198,Thomasclavelia,Faecousia,Undirected,0.187535723117552,Negative,-0.32019640242024,high_edge
199,Coprobacillus,Phocaeicola_A,Undirected,0.419794179281421,Positive,0.326722411208561,high_edge
200,Alistipes_A_871400,Blautia_A_141781,Undirected,0.114780113321187,Negative,-0.5672284955433,high_edge
201,Alistipes_A_871400,CAG-269,Undirected,0.418423171523968,Positive,0.323536785159521,high_edge
202,Alistipes_A_871400,Hominicoprocola,Undirected,0.457315517346278,Positive,0.410987104573724,high_edge
203,Alistipes_A_871400,Odoribacter_865974,Undirected,0.566766024316303,Positive,0.624616644626596,high_edge
204,Alistipes_A_871400,Phocaeicola_A,Undirected,0.646872520027551,Positive,0.750601965776615,high_edge
205,Alistipes_A_871400,1_Oscillospiraceae_88309(F),Undirected,0.447345984164804,Positive,0.389147077562462,high_edge
206,Alistipes_A_871400,Pauljensenia,Undirected,0.183770658301958,Negative,-0.332460676497638,high_edge
207,Alistipes_A_871400,Parabacteroides_B_862066,Undirected,0.5165045865433,Positive,0.53246437033267,high_edge
208,Alistipes_A_871400,Vescimonas,Undirected,0.486120985683317,Positive,0.471856717289829,high_edge
209,Alistipes_A_871400,Alistipes_A_871404,Undirected,0.571589137929953,Positive,0.632928266520798,high_edge
210,Alistipes_A_871400,Butyricimonas,Undirected,0.428423896582472,Positive,0.346601516004072,high_edge
211,Alistipes_A_871400,Anaerostipes,Undirected,0.159945726269908,Negative,-0.411382365624386,high_edge
212,Alistipes_A_871400,Clostridium_T,Undirected,0.115822265171646,Negative,-0.563540533532398,high_edge
213,Alistipes_A_871400,Barnesiella_B,Undirected,0.532753433441351,Positive,0.563361292078309,high_edge
214,Alistipes_A_871400,UBA5905,Undirected,0.516854603232853,Positive,0.533141051165432,high_edge
215,Alistipes_A_871400,Anaerotruncus,Undirected,0.442335886386421,Positive,0.378021472775162,high_edge
216,Alistipes_A_871400,Dysosmobacter,Undirected,0.607356926978705,Positive,0.691662834416788,high_edge
217,Alistipes_A_871400,Merdimmobilis,Undirected,0.416732381649105,Positive,0.319597770766549,high_edge
218,Alistipes_A_871400,Anaerobutyricum,Undirected,0.137921412478142,Negative,-0.486358982127363,high_edge
219,Alistipes_A_871400,Romboutsia_B,Undirected,0.111765180526661,Negative,-0.577922189049671,high_edge
220,Alistipes_A_871400,Lentihominibacter,Undirected,0.168527829171984,Negative,-0.382691941722908,high_edge
221,Alistipes_A_871400,Terrisporobacter,Undirected,0.181282418580385,Negative,-0.340596956251166,high_edge
222,Alistipes_A_871400,Intestinibacter,Undirected,0.131581725347365,Negative,-0.50830059950132,high_edge
223,Alistipes_A_871400,Hominibacterium,Undirected,0.181448724486573,Negative,-0.340052381289317,high_edge
224,Alistipes_A_871400,Acetatifactor,Undirected,0.410078363493251,Positive,0.303984925562397,high_edge
225,Alistipes_A_871400,Lawsonibacter,Undirected,0.500365946349197,Positive,0.500731624864933,high_edge
226,Alistipes_A_871400,Blautia_A_141893,Undirected,0.186931513760411,Negative,-0.322160726631872,high_edge
227,Alistipes_A_871400,Eubacterium_F,Undirected,0.462131271028452,Positive,0.421394460789063,high_edge
228,Alistipes_A_871400,Intestinimonas,Undirected,0.423118436092078,Positive,0.334415322446301,high_edge
229,Alistipes_A_871400,Faecousia,Undirected,0.487271135820051,Positive,0.474218223673479,high_edge
230,Alistipes_A_871400,Gordonibacter,Undirected,0.191973017426513,Negative,-0.30581520913363,high_edge
231,Alistipes_A_871400,Parasutterella_564865,Undirected,0.428408546723655,Positive,0.346566421082871,high_edge
232,Eggerthella,Blautia_A_141781,Undirected,0.478565411560384,Positive,0.456211939957618,high_edge
233,Eggerthella,Hominicoprocola,Undirected,0.150377746927506,Negative,-0.443715945831961,high_edge
234,Eggerthella,Pauljensenia,Undirected,0.415984393428441,Positive,0.317851542561707,high_edge
235,Eggerthella,Parabacteroides_B_862066,Undirected,0.19055775549865,Negative,-0.310393494366766,high_edge
236,Eggerthella,Alistipes_A_871404,Undirected,0.163263083964199,Negative,-0.400257333314206,high_edge
237,Eggerthella,Anaerostipes,Undirected,0.516816864781559,Positive,0.533068115680956,high_edge
238,Eggerthella,Clostridium_T,Undirected,0.42629752014079,Positive,0.341730929206786,high_edge
239,Eggerthella,Barnesiella_B,Undirected,0.180177110279794,Negative,-0.344219141018378,high_edge
240,Eggerthella,UBA5905,Undirected,0.184798765802877,Negative,-0.329106104473024,high_edge
241,Eggerthella,Dysosmobacter,Undirected,0.187271195361351,Negative,-0.321056219778736,high_edge
242,Eggerthella,Anaerobutyricum,Undirected,0.408433376826782,Positive,0.300097860694873,high_edge
243,Eggerthella,Coprococcus_A_121497,Undirected,0.181002628393897,Negative,-0.34151338939541,high_edge
244,Eggerthella,Faecousia,Undirected,0.166950003176079,Negative,-0.387944594416669,high_edge
245,Akkermansia,Coprococcus_A_121497,Undirected,0.412062605637013,Positive,0.308659240619323,high_edge
246,Faecalibacterium,Agathobaculum,Undirected,0.479954051324979,Positive,0.459104422533396,high_edge
247,Faecalibacterium,Agathobacter_164117,Undirected,0.451495936972112,Positive,0.398286585683796,high_edge
248,Faecalibacterium,Roseburia_A_166204,Undirected,0.439165645134863,Positive,0.37092965280601,high_edge
249,Blautia_A_141781,Hominicoprocola,Undirected,0.14617212342133,Negative,-0.458044085645682,high_edge
250,Blautia_A_141781,Odoribacter_865974,Undirected,0.138237318977224,Negative,-0.485269836807126,high_edge
251,Blautia_A_141781,Phocaeicola_A,Undirected,0.14996664552059,Negative,-0.445113407455035,high_edge
252,Blautia_A_141781,Pauljensenia,Undirected,0.428680311894453,Positive,0.347187627965962,high_edge
253,Blautia_A_141781,Parabacteroides_B_862066,Undirected,0.127186815940235,Negative,-0.523605708537091,high_edge
254,Blautia_A_141781,Vescimonas,Undirected,0.15240208729519,Negative,-0.436844443243103,high_edge
255,Blautia_A_141781,Alistipes_A_871404,Undirected,0.118140373242832,Negative,-0.555352802608584,high_edge
256,Blautia_A_141781,Butyricimonas,Undirected,0.143416917453216,Negative,-0.467469154610702,high_edge
257,Blautia_A_141781,Anaerostipes,Undirected,0.629539637476956,Positive,0.725518239598589,high_edge
258,Blautia_A_141781,Clostridium_T,Undirected,0.544265978111089,Positive,0.584613002585915,high_edge
259,Blautia_A_141781,Barnesiella_B,Undirected,0.114828707312751,Negative,-0.567056434795232,high_edge
260,Blautia_A_141781,UBA5905,Undirected,0.159463310681267,Negative,-0.413003852181791,high_edge
261,Blautia_A_141781,Dysosmobacter,Undirected,0.147348118635997,Negative,-0.454030461587147,high_edge
262,Blautia_A_141781,2_Oscillospiraceae_88309(F),Undirected,0.190235410884238,Negative,-0.311437379571637,high_edge
263,Blautia_A_141781,Merdimmobilis,Undirected,0.191695385201889,Negative,-0.306712700607846,high_edge
264,Blautia_A_141781,Anaerobutyricum,Undirected,0.607379396321295,Positive,0.691698123133939,high_edge
265,Blautia_A_141781,Angelakisella,Undirected,0.187423449272774,Negative,-0.320561301583513,high_edge
266,Blautia_A_141781,Dorea_A,Undirected,0.468269181083319,Positive,0.434524672428392,high_edge
267,Blautia_A_141781,Romboutsia_B,Undirected,0.519556470069064,Positive,0.538348029095003,high_edge
268,Blautia_A_141781,Lentihominibacter,Undirected,0.476701366075573,Positive,0.452317079465657,high_edge
269,Blautia_A_141781,Intestinibacter,Undirected,0.494836474216798,Positive,0.489619624436569,high_edge
270,Blautia_A_141781,Fusicatenibacter,Undirected,0.471548912181273,Positive,0.441478895566408,high_edge
271,Blautia_A_141781,CAG-177,Undirected,0.175240591079776,Negative,-0.360456165204874,high_edge
272,Blautia_A_141781,1_Clostridia_258483(C),Undirected,0.192141052828018,Negative,-0.305272157051646,high_edge
273,Blautia_A_141781,Lawsonibacter,Undirected,0.172730001421962,Negative,-0.368751301094614,high_edge
274,Blautia_A_141781,Eubacterium_F,Undirected,0.14762607161132,Negative,-0.453082627593502,high_edge
275,Blautia_A_141781,RUG13077,Undirected,0.178908916719151,Negative,-0.348381134086636,high_edge
276,Blautia_A_141781,Faecousia,Undirected,0.164846570709582,Negative,-0.39496250091109,high_edge
277,Blautia_A_141781,1_CAG-138(F),Undirected,0.176774368821441,Negative,-0.355400879658673,high_edge
278,Blautia_A_141781,1_QAKW01(F),Undirected,0.172889816460986,Negative,-0.368222511427884,high_edge
279,1_CAG-508(F),Hominicoprocola,Undirected,0.423409156077744,Positive,0.33508599741004,high_edge
280,1_CAG-508(F),Parabacteroides_B_862066,Undirected,0.43947885460905,Positive,0.371632091139234,high_edge
281,1_CAG-508(F),CAG-177,Undirected,0.459220321641727,Positive,0.415114678949446,high_edge
282,1_CAG-508(F),Desulfovibrio_446353,Undirected,0.413616385760189,Positive,0.312308513902114,high_edge
283,CAG-269,Hominicoprocola,Undirected,0.426065316367717,Positive,0.341197957847822,high_edge
284,CAG-269,Vescimonas,Undirected,0.464165000210167,Positive,0.42576170600046,high_edge
285,CAG-269,CAG-177,Undirected,0.41395215704717,Positive,0.313095851540671,high_edge
286,CAG-269,Ruminococcus_B,Undirected,0.192556602565346,Negative,-0.303929680121632,high_edge
287,CAG-269,Faecousia,Undirected,0.442737467392876,Positive,0.378916939504588,high_edge
288,Hominicoprocola,Phocaeicola_A,Undirected,0.413535794284768,Positive,0.312119470829604,high_edge
289,Hominicoprocola,1_Oscillospiraceae_88309(F),Undirected,0.418127304169539,Positive,0.322848331693983,high_edge
290,Hominicoprocola,Alistipes_A_871404,Undirected,0.504265187582781,Positive,0.50849399151533,high_edge
291,Hominicoprocola,Limiplasma,Undirected,0.424069915365994,Positive,0.336609075226934,high_edge
292,Hominicoprocola,Anaerostipes,Undirected,0.185651890836123,Negative,-0.326325685797562,high_edge
293,Hominicoprocola,Clostridium_T,Undirected,0.162892186423865,Negative,-0.401498983100434,high_edge
294,Hominicoprocola,Barnesiella_B,Undirected,0.435806206813227,Positive,0.363370727459043,high_edge
295,Hominicoprocola,Nanosynbacter,Undirected,0.191944327049896,Negative,-0.30590794117369,high_edge
296,Hominicoprocola,1_Chloroplast(C),Undirected,0.192735036677321,Negative,-0.303353442016732,high_edge
297,Hominicoprocola,UBA5905,Undirected,0.418916056853498,Positive,0.324682902034626,high_edge
298,Hominicoprocola,Dysosmobacter,Undirected,0.438330877093916,Positive,0.369055592747821,high_edge
299,Hominicoprocola,2_Oscillospiraceae_88309(F),Undirected,0.437859160751788,Positive,0.367995353698633,high_edge
300,Hominicoprocola,Merdimmobilis,Undirected,0.40993039383486,Positive,0.303635719760233,high_edge
301,Hominicoprocola,Romboutsia_B,Undirected,0.1895276526879,Negative,-0.31373085151517,high_edge
302,Hominicoprocola,Terrisporobacter,Undirected,0.160762329122028,Negative,-0.408639736441367,high_edge
303,Hominicoprocola,Intestinibacter,Undirected,0.16552895143945,Negative,-0.392683861771488,high_edge
304,Hominicoprocola,CAG-177,Undirected,0.426033307629071,Positive,0.34112447209755,high_edge
305,Hominicoprocola,Acetatifactor,Undirected,0.432295756068041,Positive,0.355423782843285,high_edge
306,Hominicoprocola,Lawsonibacter,Undirected,0.453262705703385,Positive,0.402156662050433,high_edge
307,Hominicoprocola,Eubacterium_F,Undirected,0.45524584105983,Positive,0.406485812634775,high_edge
308,Hominicoprocola,Faecousia,Undirected,0.507155139805085,Positive,0.514207887558908,high_edge
309,Odoribacter_865974,Phocaeicola_A,Undirected,0.544226012291697,Positive,0.584540144256943,high_edge
310,Odoribacter_865974,Parabacteroides_B_862066,Undirected,0.443421863910843,Positive,0.380441556855039,high_edge
311,Odoribacter_865974,Vescimonas,Undirected,0.417833652701453,Positive,0.322164688146136,high_edge
312,Odoribacter_865974,Alistipes_A_871404,Undirected,0.458169971790579,Positive,0.412840441061156,high_edge
313,Odoribacter_865974,Anaerostipes,Undirected,0.191389640817984,Negative,-0.307701425952937,high_edge
314,Odoribacter_865974,Clostridium_T,Undirected,0.159123195587189,Negative,-0.414147600399003,high_edge
315,Odoribacter_865974,Barnesiella_B,Undirected,0.50335381990301,Positive,0.506685143590136,high_edge
316,Odoribacter_865974,Dysosmobacter,Undirected,0.468308439026705,Positive,0.434608167979563,high_edge
317,Odoribacter_865974,Anaerobutyricum,Undirected,0.142927718305222,Negative,-0.469145792098986,high_edge
318,Odoribacter_865974,Romboutsia_B,Undirected,0.175307405381086,Negative,-0.360235751238552,high_edge
319,Odoribacter_865974,Lentihominibacter,Undirected,0.143774955235075,Negative,-0.466242654565396,high_edge
320,Odoribacter_865974,Terrisporobacter,Undirected,0.187076355700097,Negative,-0.321689702923671,high_edge
321,Odoribacter_865974,Intestinibacter,Undirected,0.16270810800503,Negative,-0.402115424801034,high_edge
322,Odoribacter_865974,Acetatifactor,Undirected,0.408436991174428,Positive,0.300106413178473,high_edge
323,Odoribacter_865974,Lawsonibacter,Undirected,0.44463522863998,Positive,0.383139941464465,high_edge
324,Phocaeicola_A,1_Oscillospiraceae_88309(F),Undirected,0.440483421661464,Positive,0.373882397128674,high_edge
325,Phocaeicola_A,Pauljensenia,Undirected,0.179833098764044,Negative,-0.345347491765982,high_edge
326,Phocaeicola_A,Parabacteroides_B_862066,Undirected,0.492692950281685,Positive,0.485279114612199,high_edge
327,Phocaeicola_A,Alistipes_A_871404,Undirected,0.462120013711749,Positive,0.421370240701103,high_edge
328,Phocaeicola_A,Butyricimonas,Undirected,0.424764752423441,Positive,0.33820881989107,high_edge
329,Phocaeicola_A,Anaerostipes,Undirected,0.184176937083789,Negative,-0.331134539971977,high_edge
330,Phocaeicola_A,Clostridium_T,Undirected,0.133415645676337,Negative,-0.501936886317121,high_edge
331,Phocaeicola_A,Barnesiella_B,Undirected,0.4645849762581,Positive,0.426661504702921,high_edge
332,Phocaeicola_A,UBA5905,Undirected,0.432135545131549,Positive,0.355059921793915,high_edge
333,Phocaeicola_A,Anaerotruncus,Undirected,0.42803847104389,Positive,0.345720018788379,high_edge
334,Phocaeicola_A,Dysosmobacter,Undirected,0.595497457902801,Positive,0.672755386873807,high_edge
335,Phocaeicola_A,Merdimmobilis,Undirected,0.4754096695167,Positive,0.449609970326844,high_edge
336,Phocaeicola_A,Anaerobutyricum,Undirected,0.169804008768258,Negative,-0.378450767714508,high_edge
337,Phocaeicola_A,Dorea_A,Undirected,0.156831149328625,Negative,-0.421867421484976,high_edge
338,Phocaeicola_A,Romboutsia_B,Undirected,0.130142643320598,Negative,-0.513303641938554,high_edge
339,Phocaeicola_A,Lentihominibacter,Undirected,0.170015527479077,Negative,-0.377748449251669,high_edge
340,Phocaeicola_A,Terrisporobacter,Undirected,0.17876914949746,Negative,-0.348840219634249,high_edge
341,Phocaeicola_A,Intestinibacter,Undirected,0.148751205212532,Negative,-0.449249021254234,high_edge
342,Phocaeicola_A,Enterocloster,Undirected,0.436607620180301,Positive,0.365178052722191,high_edge
343,Phocaeicola_A,Hominibacterium,Undirected,0.186919654396094,Negative,-0.322199296814734,high_edge
344,Phocaeicola_A,Acetatifactor,Undirected,0.45593375855593,Positive,0.407983849841845,high_edge
345,Phocaeicola_A,Lawsonibacter,Undirected,0.518923732956186,Positive,0.537131250574377,high_edge
346,Phocaeicola_A,Blautia_A_141893,Undirected,0.178930135949953,Negative,-0.348311443302324,high_edge
347,Phocaeicola_A,Eubacterium_F,Undirected,0.429801689771055,Positive,0.349747774024112,high_edge
348,Phocaeicola_A,Gordonibacter,Undirected,0.189344153981755,Negative,-0.314325801367114,high_edge
349,Phocaeicola_A,Parasutterella_564865,Undirected,0.414563715119118,Positive,0.314528712689742,high_edge
350,1_Oscillospiraceae_88309(F),Alistipes_A_871404,Undirected,0.429033241443346,Positive,0.347993921246615,high_edge
351,1_Oscillospiraceae_88309(F),Clostridium_T,Undirected,0.164015903527715,Negative,-0.397738819109166,high_edge
352,1_Oscillospiraceae_88309(F),Dysosmobacter,Undirected,0.444440715113307,Positive,0.382707761952373,high_edge
353,1_Oscillospiraceae_88309(F),Terrisporobacter,Undirected,0.180076380321563,Negative,-0.344549484213182,high_edge
354,1_Oscillospiraceae_88309(F),Lawsonibacter,Undirected,0.43753454806603,Positive,0.367265230761429,high_edge
355,Eubacterium_R,Ruminococcus_C_58660,Undirected,0.419126485008404,Positive,0.325171919162616,high_edge
356,Eubacterium_R,Faecousia,Undirected,0.413760754695589,Positive,0.312647094529829,high_edge
357,Pauljensenia,Parabacteroides_B_862066,Undirected,0.18642166825661,Negative,-0.323819403764716,high_edge
358,Pauljensenia,Anaerostipes,Undirected,0.433852773880944,Positive,0.358954636715397,high_edge
359,Pauljensenia,Clostridium_T,Undirected,0.441860856873295,Positive,0.376961393819574,high_edge
360,Pauljensenia,Barnesiella_B,Undirected,0.192084161556121,Negative,-0.305456004016953,high_edge
361,Pauljensenia,Dysosmobacter,Undirected,0.168031353092654,Negative,-0.384343658873681,high_edge
362,Pauljensenia,Merdimmobilis,Undirected,0.187083498440588,Negative,-0.321666477015186,high_edge
363,Pauljensenia,Anaerobutyricum,Undirected,0.4100421914222,Positive,0.303899568196161,high_edge
364,Pauljensenia,Romboutsia_B,Undirected,0.436629662681151,Positive,0.365227726058492,high_edge
365,Pauljensenia,Intestinibacter,Undirected,0.41008399223633,Positive,0.303998207568346,high_edge
366,Prevotella,Dialister_37762,Undirected,0.410566929653915,Positive,0.305137311164774,high_edge
367,Parabacteroides_B_862066,Vescimonas,Undirected,0.434757949716445,Positive,0.361002849182486,high_edge
368,Parabacteroides_B_862066,Alistipes_A_871404,Undirected,0.470740365650471,Positive,0.439768478896405,high_edge
369,Parabacteroides_B_862066,Butyricimonas,Undirected,0.442094773454063,Positive,0.377483516385454,high_edge
370,Parabacteroides_B_862066,Anaerostipes,Undirected,0.153991639382119,Negative,-0.431460292470709,high_edge
371,Parabacteroides_B_862066,Barnesiella_B,Undirected,0.490516957550774,Positive,0.480854058913361,high_edge
372,Parabacteroides_B_862066,Dysosmobacter,Undirected,0.529408240537744,Positive,0.557086791852437,high_edge
373,Parabacteroides_B_862066,Anaerobutyricum,Undirected,0.155456567145966,Negative,-0.426507219953751,high_edge
374,Parabacteroides_B_862066,Lawsonibacter,Undirected,0.492635019112845,Positive,0.485161552338754,high_edge
375,Parabacteroides_B_862066,Parasutterella_564865,Undirected,0.437565773113574,Positive,0.367335480853337,high_edge
376,Vescimonas,Alistipes_A_871404,Undirected,0.450589164183158,Positive,0.396295466974078,high_edge
377,Vescimonas,Clostridium_T,Undirected,0.179068882553339,Negative,-0.347855799184447,high_edge
378,Vescimonas,Barnesiella_B,Undirected,0.449875933609579,Positive,0.394727023156135,high_edge
379,Vescimonas,UBA5905,Undirected,0.428805058608122,Positive,0.347472677856659,high_edge
380,Vescimonas,Anaerobutyricum,Undirected,0.19186790945721,Negative,-0.306154951530121,high_edge
381,Vescimonas,Romboutsia_B,Undirected,0.164922171560602,Negative,-0.39470995910212,high_edge
382,Vescimonas,Intestinibacter,Undirected,0.193663667397317,Negative,-0.300356562550288,high_edge
383,Vescimonas,Ruminococcus_B,Undirected,0.186492907502423,Negative,-0.323587579087723,high_edge
384,Vescimonas,Limivicinus,Undirected,0.423145609368563,Positive,0.334478024018468,high_edge
385,Vescimonas,Faecousia,Undirected,0.423462525381454,Positive,0.335209080720939,high_edge
386,Alistipes_A_871404,Butyricimonas,Undirected,0.444711402093278,Positive,0.383309146069574,high_edge
387,Alistipes_A_871404,Anaerostipes,Undirected,0.176671552726675,Negative,-0.355739464179007,high_edge
388,Alistipes_A_871404,Clostridium_T,Undirected,0.149237259537647,Negative,-0.447594481118026,high_edge
389,Alistipes_A_871404,Barnesiella_B,Undirected,0.513519855721208,Positive,0.526674138444972,high_edge
390,Alistipes_A_871404,UBA5905,Undirected,0.445906010375806,Positive,0.385959701324688,high_edge
391,Alistipes_A_871404,Dysosmobacter,Undirected,0.495039562754178,Positive,0.490029913633017,high_edge
392,Alistipes_A_871404,Anaerobutyricum,Undirected,0.156297548043784,Negative,-0.423667654873861,high_edge
393,Alistipes_A_871404,Dorea_A,Undirected,0.18610640337291,Negative,-0.324845573261159,high_edge
394,Alistipes_A_871404,Romboutsia_B,Undirected,0.181853428641247,Negative,-0.338727624452165,high_edge
395,Alistipes_A_871404,Lentihominibacter,Undirected,0.187408482717992,Negative,-0.320609947917352,high_edge
396,Alistipes_A_871404,Terrisporobacter,Undirected,0.184430731515884,Negative,-0.330306463391432,high_edge
397,Alistipes_A_871404,Intestinibacter,Undirected,0.174784649813719,Negative,-0.361960748366134,high_edge
398,Alistipes_A_871404,Acetatifactor,Undirected,0.416095717322383,Positive,0.318111577341474,high_edge
399,Alistipes_A_871404,Lawsonibacter,Undirected,0.484561699385964,Positive,0.46864671652023,high_edge
400,Alistipes_A_871404,Faecousia,Undirected,0.441225905315308,Positive,0.375543022218606,high_edge
401,Alistipes_A_871404,Parasutterella_564865,Undirected,0.435527953060114,Positive,0.36274261644699,high_edge
402,Alistipes_A_871404,1_QAKW01(F),Undirected,0.414085122170609,Positive,0.31340751187634,high_edge
403,Limiplasma,Ventrisoma,Undirected,0.41022191794239,Positive,0.304323627848895,high_edge
404,Limiplasma,Faecousia,Undirected,0.488249217092651,Positive,0.476222272387431,high_edge
405,Limiplasma,1_Aristaeellaceae(F),Undirected,0.487944204805059,Positive,0.475597725214553,high_edge
406,Limiplasma,SFLA01,Undirected,0.435846468815198,Positive,0.363461586503438,high_edge
407,Clostridium_AP_143938,1_Chloroplast(C),Undirected,0.431012862093834,Positive,0.3525072737947,high_edge
408,Clostridium_AP_143938,Sellimonas,Undirected,0.417305730308835,Positive,0.320934776138159,high_edge
409,Clostridium_AP_143938,Faecousia,Undirected,0.191479421181323,Negative,-0.307411052746578,high_edge
410,Butyricimonas,Barnesiella_B,Undirected,0.452507534298361,Positive,0.400503999999879,high_edge
411,Butyricimonas,Anaerobutyricum,Undirected,0.188871351484571,Negative,-0.315859368884933,high_edge
412,Anaerostipes,Clostridium_T,Undirected,0.43747424051476,Positive,0.367129539831109,high_edge
413,Anaerostipes,Barnesiella_B,Undirected,0.168527591625736,Negative,-0.382692731775397,high_edge
414,Anaerostipes,UBA5905,Undirected,0.179931036716227,Negative,-0.345026209082645,high_edge
415,Anaerostipes,Dysosmobacter,Undirected,0.165339885533724,Negative,-0.393315013361715,high_edge
416,Anaerostipes,Anaerobutyricum,Undirected,0.514972031359196,Positive,0.52949573927235,high_edge
417,Anaerostipes,Dorea_A,Undirected,0.4736064615686,Positive,0.44581968539534,high_edge
418,Anaerostipes,Hominimerdicola,Undirected,0.193324787440731,Negative,-0.301449797115083,high_edge
419,Anaerostipes,Lentihominibacter,Undirected,0.440995491130221,Positive,0.375027918126513,high_edge
420,Anaerostipes,Fusicatenibacter,Undirected,0.447168211829422,Positive,0.388754027976242,high_edge
421,Anaerostipes,Lawsonibacter,Undirected,0.177702136214757,Negative,-0.352347553571548,high_edge
422,Anaerostipes,Eubacterium_F,Undirected,0.167516845725623,Negative,-0.386056404301233,high_edge
423,Anaerostipes,RUG13077,Undirected,0.182533326177404,Negative,-0.336503525621157,high_edge
424,Anaerostipes,Parasutterella_564865,Undirected,0.174482453736593,Negative,-0.362958438377512,high_edge
425,Agathobaculum,Roseburia_A_166204,Undirected,0.434785408405355,Positive,0.361064930896998,high_edge
426,Clostridium_T,Barnesiella_B,Undirected,0.158536725998286,Negative,-0.416120882987367,high_edge
427,Clostridium_T,1_Chloroplast(C),Undirected,0.423022095554152,Positive,0.334192995562555,high_edge
428,Clostridium_T,UBA5905,Undirected,0.178752461912364,Negative,-0.348895037630006,high_edge
429,Clostridium_T,Dysosmobacter,Undirected,0.140461453092572,Negative,-0.477613027239466,high_edge
430,Clostridium_T,2_Oscillospiraceae_88309(F),Undirected,0.192570018843549,Negative,-0.303886348940612,high_edge
431,Clostridium_T,Merdimmobilis,Undirected,0.19143529707483,Negative,-0.307553757632936,high_edge
432,Clostridium_T,Anaerobutyricum,Undirected,0.479413960564512,Positive,0.457980351089746,high_edge
433,Clostridium_T,Dorea_A,Undirected,0.409120690395183,Positive,0.30172328296187,high_edge
434,Clostridium_T,Romboutsia_B,Undirected,0.593805072114289,Positive,0.670011361119845,high_edge
435,Clostridium_T,Lentihominibacter,Undirected,0.458073642132467,Positive,0.41263164529686,high_edge
436,Clostridium_T,Terrisporobacter,Undirected,0.530320867229767,Positive,0.558803024480404,high_edge
437,Clostridium_T,Intestinibacter,Undirected,0.580144628552941,Positive,0.647442934134104,high_edge
438,Clostridium_T,Lawsonibacter,Undirected,0.170656877668785,Negative,-0.375620029116179,high_edge
439,Clostridium_T,Eubacterium_F,Undirected,0.178773364341179,Negative,-0.348826374231013,high_edge
440,Clostridium_T,Faecousia,Undirected,0.176317424456154,Negative,-0.356905970509089,high_edge
441,Barnesiella_B,UBA5905,Undirected,0.45764843049079,Positive,0.411709550101793,high_edge
442,Barnesiella_B,Dysosmobacter,Undirected,0.434448248559409,Positive,0.360302432884959,high_edge
443,Barnesiella_B,Bariatricus,Undirected,0.161090485033126,Negative,-0.407538348603912,high_edge
444,Barnesiella_B,Anaerobutyricum,Undirected,0.167616117617696,Negative,-0.385725855299676,high_edge
445,Barnesiella_B,Romboutsia_B,Undirected,0.154524619560188,Negative,-0.429657237859691,high_edge
446,Barnesiella_B,Lentihominibacter,Undirected,0.16833601152081,Negative,-0.38332997946623,high_edge
447,Barnesiella_B,Intestinibacter,Undirected,0.180189944046676,Negative,-0.344177055684386,high_edge
448,Barnesiella_B,CAG-177,Undirected,0.409725406669234,Positive,0.303151808936396,high_edge
449,Barnesiella_B,Lawsonibacter,Undirected,0.428321528437213,Positive,0.346367450303273,high_edge
450,Barnesiella_B,Parasutterella_564865,Undirected,0.423996283019391,Positive,0.336439436049044,high_edge
451,Nanosynbacter,Romboutsia_B,Undirected,0.408876197356678,Positive,0.301145299896999,high_edge
452,1_Chloroplast(C),1_Mitochondria(F),Undirected,0.430916093670932,Positive,0.352287015114498,high_edge
453,1_Chloroplast(C),Slackia,Undirected,0.42405332782285,Positive,0.336570861616132,high_edge
454,UBA5905,Dysosmobacter,Undirected,0.411819259458028,Positive,0.308086832910995,high_edge
455,UBA5905,Romboutsia_B,Undirected,0.176342938036021,Negative,-0.356821911446267,high_edge
456,UBA5905,Lawsonibacter,Undirected,0.44954476037367,Positive,0.393998058335838,high_edge
457,UBA5905,Eubacterium_F,Undirected,0.469414829523112,Positive,0.436958753740022,high_edge
458,UBA5905,Faecousia,Undirected,0.429043964555053,Positive,0.348018411177976,high_edge
459,UBA5905,Parasutterella_564865,Undirected,0.455050754516174,Positive,0.406060639693219,high_edge
460,Anaerotruncus,Dysosmobacter,Undirected,0.419427156021372,Positive,0.325870345669135,high_edge
461,Anaerotruncus,Lawsonibacter,Undirected,0.411599357031848,Positive,0.30756936670933,high_edge
462,Anaerotruncus,Intestinimonas,Undirected,0.408548130453821,Positive,0.30036937202066,high_edge
463,Dysosmobacter,Merdimmobilis,Undirected,0.466635074376424,Positive,0.431043712229113,high_edge
464,Dysosmobacter,Anaerobutyricum,Undirected,0.162745848103563,Negative,-0.401989029735643,high_edge
465,Dysosmobacter,Romboutsia_B,Undirected,0.171962594969357,Negative,-0.371291888259763,high_edge
466,Dysosmobacter,Intestinibacter,Undirected,0.171469934735222,Negative,-0.372924138095313,high_edge
467,Dysosmobacter,Lawsonibacter,Undirected,0.519358471338707,Positive,0.537967441852271,high_edge
468,Dysosmobacter,Blautia_A_141893,Undirected,0.188941908724624,Negative,-0.315630454846511,high_edge
469,Dysosmobacter,Intestinimonas,Undirected,0.425032262435707,Positive,0.338824201520396,high_edge
470,Dysosmobacter,Faecousia,Undirected,0.415388289599315,Positive,0.31645829612477,high_edge
471,Dysosmobacter,Parasutterella_564865,Undirected,0.469004535367936,Positive,0.436087633080356,high_edge
472,Dysosmobacter,1_QAKW01(F),Undirected,0.413665639154151,Positive,0.312424034582979,high_edge
473,Bariatricus,Dorea_A,Undirected,0.435558726527065,Positive,0.362812097600504,high_edge
474,Bariatricus,Lentihominibacter,Undirected,0.427102200225233,Positive,0.343576222026462,high_edge
475,2_Oscillospiraceae_88309(F),Faecousia,Undirected,0.419800148854448,Positive,0.326736265461358,high_edge
476,Merdimmobilis,CAG-177,Undirected,0.418732109582011,Positive,0.324255279138041,high_edge
477,Merdimmobilis,Lawsonibacter,Undirected,0.435234730488725,Positive,0.362080380707715,high_edge
478,Merdimmobilis,Gordonibacter,Undirected,0.177800809345149,Negative,-0.352023018226985,high_edge
479,Anaerobutyricum,Dorea_A,Undirected,0.436377597706996,Positive,0.364659575266927,high_edge
480,Anaerobutyricum,Romboutsia_B,Undirected,0.466416845748121,Positive,0.430578034997232,high_edge
481,Anaerobutyricum,Lentihominibacter,Undirected,0.447283084790486,Positive,0.389008023282558,high_edge
482,Anaerobutyricum,Coprococcus_A_187866,Undirected,0.416870523360057,Positive,0.319920026947251,high_edge
483,Anaerobutyricum,Intestinibacter,Undirected,0.497077391691366,Positive,0.49413770010408,high_edge
484,Anaerobutyricum,Fusicatenibacter,Undirected,0.509247343279628,Positive,0.518323659843793,high_edge
485,Anaerobutyricum,Mediterraneibacter_A_155507,Undirected,0.409939476874322,Positive,0.303657158097303,high_edge
486,Anaerobutyricum,Gordonibacter,Undirected,0.421849583993015,Positive,0.3314841929419,high_edge
487,Angelakisella,Desulfovibrio_446353,Undirected,0.411252095594905,Positive,0.306751810117219,high_edge
488,Dorea_A,Lentihominibacter,Undirected,0.517006827939058,Positive,0.533435191485019,high_edge
489,Dorea_A,Coprococcus_A_187866,Undirected,0.420762285458993,Positive,0.328967340106621,high_edge
490,Dorea_A,Acetatifactor,Undirected,0.170356144944445,Negative,-0.376617852462885,high_edge
491,Dorea_A,Lawsonibacter,Undirected,0.181589735669517,Negative,-0.339590721522982,high_edge
492,Dorea_A,Mediterraneibacter_A_155507,Undirected,0.511350082143874,Positive,0.522442515558402,high_edge
493,Dorea_A,Blautia_A_141893,Undirected,0.410642972714193,Positive,0.305316588777673,high_edge
494,Dorea_A,Parasutterella_564865,Undirected,0.192690628340124,Negative,-0.303496843139729,high_edge
495,Ruthenibacterium,Hominilimicola,Undirected,0.16454119934757,Negative,-0.395982815175192,high_edge
496,Lachnospira,Roseburia_A_166204,Undirected,0.454045962963143,Positive,0.403868378886317,high_edge
497,Lachnospira,Acetatifactor,Undirected,0.43606590711266,Positive,0.363956677758665,high_edge
498,Hominimerdicola,Agathobacter_164117,Undirected,0.418068035277394,Positive,0.322710376868174,high_edge
499,Hominimerdicola,Eubacterium_F,Undirected,0.448957765636866,Positive,0.39270491189617,high_edge
500,Hominimerdicola,Ruminococcus_C_58660,Undirected,0.444030420043213,Positive,0.381795652325347,high_edge
501,Romboutsia_B,Lentihominibacter,Undirected,0.454243628388912,Positive,0.4042999656918,high_edge
502,Romboutsia_B,Terrisporobacter,Undirected,0.441509027341586,Positive,0.376175666918118,high_edge
503,Romboutsia_B,Intestinibacter,Undirected,0.576853213568803,Positive,0.641893594265903,high_edge
504,Romboutsia_B,Lawsonibacter,Undirected,0.191468310859602,Negative,-0.307446984688449,high_edge
505,Romboutsia_B,Blautia_A_141893,Undirected,0.415457781130349,Positive,0.316620788717891,high_edge
506,Romboutsia_B,Eubacterium_F,Undirected,0.168616752084216,Negative,-0.382396209829996,high_edge
507,Romboutsia_B,Faecousia,Undirected,0.164858278412648,Negative,-0.394923390271772,high_edge
508,1_Anaerovoracaceae(F),Mediterraneibacter_A_155507,Undirected,0.423263033013454,Positive,0.334748941822319,high_edge
509,Lentihominibacter,Coprococcus_A_187866,Undirected,0.409982013230048,Positive,0.303757550575866,high_edge
510,Lentihominibacter,Terrisporobacter,Undirected,0.41959999577936,Positive,0.326271670201363,high_edge
511,Lentihominibacter,Intestinibacter,Undirected,0.465703330006348,Positive,0.429054136867389,high_edge
512,Lentihominibacter,Hominibacterium,Undirected,0.420255012714597,Positive,0.327791499434896,high_edge
513,Lentihominibacter,Lawsonibacter,Undirected,0.171820726477495,Negative,-0.371761818184527,high_edge
514,Lentihominibacter,Mediterraneibacter_A_155507,Undirected,0.460266907313006,Positive,0.417376377317066,high_edge
515,Lentihominibacter,Blautia_A_141893,Undirected,0.409047040827732,Positive,0.301549200091081,high_edge
516,Terrisporobacter,Intestinibacter,Undirected,0.539475257660775,Positive,0.57583392338678,high_edge
517,Terrisporobacter,Faecousia,Undirected,0.186375649690375,Negative,-0.323969166833518,high_edge
518,Intestinibacter,Faecousia,Undirected,0.17964703027117,Negative,-0.345957989885822,high_edge
519,CAG-177,RUG13077,Undirected,0.439390214282846,Positive,0.371433336316332,high_edge
520,Enterocloster,Roseburia_A_166204,Undirected,0.411569861382903,Positive,0.307499943934129,high_edge
521,Enterocloster,Alitiscatomonas,Undirected,0.423520587608326,Positive,0.3353429741771,high_edge
522,Enterocloster,Eisenbergiella,Undirected,0.450897877150455,Positive,0.396973717364246,high_edge
523,Roseburia_A_166204,Acetatifactor,Undirected,0.442603029392617,Positive,0.378617234315424,high_edge
524,Roseburia_A_166204,Eisenbergiella,Undirected,0.431021373091237,Positive,0.352526644242037,high_edge
525,Acetatifactor,Lawsonibacter,Undirected,0.465975388916018,Positive,0.429635429513203,high_edge
526,Acetatifactor,Faecousia,Undirected,0.413900802067918,Positive,0.312975460366739,high_edge
527,Acetatifactor,Anaerotardibacter,Undirected,0.159768721304456,Negative,-0.411977203396698,high_edge
528,Lawsonibacter,Anaerotardibacter,Undirected,0.188249304519689,Negative,-0.317878383225536,high_edge
529,Lawsonibacter,Parasutterella_564865,Undirected,0.46717784581851,Positive,0.432201104026793,high_edge
530,Sellimonas,Faecousia,Undirected,0.172550493961764,Negative,-0.369345370085841,high_edge
531,Ventrisoma,1_Aristaeellaceae(F),Undirected,0.44060643024669,Positive,0.374157668237298,high_edge
532,Coprococcus_A_121497,Faecousia,Undirected,0.41863452374926,Positive,0.3240283660475,high_edge
533,Eubacterium_F,Faecousia,Undirected,0.46530082813476,Positive,0.428193591213252,high_edge
534,RUG13077,1_CAG-138(F),Undirected,0.418476633076577,Positive,0.323661147444093,high_edge
0,Escherichia,Gemmiger_A_73129,Undirected,0.178430091428433,Negative,-0.349954229340585,low_edge
1,Escherichia,Blautia_A_141780,Undirected,0.432659667903821,Positive,0.356249895153995,low_edge
2,Escherichia,Clostridium_AQ,Undirected,0.463015949038729,Positive,0.423296258026446,low_edge
3,Escherichia,Granulicatella,Undirected,0.411660953260511,Positive,0.307714332163338,low_edge
4,Escherichia,Collinsella,Undirected,0.177824581409909,Negative,-0.351944837867584,low_edge
5,Escherichia,Thomasclavelia,Undirected,0.44782977259883,Positive,0.39021607994348,low_edge
6,Escherichia,Coprobacillus,Undirected,0.412985776056975,Positive,0.310828601777137,low_edge
7,Escherichia,Eggerthella,Undirected,0.428434842930251,Positive,0.346626542447666,low_edge
8,Escherichia,Bariatricus,Undirected,0.174380740842097,Negative,-0.36329432218489,low_edge
9,Escherichia,Enterocloster,Undirected,0.418839982514061,Positive,0.324506068151485,low_edge
10,Gemmiger_A_73129,Blautia_A_141780,Undirected,0.151004412351664,Negative,-0.441587015692687,low_edge
11,Gemmiger_A_73129,Clostridium_AQ,Undirected,0.155457958359108,Negative,-0.426502520197932,low_edge
12,Gemmiger_A_73129,Gemella,Undirected,0.183541783763141,Negative,-0.333208037721348,low_edge
13,Gemmiger_A_73129,Granulicatella,Undirected,0.193320215314767,Negative,-0.301464550039629,low_edge
14,Gemmiger_A_73129,Ruminococcus_E,Undirected,0.409463059685536,Positive,0.302532244248063,low_edge
15,Gemmiger_A_73129,Faecalibacillus,Undirected,0.45575022037655,Positive,0.407584354759653,low_edge
16,Gemmiger_A_73129,Thomasclavelia,Undirected,0.149792288022597,Negative,-0.445706307011699,low_edge
17,Gemmiger_A_73129,Eggerthella,Undirected,0.174735180416221,Negative,-0.362124044885296,low_edge
18,Gemmiger_A_73129,Faecalibacterium,Undirected,0.451742096106274,Positive,0.398826541636115,low_edge
19,Gemmiger_A_73129,Vescimonas,Undirected,0.409347982175055,Positive,0.302260387678641,low_edge
20,Gemmiger_A_73129,Clostridium_AP_143938,Undirected,0.191416315668644,Negative,-0.307615149133738,low_edge
21,Gemmiger_A_73129,Bariatricus,Undirected,0.458239496959605,Positive,0.412991114690836,low_edge
22,Gemmiger_A_73129,Anaerobutyricum,Undirected,0.471193708489275,Positive,0.440727812117348,low_edge
23,Gemmiger_A_73129,Dorea_A,Undirected,0.435855770822933,Positive,0.363482577372427,low_edge
24,Gemmiger_A_73129,Hominimerdicola,Undirected,0.447339064174965,Positive,0.389131780025993,low_edge
25,Gemmiger_A_73129,Lentihominibacter,Undirected,0.561156576887148,Positive,0.61483289998119,low_edge
26,Gemmiger_A_73129,Fusicatenibacter,Undirected,0.410951864479029,Positive,0.306044588078535,low_edge
27,Gemmiger_A_73129,Enterocloster,Undirected,0.192309982822506,Negative,-0.304726327696361,low_edge
28,Gemmiger_A_73129,Agathobacter_164117,Undirected,0.425489471283647,Positive,0.339875304788112,low_edge
29,Gemmiger_A_73129,Roseburia_A_166204,Undirected,0.411313152756355,Positive,0.306895591764675,low_edge
30,Gemmiger_A_73129,Onthenecus,Undirected,0.473410258301191,Positive,0.445406487875163,low_edge
31,Gemmiger_A_73129,Schaedlerella,Undirected,0.164961483609533,Negative,-0.394578647711186,low_edge
32,Gemmiger_A_73129,Sellimonas,Undirected,0.179890771273903,Negative,-0.345158294083426,low_edge
33,Gemmiger_A_73129,Faecalimonas,Undirected,0.172615066248513,Negative,-0.369131657197904,low_edge
34,Gemmiger_A_73129,Blautia_A_141893,Undirected,0.424732468081734,Positive,0.338134533441333,low_edge
35,Gemmiger_A_73129,Ruminococcus_B,Undirected,0.109132453477303,Negative,-0.587289970894738,low_edge
36,Gemmiger_A_73129,1_Aristaeellaceae(F),Undirected,0.417948911593291,Positive,0.322433060969131,low_edge
37,Methanobrevibacter_A,Limiplasma,Undirected,0.423826336077074,Positive,0.336047818003261,low_edge
38,Bacteroides_H_857956,Blautia_A_141780,Undirected,0.190915004669893,Negative,-0.309237059336638,low_edge
39,Bacteroides_H_857956,Gemella,Undirected,0.189945533234626,Negative,-0.312376478253069,low_edge
40,Bacteroides_H_857956,Alistipes_A_871400,Undirected,0.505962008691555,Positive,0.511852926287834,low_edge
41,Bacteroides_H_857956,Phocaeicola_A,Undirected,0.568808165223258,Positive,0.628147203243734,low_edge
42,Bacteroides_H_857956,Pauljensenia,Undirected,0.186886006488097,Negative,-0.322308732889751,low_edge
43,Bacteroides_H_857956,Prevotella,Undirected,0.429218599772815,Positive,0.348417186309389,low_edge
44,Bacteroides_H_857956,Parabacteroides_B_862066,Undirected,0.461916029954095,Positive,0.420931282359276,low_edge
45,Bacteroides_H_857956,Vescimonas,Undirected,0.414149350953367,Positive,0.313558034023278,low_edge
46,Bacteroides_H_857956,Barnesiella_B,Undirected,0.435904202776167,Positive,0.363591863108818,low_edge
47,Bacteroides_H_857956,Agathobacter_164117,Undirected,0.421185191749199,Positive,0.329946835499176,low_edge
48,Bacteroides_H_857956,Merdimonas,Undirected,0.190252650096341,Negative,-0.311381541351997,low_edge
49,Bacteroides_H_857956,Faecousia,Undirected,0.408588738069509,Positive,0.300465438523568,low_edge
50,Bifidobacterium_388775,Streptococcus,Undirected,0.516342709101966,Positive,0.53215124992235,low_edge
51,Bifidobacterium_388775,Eggerthella,Undirected,0.434134319962141,Positive,0.359592064310583,low_edge
52,Bifidobacterium_388775,Blautia_A_141781,Undirected,0.410438481906626,Positive,0.304834432766873,low_edge
53,Bifidobacterium_388775,Vescimonas,Undirected,0.189195835074353,Negative,-0.314806787721553,low_edge
54,Bifidobacterium_388775,Anaerostipes,Undirected,0.467747069238624,Positive,0.433413635391851,low_edge
55,Bifidobacterium_388775,Barnesiella_B,Undirected,0.189875607187337,Negative,-0.312603063660172,low_edge
56,Bifidobacterium_388775,Lachnospira,Undirected,0.188250729311866,Negative,-0.317873756925436,low_edge
57,Bifidobacterium_388775,Romboutsia_B,Undirected,0.438359709651162,Positive,0.369120368513746,low_edge
58,Bifidobacterium_388775,Dialister_37762,Undirected,0.191573251184926,Negative,-0.307107616399423,low_edge
59,Bifidobacterium_388775,Agathobacter_164117,Undirected,0.173130073474261,Negative,-0.367427750785364,low_edge
60,Bifidobacterium_388775,Sellimonas,Undirected,0.457637077590116,Positive,0.411684920790021,low_edge
61,Bifidobacterium_388775,Ruminococcus_B,Undirected,0.418121622998598,Positive,0.322835108756428,low_edge
62,Enterococcus_B,Enterocloster,Undirected,0.414191074946099,Positive,0.313655806654387,low_edge
63,Blautia_A_141780,Clostridium_AQ,Undirected,0.488210136906793,Positive,0.476142272070073,low_edge
64,Blautia_A_141780,Gemella,Undirected,0.418036009467306,Positive,0.322635827446525,low_edge
65,Blautia_A_141780,Granulicatella,Undirected,0.423380746415929,Positive,0.335020472792297,low_edge
66,Blautia_A_141780,Thomasclavelia,Undirected,0.483229597179724,Positive,0.46589670153794,low_edge
67,Blautia_A_141780,Clostridium_AP_143938,Undirected,0.505918990148439,Positive,0.511767911408123,low_edge
68,Blautia_A_141780,Lentihominibacter,Undirected,0.140725541820428,Negative,-0.476705188959593,low_edge
69,Blautia_A_141780,Onthenecus,Undirected,0.175059017011817,Negative,-0.361055250827018,low_edge
70,Blautia_A_141780,Schaedlerella,Undirected,0.441066836099533,Positive,0.375187436584428,low_edge
71,Blautia_A_141780,Sellimonas,Undirected,0.436218271639044,Positive,0.364300325532667,low_edge
72,Blautia_A_141780,Faecalimonas,Undirected,0.431042308591038,Positive,0.352574290773169,low_edge
73,Blautia_A_141780,Ruminococcus_B,Undirected,0.513704750643997,Positive,0.527033860907565,low_edge
74,Eubacterium_G_180878,Eggerthella,Undirected,0.165855194066327,Negative,-0.39159511453225,low_edge
75,Eubacterium_G_180878,Limiplasma,Undirected,0.411676768791124,Positive,0.307751551239894,low_edge
76,Eubacterium_G_180878,Agathobaculum,Undirected,0.409501114913517,Positive,0.302622133423241,low_edge
77,Eubacterium_G_180878,Nanosynbacter,Undirected,0.174881538528692,Negative,-0.361640950921555,low_edge
78,Eubacterium_G_180878,Agathobacter_164117,Undirected,0.415438487463273,Positive,0.316575676121548,low_edge
79,1_Christensenellales(O),1_CAG-508(F),Undirected,0.414599383192634,Positive,0.31461223568311,low_edge
80,1_Christensenellales(O),Hominicoprocola,Undirected,0.419156280395595,Positive,0.325241146792238,low_edge
81,1_Christensenellales(O),Intestinibacter,Undirected,0.189427409599679,Negative,-0.314055848616572,low_edge
82,1_Christensenellales(O),Faecousia,Undirected,0.418856733744121,Positive,0.324545008170898,low_edge
83,1_Lachnospiraceae(F),Lentihominibacter,Undirected,0.189061397535564,Negative,-0.315242833933945,low_edge
84,Clostridium_AQ,Granulicatella,Undirected,0.413093622447444,Positive,0.311081807976273,low_edge
85,Clostridium_AQ,Enterococcus_H_360604,Undirected,0.415047728492446,Positive,0.315661680116306,low_edge
86,Clostridium_AQ,Thomasclavelia,Undirected,0.549732961432763,Positive,0.59451918795978,low_edge
87,Clostridium_AQ,Bulleidia,Undirected,0.450430590030871,Positive,0.395946927252367,low_edge
88,Clostridium_AQ,Eggerthella,Undirected,0.471612567571088,Positive,0.441613442502364,low_edge
89,Clostridium_AQ,Faecalibacterium,Undirected,0.172850686961957,Negative,-0.368351972118614,low_edge
90,Clostridium_AQ,Blautia_A_141781,Undirected,0.421562520791449,Positive,0.330820165293713,low_edge
91,Clostridium_AQ,Phocaeicola_A,Undirected,0.190782974816875,Negative,-0.309664387692453,low_edge
92,Clostridium_AQ,Vescimonas,Undirected,0.19165116472461,Negative,-0.30685567898216,low_edge
93,Clostridium_AQ,Clostridium_AP_143938,Undirected,0.410052115213075,Positive,0.303922986470867,low_edge
94,Clostridium_AQ,Bariatricus,Undirected,0.158315192959241,Negative,-0.416866628806479,low_edge
95,Clostridium_AQ,Anaerobutyricum,Undirected,0.189217990876347,Negative,-0.314734932637174,low_edge
96,Clostridium_AQ,Dorea_A,Undirected,0.178507399341387,Negative,-0.349700185873704,low_edge
97,Clostridium_AQ,Lentihominibacter,Undirected,0.142682277993028,Negative,-0.469987352934449,low_edge
98,Clostridium_AQ,Agathobacter_164117,Undirected,0.17075192278778,Negative,-0.375304747120329,low_edge
99,Clostridium_AQ,Onthenecus,Undirected,0.189525022321594,Negative,-0.313739378885625,low_edge
100,Clostridium_AQ,Sellimonas,Undirected,0.432188293379857,Positive,0.355179731650242,low_edge
101,Clostridium_AQ,Faecalimonas,Undirected,0.477226728178061,Positive,0.453416212537171,low_edge
102,Clostridium_AQ,Ruminococcus_B,Undirected,0.523458645960935,Positive,0.545816675781229,low_edge
103,Gemella,Granulicatella,Undirected,0.485668338509058,Positive,0.470925883975935,low_edge
104,Gemella,Streptococcus,Undirected,0.466365617608813,Positive,0.430468691859953,low_edge
105,Gemella,Thomasclavelia,Undirected,0.426631153746075,Positive,0.342496332290887,low_edge
106,Gemella,Clostridium_T,Undirected,0.424388118980451,Positive,0.337341924858274,low_edge
107,Gemella,Dialister_37762,Undirected,0.191174811916792,Negative,-0.308396369755674,low_edge
108,Gemella,Sellimonas,Undirected,0.443388493223087,Positive,0.380367261047068,low_edge
109,Gemella,Ruminococcus_B,Undirected,0.473572392084679,Positive,0.445747947249105,low_edge
110,Gemella,Haemophilus_D_735815,Undirected,0.435201132623437,Positive,0.362004478820303,low_edge
111,Granulicatella,Streptococcus,Undirected,0.499677120757716,Positive,0.499354033013421,low_edge
112,Granulicatella,Thomasclavelia,Undirected,0.420688020165548,Positive,0.328795260040574,low_edge
113,Granulicatella,Akkermansia,Undirected,0.160415878311216,Negative,-0.409802994783853,low_edge
114,Granulicatella,Hominicoprocola,Undirected,0.186714095292452,Negative,-0.322867925591949,low_edge
115,Granulicatella,Vescimonas,Undirected,0.183842413934809,Negative,-0.332226410583519,low_edge
116,Granulicatella,Clostridium_T,Undirected,0.433682928231134,Positive,0.358569948446275,low_edge
117,Granulicatella,Nanosynbacter,Undirected,0.410247931397678,Positive,0.304384995158565,low_edge
118,Granulicatella,Bariatricus,Undirected,0.181835827499597,Negative,-0.338785226326537,low_edge
119,Granulicatella,Dialister_37762,Undirected,0.180891798735721,Negative,-0.341876490756805,low_edge
120,Granulicatella,Onthenecus,Undirected,0.182421322727645,Negative,-0.336869787060828,low_edge
121,Granulicatella,Alitiscatomonas,Undirected,0.423742450665018,Positive,0.335854473668882,low_edge
122,Granulicatella,Ruminococcus_B,Undirected,0.459505924919968,Positive,0.415732309606762,low_edge
123,Granulicatella,Lancefieldella,Undirected,0.427699013569439,Positive,0.344943161861213,low_edge
124,Granulicatella,Pseudomonas_E_647464,Undirected,0.463341901052274,Positive,0.423996169667625,low_edge
125,Granulicatella,Faecousia,Undirected,0.179538067158811,Negative,-0.346315566483,low_edge
126,Streptococcus,Thomasclavelia,Undirected,0.453817125246037,Positive,0.403368534650993,low_edge
127,Streptococcus,Alistipes_A_871400,Undirected,0.172430150397646,Negative,-0.369743711941726,low_edge
128,Streptococcus,Eggerthella,Undirected,0.45386884323482,Positive,0.403481519220653,low_edge
129,Streptococcus,Vescimonas,Undirected,0.185332266558511,Negative,-0.327367031821387,low_edge
130,Streptococcus,Anaerostipes,Undirected,0.432606736740536,Positive,0.356129769615553,low_edge
131,Streptococcus,Clostridium_T,Undirected,0.429656157538458,Positive,0.349415802732407,low_edge
132,Streptococcus,Barnesiella_B,Undirected,0.185859628042879,Negative,-0.325649090500958,low_edge
133,Streptococcus,Nanosynbacter,Undirected,0.462117958598367,Positive,0.421365819075223,low_edge
134,Streptococcus,Nanogingivalis,Undirected,0.414378129152151,Positive,0.31409404876933,low_edge
135,Streptococcus,Romboutsia_B,Undirected,0.485005646698146,Positive,0.46956163213441,low_edge
136,Streptococcus,Terrisporobacter,Undirected,0.415288155594021,Positive,0.316224118022717,low_edge
137,Streptococcus,Dialister_37762,Undirected,0.162284478461178,Negative,-0.403534590054121,low_edge
138,Streptococcus,Acetatifactor,Undirected,0.187489698218046,Negative,-0.320345981003604,low_edge
139,Streptococcus,Ruminococcus_B,Undirected,0.483911945727618,Positive,0.467306240474693,low_edge
140,Streptococcus,Faecousia,Undirected,0.175935359874495,Negative,-0.358165062210357,low_edge
141,Veillonella_A,Collinsella,Undirected,0.148728761289906,Negative,-0.449325443710037,low_edge
142,Veillonella_A,Thomasclavelia,Undirected,0.447480419759672,Positive,0.389444226902103,low_edge
143,Veillonella_A,Anaerobutyricum,Undirected,0.16636089652764,Negative,-0.3899083096764,low_edge
144,Veillonella_A,Dorea_A,Undirected,0.17208591763093,Negative,-0.370883455570039,low_edge
145,Veillonella_A,Enterocloster,Undirected,0.411093303119116,Positive,0.306377804737693,low_edge
146,Veillonella_A,Sellimonas,Undirected,0.417994686652461,Positive,0.322539630470465,low_edge
147,Veillonella_A,Lachnoclostridium_B,Undirected,0.18991336998543,Negative,-0.312480696256726,low_edge
148,Veillonella_A,Ruminococcus_B,Undirected,0.448923902170074,Positive,0.392630268801085,low_edge
149,Veillonella_A,Haemophilus_D_735815,Undirected,0.518767494006028,Positive,0.536830550349524,low_edge
150,Enterococcus_H_360604,1_Coprobacillaceae(F),Undirected,0.414717292571394,Positive,0.314888304770081,low_edge
151,Enterococcus_H_360604,1_Enterobacteriaceae_A_725029(F),Undirected,0.425173781144562,Positive,0.339149636232721,low_edge
152,Collinsella,Thomasclavelia,Undirected,0.150994021235641,Negative,-0.441622303955256,low_edge
153,Collinsella,Bariatricus,Undirected,0.411413277923814,Positive,0.307131341191221,low_edge
154,Collinsella,Haemophilus_D_735815,Undirected,0.190396792992263,Negative,-0.310914705594424,low_edge
155,Turicibacter,Dorea_A,Undirected,0.447529009856111,Positive,0.389551610098862,low_edge
156,Turicibacter,Romboutsia_B,Undirected,0.430652511547539,Positive,0.351686874785749,low_edge
157,Turicibacter,Terrisporobacter,Undirected,0.477060447403945,Positive,0.453068448661276,low_edge
158,Turicibacter,Intestinibacter,Undirected,0.483349123476243,Positive,0.466143743574467,low_edge
159,Ruminococcus_E,Faecalibacterium,Undirected,0.41071077347577,Positive,0.30547641500495,low_edge
160,Ruminococcus_E,Limiplasma,Undirected,0.415150367749452,Positive,0.315901815312798,low_edge
161,Ruminococcus_E,Agathobacter_164117,Undirected,0.409956604748716,Positive,0.303697583440675,low_edge
162,Ruminococcus_E,Haemophilus_D_735815,Undirected,0.193484564262625,Negative,-0.300934296165295,low_edge
163,Faecalibacillus,Faecalibacterium,Undirected,0.415951462425026,Positive,0.31777461151307,low_edge
164,Faecalibacillus,Anaerostipes,Undirected,0.509089320070837,Positive,0.518013408662974,low_edge
165,Faecalibacillus,Bariatricus,Undirected,0.44866202416644,Positive,0.392052872807506,low_edge
166,Faecalibacillus,Anaerobutyricum,Undirected,0.614326539583782,Positive,0.70251196386116,low_edge
167,Faecalibacillus,Dorea_A,Undirected,0.453888930918773,Positive,0.403525400453918,low_edge
168,Faecalibacillus,Lentihominibacter,Undirected,0.452126119259129,Positive,0.399668421603875,low_edge
169,Faecalibacillus,Intestinibacter,Undirected,0.444484773176019,Positive,0.382805665533402,low_edge
170,Faecalibacillus,Roseburia_A_166204,Undirected,0.424550694177737,Positive,0.33771619285735,low_edge
171,Faecalibacillus,Mediterraneibacter_A_155507,Undirected,0.409113748516559,Positive,0.301706875615694,low_edge
172,Thomasclavelia,Eggerthella,Undirected,0.504091318795859,Positive,0.508149159812739,low_edge
173,Thomasclavelia,Akkermansia,Undirected,0.181584360246844,Negative,-0.339608318785134,low_edge
174,Thomasclavelia,Vescimonas,Undirected,0.188658078617488,Negative,-0.316551426785332,low_edge
175,Thomasclavelia,Bariatricus,Undirected,0.161057591413667,Negative,-0.407648729849276,low_edge
176,Thomasclavelia,Anaerobutyricum,Undirected,0.189887224752326,Negative,-0.312565417238977,low_edge
177,Thomasclavelia,Lentihominibacter,Undirected,0.152463693693539,Negative,-0.4366355810152,low_edge
178,Thomasclavelia,Agathobacter_164117,Undirected,0.175650425217369,Negative,-0.359104442888609,low_edge
179,Thomasclavelia,Onthenecus,Undirected,0.149505281675194,Negative,-0.446682531796782,low_edge
180,Thomasclavelia,Sellimonas,Undirected,0.416931575180722,Positive,0.320062423957532,low_edge
181,Thomasclavelia,Ruminococcus_B,Undirected,0.518642674406442,Positive,0.536590250194835,low_edge
182,Thomasclavelia,Faecousia,Undirected,0.182317043825179,Negative,-0.337210833637588,low_edge
183,Coprobacillus,Faecalibacterium,Undirected,0.180894160928767,Negative,-0.341868751201176,low_edge
184,Bulleidia,Hominicoprocola,Undirected,0.18881363803545,Negative,-0.316046627674565,low_edge
185,Bulleidia,Eubacterium_R,Undirected,0.189015849145824,Negative,-0.315390585873336,low_edge
186,Bulleidia,Pauljensenia,Undirected,0.427167817399964,Positive,0.343726581155358,low_edge
187,Bulleidia,Vescimonas,Undirected,0.193237380655219,Negative,-0.301731847944103,low_edge
188,Bulleidia,Clostridium_AP_143938,Undirected,0.413475842736784,Positive,0.311978825893348,low_edge
189,Bulleidia,Nanosynbacter,Undirected,0.422423419090906,Positive,0.332810586370722,low_edge
190,Bulleidia,Ruminococcus_B,Undirected,0.411927085022476,Positive,0.308340493339675,low_edge
191,Bulleidia,Lancefieldella,Undirected,0.430277618021312,Positive,0.350832814945059,low_edge
192,Alistipes_A_871400,Phocaeicola_A,Undirected,0.489682631995995,Positive,0.47915236782693,low_edge
193,Alistipes_A_871400,Pauljensenia,Undirected,0.125710747020224,Negative,-0.528763395751868,low_edge
194,Alistipes_A_871400,Vescimonas,Undirected,0.438857883272772,Positive,0.370239049669772,low_edge
195,Alistipes_A_871400,Barnesiella_B,Undirected,0.467750614675331,Positive,0.433421183643024,low_edge
196,Alistipes_A_871400,UBA5905,Undirected,0.422116059733392,Positive,0.332100303163878,low_edge
197,Alistipes_A_871400,Dysosmobacter,Undirected,0.433300538794826,Positive,0.35770344133953,low_edge
198,Alistipes_A_871400,Fimenecus,Undirected,0.426632376375686,Positive,0.342499136358813,low_edge
199,Alistipes_A_871400,Faecousia,Undirected,0.415828657851677,Positive,0.317487686025254,low_edge
200,Eggerthella,Faecalibacterium,Undirected,0.192414626108949,Negative,-0.304388272245496,low_edge
201,Eggerthella,1_CAG-508(F),Undirected,0.179361805784747,Negative,-0.346894091609742,low_edge
202,Eggerthella,Hominicoprocola,Undirected,0.149667483348301,Negative,-0.446130777750423,low_edge
203,Eggerthella,Pauljensenia,Undirected,0.435662274366551,Positive,0.363045862853733,low_edge
204,Eggerthella,Vescimonas,Undirected,0.138856047010842,Negative,-0.483137815539586,low_edge
205,Eggerthella,Limiplasma,Undirected,0.176206976237651,Negative,-0.357269891999027,low_edge
206,Eggerthella,Clostridium_AP_143938,Undirected,0.409874887862748,Positive,0.303504704049992,low_edge
207,Eggerthella,Nanosynbacter,Undirected,0.527601833986836,Positive,0.553679945494798,low_edge
208,Eggerthella,1_Chloroplast(C),Undirected,0.440259066456589,Positive,0.373380174631901,low_edge
209,Eggerthella,Agathobacter_164117,Undirected,0.176866147000174,Negative,-0.355098679908679,low_edge
210,Eggerthella,Onthenecus,Undirected,0.178719941469873,Negative,-0.349001869078499,low_edge
211,Eggerthella,1_Clostridiaceae_222000(F),Undirected,0.410946987219385,Positive,0.306033096268162,low_edge
212,Eggerthella,Sellimonas,Undirected,0.459081122429672,Positive,0.414813535776114,low_edge
213,Eggerthella,Ruminococcus_B,Undirected,0.514029288875476,Positive,0.527664935858249,low_edge
214,Eggerthella,Haemophilus_D_735815,Undirected,0.417844679802974,Positive,0.322190366332595,low_edge
215,Eggerthella,Faecousia,Undirected,0.150247736046109,Negative,-0.444157820189527,low_edge
216,Akkermansia,Clostridium_T,Undirected,0.170372240350044,Negative,-0.37656443916361,low_edge
217,Faecalibacterium,Phocaeicola_A,Undirected,0.420375304337772,Positive,0.328070424356939,low_edge
218,Faecalibacterium,Agathobaculum,Undirected,0.448971227623706,Positive,0.392734584026948,low_edge
219,Faecalibacterium,Anaerobutyricum,Undirected,0.480722022205302,Positive,0.460700763554898,low_edge
220,Faecalibacterium,Dorea_A,Undirected,0.42419665556712,Positive,0.336901017079821,low_edge
221,Faecalibacterium,Lentihominibacter,Undirected,0.448930813510083,Positive,0.392645503402682,low_edge
222,Faecalibacterium,Fusicatenibacter,Undirected,0.445526499207547,Positive,0.385118273837924,low_edge
223,Faecalibacterium,Agathobacter_164117,Undirected,0.531910895029503,Positive,0.561785179615839,low_edge
224,Faecalibacterium,1_Enterobacteriaceae_A_725029(F),Undirected,0.161608013601011,Negative,-0.405802245716084,low_edge
225,Faecalibacterium,Faecalimonas,Undirected,0.191193916175397,Negative,-0.308334562463381,low_edge
226,Faecalibacterium,Fusobacterium_C,Undirected,0.175952218831529,Negative,-0.358109491297362,low_edge
227,Blautia_A_141781,Hominicoprocola,Undirected,0.18236299544137,Negative,-0.337060542447217,low_edge
228,Blautia_A_141781,Phocaeicola_A,Undirected,0.190296099006922,Negative,-0.311240814566818,low_edge
229,Blautia_A_141781,Porphyromonas_A,Undirected,0.18141458573396,Negative,-0.34016416089821,low_edge
230,Blautia_A_141781,Prevotella,Undirected,0.161804978506187,Negative,-0.405141788114029,low_edge
231,Blautia_A_141781,Parabacteroides_B_862066,Undirected,0.180269823842037,Negative,-0.343915123407931,low_edge
232,Blautia_A_141781,Vescimonas,Undirected,0.171877479968372,Negative,-0.371573816367067,low_edge
233,Blautia_A_141781,Clostridium_AP_143938,Undirected,0.411353713391824,Positive,0.30699109852481,low_edge
234,Blautia_A_141781,Anaerostipes,Undirected,0.436425264187007,Positive,0.364767034306629,low_edge
235,Blautia_A_141781,UBA737,Undirected,0.187530214120987,Negative,-0.320214305932578,low_edge
236,Blautia_A_141781,Intestinibacter,Undirected,0.411300569294556,Positive,0.306865960574171,low_edge
237,Blautia_A_141781,Faecousia,Undirected,0.162057953064203,Negative,-0.404293748045908,low_edge
238,1_CAG-508(F),CAG-177,Undirected,0.470894856869703,Positive,0.440095495026137,low_edge
239,1_CAG-508(F),Faecousia,Undirected,0.421400229005396,Positive,0.330444610009983,low_edge
240,1_CAG-508(F),UBA644,Undirected,0.442009874146076,Positive,0.377294038899045,low_edge
241,2_CAG-508(F),Faecousia,Undirected,0.412521533976464,Positive,0.309738103917265,low_edge
242,CAG-269,Hominimerdicola,Undirected,0.43498730830268,Positive,0.361521316441899,low_edge
243,CAG-269,Roseburia_A_166204,Undirected,0.419932036704807,Positive,0.327042315917132,low_edge
244,Hominicoprocola,Prevotella,Undirected,0.437108892740141,Positive,0.366307202735539,low_edge
245,Hominicoprocola,Vescimonas,Undirected,0.460622856483815,Positive,0.418144594104642,low_edge
246,Hominicoprocola,Nanosynbacter,Undirected,0.188014232188582,Negative,-0.318641774256595,low_edge
247,Hominicoprocola,Ruminococcus_B,Undirected,0.170969771657084,Negative,-0.374582239012616,low_edge
248,Hominicoprocola,Coprococcus_A_121497,Undirected,0.409872406548237,Positive,0.303498846893661,low_edge
249,Hominicoprocola,Eubacterium_F,Undirected,0.427309443345323,Positive,0.344051052637113,low_edge
250,Hominicoprocola,Limivicinus,Undirected,0.442082082448981,Positive,0.377455194551069,low_edge
251,Hominicoprocola,Faecousia,Undirected,0.493259955381717,Positive,0.486429054360522,low_edge
252,Phocaeicola_A,Parabacteroides_B_862066,Undirected,0.472805511871173,Positive,0.444131943373169,low_edge
253,Phocaeicola_A,Clostridium_T,Undirected,0.191212871466063,Negative,-0.308273238564342,low_edge
254,Phocaeicola_A,Faecalimonas,Undirected,0.189871445745834,Negative,-0.312616548835891,low_edge
255,Eubacterium_R,Lentihominibacter,Undirected,0.413175741760275,Positive,0.311274579882794,low_edge
256,Porphyromonas_A,Ezakiella,Undirected,0.425934754672448,Positive,0.340898188214036,low_edge
257,Porphyromonas_A,Fenollaria,Undirected,0.46313590424446,Positive,0.423553885377172,low_edge
258,Pauljensenia,Barnesiella_B,Undirected,0.183797655522804,Negative,-0.332372534260141,low_edge
259,Pauljensenia,Nanosynbacter,Undirected,0.410406628474264,Positive,0.30475931250583,low_edge
260,Pauljensenia,Hominimerdicola,Undirected,0.188324234661315,Negative,-0.31763509607628,low_edge
261,Pauljensenia,Fimenecus,Undirected,0.178950765662465,Negative,-0.348243690412506,low_edge
262,Pauljensenia,Lancefieldella,Undirected,0.423924044152816,Positive,0.336272986189508,low_edge
263,Prevotella,Vescimonas,Undirected,0.435923422437379,Positive,0.36363522929048,low_edge
264,Prevotella,Coprococcus_A_121497,Undirected,0.426776207533207,Positive,0.342828967499973,low_edge
265,Prevotella,Faecousia,Undirected,0.422463518750683,Positive,0.332903225652316,low_edge
266,Parabacteroides_B_862066,Faecousia,Undirected,0.408946447777257,Positive,0.301311396809754,low_edge
267,Vescimonas,Clostridium_AP_143938,Undirected,0.184767817075768,Negative,-0.329207024150816,low_edge
268,Vescimonas,Nanosynbacter,Undirected,0.184454529240323,Negative,-0.330228829753246,low_edge
269,Vescimonas,Ruminococcus_B,Undirected,0.160770450054528,Negative,-0.408612475003358,low_edge
270,Vescimonas,Faecousia,Undirected,0.471414323534353,Positive,0.441194365270708,low_edge
271,Limiplasma,Faecousia,Undirected,0.411417341120857,Positive,0.307140907333516,low_edge
272,Clostridium_AP_143938,Nanosynbacter,Undirected,0.439840358371933,Positive,0.37244235178223,low_edge
273,Clostridium_AP_143938,Schaedlerella,Undirected,0.426933739983519,Positive,0.343190123261447,low_edge
274,Clostridium_AP_143938,Ruminococcus_B,Undirected,0.44251900556812,Positive,0.378429881694484,low_edge
275,Anaerostipes,Anaerobutyricum,Undirected,0.498091167254672,Positive,0.496175047224444,low_edge
276,Anaerostipes,Dorea_A,Undirected,0.426140958197688,Positive,0.341371600283466,low_edge
277,Anaerostipes,Fusicatenibacter,Undirected,0.414095831173402,Positive,0.313432609903226,low_edge
278,Agathobaculum,Lachnospira,Undirected,0.411176950948487,Positive,0.30657483381136,low_edge
279,Agathobaculum,Agathobacter_164117,Undirected,0.435246033862531,Positive,0.362105915463996,low_edge
280,Agathobaculum,Hominilimicola,Undirected,0.46405614788266,Positive,0.425528374755253,low_edge
281,Clostridium_T,Romboutsia_B,Undirected,0.508656945391955,Positive,0.517164005376871,low_edge
282,Clostridium_T,Terrisporobacter,Undirected,0.431054971424064,Positive,0.352603108917455,low_edge
283,Clostridium_T,Intestinibacter,Undirected,0.511616702537821,Positive,0.522963509519938,low_edge
284,Clostridium_T,Mediterraneibacter_A_155507,Undirected,0.422767019477762,Positive,0.333604172394828,low_edge
285,Barnesiella_B,Terrisporobacter,Undirected,0.178072375151808,Negative,-0.351130040977181,low_edge
286,Barnesiella_B,Intestinibacter,Undirected,0.178861525634384,Negative,-0.348536788166984,low_edge
287,Nanosynbacter,1_Chloroplast(C),Undirected,0.415537581096263,Positive,0.316807361778386,low_edge
288,Nanosynbacter,Ruminococcus_B,Undirected,0.415539413664997,Positive,0.316811646041888,low_edge
289,1_Chloroplast(C),1_Mitochondria(F),Undirected,0.516828787443542,Positive,0.533091158713445,low_edge
290,Bariatricus,Anaerobutyricum,Undirected,0.461902137762064,Positive,0.420901381309926,low_edge
291,Bariatricus,Lentihominibacter,Undirected,0.410288001916954,Positive,0.304479518633804,low_edge
292,Bariatricus,Onthenecus,Undirected,0.413597582075801,Positive,0.312264408505307,low_edge
293,Bariatricus,Ruminococcus_B,Undirected,0.190208074268217,Negative,-0.31152592596078,low_edge
294,Bariatricus,Adlercreutzia_A_404257,Undirected,0.449448621380584,Positive,0.393786359000521,low_edge
295,Anaerobutyricum,Dorea_A,Undirected,0.480693673286,Positive,0.460641878069624,low_edge
296,Anaerobutyricum,Lentihominibacter,Undirected,0.477470383126509,Positive,0.453925598980086,low_edge
297,Anaerobutyricum,Fusicatenibacter,Undirected,0.428724886047417,Positive,0.347289488356927,low_edge
298,Anaerobutyricum,Onthenecus,Undirected,0.423410632759154,Positive,0.335089403169603,low_edge
299,Dorea_A,Romboutsia_B,Undirected,0.469558288034074,Positive,0.437263180413315,low_edge
300,Dorea_A,Lentihominibacter,Undirected,0.470548641561761,Positive,0.439362518095808,low_edge
301,Dorea_A,Terrisporobacter,Undirected,0.426718005828431,Positive,0.342695510317339,low_edge
302,Dorea_A,Intestinibacter,Undirected,0.45675999218568,Positive,0.409780587819795,low_edge
303,Dorea_A,Fusicatenibacter,Undirected,0.510138088585488,Positive,0.520070615490641,low_edge
304,Dorea_A,Agathobacter_164117,Undirected,0.483836448998621,Positive,0.467150377235294,low_edge
305,Dorea_A,Roseburia_A_166204,Undirected,0.411054414611055,Positive,0.306286194901745,low_edge
306,Dorea_A,Sellimonas,Undirected,0.168410111513736,Negative,-0.383083485265194,low_edge
307,Dorea_A,Mediterraneibacter_A_155507,Undirected,0.457969415952794,Positive,0.41240569191489,low_edge
308,Ruthenibacterium,Lentihominibacter,Undirected,0.420437035548573,Positive,0.328213540472548,low_edge
309,Ruthenibacterium,Lachnoclostridium_B,Undirected,0.416973650521461,Positive,0.320160551627458,low_edge
310,Hominimerdicola,Fusicatenibacter,Undirected,0.420730914921934,Positive,0.32889465414564,low_edge
311,Hominimerdicola,Roseburia_A_166204,Undirected,0.476527168408799,Positive,0.451952389171781,low_edge
312,Hominimerdicola,Onthenecus,Undirected,0.422492756824616,Positive,0.332970768159936,low_edge
313,Hominimerdicola,Ruminococcus_B,Undirected,0.193013347053045,Negative,-0.302454916069059,low_edge
314,Hominimerdicola,Eubacterium_F,Undirected,0.417958162242842,Positive,0.322454598200541,low_edge
315,Romboutsia_B,Terrisporobacter,Undirected,0.469528696416883,Positive,0.437200392149656,low_edge
316,Romboutsia_B,Intestinibacter,Undirected,0.561966577471799,Positive,0.61625344149646,low_edge
317,Lentihominibacter,Fusicatenibacter,Undirected,0.41172530851399,Positive,0.307865774714079,low_edge
318,Lentihominibacter,Onthenecus,Undirected,0.4334796245309,Positive,0.358109328356701,low_edge
319,Lentihominibacter,Schaedlerella,Undirected,0.183055463995594,Negative,-0.334796749814908,low_edge
320,Lentihominibacter,Mediterraneibacter_A_155507,Undirected,0.437093343881566,Positive,0.366272192995126,low_edge
321,Lentihominibacter,Faecalimonas,Undirected,0.176749631121812,Negative,-0.355482339716145,low_edge
322,Lentihominibacter,Ruminococcus_B,Undirected,0.15414727452387,Negative,-0.430933666390794,low_edge
323,Terrisporobacter,Intestinibacter,Undirected,0.513765680702473,Positive,0.52715237347454,low_edge
324,Intestinibacter,Fusicatenibacter,Undirected,0.413073617028658,Positive,0.311034841944356,low_edge
325,Intestinibacter,Mediterraneibacter_A_155507,Undirected,0.448036841007428,Positive,0.390673342229881,low_edge
326,Intestinibacter,Intestinimonas,Undirected,0.191243564087618,Negative,-0.308173945259397,low_edge
327,Fusicatenibacter,Agathobacter_164117,Undirected,0.425233546946545,Positive,0.339287048888702,low_edge
328,Fusicatenibacter,Roseburia_A_166204,Undirected,0.449937941720905,Positive,0.394863464083531,low_edge
329,CAG-177,Faecousia,Undirected,0.4257618585325,Positive,0.340501113767902,low_edge
330,CAG-177,UBA644,Undirected,0.426206784146983,Positive,0.341522690882105,low_edge
331,Enterocloster,Acidaminococcus,Undirected,0.421803034296368,Positive,0.331376537702226,low_edge
332,Agathobacter_164117,Sellimonas,Undirected,0.157074760514064,Negative,-0.421045918724845,low_edge
333,Agathobacter_164117,Faecalimonas,Undirected,0.192148861784281,Negative,-0.305246923032867,low_edge
334,Roseburia_A_166204,Hominilimicola,Undirected,0.432324433977576,Positive,0.355488903482241,low_edge
335,Onthenecus,Blautia_A_141893,Undirected,0.430781426558768,Positive,0.351980431299057,low_edge
336,Onthenecus,Ruminococcus_B,Undirected,0.153927430046283,Negative,-0.431677587256176,low_edge
337,Onthenecus,Ruminococcus_C_58660,Undirected,0.413726531937607,Positive,0.312566841292189,low_edge
338,1_Enterobacteriaceae_A_725029(F),Massilistercora,Undirected,0.419191820614712,Positive,0.325323717518294,low_edge
339,Schaedlerella,Ruminococcus_B,Undirected,0.444274085009642,Positive,0.382337414816259,low_edge
340,Schaedlerella,UMGS1071,Undirected,0.421611415364971,Positive,0.330933290327776,low_edge
341,Acetatifactor,Faecousia,Undirected,0.410215983519621,Positive,0.304309627808545,low_edge
342,Alitiscatomonas,Haemophilus_D_735815,Undirected,0.419360760406151,Positive,0.325716146887753,low_edge
343,1_Clostridiaceae_222000(F),Ruminococcus_B,Undirected,0.412582315036135,Positive,0.309880926783387,low_edge
344,Sellimonas,Ruminococcus_B,Undirected,0.445185909911283,Positive,0.384362650878059,low_edge
345,Lachnoclostridium_B,Ventrisoma,Undirected,0.415465905815641,Positive,0.316639785472141,low_edge
346,Lachnoclostridium_B,Gordonibacter,Undirected,0.414164272195881,Positive,0.313593000056438,low_edge
347,Merdimonas,Massilistercora,Undirected,0.435660468377068,Positive,0.363041786095218,low_edge
348,Mediterraneibacter_A_155507,Faecalimonas,Undirected,0.151126039546665,Negative,-0.44117400147146,low_edge
349,Faecalimonas,Ruminococcus_B,Undirected,0.44541789809131,Positive,0.38487738448508,low_edge
350,Blautia_A_141893,Ruminococcus_B,Undirected,0.193011228210108,Negative,-0.302461755589918,low_edge
351,Blautia_A_141893,Anaerotardibacter,Undirected,0.413420416176103,Positive,0.311848783681969,low_edge
352,Blautia_A_141893,Adlercreutzia_A_404257,Undirected,0.425601470661352,Positive,0.340132658987196,low_edge
353,Fenollaria,Limivicinus,Undirected,0.409454898701832,Positive,0.302512966665473,low_edge
354,Limivicinus,Faecousia,Undirected,0.429746839159482,Positive,0.349622665102797,low_edge
355,Acidaminococcus,Parasutterella_564865,Undirected,0.449190180759845,Positive,0.393217086057256,low_edge
0,1_Bacteria(K),Escherichia,Undirected,0.408729590594741,Positive,0.300798605923476,pibd_edge
1,1_Bacteria(K),Gemella,Undirected,0.423022943140044,Positive,0.334194951714445,pibd_edge
2,1_Bacteria(K),Anaerostipes,Undirected,0.190522337853876,Negative,-0.31050817102711,pibd_edge
3,1_Bacteria(K),Dysosmobacter,Undirected,0.192777146069118,Negative,-0.303217471816636,pibd_edge
4,1_Bacteria(K),Peptostreptococcus,Undirected,0.423337954682668,Positive,0.334921770980863,pibd_edge
5,Escherichia,Gemella,Undirected,0.416246139423314,Positive,0.318462860523631,pibd_edge
6,Escherichia,Faecalibacterium,Undirected,0.177407466810062,Negative,-0.353316951319678,pibd_edge
7,Escherichia,Blautia_A_141781,Undirected,0.177266369510352,Negative,-0.353781253477355,pibd_edge
8,Escherichia,Dorea_A,Undirected,0.173850071966158,Negative,-0.365047407180645,pibd_edge
9,Gemmiger_A_73129,Clostridium_AQ,Undirected,0.182633554736157,Negative,-0.336175811686502,pibd_edge
10,Gemmiger_A_73129,Granulicatella,Undirected,0.192939290303184,Negative,-0.302693978272657,pibd_edge
11,Gemmiger_A_73129,Veillonella_A,Undirected,0.180446342230711,Negative,-0.343336395926042,pibd_edge
12,Gemmiger_A_73129,Agathobaculum,Undirected,0.444864284960118,Positive,0.383648675774318,pibd_edge
13,Gemmiger_A_73129,Bariatricus,Undirected,0.419469354700064,Positive,0.325968339735281,pibd_edge
14,Gemmiger_A_73129,Dorea_A,Undirected,0.410225255575701,Positive,0.304331501678505,pibd_edge
15,Gemmiger_A_73129,Mediterraneibacter_A_155507,Undirected,0.428759845430562,Positive,0.347369371614969,pibd_edge
16,Gemmiger_A_73129,Hominilimicola,Undirected,0.414699262858989,Positive,0.314846094204378,pibd_edge
17,Gemmiger_A_73129,Haemophilus_D_735815,Undirected,0.190784726181546,Negative,-0.309658718762153,pibd_edge
18,Bacteroides_H_857956,Lactobacillus,Undirected,0.184164615125637,Negative,-0.331174750426199,pibd_edge
19,Bacteroides_H_857956,Granulicatella,Undirected,0.140109262800495,Negative,-0.478824159843017,pibd_edge
20,Bacteroides_H_857956,Streptococcus,Undirected,0.159796974624025,Negative,-0.411882247701883,pibd_edge
21,Bacteroides_H_857956,Alistipes_A_871400,Undirected,0.481252722117939,Positive,0.461802523379904,pibd_edge
22,Bacteroides_H_857956,Faecalibacterium,Undirected,0.476907760735723,Positive,0.452749018442969,pibd_edge
23,Bacteroides_H_857956,Phocaeicola_A,Undirected,0.553133891850105,Positive,0.600621362773932,pibd_edge
24,Bacteroides_H_857956,Parabacteroides_B_862066,Undirected,0.437500850391151,Positive,0.367189413378643,pibd_edge
25,Bacteroides_H_857956,Dysosmobacter,Undirected,0.476403360151757,Positive,0.451693117479258,pibd_edge
26,Bacteroides_H_857956,Dorea_A,Undirected,0.41029387915739,Positive,0.304493382081522,pibd_edge
27,Bacteroides_H_857956,Ruthenibacterium,Undirected,0.424656863769319,Positive,0.337960551184487,pibd_edge
28,Hydrotalea,Mesorhizobium_I,Undirected,0.473495022562299,Positive,0.445585017466653,pibd_edge
29,Hydrotalea,Sphingomonas_L_486704,Undirected,0.477789926731011,Positive,0.454593278752795,pibd_edge
30,Bifidobacterium_388775,Blautia_A_141781,Undirected,0.408612809707947,Positive,0.300522382316943,pibd_edge
31,Bifidobacterium_388775,Intestinibacter,Undirected,0.454257656811234,Positive,0.404330589701671,pibd_edge
32,Bifidobacterium_388775,Sellimonas,Undirected,0.419948996093328,Positive,0.327081665733725,pibd_edge
33,Bifidobacterium_388775,Fusobacterium_C,Undirected,0.184788635618738,Negative,-0.329139137232718,pibd_edge
34,Enterococcus_B,Streptococcus,Undirected,0.424577184832765,Positive,0.337777167570029,pibd_edge
35,Enterococcus_B,Enterococcus_H_360604,Undirected,0.489422953615075,Positive,0.478622159409692,pibd_edge
36,Enterococcus_B,1_Peptostreptococcaceae_256921(F),Undirected,0.4108796337989,Positive,0.305874388254164,pibd_edge
37,Enterococcus_B,Faecalibacterium,Undirected,0.168845540267084,Negative,-0.381635471867832,pibd_edge
38,Enterococcus_B,Blautia_A_141781,Undirected,0.185919687726722,Negative,-0.325453509661915,pibd_edge
39,Enterococcus_B,Clostridium_T,Undirected,0.410276468563532,Positive,0.304452312940202,pibd_edge
40,Enterococcus_B,Mediterraneibacter_A_155507,Undirected,0.151801908867205,Negative,-0.438880003602633,pibd_edge
41,Enterococcus_B,UMGS1071,Undirected,0.181820047925776,Negative,-0.338836867952359,pibd_edge
42,Blautia_A_141780,Clostridium_AQ,Undirected,0.409835040918807,Positive,0.303410642145388,pibd_edge
43,Blautia_A_141780,Blautia_A_141781,Undirected,0.447631180642774,Positive,0.389777374803809,pibd_edge
44,Blautia_A_141780,Vescimonas,Undirected,0.191313085285995,Negative,-0.307949052059314,pibd_edge
45,Blautia_A_141780,Clostridium_AP_143938,Undirected,0.421847580661048,Positive,0.331479560025033,pibd_edge
46,Blautia_A_141780,Anaerostipes,Undirected,0.415004686885868,Positive,0.315560967268996,pibd_edge
47,Blautia_A_141780,Nanosynbacter,Undirected,0.427204258064949,Positive,0.343810076042149,pibd_edge
48,Blautia_A_141780,Intestinibacter,Undirected,0.417545860611178,Positive,0.321494351017653,pibd_edge
49,Blautia_A_141780,Enterocloster,Undirected,0.469639632827503,Positive,0.437435761865309,pibd_edge
50,Blautia_A_141780,Otoolea_134252,Undirected,0.414400353632348,Positive,0.314146108348161,pibd_edge
51,Blautia_A_141780,Sellimonas,Undirected,0.445120494813436,Positive,0.384217469447827,pibd_edge
52,Eubacterium_G_180878,Collinsella,Undirected,0.43072629333162,Positive,0.351854893792087,pibd_edge
53,Eubacterium_G_180878,Agathobaculum,Undirected,0.414707397215039,Positive,0.314865138250411,pibd_edge
54,Lactobacillus,Lacticaseibacillus,Undirected,0.413362497896325,Positive,0.311712882251122,pibd_edge
55,1_Lachnospiraceae(F),Clostridium_T,Undirected,0.433686804452583,Positive,0.358578729097745,pibd_edge
56,1_Lachnospiraceae(F),Enterocloster,Undirected,0.411860935888414,Positive,0.308184882531895,pibd_edge
57,1_Lachnospiraceae(F),Sellimonas,Undirected,0.425761851768737,Positive,0.34050109823186,pibd_edge
58,1_Lachnospiraceae(F),Faecalimonas,Undirected,0.42081262195539,Positive,0.329083962227621,pibd_edge
59,1_Lachnospiraceae(F),Ruminococcus_B,Undirected,0.409733921857237,Positive,0.303171913987924,pibd_edge
60,Clostridium_AQ,Thomasclavelia,Undirected,0.489250846574127,Positive,0.478270604549509,pibd_edge
61,Clostridium_AQ,Enterocloster,Undirected,0.438270064558536,Positive,0.368918959257858,pibd_edge
62,Clostridium_AQ,Faecalimonas,Undirected,0.447757854276729,Positive,0.390057224973914,pibd_edge
63,Clostridium_AQ,Ruminococcus_B,Undirected,0.414938056806892,Positive,0.31540504525421,pibd_edge
64,Gemella,Granulicatella,Undirected,0.414209479889772,Positive,0.313698933097976,pibd_edge
65,Gemella,Ruthenibacterium,Undirected,0.18960802202559,Negative,-0.313470315930553,pibd_edge
66,Gemella,Haemophilus_D_735815,Undirected,0.408715911217915,Positive,0.300766252706279,pibd_edge
67,Granulicatella,Streptococcus,Undirected,0.480540640097756,Positive,0.460323946819902,pibd_edge
68,Granulicatella,Veillonella_A,Undirected,0.466545389209922,Positive,0.430852356453612,pibd_edge
69,Granulicatella,Thomasclavelia,Undirected,0.425414649960467,Positive,0.339703351039894,pibd_edge
70,Granulicatella,Alistipes_A_871400,Undirected,0.178119666103579,Negative,-0.350974566491386,pibd_edge
71,Granulicatella,Faecalibacterium,Undirected,0.177263402186522,Negative,-0.353791018763394,pibd_edge
72,Granulicatella,1_Clostridiaceae_222000(F),Undirected,0.410226999793672,Positive,0.304335616455254,pibd_edge
73,Granulicatella,Fusobacterium_C,Undirected,0.465411756369387,Positive,0.428430819543872,pibd_edge
74,Granulicatella,Lancefieldella,Undirected,0.410587079240408,Positive,0.305184817683294,pibd_edge
75,Granulicatella,Haemophilus_D_735815,Undirected,0.45625565907215,Positive,0.408684183417876,pibd_edge
76,Streptococcus,Ruminococcus_E,Undirected,0.182179868748191,Negative,-0.337659534161453,pibd_edge
77,Streptococcus,Alistipes_A_871400,Undirected,0.169433505191671,Negative,-0.379681404596387,pibd_edge
78,Streptococcus,Faecalibacterium,Undirected,0.133519666297644,Negative,-0.501576337385894,pibd_edge
79,Streptococcus,Pauljensenia,Undirected,0.479082913062024,Positive,0.457290777072107,pibd_edge
80,Streptococcus,Clostridium_AP_143938,Undirected,0.418926628871395,Positive,0.324707474730477,pibd_edge
81,Streptococcus,Nanosynbacter,Undirected,0.420693999101757,Positive,0.32880911464657,pibd_edge
82,Streptococcus,Dysosmobacter,Undirected,0.183029957712561,Negative,-0.334880099990281,pibd_edge
83,Streptococcus,Dorea_A,Undirected,0.164734734123529,Negative,-0.395336128759384,pibd_edge
84,Streptococcus,Ruthenibacterium,Undirected,0.172220200397746,Negative,-0.370438793259094,pibd_edge
85,Streptococcus,Lancefieldella,Undirected,0.430565089031457,Positive,0.351487764340496,pibd_edge
86,Streptococcus,Haemophilus_D_735815,Undirected,0.501788942484576,Positive,0.503571484338725,pibd_edge
87,Veillonella_A,Thomasclavelia,Undirected,0.422083469177001,Positive,0.332024966803019,pibd_edge
88,Veillonella_A,Dorea_A,Undirected,0.18657543480932,Negative,-0.323319046511294,pibd_edge
89,Veillonella_A,Ruthenibacterium,Undirected,0.193247802295901,Negative,-0.301698217000788,pibd_edge
90,Veillonella_A,1_Clostridiaceae_222000(F),Undirected,0.42296764214988,Positive,0.334067315987862,pibd_edge
91,Veillonella_A,Fusobacterium_C,Undirected,0.448695460172687,Positive,0.392126608731589,pibd_edge
92,Veillonella_A,Ruminococcus_B,Undirected,0.414968947842992,Positive,0.315477336024128,pibd_edge
93,Veillonella_A,Haemophilus_D_735815,Undirected,0.517598378791499,Positive,0.53457735171082,pibd_edge
94,Lactococcus_A_346120,Enterococcus_H_360604,Undirected,0.418226123026779,Positive,0.323078312143094,pibd_edge
95,Enterococcus_H_360604,Blautia_A_141781,Undirected,0.191382910384238,Negative,-0.30772319523733,pibd_edge
96,Collinsella,Holdemanella,Undirected,0.42311257471834,Positive,0.334401797103795,pibd_edge
97,Collinsella,Agathobaculum,Undirected,0.425675772521717,Positive,0.340303363462947,pibd_edge
98,Collinsella,Bariatricus,Undirected,0.460636377630588,Positive,0.418173765729094,pibd_edge
99,Collinsella,Dorea_A,Undirected,0.448760756877535,Positive,0.392270593683545,pibd_edge
100,Collinsella,Ruthenibacterium,Undirected,0.413837822431431,Positive,0.312827803176146,pibd_edge
101,Collinsella,UMGS1071,Undirected,0.432462933695248,Positive,0.355803356740391,pibd_edge
102,Turicibacter,Clostridium_T,Undirected,0.417153527744705,Positive,0.320579979559116,pibd_edge
103,Turicibacter,Romboutsia_B,Undirected,0.469208081082746,Positive,0.436519877624278,pibd_edge
104,Turicibacter,Dialister_37762,Undirected,0.191387464059668,Negative,-0.30770846655971,pibd_edge
105,Ruminococcus_E,Vescimonas,Undirected,0.420627122084288,Positive,0.328654136671331,pibd_edge
106,Ruminococcus_E,Hominilimicola,Undirected,0.409183026668573,Positive,0.301870608046983,pibd_edge
107,Faecalibacillus,Faecalibacterium,Undirected,0.416937486104429,Positive,0.320076209779554,pibd_edge
108,Thomasclavelia,Faecalibacterium,Undirected,0.18177522878141,Negative,-0.338983552471427,pibd_edge
109,Thomasclavelia,Clostridium_T,Undirected,0.432947805796031,Positive,0.356903618096929,pibd_edge
110,Thomasclavelia,Ruminococcus_B,Undirected,0.499702292543945,Positive,0.499404407828432,pibd_edge
111,Alistipes_A_871400,Hominicoprocola,Undirected,0.430514321888971,Positive,0.351372124852842,pibd_edge
112,Alistipes_A_871400,Odoribacter_865974,Undirected,0.455887456113723,Positive,0.407883079171208,pibd_edge
113,Alistipes_A_871400,Parabacteroides_B_862066,Undirected,0.464193102967519,Positive,0.425821938184848,pibd_edge
114,Alistipes_A_871400,Vescimonas,Undirected,0.409583129854758,Positive,0.302815838895794,pibd_edge
115,Alistipes_A_871400,Merdimmobilis,Undirected,0.418296138091919,Positive,0.323241234082448,pibd_edge
116,Alistipes_A_871400,Agathobacter_164117,Undirected,0.412867144888171,Positive,0.310550020896464,pibd_edge
117,Alistipes_A_871400,Ruminococcus_C_58660,Undirected,0.409592826609323,Positive,0.302838739217663,pibd_edge
118,Alistipes_A_871400,Haemophilus_D_735815,Undirected,0.177183057477912,Negative,-0.354055441802794,pibd_edge
119,Holdemanella,Prevotella,Undirected,0.411847590254929,Positive,0.308153485822132,pibd_edge
120,1_Peptostreptococcaceae_256921(F),Clostridium_T,Undirected,0.453142078803723,Positive,0.401892828049773,pibd_edge
121,1_Peptostreptococcaceae_256921(F),1_Clostridiaceae_222000(F),Undirected,0.439450668721359,Positive,0.371568894406136,pibd_edge
122,Eggerthella,Blautia_A_141781,Undirected,0.485910850592189,Positive,0.471424692922306,pibd_edge
123,Eggerthella,Hominicoprocola,Undirected,0.184810387192682,Negative,-0.329068209657889,pibd_edge
124,Eggerthella,Anaerostipes,Undirected,0.455124607513055,Positive,0.406221613324396,pibd_edge
125,Eggerthella,Sellimonas,Undirected,0.447629455032252,Positive,0.389773562104067,pibd_edge
126,Eggerthella,Ruminococcus_B,Undirected,0.415689371225405,Positive,0.317162178202075,pibd_edge
127,Eggerthella,Lancefieldella,Undirected,0.419413279811032,Positive,0.325838120680434,pibd_edge
128,Faecalibacterium,Phocaeicola_A,Undirected,0.532266161356645,Positive,0.562450112375903,pibd_edge
129,Faecalibacterium,Pauljensenia,Undirected,0.148883199351976,Negative,-0.448799616690657,pibd_edge
130,Faecalibacterium,Agathobaculum,Undirected,0.474162235830015,Positive,0.446989291545423,pibd_edge
131,Faecalibacterium,Merdimmobilis,Undirected,0.437901051226447,Positive,0.368089543575332,pibd_edge
132,Faecalibacterium,Anaerobutyricum,Undirected,0.418627048185465,Positive,0.324010981796908,pibd_edge
133,Faecalibacterium,Dorea_A,Undirected,0.524828833274094,Positive,0.548424724624682,pibd_edge
134,Faecalibacterium,Lachnospira,Undirected,0.433574261454944,Positive,0.358323765427375,pibd_edge
135,Faecalibacterium,Dialister_37762,Undirected,0.450920171152394,Positive,0.397022683105366,pibd_edge
136,Faecalibacterium,Agathobacter_164117,Undirected,0.450340026982488,Positive,0.395747828124776,pibd_edge
137,Faecalibacterium,1_Clostridiaceae_222000(F),Undirected,0.186140631423735,Negative,-0.324734143638712,pibd_edge
138,Faecalibacterium,Ruminococcus_B,Undirected,0.170831747250179,Negative,-0.375039982736382,pibd_edge
139,Faecalibacterium,Hominilimicola,Undirected,0.429793049564926,Positive,0.349728067351066,pibd_edge
140,Dialister_36337,Peptostreptococcus,Undirected,0.417984418597939,Positive,0.322515726010441,pibd_edge
141,Dialister_36337,Fusobacterium_C,Undirected,0.427848049685408,Positive,0.345284291502418,pibd_edge
142,Blautia_A_141781,Anaerostipes,Undirected,0.461319134700138,Positive,0.419645850719584,pibd_edge
143,Blautia_A_141781,Romboutsia_B,Undirected,0.455676904211893,Positive,0.407424734783302,pibd_edge
144,Blautia_A_141781,Intestinibacter,Undirected,0.413421654866378,Positive,0.311851690040602,pibd_edge
145,Blautia_A_141781,Sellimonas,Undirected,0.417790478381528,Positive,0.322064145873579,pibd_edge
146,Blautia_A_141781,Lachnoclostridium_B,Undirected,0.408541671693555,Positive,0.300354091753891,pibd_edge
147,Blautia_A_141781,Ruminococcus_B,Undirected,0.423819013266152,Positive,0.33603094105282,pibd_edge
148,Blautia_A_141781,UMGS1071,Undirected,0.417845515425399,Positive,0.322192312179362,pibd_edge
149,1_CAG-508(F),Alistipes_A_871404,Undirected,0.411883058832749,Positive,0.308236927024153,pibd_edge
150,Hominicoprocola,Vescimonas,Undirected,0.40938035631922,Positive,0.302336872996777,pibd_edge
151,Hominicoprocola,CAG-177,Undirected,0.422395531083482,Positive,0.332746154975334,pibd_edge
152,Hominicoprocola,Ruminococcus_B,Undirected,0.183411981509368,Negative,-0.333631983884912,pibd_edge
153,Hominicoprocola,Ruminococcus_C_58660,Undirected,0.414661537917137,Positive,0.314757769612937,pibd_edge
154,Odoribacter_865974,Parabacteroides_B_862066,Undirected,0.501684329110298,Positive,0.503362984291493,pibd_edge
155,Odoribacter_865974,Dysosmobacter,Undirected,0.410136478952386,Positive,0.304122053074622,pibd_edge
156,Odoribacter_865974,Lachnoclostridium_B,Undirected,0.192258247087818,Negative,-0.304893478795288,pibd_edge
157,Phocaeicola_A,Pauljensenia,Undirected,0.188928334579491,Negative,-0.315674492895998,pibd_edge
158,Phocaeicola_A,Agathobaculum,Undirected,0.434401192212652,Positive,0.360195977259062,pibd_edge
159,Phocaeicola_A,Dysosmobacter,Undirected,0.426569034727847,Positive,0.342353856134093,pibd_edge
160,Phocaeicola_A,Merdimmobilis,Undirected,0.427995414999587,Positive,0.34562150947701,pibd_edge
161,Phocaeicola_A,Dorea_A,Undirected,0.467188826912819,Positive,0.432224507666925,pibd_edge
162,Phocaeicola_A,Ruthenibacterium,Undirected,0.421728659985172,Positive,0.331204514634909,pibd_edge
163,Phocaeicola_A,Lachnospira,Undirected,0.410393839012479,Positive,0.304729149851115,pibd_edge
164,Phocaeicola_A,Dialister_37762,Undirected,0.459931828521558,Positive,0.416652740311865,pibd_edge
165,Phocaeicola_A,Agathobacter_164117,Undirected,0.419761803671122,Positive,0.326647271042021,pibd_edge
166,Eubacterium_R,Limivicinus,Undirected,0.415713667548231,Positive,0.317218963420122,pibd_edge
167,Pauljensenia,Nanosynbacter,Undirected,0.433848749019402,Positive,0.358945522026209,pibd_edge
168,Pauljensenia,Merdimmobilis,Undirected,0.169608405595918,Negative,-0.379100400113906,pibd_edge
169,Pauljensenia,Ruthenibacterium,Undirected,0.192234926297302,Negative,-0.304968828587852,pibd_edge
170,Pauljensenia,Lancefieldella,Undirected,0.426817607121969,Positive,0.342923888989229,pibd_edge
171,Parabacteroides_B_862066,Anaerotruncus,Undirected,0.427532640157667,Positive,0.344562243830297,pibd_edge
172,Parabacteroides_B_862066,Merdimmobilis,Undirected,0.427017999636558,Positive,0.343383254519017,pibd_edge
173,Parabacteroides_B_862066,Dialister_37762,Undirected,0.412429457983451,Positive,0.309521716308758,pibd_edge
174,Vescimonas,Bariatricus,Undirected,0.445379417016204,Positive,0.384792017861429,pibd_edge
175,Vescimonas,Evtepia,Undirected,0.419975390655281,Positive,0.327142905109013,pibd_edge
176,Clostridium_AP_143938,Dorea_A,Undirected,0.188959980808347,Negative,-0.315571825460794,pibd_edge
177,Clostridium_AP_143938,Sellimonas,Undirected,0.484124503216367,Positive,0.46774494363648,pibd_edge
178,Anaerostipes,Anaerobutyricum,Undirected,0.415212215516441,Positive,0.316046494237622,pibd_edge
179,Anaerostipes,Intestinibacter,Undirected,0.420036044482084,Positive,0.327283620600026,pibd_edge
180,Agathobaculum,Bariatricus,Undirected,0.42215411761888,Positive,0.332188272430369,pibd_edge
181,Agathobaculum,Dorea_A,Undirected,0.455912689739627,Positive,0.407937997627264,pibd_edge
182,Agathobaculum,Agathobacter_164117,Undirected,0.462278019333096,Positive,0.421710143015324,pibd_edge
183,Agathobaculum,Lachnoclostridium_B,Undirected,0.455558804357185,Positive,0.407167568974043,pibd_edge
184,Agathobaculum,Mediterraneibacter_A_155507,Undirected,0.440869905818136,Positive,0.374747075560359,pibd_edge
185,Agathobaculum,Fusobacterium_C,Undirected,0.182864785433554,Negative,-0.335419917769105,pibd_edge
186,Agathobaculum,Eisenbergiella,Undirected,0.424567251199424,Positive,0.337754303215626,pibd_edge
187,Agathobaculum,UMGS1071,Undirected,0.416243425611032,Positive,0.318456523715314,pibd_edge
188,Clostridium_T,Romboutsia_B,Undirected,0.490757289698002,Positive,0.481343724008551,pibd_edge
189,Clostridium_T,Terrisporobacter,Undirected,0.413096322785365,Positive,0.31108814734388,pibd_edge
190,Clostridium_T,Intestinibacter,Undirected,0.499319011665508,Positive,0.498637095840792,pibd_edge
191,Clostridium_T,1_Clostridiaceae_222000(F),Undirected,0.45439936558349,Positive,0.404639895448604,pibd_edge
192,Dysosmobacter,Ruthenibacterium,Undirected,0.419928420999094,Positive,0.327033926470792,pibd_edge
193,Dysosmobacter,Lawsonibacter,Undirected,0.429525120185476,Positive,0.349116823001209,pibd_edge
194,Bariatricus,UMGS1071,Undirected,0.438699012955533,Positive,0.369882403885813,pibd_edge
195,Merdimmobilis,Dialister_37762,Undirected,0.44277248477053,Positive,0.378994992542381,pibd_edge
196,Anaerobutyricum,Dorea_A,Undirected,0.418251999648532,Positive,0.323138528174137,pibd_edge
197,Dorea_A,Ruthenibacterium,Undirected,0.467166819199817,Positive,0.432177602876718,pibd_edge
198,Dorea_A,Agathobacter_164117,Undirected,0.478690491300058,Positive,0.456472792278049,pibd_edge
199,Dorea_A,1_Clostridiaceae_222000(F),Undirected,0.189997350723604,Negative,-0.312208583669561,pibd_edge
200,Dorea_A,Hominilimicola,Undirected,0.416599179425215,Positive,0.319286965105334,pibd_edge
201,Dorea_A,UMGS1071,Undirected,0.420372913849133,Positive,0.328064882000511,pibd_edge
202,Ruthenibacterium,Lentihominibacter,Undirected,0.443202890632787,Positive,0.379953958000632,pibd_edge
203,Ruthenibacterium,Mediterraneibacter_A_155507,Undirected,0.423577500668776,Positive,0.335474204529491,pibd_edge
204,Ruthenibacterium,Haemophilus_D_735815,Undirected,0.188892276217376,Negative,-0.315791479159659,pibd_edge
205,Lachnospira,Hominimerdicola,Undirected,0.410288162159585,Positive,0.304479896621759,pibd_edge
206,Mesorhizobium_I,Sphingomonas_L_486704,Undirected,0.482218909778475,Positive,0.463805485218019,pibd_edge
207,Romboutsia_B,Lachnoclostridium_B,Undirected,0.433820791780454,Positive,0.358882208359776,pibd_edge
208,Lentihominibacter,Haemophilus_D_735815,Undirected,0.18689862970279,Negative,-0.322267676758402,pibd_edge
209,Intestinibacter,Eisenbergiella,Undirected,0.17759275005903,Negative,-0.35270736951094,pibd_edge
210,CAG-177,Faecousia,Undirected,0.419079027279652,Positive,0.325061646907289,pibd_edge
211,Enterocloster,Onthenecus,Undirected,0.184296758189472,Negative,-0.330743557400408,pibd_edge
212,Enterocloster,Otoolea_134252,Undirected,0.45414217817744,Positive,0.404078476710261,pibd_edge
213,Enterocloster,Faecalimonas,Undirected,0.439273807875582,Positive,0.371172274931301,pibd_edge
214,Enterocloster,Ruminococcus_B,Undirected,0.4428406799979,Positive,0.379146984269595,pibd_edge
215,Enterocloster,Hungatella_A_128155,Undirected,0.472807084168937,Positive,0.444135258995084,pibd_edge
216,Agathobacter_164117,Mediterraneibacter_A_155507,Undirected,0.412983349748957,Positive,0.310822904656089,pibd_edge
217,Agathobacter_164117,Hominilimicola,Undirected,0.440971395758712,Positive,0.374974039280074,pibd_edge
218,Roseburia_A_166204,Otoolea_134252,Undirected,0.419991167189913,Positive,0.327179507724562,pibd_edge
219,Lawsonella,Fusobacterium_C,Undirected,0.431395727355898,Positive,0.353378362261743,pibd_edge
220,Otoolea_134252,Faecalimonas,Undirected,0.410732539453407,Positive,0.30552771988194,pibd_edge
221,Otoolea_134252,Ruminococcus_B,Undirected,0.434037326854757,Positive,0.359372505212582,pibd_edge
222,Otoolea_134252,Hungatella_A_128155,Undirected,0.438839648383696,Positive,0.370198119547733,pibd_edge
223,1_Enterobacteriaceae_A_725029(F),Fusobacterium_C,Undirected,0.415429006980795,Positive,0.316553508241082,pibd_edge
224,1_Enterobacteriaceae_A_725029(F),Haemophilus_D_735815,Undirected,0.409348837971957,Positive,0.302262409589845,pibd_edge
225,1_Enterobacteriaceae_A_725029(F),Hungatella_A_128155,Undirected,0.424734097875704,Positive,0.33813828370624,pibd_edge
226,Schaedlerella,Lachnoclostridium_B,Undirected,0.408878740855201,Positive,0.301151313974135,pibd_edge
227,1_Clostridiaceae_222000(F),Fusobacterium_C,Undirected,0.411805142037563,Positive,0.308053618133096,pibd_edge
228,Finegoldia,Fusobacterium_C,Undirected,0.438993756587726,Positive,0.370543989704897,pibd_edge
229,Faecalimonas,Ruminococcus_B,Undirected,0.460585892771697,Positive,0.418064841846186,pibd_edge
230,Fusobacterium_C,Haemophilus_D_735815,Undirected,0.468786860495304,Positive,0.435625200835128,pibd_edge
231,Eisenbergiella,Parasutterella_564865,Undirected,0.409129707573413,Positive,0.301744595055439,pibd_edge
232,Haemophilus_D_735815,Hungatella_A_128155,Undirected,0.411021480739324,Positive,0.306208607699002,pibd_edge
