,SRR23478191,SRR23478195,SRR23478196,SRR23478197,SRR23478198,SRR23478199,SRR23478200,SRR23478201,SRR23478202,SRR23478203,SRR23478204,SRR23478205,SRR23478206,SRR23478207,SRR23478208,SRR23478209,SRR23478210,SRR23478211,SRR23478212,SRR23478213,SRR23478214,SRR23478215,SRR23478216,SRR23478217,SRR23478218,SRR23478220,SRR23478227,SRR23478228,SRR23478229,SRR23478230,SRR23478231,SRR23478232,SRR23478233,SRR23478234,SRR23478235,SRR23478236,SRR23478237,SRR23478238,SRR23478239,SRR23478240,SRR23478241,SRR23478242,SRR23478243,SRR23478244,SRR23478245,SRR23478246,SRR23478247,SRR23478248,SRR23478249,SRR23478250,SRR23478251,SRR23478252,SRR23478253,SRR23478254,SRR23478255,SRR23478256,SRR23478257,SRR23478258,SRR23478259,SRR23478260,SRR23478261,SRR23478262,SRR23478263,SRR23478264,SRR23478265,SRR23478266,SRR23478267,SRR23478268,SRR23478269,SRR23478270,SRR23478271,SRR23478272,SRR23478273,SRR23478274,SRR23478275,SRR23478276,SRR23478277,SRR23478278,SRR23478279,SRR23478280,SRR23478281,SRR23478282,SRR23478283,SRR23478284,SRR23478285,SRR23478286,SRR23478287,SRR23478288,SRR23478289,SRR23478290,SRR23478291,SRR23478292,SRR23478293,SRR23478294,SRR23492483,SRR23492508,SRR23492516,SRR23492517,SRR23492518,SRR23492520,SRR23492521,SRR23492522,SRR23492523,SRR23492524,SRR23492525,SRR23492530,SRR23492531,SRR23492532,SRR23492534,SRR23492545,SRR23492546,SRR23492547,SRR23492549,SRR23492550,SRR23492551,SRR23492553,SRR23492554,SRR23492555,SRR23492556,SRR23492560,SRR29856071,SRR29856073,SRR29856074,SRR29856077,SRR29856079,SRR29856080,SRR29856082,SRR29856083,SRR29856085,SRR29856086,SRR29856087,SRR29856088,SRR29856090,SRR29856091,SRR29856092,SRR29856093,SRR29856094,SRR29856095,SRR29856096,SRR29856097,SRR29856098,SRR29856099,SRR29856102
d__Bacteria;__;__;__;__;__,0.0,0.00015943877551020407,0.0003339455668725998,0.0,0.0,0.0,0.0,0.0,0.0,0.0,0.00033467202141900936,0.0,0.0,0.0,0.0,0.00048161823727725157,0.0,0.0,0.0,0.0,0.0,0.0,0.0,0.0,0.0,0.0,0.0,0.0,0.0,0.0,0.0,0.0,0.0,0.0005020920502092051,0.0017962116263879817,0.0,0.0,0.0,0.0,0.0,0.0,0.0,0.0001621796951021732,0.0006501950585175553,0.0,0.0,0.00016017940092904052,0.0,0.0,0.0,0.0,0.0,0.0,0.0,0.0,0.0012797952327627579,0.0,0.0011441647597254005,0.0,0.0,0.0,0.00048559404337973454,0.0,0.0,0.0,0.0,0.0,0.0,0.0003281916639317361,0.0,0.0,0.00017491691446562882,0.0,0.0,0.0001765848490199541,0.0,0.0,0.0,0.0006554153694904145,0.0,0.000319744204636291,0.0,0.0,0.0,0.0008020532563362208,0.004799735187024164,0.0,0.001006204930404159,0.0034079844206426485,0.0035587188612099642,0.0,0.0,0.0004993342210386152,0.0003563156957063959,0.0,0.0,0.0,0.0001884303749764462,0.0,0.0,0.0,0.0,0.0,0.0001657550140891762,0.0021083360363282518,0.0,0.0,0.0,0.0,0.002085338466474174,0.0,0.0,0.00045475216007276033,0.018691588785046728,0.0,0.0,0.0,0.0004798464491362764,0.0002402691013935608,0.0007266121707538601,0.0,0.0,0.0,0.004148053605615826,0.0,0.0028929604628736743,0.0,0.0,0.0,0.0,0.0,0.00035423308537017357,0.0,0.0,0.0,0.0,0.001905850962454736,0.0,0.0,0.0,0.0,0.0,0.0
d__Bacteria;p__Pseudomonadota;c__Gammaproteobacteria;o__Enterobacterales_737866;f__Enterobacteriaceae_A_725029;g__Escherichia,0.01921537229783827,0.021045918367346938,0.05476707296710636,0.006277878737815959,0.0030293367346938774,0.5102498398462524,0.2543408360128617,0.09574808184143223,0.0006405124099279424,0.021601429267500406,0.011211512717536815,0.5901060070671378,0.05256451099076139,0.01009777207885879,0.002247551773960507,0.017980414191684058,0.0017889087656529517,0.45423946145215577,0.1741492251158332,0.005275779376498801,0.004390243902439025,0.01300578034682081,0.00112,0.00016059097478721696,0.00048023051064510964,0.0005022601707684581,0.509001115182412,0.0015979546180888463,0.005829959514170041,0.0020883534136546186,0.0003209757663296421,0.00015936254980079682,0.0016092693916961698,0.0,0.004735467015022861,0.00032071840923669016,0.000639488409272582,0.03393374075265359,0.06802502807636772,0.0004803073967339097,0.008505857807735516,0.0017813765182186235,0.018812844631852094,0.02893368010403121,0.002105632567117038,0.021255561047948592,0.04164664424155054,0.0,0.002722177742193755,0.0,0.0003202049311559398,0.0039904229848363925,0.0,0.03313684881312729,0.0456950456950457,0.0335946248600224,0.0,0.02517162471395881,0.003044871794871795,0.0048053024026512015,0.00032536196518626975,0.0318873421819359,0.006396929473852551,0.0,0.0,0.019620456738501126,0.0030385415000799615,0.0011214354373598205,0.11142106990482442,0.0004792332268370607,0.002557136007671408,0.012244184012594018,0.0,0.2913304365818332,0.0010595090941197245,0.010097161364069346,0.0029498525073746312,0.012134759699824365,0.00032770768474520726,0.6194331983805668,0.30183852917665865,0.0,0.0022392834293026233,0.01881077634305755,0.24639076034648702,0.0220125786163522,0.00015931177314003505,0.132986751635083,0.005679974034404414,0.050630863798123586,0.0,0.07964912280701754,0.11368175765645806,0.0008907892392659896,0.36586151368760067,0.27899751449875726,0.9266610948600084,0.15451290748068588,0.002733558449911561,0.009995084384728821,0.004101161995898838,0.0017733354828308884,0.0022719896137617657,0.0026520802254268194,0.3480376256892637,0.001932367149758454,0.004959497437592991,0.00032589212970506764,0.07386636756929979,0.03208213025344883,0.005135612261274273,0.009553108808290155,0.08731241473396999,0.0412504028359652,0.012681159420289856,0.002733118971061093,0.02144281914893617,0.0209532949456174,0.009851033157135992,0.0,0.03613109512390088,0.5292890386775798,0.02359258054018874,0.15331844288449267,0.06192660550458716,0.73625843780135,0.0035871514756236752,0.5537790697674418,0.05016556291390729,0.012591648071405802,0.05562090404973954,0.4342897626638328,0.0011214354373598205,0.0011164274322169058,0.008334669017470748,0.009929532351057015,0.10787116447493807,0.0008265829062654984,0.0009722897423432182,0.018937570213448884,0.007015199599131452,0.007808764940239044,0.002770083102493075
d__Bacteria;p__Pseudomonadota;c__Gammaproteobacteria;o__Burkholderiales;f__Burkholderiaceae_A_595427;g__Sutterella,0.0,0.0,0.0,0.0,0.0,0.0,0.0,0.0,0.0,0.0,0.0,0.0,0.0,0.0,0.0008026970621287526,0.0,0.0004878842088144414,0.0,0.0,0.0,0.0,0.0,0.0,0.0,0.0,0.0,0.0,0.0,0.0,0.0,0.0,0.0,0.0,0.0,0.0,0.0,0.0,0.0,0.0,0.0,0.0,0.0,0.0,0.0,0.0,0.0,0.0,0.0,0.0,0.0,0.0,0.0,0.0012921983524471006,0.0025489883702405607,0.0,0.0,0.0001595405232929164,0.00032690421706440013,0.003044871794871795,0.0,0.0,0.0,0.0,0.00032862306933946765,0.0004993342210386152,0.0,0.0,0.0,0.0,0.0,0.0,0.0,0.0,0.0004138216428719222,0.0,0.0,0.0,0.0,0.0,0.0,0.00047961630695443646,0.0,0.0,0.0,0.0,0.0006620324395895399,0.0003186235462800701,0.0,0.0,0.0,0.0,0.0008771929824561404,0.00016644474034620507,0.0,0.00032206119162640903,0.0,0.0,0.00395703787450537,0.0,0.0,0.0,0.0006448492664839593,0.0,0.0031493452676943476,0.0,0.02109500805152979,0.00016531658125309968,0.0,0.0,0.0,0.0008024394158241052,0.0,0.0,0.0,0.0,0.0,0.0,0.0004798464491362764,0.0,0.0,0.0,0.0,0.0008135372600065083,0.0,0.0,0.0,0.00016305233980107615,0.0,0.0,0.000637551801083838,0.00016803898504453034,0.0,0.0,0.0,0.00048084628946946624,0.0,0.0,0.0,0.0,0.0,0.0,0.0,0.00016294606485253382
d__Bacteria;p__Bacillota_A_368345;c__Clostridia_258483;o__Oscillospirales;f__Ruminococcaceae;g__Gemmiger_A_73129,0.0,0.00015943877551020407,0.0,0.00016520733520568312,0.0,0.0722293401665599,0.0001607717041800643,0.0,0.07718174539631706,0.0012993340912782199,0.00033467202141900936,0.0,0.0,0.0025645135438371533,0.0,0.0006421576497030021,0.0,0.0,0.0,0.13509192645883294,0.06861788617886179,0.00401412973667309,0.03408,0.0006423638991488678,0.05394589402913398,0.013895864724594007,0.0,0.0,0.09441295546558705,0.18907630522088353,0.011555127587867116,0.026135458167330677,0.000643707756678468,0.031297071129707116,0.051436969301110386,0.0,0.030535571542765788,0.16403988420714055,0.0008021819348628269,0.41578610310598785,0.16482105601027122,0.040809716599190284,0.18310087577035355,0.022106631989596878,0.01403755044744692,0.08123249299719888,0.004164664424155053,0.2648648648648649,0.010728582866293034,0.00639897616381379,0.25664425232148574,0.006065442936951317,0.02067517363915361,0.0025489883702405607,0.025172358505691838,0.05535114381698928,0.004307594128908743,0.015691402419091206,0.010576923076923078,0.011433305716652858,0.014315926468195867,0.07283910650696018,0.05405405405405406,0.0029576076240552087,0.011484687083888149,0.085075587005468,0.0662082200543739,0.1424223005446972,0.0004922874958976042,0.051916932907348244,0.12242288636726865,0.008745845723281442,0.0008164598301763554,0.0028967515001034555,0.019247748543174997,0.016574585635359115,0.0011471648639790233,0.0753632444515408,0.010650499754219236,0.006241565452091768,0.012789768185451638,0.12618245951579285,0.03358925143953935,0.0052606408417025345,0.09688803336541546,0.07795431976166832,0.006213159152461367,0.03840348817709207,0.07676079195066537,0.12245228081527014,0.12861528518338988,0.014385964912280702,0.005659121171770972,0.19508284339925175,0.020289855072463767,0.0006213753106876554,0.0002089427496865859,0.0011305822498586771,0.07798681460041808,0.0,0.002563226247436774,0.0,0.0,0.0,0.013460914693480376,0.00016103059581320451,0.039510662919490826,0.000977676389115203,0.28168562730331675,0.33237086942572985,0.00016048788316482104,0.0,0.0,0.15404447309055752,0.009881422924901186,0.0,0.0003324468085106383,0.0,0.001201345506967804,0.0,0.0,0.00016048788316482104,0.005043931012040351,0.045469049138481175,0.001310615989515072,0.0,0.003424099135822599,0.0,0.0,0.0,0.13695177281129223,0.0,0.09724447292534444,0.3929824561403509,0.042635037666292674,0.0008007687379884689,0.0,0.0,0.025603629881704747,0.01974000962927299,0.00033405712376816435,0.0,0.03552224213785237
d__Archaea;p__Methanobacteriota_A_1229;c__Methanobacteria;o__Methanobacteriales;f__Methanobacteriaceae;g__Methanobrevibacter_A,0.0,0.00015943877551020407,0.0,0.0,0.0,0.0,0.0,0.0,0.0,0.0,0.0,0.0,0.0,0.0,0.0,0.0,0.0,0.0,0.0,0.0001598721023181455,0.0,0.0,0.0,0.0,0.0,0.03917629331993973,0.0,0.0,0.0,0.0,0.0,0.0,0.0,0.0,0.0,0.0,0.0,0.0,0.0,0.0,0.0,0.0,0.0,0.0,0.0,0.0,0.0,0.0,0.0,0.0,0.05043227665706052,0.0,0.0,0.0,0.0,0.0,0.0,0.00016345210853220007,0.0,0.0,0.06979014153245486,0.01246358044674652,0.0,0.000985869208018403,0.0,0.0,0.0,0.0,0.042829012143091566,0.0,0.0,0.00034983382893125764,0.0,0.0,0.045029136500088295,0.0,0.0,0.0003193357815743254,0.049811568081271504,0.0010121457489878543,0.0,0.0,0.0,0.0,0.0008020532563362208,0.0,0.0,0.24383699480127452,0.03213242453748783,0.0,0.0,0.0,0.004993342210386152,0.0,0.0004830917874396135,0.0,0.0,0.0,0.0,0.0,0.0,0.0,0.0,0.0,0.0,0.0,0.00033063316250619935,0.0,0.0,0.0,0.0,0.0,0.0,0.0,0.0,0.0,0.0,0.0,0.0028832292167227293,0.0,0.0,0.0,0.0,0.0,0.0,0.0,0.0,0.0,0.0,0.0,0.0,0.0,0.0,0.0,0.0,0.0,0.0,0.0,0.0,0.0,0.0,0.0,0.0
d__Bacteria;p__Bacteroidota;c__Bacteroidia;o__Bacteroidales;f__Bacteroidaceae;g__Bacteroides_H_857956,0.030264211369095278,0.00031887755102040814,0.0003339455668725998,0.06178754336692549,0.0014349489795918368,0.005124919923126201,0.0001607717041800643,0.026054987212276216,0.0017614091273018414,0.010557089491635537,0.0,0.0003365303718660609,0.03966231283848359,0.04904632152588556,0.019425268903515813,0.00048161823727725157,0.19873150105708245,0.00032056419297964416,0.023166640038344784,0.01982414068745004,0.017235772357723576,0.044797687861271675,0.00096,0.006263048016701462,0.00016007683688170322,0.006696802276912774,0.002867611916520631,0.009907318632150847,0.0037246963562753035,0.0020883534136546186,0.004333172845450169,0.0012749003984063745,0.000160926939169617,0.3621757322175732,0.07495101241018942,0.0014432328415651058,0.000319744204636291,0.000321646831778707,0.21578694047810043,0.0019212295869356388,0.003209757663296421,0.07319838056680161,0.00048653908530651963,0.21472691807542263,0.08878750658010177,0.002142033283901796,0.002723049815793689,0.0011466011466011465,0.03362690152121697,0.0017597184450487923,0.0003202049311559398,0.006065442936951317,0.06670973994508157,0.6480802931336626,0.1750841750841751,0.1942089265717485,0.1276324186343331,0.3200392285060477,0.5185897435897436,0.00016570008285004143,0.0017894908085244834,0.06830689543541599,0.004957620342235727,0.06769635228393033,0.13348868175765646,0.0001608234158893535,0.0015992323684631377,0.012335789810958026,0.0,0.1584664536741214,0.1329710723989132,0.1565506384467378,0.08899412148922273,0.030829712393958205,0.0017658484901995409,0.020384835206706038,0.016224188790560472,0.04039597636915216,0.07553662133377027,0.033738191632928474,0.12358113509192646,0.03896103896103896,0.027191298784388994,0.25952494819065836,0.011870388193776067,0.4003641178417742,0.2759279910785407,0.09223545195371458,0.004219409282700422,0.02685215140731155,0.046049442559379546,0.14894736842105263,0.27413448735019974,0.024051309460181722,0.00322061191626409,0.00020712510356255177,0.012745507730881738,0.023742227247032222,0.48030229940504904,0.32656070784859903,0.3342447026657553,0.5508624858939223,0.0,0.0003315100281783524,0.015244891339604282,0.20805152979066022,0.04182509505703422,0.004073651621313346,0.0,0.002406159769008662,0.016209276199646926,0.12937176165803108,0.002728512960436562,0.005317434740573638,0.007081686429512516,0.0014469453376205787,0.12749335106382978,0.0,0.0028832292167227293,0.0,0.5550759392486011,0.00016048788316482104,0.07224210868857793,0.05264837268666241,0.035386631716906945,0.0001607200257152041,0.07891733246372086,0.0,0.21920529801324504,0.33519285941982785,0.08317929759704251,0.0,0.029477731496315284,0.04401913875598086,0.31110754928674467,0.00032030749519538755,0.010863350485991996,0.022317738469168458,0.05525846702317291,0.05584978334135773,0.007015199599131452,0.14916334661354583,0.007821411112921624
d__Bacteria;p__Bacteroidota;c__Bacteroidia;o__Chitinophagales;f__Chitinophagaceae;g__Hydrotalea,0.0,0.0,0.0,0.0,0.0,0.0,0.0,0.0,0.0,0.0,0.0,0.0,0.0,0.0,0.0,0.0,0.0,0.0,0.0,0.0,0.0,0.0,0.0,0.0,0.0,0.0,0.0,0.0,0.0,0.0,0.0,0.0,0.0,0.0,0.0,0.0,0.0,0.0,0.0,0.0,0.0,0.0,0.0,0.0,0.0,0.0,0.0,0.0,0.0,0.0,0.0,0.0,0.00016152479405588758,0.0,0.001122334455667789,0.0,0.0,0.0,0.0,0.0,0.0,0.0,0.0,0.0,0.0,0.0,0.0,0.0,0.0,0.0001597444089456869,0.0,0.0,0.0,0.0,0.0,0.0,0.0,0.0,0.0,0.0,0.0,0.0,0.0,0.0,0.0,0.0,0.0,0.0,0.0,0.0,0.0003231539828728389,0.00017543859649122806,0.0,0.0,0.0,0.0,0.0,0.0,0.0,0.0,0.0,0.0,0.0,0.0,0.0,0.0,0.0,0.0,0.0,0.0,0.0,0.0,0.0,0.0,0.0,0.0,0.0,0.0019193857965451055,0.0,0.0,0.0,0.005456588027603916,0.0,0.0,0.0,0.0,0.0009783140388064568,0.0009689922480620155,0.0008278145695364238,0.0004781638508128785,0.0003360779700890607,0.00017711654268508679,0.0019224607497596924,0.0001594896331738437,0.00032056419297964416,0.0,0.0003811701924909472,0.00016531658125309968,0.0,0.00016048788316482104,0.0,0.0009561752988047809,0.005214274075281082
d__Bacteria;p__Actinomycetota;c__Actinomycetes;o__Actinomycetales;f__Bifidobacteriaceae;g__Bifidobacterium_388775,0.0036829463570856686,0.024553571428571428,0.1334112539656036,0.2058483396662812,0.041294642857142856,0.02274183215887252,0.20385852090032155,0.12228260869565218,0.03186549239391513,0.22169887932434626,0.0018406961178045514,0.048292108362779744,0.39710098757566104,0.05401506651707004,0.04382725959222989,0.25092310162144804,0.11140022767929744,0.02836993107869851,0.13005272407732865,0.02062350119904077,0.4221138211382114,0.3074823378291586,0.52256,0.3420587762967721,0.18520890027213063,0.013393604553825548,0.0017524295045403856,0.29194630872483224,0.10850202429149798,0.18859437751004016,0.2103996148290804,0.19697211155378486,0.09237206308336016,0.007698744769874477,0.033964728935336384,0.04201411161000641,0.08745003996802558,0.04438726278546156,0.06818546446334028,0.04899135446685879,0.10993419996790242,0.04987854251012146,0.04038274408044113,0.0858257477243173,0.008247060887875066,0.0196078431372549,0.12429921512093545,0.10761670761670762,0.002722177742193755,0.24188129899216126,0.17627281460134486,0.06911412609736632,0.010176062025520918,0.0015931177314003505,0.008818342151675485,0.00015997440409534473,0.0030312699425654116,0.008009153318077803,0.0003205128205128205,0.19386909693454846,0.07711078574914593,0.22418258336031077,0.11658403966096274,0.008872822872165627,0.0004993342210386152,0.0739787713091026,0.1324164401087478,0.056552387055430954,0.019855595667870037,0.002715654952076677,0.022215119066645358,0.004897673605037607,0.0011430437622468974,0.0037243947858473,0.06639590323150274,0.0032387121356448846,0.011635529334644379,0.058438448028101546,0.0180239226609864,0.06325910931174089,0.00847322142286171,0.05868205868205868,0.015355086372360844,0.006854774430097242,0.10763554700032082,0.030784508440913606,0.0020710530508204557,0.010397450947509643,0.04365465757870821,0.08314461339372371,0.054774600096946194,0.004561403508771929,0.009653794940079893,0.09816497416711206,0.022866344605475042,0.06938690969345485,0.0004178854993731718,0.0052760504993404934,0.0,0.029329837784696052,0.07946001367053998,0.09930678703852974,0.09607270366764038,0.10525443394662688,0.022056438533895557,0.01996779388083736,0.22830219871053067,0.12660909239041876,0.010895689793302356,0.013474494706448507,0.04429465575349061,0.34099740932642486,0.007276034561164165,0.07911698356429261,0.3412384716732543,0.14131832797427651,0.2160904255319149,0.6973768394113884,0.0679961556943777,0.0007266121707538601,0.0007993605115907274,0.03241855239929385,0.2561015294500488,0.03749202297383535,0.001474442988204456,0.0,0.0779390184249144,0.06492248062015504,0.03228476821192053,0.010360216767612368,0.0067215594017812135,0.000885582713425434,0.03524511374559436,0.01036682615629984,0.019714697868248116,0.0004804612427930814,0.0,0.006777979831377087,0.0004861448711716091,0.011555127587867116,0.028895941205946216,0.03553784860557769,0.013524523382760306
d__Bacteria;p__Bacillota_I;c__Bacilli_A;o__Lactobacillales;f__Enterococcaceae;g__Enterococcus_B,0.050760608486789434,0.0,0.0001669727834362999,0.00016520733520568312,0.0,0.0,0.03922829581993569,0.0012787723785166241,0.004323458767013611,0.0006496670456391099,0.0,0.008918054854450614,0.0,0.21461772719987177,0.0,0.0,0.0,0.0,0.0,0.0,0.0,0.07466281310211946,0.0,0.07017825598201381,0.0016007683688170323,0.020257826887661142,0.0,0.0,0.0,0.2962248995983936,0.0,0.0,0.0,0.0,0.0,0.0,0.0001598721023181455,0.0,0.0,0.0,0.0,0.0,0.032435939020434644,0.0,0.0,0.0,0.0,0.0,0.0,0.00047992321228603423,0.0004803073967339097,0.0,0.0,0.0,0.0,0.0,0.0,0.0,0.0,0.00033140016570008286,0.0,0.002751699579151829,0.0,0.0,0.00016644474034620507,0.0,0.0,0.0,0.0,0.0,0.0,0.0,0.0,0.0004138216428719222,0.0001765848490199541,0.0,0.0,0.004790036723614881,0.0,0.0,0.00047961630695443646,0.0,0.0019193857965451055,0.0,0.018768046198267566,0.0,0.0,0.0,0.0,0.0,0.0,0.0,0.0,0.0,0.0,0.050538525269262634,0.0,0.010363670623704541,0.0006431902235086027,0.0,0.0,0.00048363694986296955,0.0011359948068808828,0.0,0.0009730781706130393,0.0045088566827697265,0.005124814018846091,0.042203030796806255,0.0,0.0,0.0009629272989889263,0.00016191709844559586,0.0050022737608003635,0.0017724782468578795,0.0,0.0,0.0,0.0065579014715291106,0.27462758289284,0.0021798365122615805,0.0009592326139088729,0.0,0.0027660266840221284,0.0,0.0,0.023465123754419802,0.00016305233980107615,0.3381782945736434,0.0008278145695364238,0.0004781638508128785,0.000504116955133591,0.00035423308537017357,0.0,0.0,0.0,0.0,0.0,0.0,0.0,0.0,0.0005010856856522465,0.0015936254980079682,0.07430340557275542
d__Bacteria;p__Bacillota_A_368345;c__Clostridia_258483;o__Lachnospirales;f__Lachnospiraceae;g__Blautia_A_141780,0.0009607686148919135,0.0,0.007012856904324595,0.0,0.005739795918367347,0.0043241511851377324,0.05144694533762058,0.0,0.0,0.0009745005684586649,0.00033467202141900936,0.0003365303718660609,0.0,0.0,0.002247551773960507,0.014930165355594799,0.0001626280696048138,0.004327616605225197,0.0033551685572775205,0.0,0.0,0.0,0.0,0.0,0.00016007683688170322,0.0,0.0,0.0,0.0,0.0,0.0,0.0,0.05053105889925973,0.0,0.0,0.001763951250801796,0.0007993605115907274,0.0,0.00032087277394513073,0.0,0.0,0.0,0.0,0.0,0.0,0.0,0.0,0.0,0.0,0.00015997440409534473,0.0,0.0,0.0,0.0,0.003046336379669713,0.0,0.0,0.0,0.0,0.0,0.0,0.0,0.0,0.0,0.0,0.0,0.0,0.0004806151874399231,0.0,0.0,0.000319642000958926,0.0,0.0,0.0,0.0,0.0,0.0,0.0,0.0,0.0,0.0,0.0,0.0,0.0,0.00016041065126724414,0.0,0.0,0.0,0.0,0.0,0.0,0.0,0.0,0.0,0.0,0.0076636288318144155,0.0,0.0003768607499528924,0.0,0.0,0.0,0.0019345477994518782,0.0004868549172346641,0.002486325211337643,0.0,0.0,0.0,0.009939709956004562,0.017625380547989105,0.0,0.0,0.05667098445595855,0.08503865393360618,0.0,0.0,0.042765273311897105,0.0,0.0,0.0,0.0,0.000319744204636291,0.0,0.0,0.0012763241863433313,0.0,0.0,0.01907712375672591,0.0,0.001986754966887417,0.0,0.0003360779700890607,0.0,0.002242870874719641,0.0,0.007853822728001282,0.0,0.0,0.00016531658125309968,0.0,0.0014443909484833895,0.0005010856856522465,0.0,0.0004888381945576015
d__Bacteria;p__Bacillota_A_368345;c__Clostridia_258483;o__Lachnospirales;f__Lachnospiraceae;g__Eubacterium_G_180878,0.006725380304243395,0.0,0.0,0.0,0.0,0.0,0.0,0.0,0.00048038430744595676,0.0,0.0,0.0,0.0,0.0011219746754287546,0.0,0.0,0.0011383964872336966,0.0,0.0,0.0020783373301358913,0.0,0.0,0.0,0.0,0.0,0.0005022601707684581,0.0,0.0,0.0,0.0,0.0,0.0,0.0,0.00016736401673640169,0.002122795558458524,0.0,0.0,0.0001608234158893535,0.0,0.0011207172590457894,0.0,0.008582995951417004,0.0,0.0,0.0012282856641516056,0.007909045971329708,0.0,0.0003276003276003276,0.0,0.007038873780195169,0.0,0.0,0.0009691487643353255,0.0,0.000801667468334135,0.0007998720204767237,0.0025526483726866626,0.008009153318077803,0.0027243589743589742,0.0,0.003090938669269562,0.0,0.003358387973772589,0.00016431153466973383,0.0036617842876165113,0.0,0.0019190788421557653,0.004005126561999359,0.0,0.008146964856230033,0.000159821000479463,0.00034983382893125764,0.00016329196603527107,0.0004138216428719222,0.0031785272823591734,0.0026671746999428463,0.0,0.0023950183618074404,0.0014746845813534328,0.0,0.0014388489208633094,0.000481000481000481,0.005438259756877799,0.0027100271002710027,0.00016041065126724414,0.0014895729890764648,0.0,0.000335401643468053,0.006004543979227524,0.0019411193788417987,0.0009694619486185168,0.002105263157894737,0.00033288948069241014,0.0,0.01465378421900161,0.0,0.0,0.0003768607499528924,0.00016079755587715066,0.0024578076355890547,0.000683526999316473,0.002095760116072868,0.0,0.0,0.0012974375608173856,0.0,0.000495949743759299,0.0,0.0,0.0012832852101379532,0.009950248756218905,0.0,0.0,0.003061553335481792,0.003787878787878788,0.0006430868167202572,0.0,0.0,0.0,0.0,0.000319744204636291,0.0,0.0006508298080052066,0.0004786215698787492,0.0,0.0,0.0,0.0,0.0,0.0,0.02486976978659049,0.0,0.0,0.0,0.0,0.0,0.0,0.0,0.008588559390698428,0.002888781896966779,0.017537998997828628,0.0,0.006354896529248819
d__Bacteria;p__Bacillota_A_368345;c__Clostridia_258483;o__Christensenellales;f__;g__,0.0,0.0,0.0,0.0,0.0,0.0,0.0,0.0,0.0003202562049639712,0.0,0.0,0.0,0.0,0.0,0.00016053941242575052,0.0,0.0,0.0,0.0,0.0007993605115907274,0.0,0.0,0.0,0.0,0.0,0.0,0.0,0.0,0.0,0.0,0.0,0.0,0.0,0.00033472803347280337,0.0,0.0,0.0,0.0,0.0,0.0004803073967339097,0.0,0.005668016194331984,0.0,0.0013003901170351106,0.013686611686260747,0.0,0.0,0.0,0.0,0.00047992321228603423,0.0,0.0,0.00016152479405588758,0.0,0.0,0.00015997440409534473,0.0,0.0,0.001282051282051282,0.0,0.0,0.0,0.0,0.00032862306933946765,0.0006657789613848203,0.0,0.00015992323684631377,0.0,0.0,0.0003194888178913738,0.0,0.007346510407556411,0.00016329196603527107,0.0,0.0003531696980399082,0.0015240998285387694,0.0011471648639790233,0.0001596678907871627,0.008520399803375388,0.0,0.000319744204636291,0.0,0.0,0.00015941335883947074,0.00016041065126724414,0.0009930486593843098,0.003345547235940736,0.0005031024652020795,0.0,0.00016175994823681658,0.0009694619486185168,0.0010526315789473684,0.009487350199733688,0.0,0.0,0.0,0.0,0.0,0.0011255828911400547,0.0,0.0005126452494873548,0.00032242463324197966,0.0,0.0,0.0003243593902043464,0.0,0.0,0.0,0.0,0.00016041065126724414,0.0012839030653185683,0.0,0.0,0.0,0.0,0.0,0.0,0.0,0.0,0.0,0.0,0.0,0.0,0.0,0.0,0.0,0.0,0.0,0.0,0.0,0.0,0.0,0.0,0.0,0.0,0.0,0.0,0.0,0.0,0.0,0.0,0.0,0.00016294606485253382
d__Bacteria;p__Bacillota_A_368345;c__Clostridia_258483;o__Christensenellales;f__CAG-138;g__PeH17,0.0,0.0,0.0,0.0,0.0,0.0,0.0,0.0,0.0,0.0,0.0,0.0,0.0,0.0,0.0,0.0,0.0,0.0,0.0,0.0,0.0,0.0,0.0,0.0,0.0,0.0,0.0,0.0,0.0,0.0,0.0,0.0,0.0,0.0,0.0,0.0,0.0,0.0,0.0,0.0,0.0,0.0,0.005838469023678235,0.004876462938881665,0.03930514125285138,0.0,0.0,0.001638001638001638,0.0006405124099279424,0.00031994880819068947,0.0004803073967339097,0.0,0.0024228719108383137,0.0,0.0,0.0,0.0,0.0,0.0,0.0,0.0,0.0,0.0,0.0,0.00033288948069241014,0.0,0.0,0.0,0.0,0.0,0.0,0.0005247507433968865,0.00032658393207054214,0.0006207324643078833,0.0005297545470598623,0.00019051247856734617,0.0,0.0,0.00032770768474520726,0.0,0.0,0.0,0.0012795905310300703,0.0,0.0,0.0008275405494869249,0.0,0.002347811504276371,0.0004868549172346641,0.0,0.0,0.0,0.004826897470039946,0.0,0.0,0.0,0.0,0.0,0.0,0.0,0.0003417634996582365,0.0,0.0,0.0,0.0001621796951021732,0.0,0.0,0.0,0.0,0.0,0.0,0.0,0.0,0.0,0.0,0.0,0.0,0.0,0.0,0.0,0.0,0.0,0.0,0.0,0.0,0.0,0.0,0.0,0.0,0.0,0.0,0.0,0.0,0.0,0.0,0.0,0.0,0.0,0.0,0.0,0.0,0.0,0.0
d__Bacteria;p__Bacillota_A_368345;c__Clostridia_258483;o__Christensenellales;f__Christensenellaceae;g__,0.0,0.0,0.0,0.0,0.0,0.0,0.0,0.0,0.0,0.0,0.0,0.0,0.0,0.0,0.0,0.0,0.0,0.0,0.0,0.00047961630695443646,0.0004878048780487805,0.0,0.0,0.0,0.0,0.0,0.0,0.0,0.0,0.0,0.0,0.0,0.0,0.0,0.00032658393207054214,0.0,0.0,0.0,0.0,0.0,0.002888781896966779,0.0,0.0,0.0,0.0015792244253377786,0.0,0.00032035880185808104,0.0004914004914004914,0.0,0.00015997440409534473,0.0003202049311559398,0.0,0.00032304958811177516,0.0,0.0,0.00047992321228603423,0.0,0.0,0.0003205128205128205,0.00033140016570008286,0.0,0.0,0.00031984647369262754,0.0,0.0,0.0,0.0,0.0,0.0,0.0001597444089456869,0.0,0.0,0.0,0.0002069108214359611,0.0003531696980399082,0.00019051247856734617,0.00016388069485414618,0.0001596678907871627,0.0,0.00016869095816464237,0.0,0.0,0.0,0.00015941335883947074,0.00048123195380173246,0.0,0.00015931177314003505,0.0,0.0,0.0,0.0,0.0,0.0,0.0017815784785319793,0.0,0.0,0.0,0.0,0.0,0.0,0.0,0.0,0.0,0.0,0.0,0.0,0.0,0.0,0.0,0.0,0.0,0.0,0.0,0.0,0.0,0.0,0.0,0.0,0.0,0.0,0.0,0.0,0.0,0.0,0.0,0.0,0.0,0.0,0.0,0.0,0.0,0.0,0.0,0.0,0.0,0.0,0.0,0.00016531658125309968,0.0,0.0,0.0,0.0,0.0
d__Bacteria;p__Bacillota_I;c__Bacilli_A;o__Lactobacillales;f__Lactobacillaceae;g__Lactobacillus,0.0,0.0,0.0,0.0,0.0,0.0,0.0,0.0,0.0,0.0,0.004518072289156626,0.0,0.0,0.0,0.0,0.00016053941242575052,0.0,0.0,0.0,0.0,0.0,0.0,0.0,0.0,0.0,0.0,0.0,0.0,0.0,0.0,0.0,0.0,0.0,0.0,0.0,0.0,0.0,0.0,0.0,0.0,0.00016048788316482104,0.0,0.0,0.0,0.0,0.0,0.0,0.0,0.0,0.0,0.0,0.0,0.0,0.0,0.0,0.0,0.0,0.00016345210853220007,0.0,0.00033140016570008286,0.00032536196518626975,0.0,0.0,0.0,0.0,0.0,0.0,0.0,0.0,0.0,0.0,0.0,0.0,0.0,0.0,0.0,0.0,0.0,0.00032770768474520726,0.0,0.0,0.000160333493666827,0.0,0.0,0.0,0.0,0.0,0.0,0.0004868549172346641,0.0,0.0,0.0,0.0,0.0,0.05056360708534621,0.021955260977630488,0.0,0.0,0.0,0.00016385384237260363,0.0,0.0,0.7909769555339176,0.008453505718547987,0.0,0.0,0.005786080343858489,0.0,0.0001602307322544464,0.00016041065126724414,0.0,0.0,0.0,0.0,0.0024703557312252965,0.0009646302250803858,0.0,0.0,0.0,0.0,0.0,0.0,0.0,0.0,0.0,0.0,0.0,0.0,0.0,0.0,0.0,0.0,0.0,0.0,0.0,0.0,0.0,0.0,0.0,0.0,0.0,0.0,0.00032589212970506764
d__Bacteria;p__Bacillota_A_368345;c__Clostridia_258483;o__Lachnospirales;f__Lachnospiraceae;__,0.003843074459567654,0.0,0.019535815662047085,0.0,0.0,0.004964766175528507,0.0,0.0,0.0032025620496397116,0.002923501705375995,0.00016733601070950468,0.0013461214874642437,0.0,0.00032056419297964416,0.00048161823727725157,0.0,0.0,0.0,0.005591947595462534,0.0,0.005853658536585366,0.0,0.0,0.0,0.0,0.009542943244600702,0.0,0.0031959092361776927,0.0,0.0,0.0009629272989889263,0.00031872509960159364,0.018506598004505954,0.0006694560669456067,0.00032658393207054214,0.0014432328415651058,0.0,0.0,0.00032087277394513073,0.0,0.0,0.0011336032388663967,0.0006487187804086928,0.0013003901170351106,0.0,0.0,0.00032035880185808104,0.0,0.0,0.0,0.0,0.0,0.00032304958811177516,0.0,0.000801667468334135,0.0,0.0001595405232929164,0.0,0.00016025641025641026,0.0,0.0029282576866764276,0.0021042408546455165,0.0011194626579241963,0.00032862306933946765,0.0,0.0,0.0012793858947705101,0.00016020506247997436,0.008040695766327535,0.0,0.0,0.00017491691446562882,0.0,0.0,0.0,0.0028576871785101926,0.0,0.0007983394539358135,0.0004915615271178109,0.0,0.00047961630695443646,0.0,0.0,0.0,0.00048123195380173246,0.0,0.0003186235462800701,0.0,0.00551768906199286,0.001132319637657716,0.0011310389400549362,0.0,0.0,0.0,0.0006441223832528181,0.019262634631317315,0.0,0.00395703787450537,0.00016079755587715066,0.0,0.0,0.0009672738997259391,0.0,0.0,0.0012974375608173856,0.0,0.0008265829062654984,0.0050513280104285485,0.03140522352187149,0.0008020532563362208,0.0006419515326592842,0.0008095854922279792,0.004092769440654843,0.0011279407025459234,0.0024703557312252965,0.0022508038585209,0.002160904255319149,0.0,0.0028832292167227293,0.004904632152588556,0.002557953637090328,0.0003209757663296421,0.0,0.0004786215698787492,0.0,0.0,0.0017935757378118376,0.0,0.0,0.0,0.014451352713829609,0.0,0.00016020506247997436,0.0001594896331738437,0.0,0.0,0.0,0.00033063316250619935,0.010046994004213255,0.0022468303643074948,0.027726741272757642,0.004302788844621514,0.000977676389115203
d__Bacteria;p__Bacillota_I;c__Bacilli_A;o__Lactobacillales;f__Lactobacillaceae;g__Lacticaseibacillus,0.0,0.00015943877551020407,0.0006678911337451996,0.0,0.0,0.0,0.0,0.0,0.0,0.0,0.0,0.0,0.0,0.0,0.0,0.0,0.0,0.0,0.0,0.0,0.0,0.0,0.0,0.00016059097478721696,0.0011205378581719224,0.0,0.0,0.0,0.0,0.0,0.0,0.0,0.0,0.0,0.0,0.0,0.0,0.0,0.0,0.0,0.0,0.0,0.0,0.0,0.0,0.0,0.0,0.0,0.0,0.011038233882578788,0.0,0.0,0.0,0.0,0.0,0.0,0.0,0.0,0.0,0.0,0.0008134049129656743,0.0,0.0,0.0,0.0,0.0,0.0,0.00016020506247997436,0.0,0.0,0.0,0.0,0.0,0.0,0.0,0.0,0.0,0.0,0.00032770768474520726,0.0,0.0,0.000481000481000481,0.0,0.0,0.0,0.0,0.0,0.001006204930404159,0.0,0.0,0.0,0.0,0.0,0.0,0.0,0.0008285004142502071,0.0,0.0,0.0,0.0,0.0,0.0,0.0035702693930542034,0.0,0.0,0.0,0.0013225326500247974,0.0,0.0,0.0,0.0,0.0003238341968911917,0.0009095043201455207,0.0,0.00016469038208168644,0.0,0.0,0.0004798464491362764,0.0,0.0,0.0,0.0,0.0,0.0,0.006716906946264744,0.0,0.00016305233980107615,0.0,0.0,0.0,0.0,0.0,0.0,0.0,0.0,0.0,0.0,0.0,0.0,0.0,0.0,0.0,0.0
d__Bacteria;p__Bacillota_I;c__Bacilli_A;o__Erysipelotrichales;f__Erysipelotrichaceae;g__Clostridium_AQ,0.0001601281024819856,0.0,0.0010018367006177993,0.0009912440112340988,0.006218112244897959,0.0064061499039077515,0.03778135048231511,0.010709718670076727,0.0,0.0006496670456391099,0.000502008032128514,0.00016826518593303046,0.002867155144950621,0.0006411283859592883,0.0008026970621287526,0.0006421576497030021,0.0,0.0,0.006231027320658252,0.0001598721023181455,0.0,0.0,0.00048,0.00048177292436165086,0.0011205378581719224,0.0,0.0,0.00047938638542665386,0.00032388663967611336,0.0009638554216867469,0.0,0.00015936254980079682,0.040875442549082715,0.0,0.0,0.0,0.0,0.0,0.0,0.0,0.0,0.0,0.0,0.0,0.0,0.0,0.00016017940092904052,0.0,0.0,0.00047992321228603423,0.0,0.0,0.0,0.00015931177314003505,0.000320666987333654,0.0,0.0,0.0,0.0,0.00016570008285004143,0.0,0.002427970216898673,0.0,0.0,0.0,0.0,0.0,0.0004806151874399231,0.00935346242205448,0.0,0.000479463001438389,0.0,0.0,0.0,0.0,0.0,0.0,0.0,0.0,0.0,0.0,0.0,0.0,0.0,0.0,0.0,0.0,0.0005031024652020795,0.0,0.0,0.0,0.0,0.0,0.0,0.00016103059581320451,0.014084507042253521,0.0,0.0,0.0,0.0,0.0,0.0019345477994518782,0.0016228497241155468,0.0,0.0,0.0,0.00016531658125309968,0.002444190972788007,0.0,0.0,0.0003209757663296421,0.00048575129533678756,0.07389722601182355,0.0,0.0,0.0006430868167202572,0.006648936170212766,0.0,0.0026429601153291687,0.003996366939146231,0.00047961630695443646,0.0025678061306371367,0.0,0.0003190810465858328,0.00327653997378768,0.0,0.0026088374368172184,0.0,0.00016556291390728477,0.0,0.00016803898504453034,0.0,0.00016020506247997436,0.0,0.0,0.0,0.0,0.00033063316250619935,0.0,0.0,0.0,0.0007968127490039841,0.0
d__Bacteria;p__Bacillota_I;c__Bacilli_A;o__Lactobacillales;f__Lactobacillaceae;g__Leuconostoc_B,0.0,0.0,0.0,0.0,0.00015943877551020407,0.0,0.0,0.0,0.0,0.0,0.0,0.00016826518593303046,0.0,0.0,0.0,0.0,0.0,0.0,0.00015976993129892953,0.0,0.0,0.0,0.0,0.0,0.0,0.0006696802276912774,0.0,0.0,0.0,0.0,0.0,0.0,0.000321853878339234,0.0,0.0,0.0,0.0057553956834532375,0.00048247024766806047,0.0,0.0,0.0,0.0,0.0,0.0,0.0,0.0,0.0017619734102194459,0.0003276003276003276,0.0,0.0,0.0,0.0,0.0,0.0,0.0,0.0,0.0,0.0,0.0,0.0,0.0,0.0,0.0,0.0,0.0,0.0,0.0,0.0,0.0,0.0,0.0,0.0,0.0,0.0,0.0,0.0,0.0,0.0,0.0,0.0,0.0,0.0,0.0,0.0,0.0003208213025344883,0.00033101621979476995,0.0,0.0,0.0,0.0,0.0,0.0,0.0,0.0,0.0,0.00041425020712510354,0.0,0.0015074429998115696,0.0,0.0,0.0,0.0,0.0,0.0,0.0,0.0,0.0,0.0,0.0,0.0,0.0,0.00016191709844559586,0.0,0.0,0.0,0.0,0.0,0.0,0.0,0.0,0.0,0.0,0.0,0.0,0.0,0.0,0.0,0.00016149870801033592,0.0,0.0,0.0,0.0,0.0,0.0,0.0,0.0,0.0,0.0,0.0,0.0,0.0,0.0,0.0006517842594101353
d__Bacteria;p__Bacillota_I;c__Bacilli_A;o__Staphylococcales;f__Gemellaceae;g__Gemella,0.0003202562049639712,0.00015943877551020407,0.08081482718316914,0.0,0.0007971938775510204,0.00032030749519538755,0.0001607717041800643,0.00015984654731457802,0.0008006405124099279,0.0021114178983271076,0.057396251673360106,0.00016826518593303046,0.0004778591908251035,0.00016028209648982208,0.0,0.005458340022475518,0.0004878842088144414,0.0009616925789389325,0.0011183895190925068,0.0,0.0014634146341463415,0.0016056518946692357,0.00032,0.0017665007226593866,0.00032015367376340644,0.0003348401138456387,0.0,0.007829977628635347,0.004696356275303644,0.0001606425702811245,0.00016048788316482104,0.00015936254980079682,0.0038622465400708077,0.0,0.0008164598301763554,0.0,0.000319744204636291,0.009006111289803796,0.00016043638697256537,0.0,0.0,0.00016194331983805668,0.0029192345118391177,0.0,0.00035093876118617303,0.0008238589553468446,0.0004805382027871216,0.0003276003276003276,0.0,0.00015997440409534473,0.0,0.00047885075818036713,0.0,0.0,0.000641333974667308,0.0,0.0004786215698787492,0.0,0.0,0.0,0.0,0.0001618646811265782,0.00015992323684631377,0.0,0.0,0.0,0.001439309131616824,0.0,0.0,0.0,0.000479463001438389,0.0,0.0,0.0,0.0,0.0,0.0,0.0001596678907871627,0.0,0.0,0.0,0.001122334455667789,0.0,0.0,0.00048123195380173246,0.00016550810989738498,0.0,0.0001677008217340265,0.0017851346965271017,0.0009705596894208993,0.0,0.0003508771929824561,0.0,0.0,0.0,0.0006213753106876554,0.03426661094860008,0.0015074429998115696,0.00016079755587715066,0.0004915615271178109,0.0,0.0008060615831049493,0.0009737098344693282,0.0004972650422675286,0.0001621796951021732,0.048792270531400964,0.0,0.00016294606485253382,0.0,0.0,0.00048146364949446316,0.0,0.001364256480218281,0.04205607476635514,0.0,0.0012861736334405145,0.0,0.0003198976327575176,0.0002402691013935608,0.00036330608537693006,0.0,0.0003209757663296421,0.002277904328018223,0.003190810465858328,0.001474442988204456,0.025875924140147864,0.0,0.00032299741602067185,0.0,0.0,0.0003360779700890607,0.0093871767623096,0.0,0.0001594896331738437,0.00032056419297964416,0.00016015374759769378,0.0013340956737183153,0.00016531658125309968,0.0,0.0006419515326592842,0.009687656589276766,0.0,0.0004888381945576015
d__Bacteria;p__Bacillota_I;c__Bacilli_A;o__Lactobacillales;f__Aerococcaceae;g__Granulicatella,0.0012810248198558848,0.001913265306122449,0.007680748038069795,0.0004956220056170494,0.0014349489795918368,0.0,0.0008038585209003215,0.00031969309462915604,0.0001601281024819856,0.006334253694981322,0.005522088353413655,0.001514386673397274,0.00031857279388340236,0.0009616925789389325,0.0006421576497030021,0.034676513083962114,0.0,0.00048084628946946624,0.003994248282473239,0.0,0.000975609756097561,0.0004816955684007707,0.00032,0.0003211819495744339,0.00016007683688170322,0.0,0.0,0.0022371364653243847,0.004696356275303644,0.00048192771084337347,0.0,0.0006374501992031873,0.000643707756678468,0.0,0.0,0.0,0.0,0.008845287873914441,0.0014439274827530884,0.0,0.0009629272989889263,0.00048582995951417006,0.0003243593902043464,0.0,0.0007018775223723461,0.0008238589553468446,0.00016017940092904052,0.0,0.0,0.00015997440409534473,0.0,0.0,0.0,0.0,0.000481000481000481,0.00015997440409534473,0.0,0.0013076168682576005,0.0,0.0,0.0004880429477794046,0.003722887665911298,0.00015992323684631377,0.0,0.0,0.010935992280476037,0.001439309131616824,0.0004806151874399231,0.0,0.0001597444089456869,0.0,0.0,0.0,0.0,0.0,0.0,0.0,0.0,0.0004915615271178109,0.0,0.0001598721023181455,0.0,0.0,0.0,0.00048123195380173246,0.0,0.0,0.0,0.0,0.00048527984471044967,0.00016157699143641945,0.0,0.0,0.0,0.0,0.0,0.0,0.0007537214999057848,0.0,0.0,0.0,0.0,0.0,0.0018233051549809381,0.0,0.0011272141706924316,0.0,0.0004888381945576015,0.0017625380547989103,0.0,0.0006419515326592842,0.0,0.006593906321055025,0.00048340315823396714,0.0,0.02282958199356913,0.00016622340425531914,0.0001599488163787588,0.0009610764055742432,0.08010899182561308,0.0,0.0030492697801316002,0.0,0.0,0.000982961992136304,0.0035358405657344907,0.0,0.0006459948320413437,0.0008278145695364238,0.0,0.0,0.003188097768331562,0.0020826658122396666,0.0,0.0,0.00032030749519538755,0.0017152658662092624,0.00016531658125309968,0.0,0.0020863424811426736,0.004509771170870219,0.0,0.00016294606485253382
d__Bacteria;p__Bacillota_I;c__Bacilli_A;o__Lactobacillales;f__Streptococcaceae;g__Streptococcus,0.0008006405124099279,0.001753826530612245,0.06645516780764735,0.4800925161077152,0.028380102040816327,0.008167841127482383,0.008038585209003215,0.15760869565217392,0.006084867894315452,0.18937794380380055,0.07011378848728246,0.05182567726737338,0.013857916533928002,0.05481647699951915,0.007545352384010275,0.09070476802054904,0.019190112213368027,0.008815515306940214,0.05240453746604889,0.0015987210231814548,0.0074796747967479675,0.027617212588310854,0.01136,0.042235426369038064,0.010244917560429006,0.0025113008538422904,0.00015931177314003505,0.00798977309044423,0.14267206477732794,0.01670682730923695,0.00465414861177981,0.014820717131474103,0.039427100096556165,0.0,0.005878510777269758,0.0006414368184733803,0.11990407673860912,0.43116757799935673,0.024225894432857373,0.002721741914825488,0.03787514042689777,0.005668016194331984,0.10444372364579954,0.0203185955786736,0.004562203895420249,0.011698797165925194,0.01217363447060708,0.03751023751023751,0.0011208967173738991,0.030395136778115502,0.012327889849503683,0.013727055067837191,0.00032304958811177516,0.0,0.013307679974346641,0.00047992321228603423,0.0,0.005720823798627002,0.0020833333333333333,0.023695111847555923,0.015292012363754676,0.014729685982518614,0.007356468894930433,0.00032862306933946765,0.0,0.025088452878739145,0.030385415000799616,0.021307273309836592,0.0,0.0004792332268370607,0.003675883011027649,0.00017491691446562882,0.0,0.002276019035795572,0.010418506092177291,0.0005715374357020385,0.0008194034742707309,0.00415136516046623,0.0019662461084712438,0.0006747638326585695,0.0,0.030623697290363957,0.0004798464491362764,0.000637653435357883,0.024222008341353865,0.006951340615690168,0.0,0.0018447090390742915,0.0069782538136968515,0.006955677774183112,0.001777346905800614,0.002105263157894737,0.00016644474034620507,0.0023160520220915732,0.004025764895330112,0.09299917149958575,0.0008357709987463436,0.006218202374222725,0.0017687731146486573,0.0011469768966082255,0.0,0.01160728679671127,0.0008114248620577734,0.16973313442731644,0.01119039896204995,0.002898550724637681,0.020003306331625063,0.10314485905165391,0.01602307322544464,0.001122874558870709,0.011073663938372653,0.0042098445595854924,0.047521600727603454,0.013857557202707057,0.0013175230566534915,0.025562700964630224,0.010139627659574468,0.21145233525271914,0.009851033157135992,0.03069936421435059,0.010711430855315748,0.007382442625581768,0.031239830784249918,0.0017549457562220803,0.13171690694626476,0.01092896174863388,0.0026088374368172184,0.006944444444444444,0.004966887417218543,0.0031877590054191903,0.0011762728953117123,0.03382925965285158,0.011214354373598205,0.003827751196172249,0.0012822567719185766,0.0004804612427930814,0.1783876500857633,0.002645065300049595,0.00032409658078107277,0.003209757663296421,0.32169701018874225,0.0022310756972111555,0.03666286459182011
d__Bacteria;p__Bacillota_A_368345;c__Clostridia_258483;o__Oscillospirales;f__Ruminococcaceae;__,0.0,0.0,0.0,0.0,0.0,0.0,0.0,0.0,0.0,0.0,0.0,0.0,0.0,0.0,0.0,0.0,0.0,0.0,0.0,0.0,0.0,0.00016056518946692356,0.0,0.0,0.0,0.0,0.0,0.0,0.0,0.00048192771084337347,0.00016048788316482104,0.0,0.0,0.00016736401673640169,0.0,0.0,0.0,0.0,0.0,0.0,0.0,0.0,0.0,0.00016254876462938882,0.0,0.0,0.0,0.0004914004914004914,0.0,0.0,0.0,0.0,0.0,0.0,0.0,0.0,0.0001595405232929164,0.0,0.00016025641025641026,0.0,0.00016268098259313488,0.0,0.0,0.00016431153466973383,0.0,0.0,0.0,0.0,0.0,0.0001597444089456869,0.0,0.0005247507433968865,0.00016329196603527107,0.0,0.0,0.00038102495713469235,0.0,0.0,0.0,0.0,0.00047961630695443646,0.000320666987333654,0.0,0.00015941335883947074,0.0008020532563362208,0.0,0.0,0.0005031024652020795,0.0034079844206426485,0.001132319637657716,0.00016157699143641945,0.00017543859649122806,0.00033288948069241014,0.0,0.0,0.0,0.0,0.0,0.0,0.0,0.0,0.0,0.0,0.0,0.0003243593902043464,0.0,0.0,0.0,0.0,0.0016041065126724415,0.00016048788316482104,0.0,0.0,0.0,0.0,0.0,0.0,0.0,0.0,0.0,0.0001598721023181455,0.0,0.0,0.0001595405232929164,0.0,0.0,0.0,0.0,0.0,0.0,0.0013443118803562427,0.0,0.0,0.0,0.0,0.0,0.0,0.0,0.0,0.0011234151821537474,0.0,0.0,0.0021182988430829396
d__Bacteria;p__Bacillota_C;c__Negativicutes;o__Veillonellales;f__Veillonellaceae;g__Veillonella_A,0.005124099279423539,0.003826530612244898,0.11921856737351812,0.017677184867008096,0.0011160714285714285,0.014894298526585522,0.006109324758842444,0.00015984654731457802,0.0011208967173738991,0.006334253694981322,0.007028112449799197,0.0035335689045936395,0.17840076457470533,0.012662285622695946,0.0,0.0,0.0008131403480240689,0.0014425388684083987,0.0007988496564946477,0.0,0.000975609756097561,0.04511881824020552,0.00128,0.0006423638991488678,0.0,0.0006696802276912774,0.0025489883702405607,0.006232023010546501,0.0,0.0019277108433734939,0.0006419515326592842,0.0006374501992031873,0.000643707756678468,0.0,0.006531678641410843,0.00016035920461834508,0.000319744204636291,0.0008041170794467674,0.0,0.0,0.0020863424811426736,0.0017813765182186235,0.0,0.00016254876462938882,0.00017546938059308652,0.28802109078925686,0.0022425116130065674,0.0021294021294021295,0.0,0.0,0.0,0.0,0.0009691487643353255,0.0007965588657001752,0.002565335898669232,0.0,0.0001595405232929164,0.014874141876430207,0.05897435897435897,0.0,0.0,0.0001618646811265782,0.00031984647369262754,0.0,0.0004993342210386152,0.004342232229012544,0.00031984647369262754,0.0006408202499198974,0.0,0.0134185303514377,0.000319642000958926,0.0,0.0,0.0004138216428719222,0.0001765848490199541,0.05315298152028958,0.00016388069485414618,0.0001596678907871627,0.004260199901687694,0.0,0.00047961630695443646,0.0,0.0035188739603326936,0.0020723736649131195,0.0008020532563362208,0.0004965243296921549,0.0007965588657001752,0.0,0.0032456994482310936,0.001132319637657716,0.0004847309743092584,0.003157894736842105,0.0006657789613848203,0.007838945305540709,0.0,0.006006628003314002,0.0014625992478061011,0.0022611644997173543,0.00016079755587715066,0.006390299852531542,0.0003417634996582365,0.0,0.0008114248620577734,0.15017404276479362,0.0001621796951021732,0.0011272141706924316,0.0016531658125309968,0.0021182988430829396,0.0020829995193078032,0.0006416426050689766,0.008024394158241053,0.0003238341968911917,0.027512505684402,0.00016113438607798906,0.0,0.0003215434083601286,0.00016622340425531914,0.0,0.12445939452186448,0.11880108991825614,0.0073541167066346926,0.0327395281656235,0.0,0.002393107849393746,0.0,0.16200578592092574,0.0003261046796021523,0.0,0.01142384105960265,0.0017532674529805547,0.000504116955133591,0.048175699610343604,0.01618071131047741,0.0009569377990430622,0.00032056419297964416,0.0,0.013912712025919573,0.0006612663250123987,0.00016204829039053638,0.00048146364949446316,0.005511942542174712,0.3705179282868526,0.0006517842594101353
d__Bacteria;p__Bacillota_I;c__Bacilli_A;o__Staphylococcales;f__Staphylococcaceae;g__Staphylococcus,0.0,0.00031887755102040814,0.0,0.0,0.0,0.0,0.0,0.0,0.0,0.006659087217800877,0.00033467202141900936,0.0,0.0,0.0,0.0,0.0,0.0,0.0,0.0,0.0,0.0,0.0,0.0,0.00016059097478721696,0.0,0.0,0.0,0.0020773410035155003,0.0,0.001285140562248996,0.0,0.00015936254980079682,0.0,0.0,0.00032658393207054214,0.0,0.0,0.0014474107430041815,0.0,0.0,0.0,0.0,0.0,0.0,0.00017546938059308652,0.0009886307464162135,0.0006407176037161621,0.0,0.0,0.0012797952327627579,0.0,0.0,0.0,0.0,0.001763668430335097,0.00047992321228603423,0.0,0.0,0.0,0.0,0.0,0.0,0.0,0.0,0.0,0.0,0.0,0.0,0.0,0.0,0.0,0.0,0.0,0.0,0.0,0.0,0.00016388069485414618,0.0,0.0,0.0,0.0,0.0,0.0,0.0,0.0,0.00016550810989738498,0.0,0.0,0.0,0.0,0.0,0.0,0.0,0.0,0.0,0.0,0.0014625992478061011,0.0016958733747880158,0.0,0.0004915615271178109,0.0042720437457279565,0.0037078832822827665,0.003083414475819539,0.0014917951268025858,0.0,0.0017713365539452496,0.0,0.0,0.0,0.0,0.00016048788316482104,0.0003238341968911917,0.0,0.0,0.0,0.0,0.0,0.0,0.0,0.0,0.0,0.0,0.0,0.0,0.0011467889908256881,0.0,0.0,0.0,0.0,0.0,0.0,0.0,0.0,0.0,0.0,0.0,0.005145797598627788,0.0,0.0,0.00016048788316482104,0.0,0.0,0.00016294606485253382
d__Bacteria;p__Bacillota_I;c__Bacilli_A;o__Lactobacillales;f__Streptococcaceae;g__Lactococcus_A_346120,0.0,0.0,0.0,0.0,0.0012755102040816326,0.0,0.0004823151125401929,0.0,0.0,0.0022738346597368847,0.00033467202141900936,0.0,0.0,0.0,0.0,0.0,0.0,0.0,0.0,0.0,0.0,0.00016056518946692356,0.0,0.0,0.0,0.0,0.0,0.0,0.0014574898785425102,0.0,0.0,0.0,0.00048278081750885096,0.0,0.0,0.0,0.000639488409272582,0.0001608234158893535,0.0,0.0,0.0,0.0,0.000810898475510866,0.0,0.0,0.0,0.0,0.0,0.0,0.0,0.0,0.003830806065442937,0.0,0.0,0.000320666987333654,0.0,0.0,0.0,0.0,0.0,0.0,0.0,0.0,0.0,0.0,0.0,0.0,0.0,0.0,0.0,0.0,0.0,0.0,0.0,0.0,0.0,0.0,0.0,0.0,0.0,0.0,0.0,0.0,0.0,0.0,0.0,0.0,0.0,0.0,0.0,0.0,0.0,0.0,0.0,0.0,0.0,0.0,0.0,0.0,0.0,0.0,0.0,0.0,0.0,0.0,0.0,0.000495949743759299,0.0,0.0,0.0,0.0,0.0,0.0,0.0,0.0,0.0,0.0,0.0,0.0,0.0,0.0,0.0,0.0,0.0,0.0,0.0,0.0,0.00032299741602067185,0.0,0.0,0.0,0.0,0.0,0.0,0.0,0.0,0.0,0.0,0.0,0.0,0.0,0.0,0.06387485742219326
d__Bacteria;p__Bacillota_I;c__Bacilli_A;o__Lactobacillales;f__Enterococcaceae;g__Enterococcus_H_360604,0.0,0.0,0.0,0.002808524698496613,0.14333545918367346,0.0,0.0008038585209003215,0.0,0.0,0.0,0.0,0.007908463738852432,0.0,0.0,0.0,0.0,0.0,0.0,0.0,0.0,0.0,0.009312780989081566,0.0,0.0,0.005762766127741316,0.0,0.0,0.0,0.0,0.0,0.0,0.0,0.0,0.00033472803347280337,0.0,0.0,0.0,0.0,0.0,0.0,0.0,0.0,0.0,0.0,0.0,0.0,0.0,0.0,0.0,0.0,0.0,0.0,0.0,0.0,0.0,0.0,0.0,0.0006538084341288003,0.0,0.0,0.0,0.0,0.0,0.0,0.0,0.0,0.0,0.0,0.015917295700689203,0.0,0.0,0.0,0.0,0.0002069108214359611,0.0,0.0,0.0,0.0,0.0,0.0,0.0,0.0,0.0,0.0,0.003529034327879371,0.0,0.0,0.0,0.0,0.0,0.0,0.0,0.0,0.0,0.0,0.00041425020712510354,0.0,0.0,0.0,0.0004915615271178109,0.0,0.0,0.0001622849724115547,0.0,0.0001621796951021732,0.0,0.015374442056538271,0.0,0.0,0.0,0.0,0.0,0.0,0.0,0.0,0.0,0.0,0.0001599488163787588,0.03291686689091783,0.007084468664850136,0.0,0.0,0.010901399284087211,0.0,0.0,0.0003214400514304082,0.0,0.028262273901808785,0.0004966887417218543,0.0,0.0,0.0014169323414806943,0.0,0.0,0.001763103061388043,0.0,0.0007623403849818944,0.0,0.0,0.0022468303643074948,0.0,0.0,0.03584813426755744
d__Bacteria;p__Actinomycetota;c__Coriobacteriia;o__Coriobacteriales;f__Coriobacteriaceae;g__Collinsella,0.0,0.0,0.0,0.00016520733520568312,0.04193239795918367,0.0,0.0,0.0,0.010088070456365093,0.0,0.00016733601070950468,0.0,0.0,0.009296361596409682,0.0,0.03692406485792262,0.0,0.0,0.0734941683975076,0.0017585931254996002,0.0003252032520325203,0.07145150931278099,0.0,0.15272201702264332,0.03313590523451257,0.010882303699983258,0.0,0.00031959092361776926,0.07206477732793522,0.005461847389558233,0.005456588027603916,0.0,0.0,0.0033472803347280333,0.008491182233834096,0.020686337395766516,0.014228617106314949,0.06625924734641364,0.0,0.024815882164585336,0.022307815759910126,0.01748987854251012,0.038760947129419396,0.0030884265279583875,0.00035093876118617303,0.023891909705058494,0.02130386032356239,0.02620802620802621,0.0001601281024819856,0.06990881458966565,0.020172910662824207,0.016600159616919394,0.003876595057341302,0.0,0.000481000481000481,0.0,0.0003190810465858328,0.001961425302386401,0.0014423076923076924,0.010936205468102735,0.0021148527737107534,0.005017805114923924,0.015032784263553494,0.000821557673348669,0.00033288948069241014,0.0,0.021429713737406045,0.0,0.08795536593370529,0.0007987220447284345,0.012146396036439189,0.00034983382893125764,0.00032658393207054214,0.002482929857231533,0.01465654246865619,0.0007620499142693847,0.0021304490331039002,0.012134759699824365,0.00720956906439456,0.08670715249662618,0.0015987210231814548,0.08914542247875581,0.013275751759436981,0.0014347202295552368,0.0019249278152069298,0.007778881165177094,0.0003186235462800701,0.001677008217340265,0.0103862382343395,0.022646392753154318,0.03457747616739376,0.004035087719298246,0.0009986684420772304,0.030643149830750043,0.04750402576489533,0.0,0.0,0.0033917467495760316,0.002733558449911561,0.0039324922169424875,0.0,0.016443656295340964,0.0,0.15100281783523953,0.0050275705481673694,0.0,0.03653496445693503,0.0,0.0,0.005774783445620789,0.015727812550152463,0.0,0.0,0.10248146954560103,0.21129776021080368,0.03536977491961415,0.0031582446808510636,0.0,0.0004805382027871216,0.00018165304268846503,0.0,0.0,0.0024406117800195247,0.020580727504786216,0.08977719528178243,0.0,0.009620088048263493,0.0,0.0,0.0001593879502709595,0.053100319274071585,0.0,0.012335789810958026,0.0,0.0,0.003042921204356182,0.0,0.008927095387667384,0.00016204829039053638,0.0,0.09403708034073827,0.020557768924302788,0.0
d__Bacteria;p__Bacillota_I;c__Bacilli_A;o__MOL361;f__Turicibacteraceae;g__Turicibacter,0.0,0.00701530612244898,0.0001669727834362999,0.0,0.0,0.002402306213965407,0.0001607717041800643,0.0009590792838874681,0.0003202562049639712,0.0017865843755075525,0.0033467202141900937,0.013292949688709406,0.0,0.0,0.0,0.007545352384010275,0.005366726296958855,0.009777207885879147,0.029557437290301965,0.0020783373301358913,0.00016260162601626016,0.004656390494540783,0.0,0.0059418660671270275,0.0011205378581719224,0.00016742005692281934,0.0,0.0,0.0019433198380566803,0.0,0.0,0.0006374501992031873,0.000160926939169617,0.0038493723849372385,0.0017962116263879817,0.0,0.0020783373301358913,0.007558700546799614,0.004010909674314134,0.002561639449247518,0.011073663938372653,0.002591093117408907,0.0009730781706130393,0.0006501950585175553,0.0,0.005931784478497282,0.0032035880185808103,0.0001638001638001638,0.0,0.0014397696368581027,0.003202049311559398,0.0003192338387869114,0.0,0.00047793531942010514,0.01074234407567741,0.00015997440409534473,0.0,0.0,0.0,0.03032311516155758,0.00032536196518626975,0.009388151505341535,0.0038381576843115306,0.00016431153466973383,0.0,0.0,0.01599232368463138,0.003043896187119513,0.0,0.0,0.002077673006233019,0.0,0.0,0.0,0.008829242450997704,0.0,0.0,0.0009580073447229762,0.0006554153694904145,0.00033738191632928474,0.0001598721023181455,0.000481000481000481,0.000799744081893794,0.0,0.011870388193776067,0.0009930486593843098,0.0,0.0,0.011522233041220383,0.009382076997735361,0.0,0.00017543859649122806,0.00016644474034620507,0.01300552289328345,0.0006441223832528181,0.0,0.0,0.0,0.011738221579032,0.0014746845813534328,0.0017088174982911825,0.00032242463324197966,0.0001622849724115547,0.001657550140891762,0.001621796951021732,0.00032206119162640903,0.000495949743759299,0.012709793058497638,0.07915398173369652,0.00016041065126724414,0.00016048788316482104,0.0,0.0,0.011923944569771189,0.0014822134387351778,0.0033762057877813503,0.0,0.0,0.0064872657376261415,0.00036330608537693006,0.0009592326139088729,0.0,0.00016270745200130165,0.0,0.001310615989515072,0.0006428801028608164,0.0014674710582096853,0.0,0.002814569536423841,0.0,0.00016803898504453034,0.0,0.0,0.0,0.0,0.0,0.01848675433581094,0.0,0.0,0.0,0.00033405712376816435,0.0,0.0006517842594101353
d__Bacteria;p__Actinomycetota;c__Coriobacteriia;o__Coriobacteriales;f__Eggerthellaceae;__,0.0003202562049639712,0.0,0.0,0.0,0.0,0.0,0.0,0.0,0.0,0.0011369173298684423,0.0,0.0,0.0,0.00048084628946946624,0.0,0.00016053941242575052,0.0,0.0,0.0,0.0001598721023181455,0.0,0.0,0.0008,0.0,0.0,0.0003348401138456387,0.0,0.0,0.0,0.0,0.0,0.0,0.0,0.00016736401673640169,0.0004898758981058132,0.0030468248877485566,0.001278976818545164,0.000643293663557414,0.00048130916091769613,0.0008005123278898495,0.0012839030653185683,0.0,0.0003243593902043464,0.00032509752925877764,0.0,0.0,0.0006407176037161621,0.0003276003276003276,0.0,0.0022396416573348264,0.0008005123278898495,0.0,0.00016152479405588758,0.0,0.0,0.0,0.0,0.0,0.0,0.00033140016570008286,0.00032536196518626975,0.0009711880867594691,0.0007996161842315689,0.0,0.0,0.0,0.0,0.0004806151874399231,0.0,0.0,0.0,0.0,0.0,0.0,0.0007063393960798164,0.00019051247856734617,0.0,0.0003193357815743254,0.0,0.00033738191632928474,0.0,0.000160333493666827,0.0,0.0,0.00016041065126724414,0.0018205892088712346,0.0,0.0005031024652020795,0.0,0.0,0.0,0.0,0.0,0.0,0.0008051529790660225,0.0,0.0,0.0,0.00016079755587715066,0.0,0.0,0.0,0.0,0.0001657550140891762,0.0,0.0,0.0,0.0,0.0,0.0,0.0,0.0,0.0,0.0045117628101836935,0.0,0.0,0.0,0.0,0.0,0.0,0.0,0.0,0.0,0.0,0.0,0.0,0.0,0.0,0.0,0.0,0.0,0.0,0.0,0.0,0.0,0.0,0.0,0.0,0.0,0.0,0.0,0.0,0.0
d__Bacteria;p__Bacillota_A_368345;c__Clostridia_258483;o__Oscillospirales;f__Acutalibacteraceae;g__Ruminococcus_E,0.007045636509207366,0.0,0.0,0.0,0.0,0.042120435618193466,0.0004823151125401929,0.0,0.04787830264211369,0.030696767906447944,0.00033467202141900936,0.0026922429749284874,0.0,0.043276166052251965,0.0,0.035960828383368115,0.036591315661083104,0.001763103061388043,0.019651701549768332,0.03357314148681055,0.09284552845528456,0.0032113037893384713,0.04224,0.0006423638991488678,0.1496718424843925,0.17361459902896367,0.0017524295045403856,0.0007989773090444232,0.0,0.0030522088353413654,0.0022468303643074948,0.007171314741035857,0.000321853878339234,0.0,0.022207707380796866,0.008017960230917255,0.002398081534772182,0.007076230299131554,0.0,0.03442203009926353,0.00016048788316482104,0.06704453441295546,0.0810898475510866,0.003576072821846554,0.0,0.0031306640303180094,0.09979176677879224,0.04226044226044226,0.0,0.1422172452407615,0.08133205251360871,0.009736632083000797,0.0006460991762235503,0.02628644256810578,0.001282667949334616,0.008638617821148616,0.06206126356094448,0.0,0.0020833333333333333,0.005468102734051367,0.014966650398568407,0.02492716089349304,0.0,0.0031219191587249424,0.021471371504660452,0.0030556449018977164,0.021909483447944987,0.1143864146107017,0.0,0.005111821086261981,0.004634809013904427,0.009270596466678327,0.0,0.0382785019656528,0.011301430337277062,0.004572299485616308,0.007046869878728286,0.02410985150886157,0.008520399803375388,0.02007422402159244,0.002557953637090328,0.035433702100368766,0.0065579014715291106,0.0457516339869281,0.09239653512993262,0.04700430321085733,0.00015931177314003505,0.0,0.23304122038299255,0.06761565836298933,0.037162708030376475,0.037894736842105266,0.0018308921438082556,0.0,0.00032206119162640903,0.0,0.0,0.0,0.0,0.0,0.3362952836637047,0.00016121231662098983,0.0,0.0,0.046059033409017194,0.0,0.0,0.0,0.0,0.03336541546358678,0.09613224201572781,0.0,0.0,0.0020947470190138574,0.0,0.0006430868167202572,0.0,0.0,0.001201345506967804,0.0005449591280653951,0.0,0.07494784143797144,0.0,0.053924696873005745,0.0,0.0,0.0,0.0,0.0,0.000318775900541919,0.021340951100655352,0.0,0.0,0.022169059011164276,0.0,0.0,0.0,0.0,0.01750121536217793,0.0,0.0,0.0,0.00016294606485253382
d__Bacteria;p__Bacillota_I;c__Bacilli_A;o__Erysipelotrichales;f__Coprobacillaceae;g__Faecalibacillus,0.0,0.0,0.0001669727834362999,0.0,0.0,0.00016015374759769378,0.0,0.0,0.0057646116893514815,0.0019490011369173298,0.00016733601070950468,0.0,0.0406180312201338,0.0,0.0,0.07609568148980575,0.06082289803220036,0.0,0.0,0.000639488409272582,0.0,0.0,0.08128,0.0,0.07907795741956139,0.007199062447681232,0.0,0.0,0.05975708502024291,0.0,0.009468785106724442,0.1258964143426295,0.11168329578371419,0.0,0.004735467015022861,0.02325208466966004,0.0425259792166267,0.0,0.0,0.012808197246237591,0.0327395281656235,0.002591093117408907,0.019137204022056438,0.0,0.0005264081417792595,0.01384083044982699,0.14480217843985263,0.009991809991809993,0.0,0.011678131498960166,0.007204610951008645,0.005746209098164406,0.0,0.0,0.030142696809363476,0.00047992321228603423,0.0001595405232929164,0.006047728015691403,0.0027243589743589742,0.00033140016570008286,0.008134049129656743,0.030430560051796698,0.01775147928994083,0.0,0.0,0.02541009971051785,0.002718695026387334,0.018583787247677026,0.0,0.0004792332268370607,0.00159821000479463,0.0,0.0,0.0012414649286157666,0.0003531696980399082,0.001143074871404077,0.0,0.0006386715631486508,0.00016385384237260363,0.002699055330634278,0.0011191047162270183,0.011544011544011544,0.0017594369801663468,0.0,0.00657683670195701,0.0019860973187686196,0.0,0.0,0.006166828951639078,0.0012940795858945326,0.004685732751656164,0.0019298245614035089,0.00016644474034620507,0.0008907892392659896,0.006924315619967794,0.0,0.001671541997492687,0.0,0.00016079755587715066,0.0,0.0005126452494873548,0.007576978881186523,0.0,0.0,0.003081414206941291,0.00016103059581320451,0.0018184823937840966,0.06811145510835913,0.0,0.00016041065126724414,0.015567324666987643,0.03238341968911917,0.0,0.00048340315823396714,0.0004940711462450593,0.0,0.0,0.0020793346129238644,0.0004805382027871216,0.0,0.0,0.01974000962927299,0.00016270745200130165,0.0006381620931716656,0.0,0.0,0.0,0.0,0.0024834437086092716,0.006375518010838381,0.002520584775667955,0.0,0.0637616148670298,0.04178628389154705,0.0,0.0006406149903907751,0.0,0.0,0.0,0.005135612261274273,0.0,0.0,0.0708815382108522
d__Bacteria;p__Bacillota_I;c__Bacilli_A;o__Erysipelotrichales;f__Coprobacillaceae;g__,0.0,0.0,0.0,0.0,0.003985969387755102,0.0,0.0,0.0,0.0,0.0,0.0,0.0,0.0,0.0,0.0,0.0,0.0,0.00032056419297964416,0.0,0.0,0.0,0.0,0.0,0.0,0.00032015367376340644,0.0,0.0,0.003515500159795462,0.0,0.001606425702811245,0.0,0.0012749003984063745,0.000643707756678468,0.0,0.0,0.0,0.0,0.0,0.0,0.0004803073967339097,0.0009629272989889263,0.0,0.0,0.0,0.0,0.0,0.002402691013935608,0.0,0.0,0.0007998720204767237,0.0,0.0,0.0,0.0,0.000320666987333654,0.0,0.0,0.00016345210853220007,0.00016025641025641026,0.0,0.0,0.0001618646811265782,0.0,0.0,0.0,0.0,0.00031984647369262754,0.0004806151874399231,0.002625533311453889,0.0,0.0,0.0,0.0,0.0,0.0001765848490199541,0.0,0.0,0.0,0.0,0.0,0.0,0.0,0.0,0.0,0.002245749117741418,0.0,0.0,0.0001677008217340265,0.0,0.0,0.0,0.0,0.0,0.0,0.0,0.0,0.0,0.0,0.0,0.0,0.0,0.0,0.0,0.0,0.0,0.0,0.0013225326500247974,0.0,0.0003204614645088928,0.0,0.0,0.0,0.0,0.0,0.0,0.0,0.0,0.0,0.0007208073041806823,0.0,0.0001598721023181455,0.0,0.00016270745200130165,0.0,0.0,0.0,0.0008152616990053808,0.0,0.00033112582781456954,0.0,0.0,0.0,0.0,0.0,0.0006411283859592883,0.0009609224855861628,0.0,0.0,0.0,0.0,0.0,0.0,0.0
d__Bacteria;p__Bacillota_I;c__Bacilli_A;o__Erysipelotrichales;f__Erysipelotrichaceae;g__Holdemania,0.0,0.0,0.0,0.0,0.0,0.0,0.0,0.0,0.0003202562049639712,0.0,0.0,0.0,0.0,0.0,0.00032107882485150104,0.0,0.0016262806960481379,0.0,0.003195398625978591,0.0001598721023181455,0.0004878048780487805,0.0,0.0,0.0,0.00032015367376340644,0.0,0.00015931177314003505,0.0020773410035155003,0.0,0.0,0.0,0.0,0.0,0.0,0.0,0.0,0.0,0.0,0.0011230547088079577,0.0,0.0,0.0,0.0,0.00016254876462938882,0.0,0.0011534025374855825,0.0,0.0,0.0,0.0,0.0,0.0,0.0,0.0003186235462800701,0.000641333974667308,0.0007998720204767237,0.0,0.00032690421706440013,0.0003205128205128205,0.0,0.0,0.0001618646811265782,0.0,0.0,0.0,0.0,0.00031984647369262754,0.0,0.0,0.0,0.0,0.0,0.0,0.0002069108214359611,0.0,0.00038102495713469235,0.00016388069485414618,0.0,0.00016385384237260363,0.0,0.0,0.0,0.0,0.0,0.0,0.0,0.0,0.000335401643468053,0.0,0.00016175994823681658,0.0004847309743092584,0.00017543859649122806,0.00016644474034620507,0.0,0.0,0.0,0.0,0.0,0.0,0.0,0.0,0.00048363694986296955,0.0,0.0,0.0,0.0,0.0,0.0,0.0,0.0,0.0,0.0,0.0,0.0,0.00016469038208168644,0.0,0.0003324468085106383,0.0,0.0,0.0,0.0,0.0,0.0,0.0003190810465858328,0.0,0.0,0.008152616990053808,0.0,0.002152317880794702,0.0,0.0,0.0,0.0036847164370394105,0.0,0.002404231447347331,0.00016015374759769378,0.0,0.0,0.0008102414519526819,0.0008024394158241052,0.0,0.0,0.00032589212970506764
d__Bacteria;p__Bacillota_I;c__Bacilli_A;o__Erysipelotrichales;f__Coprobacillaceae;g__Thomasclavelia,0.0028823058446757407,0.00031887755102040814,0.04174319585907497,0.01949446555427061,0.022161989795918366,0.017937219730941704,0.09710610932475884,0.31521739130434784,0.0,0.026473932109793732,0.045180722891566265,0.004711425206124852,0.0011150047785919083,0.013143131912165412,0.0048161823727725156,0.00048161823727725157,0.0004878842088144414,0.0028850777368167975,0.008148266496245407,0.0001598721023181455,0.003089430894308943,0.0030507385998715477,0.00256,0.011562550184679622,0.01440691531935329,0.0,0.0,0.00862895493767977,0.0,0.008995983935742972,0.0022468303643074948,0.009402390438247012,0.08255551979401352,0.0005020920502092051,0.0,0.0006414368184733803,0.0014388489208633094,0.006272113219684786,0.0057757099310123535,0.0019212295869356388,0.0,0.0006477732793522267,0.0012974375608173856,0.0019505851755526658,0.0,0.0,0.00016017940092904052,0.0001638001638001638,0.0,0.014717645176771717,0.0,0.0001596169193934557,0.0,0.0,0.022286355619688954,0.0017597184450487923,0.0038289725590299937,0.0,0.0,0.0,0.0,0.0003237293622531564,0.014233168079321925,0.0,0.00016644474034620507,0.006593760051463493,0.0,0.0020826658122396666,0.00426649163111257,0.0011182108626198084,0.000479463001438389,0.00034983382893125764,0.00032658393207054214,0.0004138216428719222,0.0,0.0009525623928367308,0.0,0.0012773431262973016,0.0,0.0043859649122807015,0.0007993605115907274,0.000481000481000481,0.001599488163787588,0.0020723736649131195,0.002245749117741418,0.00016550810989738498,0.0,0.0,0.007789678675754625,0.0006470397929472663,0.0,0.0003508771929824561,0.00033288948069241014,0.0,0.0,0.021333885666942835,0.0,0.0022611644997173543,0.0,0.0004915615271178109,0.0003417634996582365,0.00032242463324197966,0.0003245699448231094,0.0001657550140891762,0.0,0.0008051529790660225,0.0028103818813026947,0.007984357177774157,0.0038455375741067136,0.0,0.03257904028245867,0.0,0.022282855843565257,0.0019336126329358686,0.0,0.019614147909967846,0.003490691489361702,0.0,0.016818837097549257,0.015622161671207993,0.000639488409272582,0.005617075910768737,0.0,0.0011167836630504148,0.014416775884665793,0.0,0.01728354801891407,0.0,0.002152317880794702,0.0,0.0008401949252226517,0.006199078993978037,0.0004806151874399231,0.0012759170653907496,0.0014425388684083987,0.0008007687379884689,0.0,0.0,0.0,0.0,0.0013362284950726574,0.0012749003984063745,0.002444190972788007
d__Bacteria;p__Bacillota_I;c__Bacilli_A;o__Erysipelotrichales;f__Coprobacillaceae;g__Coprobacillus,0.0,0.0,0.0,0.0,0.0,0.0004804612427930814,0.0003215434083601286,0.09526854219948849,0.0,0.0,0.00016733601070950468,0.0,0.0,0.0,0.0,0.0,0.0,0.0,0.00031953986259785906,0.0,0.0,0.0,0.0,0.0,0.0,0.0,0.0,0.0,0.0,0.0,0.0,0.0,0.0,0.0010041841004184101,0.0,0.0,0.0,0.0,0.0006417455478902615,0.0,0.0,0.0,0.0,0.0022756827048114434,0.0,0.0,0.0,0.0,0.0,0.0,0.0,0.0,0.0,0.0014338059582603155,0.0,0.0015997440409534474,0.0,0.0004903563255966002,0.0004807692307692308,0.0,0.0,0.0003237293622531564,0.0,0.0,0.00016644474034620507,0.0,0.0,0.0,0.0016409583196586807,0.0003194888178913738,0.0,0.0,0.0,0.0,0.0,0.0,0.0,0.0,0.0,0.0,0.0,0.0,0.0,0.0011158935118762952,0.0,0.0033101621979476996,0.0,0.0,0.0,0.00048527984471044967,0.0,0.0,0.0018308921438082556,0.0017815784785319793,0.0,0.0,0.0,0.0,0.0,0.0,0.000683526999316473,0.004675157182008705,0.0,0.0,0.0,0.0,0.0,0.0,0.0,0.0,0.0,0.0,0.0,0.0,0.0,0.0,0.0,0.0,0.0,0.0,0.0,0.0,0.0,0.0,0.0,0.0,0.0,0.0,0.0013245033112582781,0.0,0.0,0.0,0.0,0.0,0.0,0.0,0.0,0.0,0.0,0.0,0.00033405712376816435,0.0,0.0
d__Bacteria;p__Bacillota_I;c__Bacilli_A;o__Erysipelotrichales;f__Erysipelotrichaceae;g__Bulleidia,0.00048038430744595676,0.0,0.0,0.00033041467041136624,0.003985969387755102,0.0011210762331838565,0.0004823151125401929,0.0,0.0003202562049639712,0.0,0.0,0.0,0.00015928639694170118,0.0,0.00016053941242575052,0.0019264729491090063,0.0,0.0,0.0023965489694839433,0.0,0.0,0.0,0.00032,0.00016059097478721696,0.00016007683688170322,0.0,0.0,0.0007989773090444232,0.0034008097165991904,0.0009638554216867469,0.0003209757663296421,0.00015936254980079682,0.00048278081750885096,0.0,0.0,0.00016035920461834508,0.00047961630695443646,0.000321646831778707,0.0,0.0001601024655779699,0.00465414861177981,0.0,0.0017839766461239053,0.0,0.0005264081417792595,0.0,0.00016017940092904052,0.0001638001638001638,0.0,0.0,0.0004803073967339097,0.0,0.0,0.0,0.0,0.0,0.0,0.0,0.0,0.0,0.00016268098259313488,0.0003237293622531564,0.0,0.0,0.0,0.0,0.0,0.0,0.0008204791598293403,0.0,0.0,0.0,0.0,0.0,0.0,0.0,0.0,0.0,0.0,0.0,0.0,0.000160333493666827,0.0,0.0,0.00016041065126724414,0.0,0.0,0.0,0.0,0.0,0.0003231539828728389,0.0,0.0,0.0,0.0,0.00020712510356255177,0.0,0.0005652911249293386,0.0,0.0,0.0,0.0,0.0,0.0,0.00048653908530651963,0.0,0.00033063316250619935,0.0,0.0001602307322544464,0.0,0.0,0.00016191709844559586,0.0006821282401091405,0.0003222687721559781,0.00016469038208168644,0.0003215434083601286,0.0004986702127659574,0.0,0.0,0.00036330608537693006,0.0,0.0,0.0,0.0,0.0,0.0,0.0,0.0,0.0009933774834437086,0.0,0.0,0.001771165426850868,0.00016020506247997436,0.0,0.0,0.0,0.0,0.0,0.0,0.00048146364949446316,0.00033405712376816435,0.00031872509960159364,0.0006517842594101353
d__Bacteria;p__Bacillota_I;c__Bacilli_A;o__Erysipelotrichales;f__Erysipelotrichaceae;g__Dielma,0.0006405124099279424,0.0,0.0,0.0,0.0,0.0,0.0,0.0,0.0003202562049639712,0.0,0.0,0.0,0.0,0.00048084628946946624,0.0,0.0,0.0006505122784192552,0.0,0.0,0.0,0.0,0.0,0.0,0.0,0.0,0.0,0.0,0.0,0.0,0.0,0.0,0.0,0.0,0.0,0.0,0.0,0.0,0.0,0.00048130916091769613,0.0,0.0,0.0,0.0,0.0,0.0,0.0,0.0,0.0,0.0,0.0,0.0,0.0,0.0,0.00015931177314003505,0.0,0.0,0.0,0.0009807126511932004,0.0,0.0,0.0,0.0,0.0,0.0011501807426881367,0.0,0.0,0.0,0.0,0.0,0.0,0.0,0.0,0.0,0.0,0.0,0.0,0.0,0.0,0.0,0.0,0.0,0.0,0.0,0.0,0.0,0.0,0.0,0.0,0.0,0.0,0.0,0.00017543859649122806,0.002330226364846871,0.0,0.0,0.0,0.0,0.0,0.00016079755587715066,0.0,0.0,0.0,0.0,0.0,0.0,0.0,0.0,0.0,0.0,0.0,0.0,0.0,0.0,0.0,0.00016469038208168644,0.0,0.0,0.0,0.0,0.0,0.0,0.0,0.0,0.0,0.0,0.0,0.017120495679112994,0.0,0.0016556291390728477,0.0,0.0,0.0,0.0,0.0,0.0011219746754287546,0.0,0.0,0.00016531658125309968,0.0,0.0,0.0,0.0,0.0011406224539677367
d__Bacteria;p__Bacillota_I;c__Bacilli_A;o__Erysipelotrichales;f__Erysipelotrichaceae;g__Merdibacter,0.0,0.0,0.0,0.0,0.0,0.0,0.0008038585209003215,0.0,0.0,0.0,0.0,0.0,0.0,0.0,0.0,0.0,0.0,0.0,0.00031953986259785906,0.0,0.0,0.0,0.0,0.0,0.0,0.0,0.0,0.0,0.0,0.0,0.0,0.0,0.0009655616350177019,0.0,0.0,0.0,0.0,0.0,0.0,0.0,0.0016048788316482105,0.0,0.0,0.0,0.0,0.0,0.0,0.0,0.0,0.001919692849144137,0.0,0.0,0.0,0.0,0.0,0.0,0.0,0.0,0.0,0.0,0.00032536196518626975,0.0,0.0,0.0,0.0,0.0,0.0,0.0004806151874399231,0.0,0.0001597444089456869,0.0,0.0,0.0,0.0,0.0,0.0007620499142693847,0.0,0.0,0.0,0.0,0.0,0.0,0.0,0.0,0.0,0.0004965243296921549,0.0,0.0,0.0,0.0,0.0,0.0,0.0006657789613848203,0.0,0.0,0.0,0.0,0.0,0.00016079755587715066,0.0,0.0,0.0008060615831049493,0.0,0.0,0.0,0.0006441223832528181,0.0,0.0,0.0,0.0,0.0,0.0,0.0,0.0003222687721559781,0.0,0.0,0.0,0.0,0.0,0.0,0.0,0.0,0.00016270745200130165,0.0,0.0,0.0,0.005543779553236589,0.0,0.0,0.0,0.0,0.0,0.0,0.0,0.0,0.0,0.0,0.0,0.0,0.0,0.0,0.0,0.0008147303242626691
d__Bacteria;p__Bacteroidota;c__Bacteroidia;o__Bacteroidales;f__Rikenellaceae;g__Alistipes_A_871400,0.0003202562049639712,0.0,0.0,0.0,0.0,0.00016015374759769378,0.0009646302250803858,0.00015984654731457802,0.0006405124099279424,0.0,0.00033467202141900936,0.0,0.0006371455877668047,0.00016028209648982208,0.01765933536683256,0.0,0.004553585948934786,0.0,0.0017574692442882249,0.0007993605115907274,0.0060162601626016264,0.009312780989081566,0.0,0.0008029548739360848,0.001440691531935329,0.004018081366147665,0.0,0.01901565995525727,0.0,0.0,0.0014443909484833895,0.0,0.0,0.07062761506276151,0.017962116263879817,0.0,0.0007993605115907274,0.0008041170794467674,0.005133964383122092,0.0003202049311559398,0.00016048788316482104,0.018785425101214576,0.0003243593902043464,0.03706111833550065,0.13704158624320056,0.002471576866040534,0.0011212558065032837,0.000819000819000819,0.0008006405124099279,0.0,0.0,0.0014365522745411015,0.062348570505572604,0.008602835749561893,0.010261343594676928,0.08126699728043513,0.28733248245054244,0.07469761359921542,0.038301282051282054,0.002651201325600663,0.0016268098259313486,0.0011330527678860473,0.0006396929473852551,0.06654617154124219,0.2628162450066578,0.0,0.00047976971053894133,0.00016020506247997436,0.0,0.058945686900958465,0.000319642000958926,0.10302606262025538,0.1061397779229262,0.03041589075108628,0.0,0.009716136406934655,0.001802687643395608,0.0019160146894459523,0.010650499754219236,0.0005060728744939271,0.04316546762589928,0.000160333493666827,0.0017594369801663468,0.033795632073967796,0.004170676932948348,0.003475670307845084,0.10769475864266369,0.019956397786349153,0.0009737098344693282,0.0061468780329990294,0.02068185490386169,0.05631578947368421,0.0396138482023968,0.007660787457687511,0.0,0.0,0.0029251984956122023,0.0,0.06608779546550893,0.003277076847452073,0.0898838004101162,0.0,0.0,0.0,0.02319169639961077,0.00032206119162640903,0.03736154736320053,0.0,0.0,0.00048123195380173246,0.0025678061306371367,0.0,0.0,0.0017724782468578795,0.0013175230566534915,0.0001607717041800643,0.05103058510638298,0.0,0.0019221528111484864,0.0,0.0,0.0,0.0056947608200455585,0.0004786215698787492,0.007044560943643512,0.0,0.014837762921897929,0.0,0.015066225165562913,0.05530761874402295,0.0,0.0,0.0,0.0001594896331738437,0.0137842602981247,0.00016015374759769378,0.0,0.0,0.06449521957543349,0.002888781896966779,0.00033405712376816435,0.00031872509960159364,0.008799087502036826
d__Bacteria;p__Bacillota_I;c__Bacilli_A;o__Erysipelotrichales;f__Erysipelotrichaceae;g__Holdemanella,0.0,0.0,0.0,0.0,0.0,0.0,0.0,0.0,0.0036829463570856686,0.0,0.0,0.0,0.0,0.0,0.0,0.0,0.0,0.0,0.0,0.0,0.0,0.0,0.0,0.0,0.0,0.14582286957977567,0.0,0.0,0.0,0.0,0.0,0.0,0.0,0.0,0.041802743305029394,0.0,0.0,0.0,0.0,0.0,0.0,0.0,0.0,0.0,0.0,0.0,0.0,0.0,0.0,0.0,0.0,0.0,0.0,0.0,0.0,0.0,0.0,0.0,0.0,0.24407622203811102,0.0,0.0,0.0,0.0,0.0,0.0,0.0,0.0,0.0,0.0,0.0,0.0,0.0,0.0,0.0,0.0,0.0006555227794165847,0.0,0.0,0.0,0.0,0.0,0.0,0.0,0.0,0.0,0.00047793531942010514,0.004695623008552742,0.00275884453099643,0.0,0.0,0.0,0.0034953395472703064,0.0,0.04009661835748792,0.0,0.0,0.000942151874882231,0.01479337514069786,0.0,0.0,0.0,0.0,0.0,0.18715536814790787,0.0,0.0,0.0,0.0,0.0,0.0,0.0,0.0,0.04221720915243313,0.03178524374176548,0.12909967845659165,0.0,0.0,0.0,0.0,0.0,0.0,0.0,0.0,0.0,0.0,0.0,0.0,0.0,0.0,0.0,0.0,0.0,0.0,0.0,0.0,0.0,0.009588361712679782,0.0,0.0,0.0,0.0,0.0
d__Bacteria;p__Bacillota_I;c__Bacilli_A;o__Erysipelotrichales;f__Erysipelotrichaceae;g__Longicatena,0.0,0.0,0.0,0.0,0.0031887755102040817,0.0,0.0,0.0,0.0,0.0,0.0,0.0,0.0,0.0,0.0006421576497030021,0.0008026970621287526,0.0,0.0,0.00031953986259785906,0.0,0.0003252032520325203,0.0,0.0,0.0,0.00016007683688170322,0.0,0.0,0.0,0.0,0.0011244979919678715,0.0,0.0,0.0,0.0,0.0,0.0,0.0,0.0,0.0,0.0,0.0022468303643074948,0.0,0.0,0.0,0.0,0.0,0.0,0.0,0.0,0.00047992321228603423,0.0,0.0,0.0,0.0,0.0,0.0,0.0,0.0,0.0,0.0,0.0,0.0,0.0006396929473852551,0.0,0.0,0.0,0.0,0.00016020506247997436,0.0,0.0,0.0,0.0,0.0,0.0,0.0,0.00019051247856734617,0.0,0.0,0.0,0.0,0.0,0.0,0.0,0.0,0.0,0.0,0.0,0.0,0.0,0.0,0.0,0.0,0.0,0.0,0.0,0.0,0.0,0.0,0.0,0.0,0.0,0.0,0.0,0.0,0.0,0.0,0.0,0.0,0.0001602307322544464,0.0,0.0,0.0,0.0,0.0,0.0,0.0006430868167202572,0.0,0.0,0.0,0.0,0.0,0.0,0.0,0.0,0.021461336828309304,0.0,0.0004891570194032284,0.0,0.0,0.0,0.0,0.0,0.0,0.0001594896331738437,0.001763103061388043,0.0,0.0,0.0,0.0,0.0003209757663296421,0.0,0.0,0.0
d__Bacteria;p__Bacillota_A_368345;c__Clostridia_258483;o__Peptostreptococcales;f__Peptostreptococcaceae_256921;__,0.0,0.00047831632653061223,0.0,0.0,0.0,0.0004804612427930814,0.0008038585209003215,0.0,0.0,0.0021114178983271076,0.0,0.0005047955577990914,0.0,0.0,0.0,0.0,0.0,0.0,0.005911487458060393,0.0,0.0,0.0,0.0,0.00048177292436165086,0.0,0.0,0.0,0.00015979546180888463,0.0,0.0,0.0,0.00015936254980079682,0.0,0.00016736401673640169,0.0,0.0,0.0001598721023181455,0.0008041170794467674,0.00032087277394513073,0.0,0.0,0.0,0.000810898475510866,0.0,0.0,0.0,0.0,0.0,0.0,0.00015997440409534473,0.0,0.0,0.0,0.0,0.0,0.0,0.0,0.0,0.0,0.0,0.0,0.0,0.0,0.0,0.0,0.0,0.001439309131616824,0.0,0.0,0.0,0.0,0.0,0.0,0.0,0.0,0.0,0.0,0.0,0.0,0.0,0.0,0.0,0.0,0.0,0.013634905357715752,0.00033101621979476995,0.0,0.0,0.0004868549172346641,0.00048527984471044967,0.0,0.0,0.0,0.0,0.0,0.0,0.0,0.001884303749764462,0.0,0.0008192692118630182,0.0,0.0,0.0,0.0,0.0,0.0,0.0,0.005703112269838683,0.0,0.0,0.0,0.0,0.00045475216007276033,0.00016113438607798906,0.0,0.0004823151125401929,0.0,0.0,0.00937049495434887,0.00036330608537693006,0.0,0.0,0.0,0.0,0.0,0.0,0.0,0.0,0.0004966887417218543,0.0,0.0,0.0005313496280552603,0.0,0.0,0.0,0.0,0.0003811701924909472,0.0,0.0,0.0,0.0,0.0,0.00016294606485253382
d__Bacteria;p__Patescibacteria;c__Paceibacteria;o__UBA9973;f__UBA9973;g__,0.0,0.0,0.0001669727834362999,0.00033041467041136624,0.0,0.0,0.0,0.0,0.0,0.00048725028422933245,0.0,0.0,0.0,0.00016028209648982208,0.0,0.0,0.0004878842088144414,0.0,0.0004793097938967886,0.0,0.0,0.0,0.0,0.0,0.00016007683688170322,0.0,0.0,0.00015979546180888463,0.0,0.0,0.0,0.0,0.0,0.0,0.0,0.00016035920461834508,0.0,0.0,0.0,0.0,0.0,0.0,0.0,0.0,0.001052816283558519,0.0004943153732081067,0.0,0.0,0.0,0.0,0.0006404098623118795,0.0,0.0,0.0,0.000320666987333654,0.0014397696368581027,0.0,0.00016345210853220007,0.0,0.0009942004971002485,0.0,0.0003237293622531564,0.0,0.0,0.00016644474034620507,0.0,0.0,0.00016020506247997436,0.0,0.0,0.0,0.00017491691446562882,0.0,0.0,0.0,0.0,0.0,0.0,0.0,0.0,0.0,0.0,0.0,0.0,0.0,0.00016550810989738498,0.0,0.0,0.0,0.0,0.0,0.0,0.0,0.0,0.0,0.0,0.0,0.0,0.0,0.0,0.0,0.0,0.0,0.0,0.0,0.0,0.0,0.0004888381945576015,0.0,0.0,0.0,0.0,0.0,0.0,0.0,0.0,0.0,0.0,0.0,0.0,0.0,0.0,0.0,0.0,0.0,0.0,0.0,0.0,0.0,0.0,0.0,0.0,0.0,0.0,0.0,0.0,0.0,0.0,0.0,0.0,0.0,0.0,0.0
d__Bacteria;p__Patescibacteria;c__Paceibacteria;o__UBA9973;f__UBA9973;g__UBA9973,0.0,0.0,0.0,0.0,0.0,0.0,0.0,0.0,0.0,0.0,0.0,0.0,0.0,0.00016028209648982208,0.0,0.0,0.0,0.0,0.00015976993129892953,0.0,0.0,0.0,0.0,0.0,0.0,0.0,0.0,0.0,0.0,0.0,0.00016048788316482104,0.0,0.0,0.0,0.00016329196603527107,0.0,0.0,0.0001608234158893535,0.00032087277394513073,0.0,0.0,0.0,0.0,0.0,0.0,0.0008238589553468446,0.0,0.0001638001638001638,0.0,0.0,0.0,0.0,0.0,0.0,0.000160333493666827,0.0,0.0,0.0,0.0,0.00033140016570008286,0.0,0.0,0.0,0.0,0.00016644474034620507,0.0,0.0,0.0,0.00016409583196586806,0.0001597444089456869,0.0,0.0,0.0,0.0,0.0,0.0,0.0,0.0,0.0,0.0,0.0,0.000160333493666827,0.0,0.0,0.0,0.0,0.0,0.0,0.0,0.0,0.0,0.0,0.0,0.0,0.0,0.0,0.0,0.0,0.0,0.0,0.0,0.0,0.0,0.0,0.0,0.0,0.0,0.0,0.0,0.0,0.0,0.0,0.0,0.0,0.0,0.0,0.00016622340425531914,0.0,0.0,0.0,0.0,0.0,0.0,0.0,0.0,0.0,0.0,0.0,0.0,0.0,0.0,0.0,0.0,0.0,0.0,0.0,0.0,0.0,0.0,0.0,0.0,0.0,0.00016294606485253382
d__Bacteria;p__Actinomycetota;c__Coriobacteriia;o__Coriobacteriales;f__Eggerthellaceae;g__Eggerthella,0.001921537229783827,0.0,0.01586241442644849,0.03684123575086734,0.0,0.025144138372837924,0.027170418006430868,0.03884271099744246,0.0028823058446757407,0.0519733636511288,0.03765060240963856,0.0,0.010672188595093978,0.0028850777368167975,0.005458340022475518,0.004334564135495264,0.0016262806960481379,0.03061388042955602,0.012142514778718645,0.000639488409272582,0.007317073170731708,0.0003211303789338471,0.0072,0.03003051228520957,0.01888906675204098,0.0,0.0007965588657001752,0.06599552572706935,0.007125506072874494,0.04305220883534137,0.002407318247472316,0.01593625498007968,0.009333762471837787,0.0010041841004184101,0.0,0.01731879409878127,0.18081534772182253,0.002733998070119009,0.012032729022942404,0.0003202049311559398,0.0030492697801316002,0.0,0.0009730781706130393,0.00016254876462938882,0.0015792244253377786,0.0008238589553468446,0.013134710876181323,0.0,0.0001601281024819856,0.0015997440409534474,0.002081332052513609,0.0020750199521149242,0.0,0.0,0.011383678050344717,0.0,0.0,0.0024517816279830008,0.0,0.0009942004971002485,0.0,0.026545807704758822,0.002079002079002079,0.00016431153466973383,0.0,0.0,0.0,0.00256328099967959,0.012963570725303577,0.0001597444089456869,0.002397315007191945,0.0,0.0,0.0,0.0,0.0,0.0,0.0003193357815743254,0.0,0.0,0.0,0.000641333974667308,0.0,0.0,0.0028873917228103944,0.0023171135385633896,0.0,0.0,0.0,0.0008087997411840828,0.0,0.00017543859649122806,0.0,0.00017815784785319794,0.00016103059581320451,0.0,0.0,0.0001884303749764462,0.0,0.00032770768474520726,0.0,0.0019345477994518782,0.0,0.017238521465274326,0.0,0.0011272141706924316,0.011241527525210779,0.03552224213785237,0.019387918602788014,0.0,0.002888781896966779,0.21421632124352333,0.0,0.004350628424105704,0.0021409749670619235,0.0,0.005651595744680851,0.0,0.0,0.0,0.000639488409272582,0.0017653667148130317,0.0,0.0001595405232929164,0.01752948885976409,0.0,0.003424099135822599,0.0,0.0041390728476821195,0.0,0.0013443118803562427,0.023910733262486716,0.0036847164370394105,0.007974481658692184,0.01154031094726719,0.0,0.0,0.000991899487518598,0.0006481931615621455,0.002407318247472316,0.0008351428094204109,0.0012749003984063745,0.017761121068926185
d__Bacteria;p__Verrucomicrobiota;c__Verrucomicrobiae;o__Verrucomicrobiales;f__Akkermansiaceae;g__Akkermansia,0.0001601281024819856,0.01211734693877551,0.0003339455668725998,0.0019824880224681976,0.012914540816326531,0.0014413837283792441,0.001607717041800643,0.001118925831202046,0.49367493995196154,0.005359753126522657,0.0015060240963855422,0.0,0.0933418286078369,0.009616925789389325,0.5387702681008187,0.005939958259752769,0.029923564807285738,0.39012662285622696,0.0,0.5796962430055955,0.004390243902439025,0.0394990366088632,0.00352,0.0014453187730849527,0.11317432367536417,0.002343880796919471,0.45849928309702087,0.0,0.00016194331983805668,0.09236947791164658,0.28727331086502966,0.4283665338645418,0.0,0.0,0.0840953625081646,0.6409557408595253,0.25227817745803355,0.0011257639112254745,0.0019252366436707845,0.14921549791866795,0.00930829722355962,0.11433198380566802,0.03811222834901071,0.19798439531859557,0.21688015441305492,0.1939363980886472,0.15745635111324682,0.07944307944307945,0.9197758206565252,0.08478643417053272,0.23102785782901056,0.6729449321628093,0.4314327249232757,0.1667994264776167,0.0,0.0,0.0001595405232929164,0.0006538084341288003,0.03766025641025641,0.027174813587406792,0.3043761184317553,0.01974749109744254,0.0,0.5542228064410122,0.048102529960053264,0.0,0.0,0.001281640499839795,0.009189366590088613,0.0004792332268370607,0.00159821000479463,0.41052999825083086,0.37393860222077074,0.45665218290916615,0.6667843898993466,0.1606020194322728,0.5081940347427073,0.08095162062909149,0.006062592167786335,0.028677462887989204,0.16642685851318945,0.000962000962000962,0.3534868841970569,0.05946118284712259,0.005935194096888034,0.04319761668321748,0.016568424406563646,0.002347811504276371,0.03667640376501136,0.050469103849886766,0.18128938439166262,0.00017543859649122806,0.05059920106524634,0.017103153393907,0.0027375201288244765,0.001035625517812759,0.006477225240284162,0.0003768607499528924,0.0,0.0,0.013328776486671223,0.0,0.0,0.0001657550140891762,0.03032760298410639,0.0,0.0,0.005214274075281082,0.0,0.00016041065126724414,0.0008024394158241052,0.0,0.0,0.002578150177247825,0.0,0.0008038585209003215,0.00016622340425531914,0.0,0.005526189332051898,0.0,0.3079136690647482,0.0003209757663296421,0.00016270745200130165,0.0,0.0,0.0,0.0,0.0,0.0,0.0001593879502709595,0.0,0.0,0.0,0.0,0.0,0.8686739269698911,0.0003811701924909472,0.0,0.2022362664073894,0.17412935323383086,0.00016702856188408218,0.0,0.0
d__Bacteria;p__Bacillota_A_368345;c__Clostridia_258483;o__Oscillospirales;f__Ruminococcaceae;g__Faecalibacterium,0.032185748598879106,0.0007971938775510204,0.0,0.0,0.01132015306122449,0.03459320948110186,0.003054662379421222,0.0,0.06389111289031225,0.0006496670456391099,0.0,0.016994783779236074,0.002389295954125518,0.022599775605064914,0.008508588858564778,0.0009632364745545031,0.06391283135469182,0.00993748998236897,0.030835596740693402,0.01135091926458833,0.013983739837398375,0.03917790622992935,0.01536,0.0017665007226593866,0.003841844085160877,0.01858362631843295,0.0,0.11473314157877916,0.044534412955465584,0.0019277108433734939,0.012678542770020864,0.010358565737051793,0.005632442870936595,0.010711297071129708,0.08278902677988242,0.05644644002565747,0.015667466027178258,0.011418462528144097,0.02807636772019894,0.024175472302273456,0.011234151821537475,0.01700404858299595,0.019461563412260786,0.006339401820546164,0.00350938761186173,0.06113033448673587,0.008649687650168188,0.02113022113022113,0.0022417934347477983,0.002079667253239482,0.005923791226384886,0.008778930566640064,0.012921983524471006,0.013382188943762944,0.15905082571749238,0.0243161094224924,0.014358647096362476,0.14203988231448186,0.035096153846153846,0.01524440762220381,0.11810639336261591,0.022499190676594366,0.28754197984967217,0.006408149852119619,0.03978029294274301,0.0366677388227726,0.010874780105549335,0.1680551105414931,0.0,0.03690095846645367,0.08710244526130734,0.01189435018366276,0.0037557152188112345,0.006000413821642872,0.007593148507858026,0.02991045913507335,0.003605375286791216,0.4255149289477886,0.01622153039488776,0.003205128205128205,0.01486810551558753,0.04697771364438031,0.07197696737044146,0.011796588554120834,0.04058389477061277,0.00827540549486925,0.005257288513621157,0.007211135334563139,0.2181110029211295,0.08751213199611776,0.013087736306349976,0.07631578947368421,0.01448069241011984,0.021378941742383754,0.26151368760064414,0.0,0.00459674049310489,0.007537214999057848,0.16353111432706222,0.12141569719809929,0.0234107997265892,0.04078671610511043,0.012333657903278157,0.15033979777888282,0.1514758352254298,0.3404186795491143,0.005620763762605389,0.004073651621313346,0.0,0.5032082130253449,0.4310704541807094,0.05942357512953368,0.0,0.017080244924266838,0.09996706192358366,0.072508038585209,0.029753989361702128,0.0014395393474088292,0.005045651129264777,0.0007266121707538601,0.0,0.04830685283261114,0.05190367718841523,0.19495851946394385,0.0,0.0003214400514304082,0.31338659709766836,0.0,0.11771523178807947,0.11794708320051005,0.05562090404973954,0.00017711654268508679,0.31239987183595,0.15933014354066985,0.28466100336592404,0.0011210762331838565,0.0024776062511911567,0.20019837989750372,0.23513206935666828,0.33172845450168514,0.00016702856188408218,0.06597609561752989,0.3091086850252566
d__Bacteria;p__Bacteroidota;c__Bacteroidia;o__Flavobacteriales_B_877923;f__Flavobacteriaceae;g__Flavobacterium,0.0,0.0,0.0,0.0008260366760284157,0.00047831632653061223,0.0,0.0,0.0,0.0,0.0,0.0,0.0,0.0,0.0009616925789389325,0.0,0.00016053941242575052,0.001463652626443324,0.0,0.0006390797251957181,0.0,0.0003252032520325203,0.0,0.0,0.0,0.0,0.0,0.0,0.0,0.0,0.0,0.0,0.0,0.0,0.0,0.00032658393207054214,0.0,0.0,0.0,0.0,0.0,0.0,0.0,0.0,0.0,0.0,0.0,0.0,0.0,0.0,0.0,0.0,0.0,0.0,0.0,0.0,0.0,0.0,0.0,0.0,0.001491300745650373,0.0,0.0019423761735189381,0.0,0.0,0.0,0.0,0.0,0.0,0.0,0.0,0.0,0.0,0.0,0.0,0.0,0.0,0.0,0.0,0.0,0.0,0.0,0.0,0.0,0.0,0.00048123195380173246,0.0,0.0,0.0,0.0029211295034079843,0.00016175994823681658,0.0,0.0,0.0,0.0035631569570639585,0.00032206119162640903,0.0,0.0,0.0,0.0,0.0,0.0,0.0,0.0,0.0,0.0001621796951021732,0.0,0.000495949743759299,0.0037477594916082778,0.0,0.0,0.0009629272989889263,0.00016191709844559586,0.0,0.0008056719303899452,0.0,0.0001607717041800643,0.008144946808510639,0.0,0.0,0.0,0.0,0.0,0.0,0.0,0.0,0.0,0.0,0.0,0.0,0.0,0.0,0.0,0.0,0.0,0.0,0.0,0.0,0.0,0.0,0.0,0.0,0.0,0.0
d__Bacteria;p__Bacillota_C;c__Negativicutes;o__Veillonellales;f__Dialisteraceae;g__Dialister_36337,0.0,0.0,0.0,0.0,0.0,0.0,0.0,0.0,0.0,0.0,0.0,0.0,0.0,0.0,0.0,0.0,0.0,0.0,0.0,0.0,0.0,0.0,0.0,0.0,0.0,0.0,0.0,0.0,0.0,0.0,0.0,0.0,0.0,0.00016736401673640169,0.0,0.0,0.0,0.0,0.0,0.0,0.0,0.0,0.0,0.00016254876462938882,0.0,0.0,0.0,0.0,0.0,0.0,0.0,0.0,0.0,0.0,0.000320666987333654,0.0,0.0,0.0,0.0,0.0,0.0,0.0,0.0,0.0,0.0,0.0,0.0,0.0,0.0,0.0,0.000958926002876778,0.0,0.0,0.0,0.0,0.0,0.0,0.0001596678907871627,0.0,0.0,0.0,0.0,0.0,0.0,0.0,0.0,0.0,0.0,0.0,0.00032351989647363315,0.0,0.0,0.0,0.0,0.0,0.0,0.0,0.0,0.0,0.0,0.0,0.0,0.0,0.0,0.0,0.00016103059581320451,0.0,0.0,0.0,0.0,0.003209757663296421,0.0,0.0,0.0,0.0,0.0,0.029753989361702128,0.0,0.0,0.0,0.0,0.0014443909484833895,0.0,0.0012763241863433313,0.0,0.004982320797171327,0.0,0.0,0.0,0.0001593879502709595,0.0,0.05065533120793482,0.0,0.0004784688995215311,0.0,0.0,0.0,0.0,0.0,0.0003209757663296421,0.0,0.0,0.0
d__Bacteria;p__Bacillota_A_368345;c__Clostridia_258483;o__Lachnospirales;f__Lachnospiraceae;g__Blautia_A_141781,0.01345076060848679,0.005420918367346939,0.0,0.0004956220056170494,0.08880739795918367,0.08408071748878924,0.13167202572347267,0.08551790281329923,0.016172938350680545,0.08884196849114828,0.0426706827309237,0.006057546693589096,0.024211532335138577,0.1843244109632954,0.014609086530743297,0.11510675870926312,0.04423483493250935,0.009296361596409682,0.033391915641476276,0.021422861710631496,0.032682926829268294,0.02424534360950546,0.0264,0.1629998394090252,0.08051864895149671,0.005859701992298677,0.0011151824119802454,0.17657398529881752,0.051821862348178135,0.09317269076305221,0.03980099502487562,0.02549800796812749,0.2550691985838429,0.006359832635983264,0.009797517962116264,0.021488133418858243,0.024620303756994404,0.023801865551624318,0.04476175196534574,0.03089977585654819,0.18103033220991815,0.09230769230769231,0.04703211157963023,0.0034135240572171653,0.012633795402702229,0.024715768660405337,0.05670350792888035,0.060933660933660934,0.0012810248198558848,0.060950247960326345,0.012968299711815562,0.054748603351955305,0.00032304958811177516,0.0014338059582603155,0.07952541285874619,0.0033594624860022394,0.0011167836630504148,0.008989865969271003,0.0054487179487179484,0.013090306545153273,0.02537823328452904,0.11540951764325025,0.11882296497681114,0.0,0.0014980026631158455,0.015439047925377935,0.061730369422677116,0.0387696251201538,0.2774860518542829,0.0012779552715654952,0.014064248042192744,0.0,0.0,0.0012414649286157666,0.011301430337277062,0.005905886835587731,0.00032776138970829236,0.01772313587737506,0.0039324922169424875,0.003036437246963563,0.001278976818545164,0.03783870450537117,0.037747920665387076,0.000637653435357883,0.02245749117741418,0.010427010923535254,0.00015931177314003505,0.015428475599530438,0.023693605972086983,0.020867033322549338,0.015511391177896268,0.0059649122807017545,0.0013315579227696406,0.03295920185284162,0.02383252818035427,0.0008285004142502071,0.002089427496865859,0.00942151874882231,0.027174786943238462,0.010978207438964443,0.0022214627477785374,0.04207641463807835,0.05436546575787082,0.07011437095972153,0.0040544923775543305,0.00933977455716586,0.046784592494627214,0.13231220466025745,0.3082839288575549,0.010266281681103625,0.06242978655111539,0.05586139896373057,0.1043656207366985,0.031098936513051886,0.028985507246376812,0.09742765273311897,0.040059840425531915,0.0019193857965451055,0.0002402691013935608,0.0067211625794732065,0.0028776978417266188,0.00754293050874659,0.007972665148063782,0.00622208040842374,0.1351572739187418,0.0,0.03636067177563998,0.0,0.012582781456953643,0.0023908192540643925,0.0013443118803562427,0.006199078993978037,0.04453700736943288,0.014832535885167464,0.03125500881551531,0.003523382447149263,0.0,0.002645065300049595,0.0014584346135148275,0.006740491092922484,0.14013696342074494,0.0011155378486055777,0.04041062408342839
d__Bacteria;p__Bacillota_A_368345;c__Clostridia_258483;o__TANB77;f__CAG-508;g__,0.0,0.0,0.0,0.0,0.0,0.0,0.0,0.0,0.0,0.0,0.0,0.0,0.0,0.00032056419297964416,0.0,0.0,0.0,0.0,0.0,0.006235011990407674,0.0,0.0,0.0,0.0,0.0,0.06680060271220492,0.0,0.0,0.0,0.0,0.0,0.0,0.0,0.0,0.0,0.0,0.0,0.0,0.0,0.0,0.0008024394158241052,0.04582995951417004,0.00048653908530651963,0.0,0.0,0.0,0.0,0.006060606060606061,0.0,0.0,0.0,0.0,0.016475528993700535,0.0,0.0,0.0,0.000797702616464582,0.0037593984962406013,0.0,0.0,0.0,0.0,0.0,0.005093657574761748,0.0,0.0,0.0,0.0,0.0,0.0,0.0,0.0,0.016655780535597648,0.0,0.0,0.05848733092017527,0.19862340216322516,0.0,0.090119613304932,0.0,0.0,0.0,0.0,0.0,0.0,0.0,0.0003186235462800701,0.04511152104645313,0.009574813372281726,0.0,0.0,0.0,0.0036617842876165113,0.0,0.0,0.0,0.0,0.0,0.002733558449911561,0.0,0.0,0.0,0.0,0.0,0.0011352578657152124,0.0,0.0,0.0050513280104285485,0.0,0.0,0.0,0.0,0.0,0.003867225265871737,0.0,0.0,0.0,0.0,0.0002402691013935608,0.0,0.0,0.0,0.03140253823625122,0.0,0.0,0.0,0.0,0.0,0.0,0.0,0.0,0.0,0.0,0.0,0.0,0.0,0.0,0.0,0.0,0.0,0.0,0.0,0.0
d__Bacteria;p__Bacillota_A_368345;c__Clostridia_258483;o__TANB77;f__CAG-508;__,0.0,0.0,0.0,0.0,0.0,0.0,0.0,0.0,0.0,0.0,0.0,0.0,0.0,0.0,0.0,0.0,0.0,0.0,0.0,0.0,0.0,0.0,0.0,0.0,0.0025612293901072516,0.0,0.0,0.0,0.0,0.0,0.0,0.0,0.0,0.0,0.0,0.0,0.0,0.0,0.0,0.0,0.0,0.0,0.0,0.0,0.0,0.0,0.0,0.002457002457002457,0.0,0.0,0.0,0.0,0.0,0.0,0.0,0.0,0.0006381620931716656,0.004740111147433802,0.0,0.0,0.0,0.0,0.0,0.0,0.0031624500665778962,0.0,0.0,0.0,0.0,0.0003194888178913738,0.0,0.0,0.0,0.0,0.0,0.0007620499142693847,0.0,0.04470700942040556,0.0,0.0,0.007993605115907274,0.0,0.0,0.0,0.0,0.0,0.0007965588657001752,0.0005031024652020795,0.019961051606621226,0.005014558395341313,0.0,0.0,0.0031624500665778962,0.009620523784072688,0.0,0.0,0.0,0.0,0.0,0.0,0.0,0.0,0.0,0.0,0.00048653908530651963,0.0,0.0,0.0,0.0,0.0,0.0,0.0,0.0,0.0,0.0,0.0,0.0,0.0,0.0,0.0,0.0,0.0,0.00048812235600390497,0.0,0.0,0.0,0.0,0.0,0.0,0.0,0.0,0.0,0.0,0.0,0.0,0.0,0.0,0.0,0.0,0.0,0.0,0.0,0.0
d__Bacteria;p__Bacillota_A_368345;c__Clostridia_258483;o__TANB77;f__CAG-508;g__CAG-269,0.0,0.0,0.0,0.0,0.0,0.0,0.0,0.0,0.0,0.00016241676140977748,0.21987951807228914,0.0,0.0,0.0,0.0,0.0,0.0,0.0,0.0,0.0,0.0,0.0,0.00016,0.0,0.0,0.013895864724594007,0.0,0.0,0.0,0.0,0.0,0.0,0.0,0.0,0.0,0.0,0.0,0.0,0.0,0.0,0.0003209757663296421,0.06704453441295546,0.0,0.0,0.0033339182312686435,0.0,0.0,0.0019656019656019656,0.0,0.0,0.0,0.0,0.0,0.0,0.0,0.0,0.0003190810465858328,0.0,0.002403846153846154,0.00033140016570008286,0.0,0.0029135642602784073,0.0009595394210778827,0.0031219191587249424,0.010486018641810918,0.0,0.0,0.0,0.0,0.03514376996805112,0.0,0.0005247507433968865,0.0009797517962116264,0.0028967515001034555,0.0,0.0040007620499142695,0.0,0.0,0.0,0.0,0.007513988808952838,0.0,0.02143314139475368,0.0,0.0,0.0,0.0,0.007714237799765219,0.007465108730931516,0.0030734390164995147,0.0,0.0,0.022802929427430094,0.0,0.00032206119162640903,0.0,0.0,0.0,0.0017687731146486573,0.0,0.0,0.0,0.0,0.0,0.0053519299383717155,0.0,0.0,0.0,0.0,0.0,0.014764885251163536,0.0,0.0,0.0006445375443119562,0.0,0.0,0.0,0.0,0.0,0.0,0.0,0.0,0.0,0.0,0.0,0.0,0.0,0.0,0.0,0.0,0.0,0.0,0.0,0.0,0.0,0.0,0.0,0.0,0.0,0.0,0.0,0.0,0.0
d__Bacteria;p__Bacillota_A_368345;c__Clostridia_258483;o__Oscillospirales;f__Oscillospiraceae_88309;g__Hominicoprocola,0.0,0.0,0.0,0.0,0.0,0.0,0.0,0.00015984654731457802,0.0,0.0,0.0,0.0,0.0,0.0,0.0,0.0,0.0009757684176288828,0.0,0.0,0.0,0.0032520325203252032,0.0,0.0,0.0,0.0,0.004687761593838942,0.0,0.0,0.0,0.0,0.0,0.0,0.0,0.0,0.013226649248856956,0.0,0.0,0.0,0.0,0.002241434518091579,0.0,0.0024291497975708503,0.0003243593902043464,0.03039661898569571,0.0,0.0,0.0,0.0021294021294021295,0.0001601281024819856,0.00015997440409534473,0.0004803073967339097,0.0001596169193934557,0.006137942174123728,0.0,0.0,0.0,0.0,0.0,0.003044871794871795,0.00016570008285004143,0.0,0.0,0.005757236526467296,0.012651988169569504,0.005659121171770972,0.0,0.0006396929473852551,0.0009612303748798462,0.0,0.0020766773162939297,0.0,0.0026237537169844323,0.01534944480731548,0.0014483757500517278,0.002648772735299311,0.05620118117736712,0.014257620452310717,0.0,0.013108307389808291,0.0,0.008313349320543565,0.001924001924001924,0.0006397952655150352,0.000637653435357883,0.00016041065126724414,0.003475670307845084,0.008124900430141788,0.007546536978031192,0.0,0.0008087997411840828,0.02052027791242527,0.027543859649122808,0.028462050599201066,0.006413682522715126,0.0,0.0,0.0006268282490597576,0.0,0.0016079755587715067,0.0,0.02836637047163363,0.0,0.0,0.0,0.0022705157314304248,0.00016103059581320451,0.0,0.0,0.0,0.003208213025344883,0.0,0.0,0.0,0.00016113438607798906,0.0,0.0,0.005485372340425532,0.0,0.002402691013935608,0.0,0.0,0.0,0.007972665148063782,0.0001595405232929164,0.0,0.0,0.0,0.0,0.0,0.0,0.0,0.0,0.0,0.0,0.0,0.0,0.0,0.00033063316250619935,0.002106627775076973,0.0,0.0,0.0,0.0
d__Bacteria;p__Bacteroidota;c__Bacteroidia;o__Bacteroidales;f__Marinifilaceae;g__Odoribacter_865974,0.0,0.0,0.0,0.0,0.0,0.0,0.0,0.0,0.0,0.0,0.0,0.0,0.00031857279388340236,0.0,0.00048161823727725157,0.0,0.0032525613920962758,0.0,0.0,0.0,0.0,0.0012845215157353885,0.0,0.0,0.0,0.0,0.0,0.0,0.0,0.0,0.0,0.0,0.0,0.0006694560669456067,0.00032658393207054214,0.0,0.0,0.0,0.0,0.0,0.0,0.0,0.0,0.00016254876462938882,0.0,0.0,0.0,0.0,0.0,0.0,0.0,0.0001596169193934557,0.0016152479405588758,0.0,0.000801667468334135,0.001919692849144137,0.0012763241863433313,0.014056881333769205,0.00608974358974359,0.0,0.0,0.0003237293622531564,0.0007996161842315689,0.003286230693394676,0.002330226364846871,0.0,0.0,0.0,0.0,0.0007987220447284345,0.0,0.0038481721182438344,0.002449379490529066,0.0033105731429753774,0.0,0.0005715374357020385,0.0006555227794165847,0.0,0.00016385384237260363,0.0,0.0007993605115907274,0.0,0.0,0.003028853817949944,0.0,0.0,0.0014338059582603155,0.0,0.0,0.001132319637657716,0.0,0.00543859649122807,0.006491344873501998,0.0037413148049171567,0.0,0.0,0.0,0.0,0.004341534008683068,0.0004915615271178109,0.0,0.0024181847493148475,0.0,0.0,0.0003243593902043464,0.0,0.000495949743759299,0.0,0.0,0.0,0.0014443909484833895,0.0,0.0,0.0006445375443119562,0.0,0.0,0.003989361702127659,0.0,0.0,0.0,0.0,0.0,0.004067686300032541,0.0,0.0,0.0,0.0,0.0,0.002814569536423841,0.006056742110296462,0.0,0.0,0.0,0.0,0.0,0.0,0.0,0.0,0.008426511100307892,0.0,0.00016702856188408218,0.0,0.00016294606485253382
d__Bacteria;p__Bacteroidota;c__Bacteroidia;o__Bacteroidales;f__Bacteroidaceae;g__Phocaeicola_A,0.08646917534027222,0.0,0.0,0.07318684949611763,0.0,0.0,0.00482315112540193,0.00015984654731457802,0.02097678142514011,0.001624167614097775,0.0,0.00016826518593303046,0.02946798343421472,0.02772880269273922,0.10338738160218333,0.0019264729491090063,0.09025857863067166,0.0014425388684083987,0.0006390797251957181,0.02270183852917666,0.010081300813008131,0.08188824662813102,0.00048,0.021037417697125423,0.00032015367376340644,0.0025113008538422904,0.002867611916520631,0.01693831895174177,0.003076923076923077,0.00048192771084337347,0.002407318247472316,0.0012749003984063745,0.0,0.07682008368200836,0.07658393207054214,0.011064785118665812,0.0007993605115907274,0.000321646831778707,0.3049895716348468,0.0011207172590457894,0.00048146364949446316,0.003562753036437247,0.0001621796951021732,0.08403771131339402,0.009124407790840498,0.00757950238919097,0.0012814352074323242,0.0001638001638001638,0.0032025620496397116,0.002399616061430171,0.0001601024655779699,0.0001596169193934557,0.2521402035212405,0.059263979608093036,0.11800545133878468,0.2951527755559111,0.018347160178685387,0.15822164105916967,0.14278846153846153,0.0009942004971002485,0.004229705547421507,0.019100032372936226,0.006396929473852551,0.08412750575090372,0.302762982689747,0.003538115149565777,0.0009595394210778827,0.003844921499519385,0.0,0.27987220447284344,0.030685632092056898,0.024488368025188036,0.06629653821032006,0.047589488930271054,0.0001765848490199541,0.023433034863783578,0.013110455588331694,0.04071531215072649,0.0899557594625594,0.0025303643724696357,0.1314148681055156,0.00962000962000962,0.007357645553422905,0.23800414474732984,0.02133461661854347,0.017543859649122806,0.3054006691094472,0.20157638772429984,0.021259331385913665,0.045454545454545456,0.009694619486185167,0.03543859649122807,0.12366844207723036,0.020309994655264563,0.007085346215780998,0.0,0.0,0.030714151121160733,0.03248110628718443,0.20629198754710798,0.0,0.054489763017894564,0.0,0.0001657550140891762,0.03746350956860201,0.26537842190016103,0.007108612993883287,0.0,0.0,0.0014436958614051972,0.016209276199646926,0.0006476683937823834,0.0,0.007089912987431518,0.0027997364953886695,0.001607717041800643,0.0036569148936170214,0.0006397952655150352,0.008649687650168188,0.0,0.014388489208633094,0.0017653667148130317,0.3226488773185812,0.09109763880025526,0.0,0.004500160720025715,0.08658079243437143,0.0,0.16009933774834437,0.11093401338858783,0.3451520752814653,0.0,0.04037167574495354,0.03588516746411483,0.1569161724635358,0.0014413837283792441,0.001905850962454736,0.25541411803603903,0.0,0.05713368640667629,0.0023383998663771507,0.01609561752988048,0.02053120417141926
d__Bacteria;p__Bacillota_A_368345;c__Clostridia_258483;o__Oscillospirales;f__Oscillospiraceae_88309;g__,0.0,0.0,0.0,0.0,0.0,0.0,0.0,0.0,0.0,0.0,0.0,0.0,0.0,0.0,0.0,0.0,0.0006505122784192552,0.0,0.0,0.0,0.0,0.0,0.0,0.0,0.0,0.0,0.0,0.0,0.0,0.0,0.0,0.00015936254980079682,0.0,0.0,0.0008164598301763554,0.0,0.0,0.0,0.0,0.0,0.0,0.0,0.0,0.001625487646293888,0.0,0.0,0.0,0.0,0.0,0.0,0.0,0.0,0.00016152479405588758,0.0,0.001443001443001443,0.00047992321228603423,0.0004786215698787492,0.00032690421706440013,0.0003205128205128205,0.0,0.00016268098259313488,0.0,0.0,0.0004929346040092015,0.00016644474034620507,0.0,0.0,0.0,0.0,0.0019169329073482429,0.0,0.0,0.00016329196603527107,0.0,0.0,0.0005715374357020385,0.0,0.0,0.0009831230542356219,0.0,0.000639488409272582,0.0,0.0,0.0,0.0009624639076034649,0.0,0.00015931177314003505,0.001006204930404159,0.0,0.0,0.00016157699143641945,0.0005263157894736842,0.00033288948069241014,0.0,0.0,0.0,0.0,0.0,0.0,0.0008192692118630182,0.0,0.0,0.0,0.0,0.0,0.0,0.000495949743759299,0.0,0.0,0.0,0.0,0.0,0.0,0.0,0.0,0.0,0.0,0.0,0.0,0.0,0.0,0.0,0.0003254149040026033,0.0,0.0,0.0,0.0,0.0,0.0004966887417218543,0.000318775900541919,0.0,0.0,0.0,0.0006379585326953748,0.0,0.0,0.0,0.0018184823937840966,0.0009722897423432182,0.0,0.00033405712376816435,0.0,0.0008147303242626691
d__Bacteria;p__Bacillota_A_368345;c__Clostridia_258483;o__Oscillospirales;f__Acutalibacteraceae;g__Eubacterium_R,0.0,0.0,0.0001669727834362999,0.0,0.0,0.0,0.0,0.0,0.0,0.0009745005684586649,0.0,0.0,0.0,0.0,0.0,0.00032107882485150104,0.0003252561392096276,0.0,0.0,0.0,0.0,0.0,0.0,0.0,0.0,0.007366482504604052,0.0,0.0,0.0,0.0,0.0,0.0,0.0,0.0,0.0,0.00032071840923669016,0.0014388489208633094,0.0017690575747828885,0.024867639980747633,0.0,0.0,0.0,0.0,0.0019505851755526658,0.0,0.006426099851705388,0.002402691013935608,0.0006552006552006552,0.005924739791833467,0.00015997440409534473,0.007524815882164585,0.0,0.0025843967048942013,0.0,0.03254769921436588,0.030555111182210846,0.0,0.0,0.0057692307692307696,0.0036454018227009112,0.00016268098259313488,0.0,0.003998080921157845,0.0006572461386789353,0.052762982689747,0.0763911225474429,0.0,0.12383851329702018,0.0,0.08801916932907349,0.0,0.0005247507433968865,0.0,0.0,0.03302136676673142,0.0,0.0019665683382497543,0.010857416573527064,0.0,0.0,0.0,0.05788039121372455,0.07629558541266794,0.0,0.0,0.0,0.0,0.0,0.0012982797792924375,0.032675509543836946,0.022620778801098723,0.0,0.0018308921438082556,0.0,0.0,0.0,0.001671541997492687,0.0,0.000482392667631452,0.0,0.002734107997265892,0.0,0.0,0.0,0.0,0.0,0.0,0.0,0.0,0.010907924286172602,0.0,0.0,0.0,0.0,0.04018445322793149,0.0,0.02111037234042553,0.0,0.0009610764055742432,0.0,0.0,0.0,0.0,0.0,0.0,0.0,0.0,0.0,0.0,0.0,0.0,0.0,0.0,0.0,0.0,0.0,0.0,0.2549181682922797,0.0,0.0,0.0,0.00031872509960159364,0.06778556297865407
d__Bacteria;p__Bacteroidota;c__Bacteroidia;o__Bacteroidales;f__Porphyromonadaceae;g__Porphyromonas_A,0.0,0.0,0.0001669727834362999,0.0,0.0,0.0,0.0,0.0,0.0,0.0,0.00016733601070950468,0.0,0.0,0.0,0.0,0.0,0.0,0.0,0.0,0.0,0.0,0.0009633911368015414,0.0,0.0,0.0,0.0,0.0,0.0,0.0,0.0,0.0,0.0,0.0,0.0,0.0006531678641410843,0.0,0.0,0.0,0.0,0.0,0.0,0.0,0.0001621796951021732,0.0,0.0,0.0,0.0004805382027871216,0.0,0.0001601281024819856,0.0,0.0,0.0,0.00032304958811177516,0.0003186235462800701,0.0,0.0,0.0,0.0,0.0,0.0,0.0,0.0,0.0,0.0,0.0,0.0,0.0,0.00016020506247997436,0.0,0.0,0.0,0.00017491691446562882,0.0,0.0,0.0,0.0007620499142693847,0.00901343821697804,0.0001596678907871627,0.0,0.00033738191632928474,0.0,0.0,0.0,0.0003188267176789415,0.0,0.03574975173783516,0.00015931177314003505,0.0,0.0,0.0,0.0,0.0,0.0,0.0,0.0,0.0,0.0,0.0026380252496702467,0.0,0.0,0.0,0.0,0.0001622849724115547,0.0,0.0,0.00032206119162640903,0.0,0.00032589212970506764,0.0,0.0,0.0,0.0,0.0,0.0,0.0,0.0,0.0,0.0,0.0,0.0,0.0,0.0,0.0,0.0,0.0,0.0,0.0,0.0,0.0004966887417218543,0.0,0.0,0.00035423308537017357,0.0,0.0,0.0,0.0,0.0,0.0,0.027224112785610113,0.00016048788316482104,0.0,0.0,0.0
d__Bacteria;p__Actinomycetota;c__Actinomycetes;o__Actinomycetales;f__Actinomycetaceae;g__Pauljensenia,0.0011208967173738991,0.0,0.0035064284521622974,0.0018172806872625144,0.00047831632653061223,0.0,0.0009646302250803858,0.0006393861892583121,0.001921537229783827,0.00048725028422933245,0.00016733601070950468,0.0006730607437321219,0.0,0.0009616925789389325,0.0,0.007224273559158774,0.0003252561392096276,0.0011219746754287546,0.0006390797251957181,0.000319744204636291,0.0008130081300813008,0.0,0.00048,0.0014453187730849527,0.00032015367376340644,0.0,0.0,0.0,0.015384615384615385,0.0024096385542168677,0.0006419515326592842,0.00047808764940239046,0.0009655616350177019,0.0,0.0009797517962116264,0.0012828736369467607,0.0011191047162270183,0.0020907044065615952,0.00048130916091769613,0.0,0.0020863424811426736,0.0,0.0006487187804086928,0.0,0.001754693805930865,0.0,0.0014416146083613647,0.0004914004914004914,0.0,0.0011198208286674132,0.001440922190201729,0.00047885075818036713,0.0,0.0,0.0,0.0,0.0,0.0,0.0,0.00115990057995029,0.0006507239303725395,0.004046617028164455,0.00031984647369262754,0.0,0.0,0.0009649404953361209,0.0,0.001762255687279718,0.005415162454873646,0.0,0.000479463001438389,0.0,0.0,0.0002069108214359611,0.0005297545470598623,0.0,0.0,0.0003193357815743254,0.0,0.0,0.0,0.001122334455667789,0.0,0.0,0.0006416426050689766,0.0016550810989738498,0.0,0.0001677008217340265,0.0001622849724115547,0.00032351989647363315,0.00016157699143641945,0.0005263157894736842,0.00016644474034620507,0.00017815784785319794,0.0004830917874396135,0.0,0.0,0.0,0.0,0.0,0.0,0.0,0.0003245699448231094,0.000828775070445881,0.0001621796951021732,0.0,0.0,0.0006517842594101353,0.0011216151257811247,0.0,0.0,0.0,0.001364256480218281,0.0011279407025459234,0.0,0.0009646302250803858,0.0013297872340425532,0.0004798464491362764,0.003363767419509851,0.0,0.000639488409272582,0.0,0.0,0.0001595405232929164,0.027850589777195282,0.0,0.0,0.0014534883720930232,0.00016556291390728477,0.0,0.000504116955133591,0.0010626992561105207,0.0004806151874399231,0.0001594896331738437,0.0,0.0,0.0024776062511911567,0.0,0.0,0.0,0.0013362284950726574,0.00031872509960159364,0.00032589212970506764
d__Bacteria;p__Bacteroidota;c__Bacteroidia;o__Bacteroidales;f__Bacteroidaceae;g__Prevotella,0.0001601281024819856,0.0,0.0016697278343629988,0.0,0.0,0.0,0.0,0.0,0.0,0.0,0.0,0.0003365303718660609,0.0,0.00016028209648982208,0.0,0.0,0.0,0.0,0.0006390797251957181,0.014708233413269385,0.002113821138211382,0.019267822736030827,0.0,0.0,0.0,0.04804955633684915,0.0,0.0,0.0,0.0,0.0,0.0,0.000160926939169617,0.0,0.0006531678641410843,0.0,0.0,0.0,0.0006417455478902615,0.0,0.0,0.00048582995951417006,0.0,0.00032509752925877764,0.0636953851552904,0.03278958642280442,0.00016017940092904052,0.0,0.0001601281024819856,0.0,0.0,0.0,0.006784041350347278,0.0019117412776804205,0.000481000481000481,0.0,0.0,0.0004903563255966002,0.0004807692307692308,0.0008285004142502071,0.004880429477794046,0.0001618646811265782,0.0,0.0,0.0013315579227696406,0.0,0.0,0.0,0.0,0.0001597444089456869,0.0,0.0,0.11185499673416067,0.0,0.0007063393960798164,0.08439702800533434,0.0042608980662078005,0.001117675235510139,0.08684253645747993,0.0005060728744939271,0.0,0.014109347442680775,0.048784388995521434,0.0,0.0008020532563362208,0.005461767626613704,0.0007965588657001752,0.0,0.0,0.0008087997411840828,0.0,0.22456140350877193,0.00033288948069241014,0.0008907892392659896,0.03285024154589372,0.0,0.0,0.1724137931034483,0.00016079755587715066,0.0,0.00017088174982911826,0.0,0.0014605647517039922,0.0003315100281783524,0.007946805060006487,0.00032206119162640903,0.00033063316250619935,0.0016294606485253381,0.0,0.0,0.0,0.00016191709844559586,0.006366530241018645,0.02014179825974863,0.0013175230566534915,0.0,0.0006648936170212766,0.0,0.0,0.0007266121707538601,0.00047961630695443646,0.0,0.012528473804100227,0.0,0.0,0.0,0.0,0.0,0.0,0.0,0.000504116955133591,0.002479631597591215,0.0,0.0003189792663476874,0.0,0.0,0.0003811701924909472,0.001983798975037196,0.0006481931615621455,0.016209276199646926,0.0,0.00047808764940239046,0.00032589212970506764
d__Bacteria;p__Bacteroidota;c__Bacteroidia;o__Bacteroidales;f__Tannerellaceae;g__Parabacteroides_B_862066,0.004163330664531626,0.0,0.0,0.0019824880224681976,0.0,0.0,0.0004823151125401929,0.0,0.0,0.0006496670456391099,0.0,0.0,0.0012742911755336094,0.0,0.0,0.0,0.0003252561392096276,0.0,0.005112637801565745,0.005595523581135092,0.006991869918699187,0.005619781631342325,0.0,0.0003211819495744339,0.0,0.008371002846140967,0.0,0.0,0.0,0.0,0.0,0.0,0.0,0.08569037656903766,0.006368386675375572,0.0014432328415651058,0.0,0.0,0.0,0.0,0.0,0.0,0.0003243593902043464,0.0034135240572171653,0.0,0.0,0.0,0.0001638001638001638,0.0006405124099279424,0.0,0.0,0.0003192338387869114,0.013083508318526895,0.0,0.0,0.023516237402015677,0.08806636885768986,0.02321019941157241,0.003044871794871795,0.003976801988400994,0.001138766878151944,0.024603431531239884,0.0017591556053094515,0.011501807426881366,0.0,0.0,0.0,0.001281640499839795,0.0,0.0020766773162939297,0.000319642000958926,0.027287038656638098,0.017798824297844545,0.0074487895716946,0.0001765848490199541,0.009144598971232615,0.0016388069485414618,0.007983394539358136,0.2965754546944126,0.0011808367071524967,0.028936850519584334,0.000641333974667308,0.0,0.000637653435357883,0.002406159769008662,0.004468718967229395,0.03218097817428708,0.001677008217340265,0.006815968841285297,0.0021028793270786153,0.00016157699143641945,0.0,0.05043275632490013,0.0,0.00032206119162640903,0.0,0.0,0.0011305822498586771,0.0035375462292973146,0.0,0.0,0.018378204094792842,0.0,0.0,0.0017839766461239053,0.0,0.0,0.0,0.0,0.0,0.0003209757663296421,0.0,0.0031832651205093224,0.0014502094747019013,0.00016469038208168644,0.0,0.11203457446808511,0.0,0.0002402691013935608,0.0,0.0,0.0,0.06101529450048812,0.0009572431397574984,0.0,0.0,0.012228925485080712,0.0,0.01390728476821192,0.04255658272234619,0.0,0.0,0.0,0.0001594896331738437,0.012021157236736656,0.0,0.0,0.0,0.02009398800842651,0.0,0.0021713713044930684,0.0,0.0
d__Bacteria;p__Bacillota_A_368345;c__Clostridia_258483;o__Oscillospirales;f__Oscillospiraceae_88309;g__Vescimonas,0.0,0.0,0.0,0.0,0.0,0.0,0.0,0.0,0.0022417934347477983,0.0,0.0,0.0,0.0,0.0,0.0,0.0,0.0006505122784192552,0.0,0.0009586195877935772,0.001278976818545164,0.0,0.0003211303789338471,0.00176,0.0,0.0,0.010714883643060438,0.0,0.0,0.0,0.0,0.0006419515326592842,0.0,0.0,0.003179916317991632,0.001959503592423253,0.0,0.0,0.0,0.0,0.0011207172590457894,0.0,0.0011336032388663967,0.0,0.001625487646293888,0.13160203544481489,0.001812489701763058,0.0,0.003276003276003276,0.0003202562049639712,0.016157414813629818,0.0004803073967339097,0.0009577015163607343,0.0006460991762235503,0.00047793531942010514,0.001443001443001443,0.0017597184450487923,0.25957243139757497,0.005230467473030402,0.0004807692307692308,0.008782104391052195,0.0029282576866764276,0.0001618646811265782,0.00015992323684631377,0.041570818271442656,0.014314247669773635,0.002733998070119009,0.0,0.0003204101249599487,0.0,0.0019169329073482429,0.008630334025891003,0.006297008920762638,0.01681907250163292,0.011793916821849782,0.0007063393960798164,0.022480472470946845,0.005244182235332678,0.0001596678907871627,0.003277076847452073,0.0008434547908232119,0.003037569944044764,0.002565335898669232,0.0017594369801663468,0.000637653435357883,0.0014436958614051972,0.007613373055279708,0.0060538473793213315,0.001006204930404159,0.0004868549172346641,0.011646716273050793,0.0003231539828728389,0.0033333333333333335,0.03545272969374168,0.006591840370568323,0.00016103059581320451,0.0,0.0,0.0,0.000482392667631452,0.0,0.0063226247436773755,0.0,0.0,0.0,0.0003243593902043464,0.0,0.0013225326500247974,0.0,0.0,0.00016041065126724414,0.0006419515326592842,0.0,0.0,0.0027392845633258138,0.0,0.0,0.0,0.0,0.0,0.0,0.0,0.00016048788316482104,0.00292873413602343,0.001595405232929164,0.000655307994757536,0.0,0.0,0.0,0.0,0.0014344915524386356,0.0,0.0,0.0004806151874399231,0.0009569377990430622,0.0,0.0,0.0,0.002975698462555794,0.15313563441905687,0.0,0.0,0.00031872509960159364,0.0
d__Bacteria;p__Bacteroidota;c__Bacteroidia;o__Bacteroidales;f__Rikenellaceae;g__Alistipes_A_871404,0.0,0.00015943877551020407,0.0,0.0,0.0,0.0,0.0,0.0,0.0,0.0,0.0,0.0,0.0,0.0,0.0,0.0,0.0006505122784192552,0.0,0.0,0.0,0.0004878048780487805,0.0004816955684007707,0.0,0.0,0.0,0.0006696802276912774,0.0,0.0,0.0,0.0,0.0009629272989889263,0.0,0.0,0.042510460251046024,0.022860875244937948,0.0,0.0,0.0,0.0,0.0,0.0,0.0008097165991902834,0.0,0.004876462938881665,0.001052816283558519,0.0,0.0,0.0001638001638001638,0.0003202562049639712,0.0,0.0001601024655779699,0.0,0.005491842997900178,0.0,0.0,0.0,0.01148691767708998,0.00032690421706440013,0.003044871794871795,0.00016570008285004143,0.0027655767040832926,0.0,0.0,0.0069010844561288205,0.003328894806924101,0.0,0.00031984647369262754,0.0008010253123998718,0.0,0.0020766773162939297,0.000159821000479463,0.007171593493090782,0.008654474199869366,0.00186219739292365,0.0001765848490199541,0.003619737092779577,0.0,0.0,0.002293953793216451,0.0008434547908232119,0.004636290967226219,0.0,0.0009596928982725527,0.0003188267176789415,0.00016041065126724414,0.0006620324395895399,0.008762147522701928,0.001006204930404159,0.0,0.0,0.0037162708030376475,0.026491228070175437,0.002330226364846871,0.0,0.0,0.0,0.0,0.0,0.003055153561665863,0.0,0.0,0.0,0.0,0.0,0.0043788517677586765,0.0,0.0,0.0,0.0,0.0,0.0,0.0,0.0,0.0006445375443119562,0.0,0.0,0.0,0.0,0.0,0.0,0.0,0.0,0.002277904328018223,0.0,0.0,0.0,0.0,0.0,0.0,0.0,0.0,0.0,0.0,0.0,0.0,0.0,0.0,0.0,0.0,0.0,0.0,0.0,0.0
d__Bacteria;p__Bacillota_A_368345;c__Clostridia_258483;o__Christensenellales;f__Aristaeellaceae;g__Limiplasma,0.0,0.0,0.0,0.0,0.0,0.0,0.0,0.0,0.0006405124099279424,0.0,0.0,0.0,0.0,0.00032056419297964416,0.0,0.0,0.011383964872336965,0.0,0.0,0.000319744204636291,0.0003252032520325203,0.0,0.0,0.0,0.0,0.007533902561526871,0.0,0.0,0.0,0.000321285140562249,0.0,0.0,0.0,0.0,0.0011430437622468974,0.0,0.0,0.0,0.0,0.01440922190201729,0.0,0.00016194331983805668,0.0017839766461239053,0.004713914174252275,0.00350938761186173,0.0,0.0,0.0021294021294021295,0.0014411529223378704,0.0,0.002081332052513609,0.0,0.0008076239702794379,0.0,0.0,0.002079667253239482,0.0001595405232929164,0.0,0.00016025641025641026,0.0,0.00032536196518626975,0.0022661055357720947,0.0,0.0052579691094314825,0.0,0.0,0.010075163921317767,0.001281640499839795,0.0,0.0001597444089456869,0.0,0.002099002973587546,0.0011430437622468974,0.0008276432857438444,0.025428218258873387,0.001143074871404077,0.006063585709603409,0.0,0.0,0.0005060728744939271,0.0001598721023181455,0.0,0.0023992322456813818,0.0,0.00048123195380173246,0.0023171135385633896,0.0,0.0031863156129465033,0.007789678675754625,0.0046910384988676805,0.029083858458555503,0.0,0.00033288948069241014,0.0,0.0,0.0,0.0,0.0,0.0,0.0,0.0,0.0,0.0,0.0,0.007784625364904314,0.0,0.0,0.000977676389115203,0.0,0.0,0.0,0.0,0.0,0.0,0.0,0.0,0.0,0.0,0.0,0.0,0.0,0.0,0.0,0.0,0.0,0.0,0.0,0.0,0.0,0.0,0.0,0.0,0.0,0.0,0.0,0.0,0.0,0.0,0.00810241451952682,0.0,0.0,0.0,0.0
d__Bacteria;p__Bacillota_A_368345;c__Clostridia_258483;o__Lachnospirales;f__Lachnospiraceae;g__Clostridium_AP_143938,0.0,0.0,0.0,0.0,0.0047831632653061226,0.008808456117873158,0.016559485530546623,0.0,0.0001601281024819856,0.0008120838070488875,0.0,0.0,0.0,0.0011219746754287546,0.0011237758869802536,0.002729170011237759,0.0016262806960481379,0.01154031094726719,0.0009586195877935772,0.0,0.0,0.0009633911368015414,0.0,0.004978320218403725,0.00032015367376340644,0.0,0.0,0.0007989773090444232,0.0,0.0,0.00048146364949446316,0.0,0.001287415513356936,0.004853556485355648,0.0,0.00032071840923669016,0.001278976818545164,0.00048247024766806047,0.005294400770094658,0.0,0.0006419515326592842,0.0,0.0,0.0,0.0,0.0,0.0009610764055742432,0.0004914004914004914,0.0,0.0022396416573348264,0.0,0.0,0.0,0.0,0.0,0.0,0.0,0.0,0.0003205128205128205,0.001988400994200497,0.0,0.0,0.0,0.00016431153466973383,0.0,0.0,0.00031984647369262754,0.0004806151874399231,0.0,0.0,0.0,0.0,0.0,0.0,0.0,0.0,0.0,0.0,0.0,0.0,0.0,0.000481000481000481,0.0,0.0,0.0,0.0,0.0,0.0,0.0,0.0,0.0,0.0,0.0,0.0,0.0,0.06338028169014084,0.0,0.0,0.0,0.0,0.0,0.00016121231662098983,0.0,0.0072932206199237525,0.0,0.0,0.0006612663250123987,0.027211992830373146,0.0,0.0,0.0,0.028659326424870468,0.0,0.0,0.0,0.0012861736334405145,0.005984042553191489,0.0,0.0,0.0,0.0001598721023181455,0.0,0.0,0.0,0.0,0.0,0.0,0.0,0.002152317880794702,0.000637551801083838,0.0,0.0,0.0,0.0,0.0,0.00016015374759769378,0.0,0.0,0.0,0.0,0.021546684483046603,0.004143426294820717,0.00016294606485253382
d__Bacteria;p__Bacteroidota;c__Bacteroidia;o__Bacteroidales;f__Marinifilaceae;g__Butyricimonas,0.0,0.0,0.0,0.0,0.0,0.0,0.0,0.0,0.0,0.0,0.0,0.0,0.0,0.0,0.0,0.0,0.0,0.0,0.0,0.0,0.0011382113821138211,0.00016056518946692356,0.0,0.0,0.0,0.0,0.0,0.0,0.0,0.0,0.0,0.0,0.0,0.0016736401673640166,0.0032658393207054214,0.0,0.0,0.0,0.0,0.0,0.0,0.00016194331983805668,0.0,0.0,0.0,0.0,0.0,0.0,0.0,0.0,0.0,0.0,0.006945566144403166,0.0,0.0,0.0,0.0,0.0,0.0,0.0,0.0,0.0,0.0,0.007065395990798554,0.0,0.0,0.0,0.0,0.0,0.0001597444089456869,0.0,0.0006996676578625153,0.008817766165904637,0.0002069108214359611,0.0,0.00019051247856734617,0.0,0.0,0.00016385384237260363,0.00016869095816464237,0.0,0.0,0.0,0.0011158935118762952,0.0,0.0023171135385633896,0.0025489883702405607,0.001677008217340265,0.0,0.0,0.0,0.0,0.006990679094540613,0.0,0.0,0.0,0.0,0.0,0.0,0.0,0.0,0.0,0.0,0.0,0.00048653908530651963,0.0,0.0,0.0,0.0,0.0,0.0,0.0,0.0,0.0,0.0,0.0,0.0,0.0,0.0002402691013935608,0.0,0.0,0.0,0.004718516108037748,0.0,0.0,0.0,0.0,0.0,0.0,0.001912655403251514,0.0,0.0,0.0,0.0,0.0,0.0,0.0,0.0,0.0,0.0,0.0,0.0,0.0
d__Bacteria;p__Bacillota_A_368345;c__Clostridia_258483;o__Lachnospirales;f__Lachnospiraceae;g__Anaerostipes,0.008646917534027222,0.0,0.0,0.009747232777135306,0.009247448979591837,0.0017616912235746316,0.0006430868167202572,0.024936061381074168,0.017934347477982386,0.026149098586974177,0.000502008032128514,0.0006730607437321219,0.041573749601784005,0.03814713896457766,0.014609086530743297,0.007545352384010275,0.010408196454708083,0.0,0.0036747084198753793,0.0036770583533173463,0.034308943089430895,0.009152215799614644,0.04928,0.024088646218082543,0.01888906675204098,0.0,0.0015931177314003505,0.010386705017577502,0.019919028340080972,0.00048192771084337347,0.018937570213448884,0.045737051792828685,0.12745413582233667,0.0038493723849372385,0.001959503592423253,0.04137267479153303,0.004316546762589928,0.0017690575747828885,0.0030482913524787422,0.006083893691962856,0.051035146846413096,0.0008097165991902834,0.010217320791436913,0.0006501950585175553,0.006667836462537287,0.020431702092601745,0.0019221528111484864,0.13579033579033578,0.0003202562049639712,0.018717005279155336,0.004322766570605188,0.0335195530726257,0.0,0.0,0.004008337341670675,0.0,0.0001595405232929164,0.0021248774109186006,0.0008012820512820513,0.00115990057995029,0.005531153408166585,0.047426351570087406,0.04126019510634895,0.0004929346040092015,0.00016644474034620507,0.03891926664522354,0.0015992323684631377,0.013136815123357898,0.0,0.0007987220447284345,0.000799105002397315,0.0,0.0,0.0002069108214359611,0.0028253575843192654,0.00019051247856734617,0.0004916420845624386,0.002714354143381766,0.0004915615271178109,0.003711201079622132,0.001278976818545164,0.015392015392015393,0.0033589251439539347,0.0,0.014918190567853706,0.0029791459781529296,0.00015931177314003505,0.003018614791212477,0.002109704641350211,0.006955677774183112,0.0011310389400549362,0.00824561403508772,0.0006657789613848203,0.006413682522715126,0.003542673107890499,0.0033140016570008283,0.0,0.0024495948746938007,0.000964785335262904,0.00180239226609864,0.0003417634996582365,0.0348218603901338,0.0,0.004143875352229405,0.00048653908530651963,0.0014492753623188406,0.029426351463051743,0.05344630927163109,0.0001602307322544464,0.0003208213025344883,0.0091478093403948,0.017001295336787566,0.0018190086402910413,0.00016113438607798906,0.0029644268774703555,0.05144694533762058,0.003490691489361702,0.0,0.0002402691013935608,0.0,0.000319744204636291,0.09388541165142032,0.0,0.0004786215698787492,0.05815858453473132,0.0,0.01826186205772053,0.0,0.008112582781456953,0.004144086707044948,0.0011762728953117123,0.0012398157987956076,0.004005126561999359,0.002073365231259968,0.003526206122776086,0.00016015374759769378,0.0,0.006116713506364688,0.00016204829039053638,0.0022468303643074948,0.0,0.0,0.0
d__Bacteria;p__Bacillota_A_368345;c__Clostridia_258483;o__Oscillospirales;f__Butyricicoccaceae;g__Agathobaculum,0.0022417934347477983,0.0,0.0,0.0,0.0,0.0008007687379884689,0.0,0.0,0.003843074459567654,0.0011369173298684423,0.00016733601070950468,0.0006730607437321219,0.0,0.001763103061388043,0.00016053941242575052,0.0,0.0019515368352577655,0.0,0.0,0.0,0.0014634146341463415,0.0,0.00032,0.0,0.0,0.0005022601707684581,0.0,0.0006391818472355385,0.011497975708502025,0.0001606425702811245,0.00016048788316482104,0.0006374501992031873,0.0,0.00033472803347280337,0.0014696276943174395,0.0022450288646568314,0.0,0.0,0.00016043638697256537,0.0006404098623118795,0.0,0.0034008097165991904,0.0012974375608173856,0.00032509752925877764,0.0,0.011039710001647718,0.0022425116130065674,0.003276003276003276,0.0,0.0,0.0003202049311559398,0.0,0.0,0.00015931177314003505,0.002886002886002886,0.0,0.0004786215698787492,0.008826413860738803,0.004487179487179487,0.0,0.0017894908085244834,0.00534153447717708,0.004637773868543099,0.00016431153466973383,0.00033288948069241014,0.0,0.004158004158004158,0.0019224607497596924,0.0,0.0007987220447284345,0.000319642000958926,0.00034983382893125764,0.00016329196603527107,0.0,0.0,0.0032387121356448846,0.0,0.0017563467986587897,0.0044240537440602985,0.0,0.0007993605115907274,0.001763668430335097,0.0022392834293026233,0.00015941335883947074,0.0003208213025344883,0.0,0.0,0.004024819721616636,0.0016228497241155468,0.0006470397929472663,0.0004847309743092584,0.0007017543859649122,0.0,0.0,0.011272141706924315,0.0,0.0,0.0003768607499528924,0.000964785335262904,0.006554153694904146,0.0,0.00032242463324197966,0.0,0.0021548151831592907,0.0003243593902043464,0.00016103059581320451,0.005124814018846091,0.007006680788658954,0.0006409229290177856,0.008180943214629451,0.00465414861177981,0.0,0.0,0.00016113438607798906,0.013504611330698288,0.003215434083601286,0.0,0.0,0.0,0.0,0.0007993605115907274,0.0,0.00048812235600390497,0.02169751116783663,0.000327653997378768,0.0,0.0008152616990053808,0.0,0.004966887417218543,0.0004781638508128785,0.0011762728953117123,0.0,0.03043896187119513,0.012759170653907496,0.001763103061388043,0.00016015374759769378,0.0,0.004132914531327492,0.0014584346135148275,0.01059220028887819,0.0063470853515951225,0.001752988047808765,0.012709793058497638
d__Bacteria;p__Bacillota_A_368345;c__Clostridia_258483;o__Clostridiales;f__Clostridiaceae_222000;g__Clostridium_T,0.0,0.0074936224489795915,0.10352312573050593,0.0006608293408227325,0.41246811224489793,0.009609224855861628,0.0003215434083601286,0.001118925831202046,0.003843074459567654,0.004547669319473769,0.0023427041499330657,0.014470805990240618,0.0015928639694170119,0.05754127263984613,0.0009632364745545031,0.06485792262000321,0.0004878842088144414,0.0014425388684083987,0.03658731426745487,0.00047961630695443646,0.046341463414634146,0.00224791265253693,0.00112,0.0036935924201059902,0.003681767248279174,0.004352921479993303,0.0,0.012144455097475231,0.02493927125506073,0.0,0.0009629272989889263,0.0,0.0009655616350177019,0.011548117154811716,0.0031025473546701502,0.0,0.006394884092725819,0.0038597619813444837,0.005454837157067223,0.002241434518091579,0.009468785106724442,0.0012955465587044534,0.049626986701265,0.00016254876462938882,0.00035093876118617303,0.002142033283901796,0.0008008970046452026,0.013431613431613431,0.0003202562049639712,0.007998720204767237,0.008325328210054436,0.0031923383878691143,0.0,0.0,0.001763668430335097,0.00031994880819068947,0.0,0.0,0.0008012820512820513,0.09710024855012428,0.002277533756303888,0.01068306895435416,0.009435470973932512,0.0,0.0,0.045352203280797684,0.00895570126339357,0.001281640499839795,0.02445027896291434,0.0,0.015502637046507912,0.0,0.0,0.002276019035795572,0.0012360939431396785,0.0009525623928367308,0.0,0.003991697269679068,0.0004915615271178109,0.00016869095816464237,0.0,0.008818342151675485,0.000799744081893794,0.001912960306073649,0.061758100737888996,0.006785832505792784,0.0,0.001006204930404159,0.0032456994482310936,0.01035263668715626,0.0,0.0,0.0,0.011402102262604668,0.00016103059581320451,0.022576636288318144,0.0,0.4665536084416808,0.0008039877793857533,0.002785515320334262,0.0015379357484620643,0.00032242463324197966,0.0006491398896462187,0.000828775070445881,0.0021083360363282518,0.00016103059581320451,0.001487849231277897,0.08033240997229917,0.023553917641403622,0.00016041065126724414,0.00048146364949446316,0.0,0.001364256480218281,0.03029326458266194,0.0,0.0012861736334405145,0.0,0.0,0.30754444978375783,0.0009082652134423251,0.0,0.003209757663296421,0.0,0.0,0.0,0.0,0.0003261046796021523,0.0,0.0009933774834437086,0.0,0.001008233910267182,0.001594048884165781,0.0009612303748798462,0.0,0.0,0.0,0.0,0.00033063316250619935,0.0004861448711716091,0.0003209757663296421,0.004509771170870219,0.0,0.00016294606485253382
d__Bacteria;p__Bacteroidota;c__Bacteroidia;o__Bacteroidales;f__Barnesiellaceae;g__Barnesiella_B,0.0,0.0,0.0,0.0,0.00350765306122449,0.0,0.0,0.00047953964194373403,0.0,0.0,0.0,0.0,0.0,0.0,0.0,0.0,0.006342494714587738,0.0,0.0,0.000319744204636291,0.0,0.002569043031470777,0.0,0.0,0.0,0.0,0.0,0.0022371364653243847,0.0,0.0,0.0,0.0,0.0,0.030627615062761505,0.0,0.0014432328415651058,0.0,0.0,0.0,0.0,0.0,0.004210526315789474,0.0001621796951021732,0.004388816644993498,0.0,0.0,0.0,0.0014742014742014742,0.0,0.0,0.0,0.0001596169193934557,0.016152479405588758,0.0,0.013949013949013949,0.0,0.03733248245054244,0.010460934946060804,0.0,0.0004971002485501243,0.001138766878151944,0.0,0.0,0.04255668747946106,0.026464713715046606,0.0,0.0,0.0,0.0,0.0,0.0,0.10285114570578975,0.0434356629653821,0.007655700393130561,0.0,0.015431510763955039,0.00016388069485414618,0.0,0.00032770768474520726,0.0010121457489878543,0.043804956035171864,0.0,0.0004798464491362764,0.22700462298740634,0.0,0.0006620324395895399,0.15931177314003506,0.002347811504276371,0.0009737098344693282,0.0,0.007109387623202456,0.0,0.06757656458055926,0.0007126313914127917,0.0,0.0,0.0,0.0,0.0,0.00540717679829592,0.0,0.0,0.0,0.0,0.021407719753486862,0.0,0.0,0.0,0.0,0.0,0.0,0.0016191709844559584,0.0,0.00016113438607798906,0.0,0.0,0.0,0.0,0.0,0.0,0.0,0.0,0.004555808656036446,0.0001595405232929164,0.003931847968545216,0.0,0.0,0.0,0.0,0.03044309850175327,0.0,0.0,0.0,0.0,0.0,0.00016015374759769378,0.0,0.0,0.0,0.0,0.0,0.0,0.0029330291673456085
d__Bacteria;p__Patescibacteria;c__Saccharimonadia;o__Saccharimonadales;f__Nanosynbacteraceae;g__Nanosynbacter,0.0,0.0,0.0,0.00033041467041136624,0.0,0.0008007687379884689,0.0001607717041800643,0.00047953964194373403,0.0001601281024819856,0.0009745005684586649,0.0006693440428380187,0.0006730607437321219,0.0,0.0006411283859592883,0.00016053941242575052,0.003692406485792262,0.0,0.001763103061388043,0.0004793097938967886,0.0,0.0,0.0003211303789338471,0.0008,0.0006423638991488678,0.00032015367376340644,0.0,0.0,0.0031959092361776927,0.0038866396761133605,0.00048192771084337347,0.0,0.00015936254980079682,0.000160926939169617,0.0,0.00016329196603527107,0.00032071840923669016,0.0011191047162270183,0.017368928916050175,0.0014439274827530884,0.0001601024655779699,0.0009629272989889263,0.0,0.00048653908530651963,0.0,0.0,0.0,0.0006407176037161621,0.0,0.0,0.00015997440409534473,0.0,0.0003192338387869114,0.00016152479405588758,0.0,0.000160333493666827,0.0,0.0,0.0009807126511932004,0.0,0.0006628003314001657,0.0004880429477794046,0.0008093234056328909,0.0,0.0,0.0,0.0,0.0,0.00016020506247997436,0.0,0.0003194888178913738,0.00159821000479463,0.0,0.0,0.0,0.0,0.0,0.0,0.0,0.0,0.00016869095816464237,0.0,0.000641333974667308,0.0006397952655150352,0.00015941335883947074,0.0006416426050689766,0.0,0.0,0.0001677008217340265,0.0,0.00048527984471044967,0.00016157699143641945,0.0003508771929824561,0.0,0.0,0.0,0.0006213753106876554,0.0,0.0,0.0,0.0,0.0,0.0,0.0003245699448231094,0.000994530084535057,0.0,0.0,0.0,0.0008147303242626691,0.0001602307322544464,0.0,0.0,0.0008095854922279792,0.0018190086402910413,0.0003222687721559781,0.00016469038208168644,0.0008038585209003215,0.0018284574468085107,0.0006397952655150352,0.005766458433445459,0.0,0.0001598721023181455,0.0,0.0,0.0001595405232929164,0.001965923984272608,0.0,0.0,0.0,0.00016556291390728477,0.0,0.0,0.0,0.0014418455623197693,0.0,0.0011219746754287546,0.0,0.0,0.00016531658125309968,0.0,0.00016048788316482104,0.0006681142475363287,0.0,0.00016294606485253382
d__Bacteria;p__Patescibacteria;c__Saccharimonadia;o__Saccharimonadales;f__Saccharimonadaceae;g__Saccharimonas,0.0,0.0,0.0,0.0,0.0,0.0,0.0,0.0,0.0,0.0,0.0,0.0,0.0,0.0,0.0,0.00016053941242575052,0.0,0.0,0.0,0.0,0.0,0.0,0.0,0.0,0.0,0.0,0.0,0.0009587727708533077,0.0,0.000321285140562249,0.00016048788316482104,0.0,0.0008046346958480849,0.0,0.00032658393207054214,0.0008017960230917255,0.0,0.002894821486008363,0.0,0.0,0.0,0.0006477732793522267,0.0,0.0,0.0,0.0,0.0,0.0,0.0,0.00015997440409534473,0.0001601024655779699,0.0,0.0,0.0,0.0,0.0,0.0,0.0,0.0,0.0,0.0,0.0,0.0,0.00016431153466973383,0.0,0.0,0.001439309131616824,0.0,0.0004922874958976042,0.0,0.0,0.0,0.0,0.0,0.0,0.0,0.00016388069485414618,0.0,0.0,0.0,0.0,0.000160333493666827,0.0,0.0,0.0006416426050689766,0.0,0.0,0.0,0.0001622849724115547,0.0,0.0,0.0,0.0,0.0,0.0,0.0,0.0,0.0,0.0,0.0,0.0,0.0,0.0001622849724115547,0.0,0.0,0.0,0.0,0.0,0.0,0.0,0.0003209757663296421,0.0,0.0,0.0,0.0,0.0045016077170418,0.0,0.0,0.0004805382027871216,0.0,0.0,0.0,0.0,0.0,0.0,0.0,0.0,0.0,0.0,0.0,0.0,0.0,0.0003204101249599487,0.0,0.0,0.0,0.0,0.0,0.0,0.0,0.0,0.0,0.0004888381945576015
d__Bacteria;p__Patescibacteria;c__Saccharimonadia;o__Saccharimonadales;f__Nanogingivalaceae;g__Nanogingivalis,0.0,0.0,0.0,0.00016520733520568312,0.0,0.00016015374759769378,0.0,0.001758312020460358,0.0,0.00016241676140977748,0.00016733601070950468,0.0,0.00031857279388340236,0.0,0.0,0.0006421576497030021,0.0,0.0,0.00015976993129892953,0.0,0.0,0.00016056518946692356,0.0,0.0,0.00016007683688170322,0.0,0.0,0.0,0.00016194331983805668,0.0,0.0,0.0,0.0,0.0,0.0,0.0,0.00047961630695443646,0.001286587327114828,0.0,0.0,0.0,0.0,0.0001621796951021732,0.0,0.0,0.0,0.0,0.0,0.0,0.0,0.0,0.0,0.0,0.0,0.0,0.0,0.0,0.0,0.0,0.0,0.0,0.0,0.0,0.0,0.0,0.0,0.0,0.0003204101249599487,0.0,0.0,0.0,0.0,0.0,0.0,0.0,0.0,0.0,0.0,0.0,0.0,0.0,0.0,0.0,0.0,0.0003208213025344883,0.0,0.0,0.0,0.0,0.0,0.0,0.0,0.0,0.0,0.0,0.0,0.0,0.0,0.0,0.0,0.0,0.0,0.0,0.0,0.0,0.0,0.0,0.0,0.0,0.0,0.0,0.0,0.0,0.0,0.0,0.0,0.0,0.0,0.0,0.0,0.0,0.0,0.0,0.0,0.0,0.0,0.0,0.0,0.0,0.0,0.0,0.00035423308537017357,0.0,0.0,0.0,0.0,0.0,0.0,0.0,0.0,0.00033405712376816435,0.0,0.0
d__Bacteria;p__Cyanobacteriota;c__Chloroplast;o__;f__;g__,0.0,0.00015943877551020407,0.0003339455668725998,0.00016520733520568312,0.0,0.00016015374759769378,0.0,0.00031969309462915604,0.0,0.006659087217800877,0.010542168674698794,0.0016826518593303045,0.00031857279388340236,0.0059304375701234174,0.00032107882485150104,0.0035318670733665114,0.0006505122784192552,0.00048084628946946624,0.0,0.0,0.0013008130081300813,0.0035324341682723185,0.0,0.00016059097478721696,0.0,0.0,0.013063565397482874,0.09491850431447747,0.0,0.0014457831325301205,0.05007221954742417,0.0,0.0,0.0005020920502092051,0.0,0.004169339320076972,0.0,0.008684464458025088,0.005454837157067223,0.0,0.0008024394158241052,0.0008097165991902834,0.0,0.0,0.0,0.0,0.03427839179881467,0.0014742014742014742,0.0,0.0,0.0001601024655779699,0.0015961691939345571,0.0,0.0,0.0,0.0028795392737162055,0.0,0.0,0.0,0.03231151615575808,0.00032536196518626975,0.00356102298478472,0.0019190788421557653,0.0,0.0,0.0,0.0,0.0,0.0,0.0001597444089456869,0.0,0.0,0.0,0.0,0.0,0.0,0.0,0.0,0.0,0.0,0.0,0.0,0.0,0.0,0.0,0.0,0.0,0.0,0.0,0.0,0.0,0.0,0.0,0.0,0.0,0.0,0.0,0.0,0.0,0.00016385384237260363,0.0,0.0,0.0,0.0,0.0,0.0,0.009092411968920482,0.000977676389115203,0.0,0.0,0.0,0.0,0.0,0.0,0.0,0.0,0.0,0.0003198976327575176,0.0,0.0,0.0,0.0,0.0,0.0,0.0,0.0,0.0,0.0,0.0,0.0,0.0,0.0,0.0,0.0,0.0,0.0,0.0,0.0,0.0,0.0,0.0,0.0,0.0
d__Bacteria;p__Bacillota_A_368345;c__Clostridia_258483;o__Oscillospirales;f__Acutalibacteraceae;g__Hominenteromicrobium,0.0,0.0,0.0,0.0,0.0,0.0,0.0,0.0,0.0,0.0,0.0,0.0,0.0,0.0,0.0,0.0,0.0,0.0,0.0,0.0001598721023181455,0.0,0.0,0.0,0.0,0.0,0.00016742005692281934,0.0,0.0,0.0022672064777327933,0.0,0.0,0.0,0.0,0.0,0.0,0.0,0.002398081534772182,0.0001608234158893535,0.00016043638697256537,0.0,0.0,0.0,0.0021083360363282518,0.0,0.0,0.0,0.0,0.0,0.0,0.002079667253239482,0.0003202049311559398,0.0014365522745411015,0.0,0.0,0.0,0.0,0.0,0.0,0.00016025641025641026,0.0006628003314001657,0.035627135187896536,0.0,0.0,0.0,0.0,0.0,0.0,0.0011214354373598205,0.0,0.0,0.0,0.0,0.0,0.0,0.0003531696980399082,0.00019051247856734617,0.0,0.0,0.0004915615271178109,0.0,0.0001598721023181455,0.000641333974667308,0.0,0.0,0.0006416426050689766,0.0009930486593843098,0.0,0.000335401643468053,0.0,0.0008087997411840828,0.00016157699143641945,0.0,0.0,0.0,0.0,0.0,0.0,0.0,0.000482392667631452,0.0,0.0,0.0,0.0,0.0,0.0001621796951021732,0.0,0.000991899487518598,0.0,0.0,0.0,0.0,0.0,0.0,0.0003222687721559781,0.0,0.0,0.0,0.0,0.0,0.0,0.0,0.0,0.0,0.0003190810465858328,0.0,0.0,0.0,0.0,0.0,0.0,0.00016803898504453034,0.0,0.0,0.0004784688995215311,0.0,0.0,0.0,0.0,0.00016204829039053638,0.041726849622853474,0.0,0.0,0.0
d__Bacteria;p__Bacillota_A_368345;c__Clostridia_258483;o__Oscillospirales;f__Acutalibacteraceae;g__UBA5905,0.0,0.0,0.0,0.0,0.0,0.00016015374759769378,0.0,0.0,0.0003202562049639712,0.0,0.0,0.0,0.0,0.0,0.0,0.0,0.0,0.0,0.0,0.0011191047162270183,0.0,0.0,0.0,0.0,0.0,0.0,0.0,0.0,0.0,0.0,0.0003209757663296421,0.0,0.0,0.005188284518828452,0.0006531678641410843,0.0,0.0,0.0,0.0011230547088079577,0.0006404098623118795,0.0,0.0009716599190283401,0.0,0.0014629388816644994,0.01807334620108791,0.0,0.0,0.000819000819000819,0.0001601281024819856,0.0,0.0,0.0,0.00048457438216766274,0.0003186235462800701,0.000481000481000481,0.0012797952327627579,0.0014358647096362476,0.0,0.0008012820512820513,0.00115990057995029,0.0,0.0,0.0,0.000985869208018403,0.0014980026631158455,0.0,0.0,0.0003204101249599487,0.0,0.0004792332268370607,0.0,0.0017491691446562883,0.0011430437622468974,0.0,0.0,0.001143074871404077,0.0009832841691248771,0.0003193357815743254,0.004587907586432902,0.0,0.0014388489208633094,0.0,0.0,0.02550613741431532,0.00016041065126724414,0.0,0.0011151824119802454,0.0001677008217340265,0.0,0.00048527984471044967,0.025529164646954275,0.0012280701754385965,0.003828229027962716,0.01033315517548548,0.0,0.0,0.0,0.0,0.0,0.0,0.0011961722488038277,0.0,0.0,0.0,0.0001621796951021732,0.0,0.0,0.0,0.0,0.0,0.0,0.0,0.0,0.00016113438607798906,0.0,0.0,0.0008311170212765958,0.0,0.0,0.0,0.0,0.0,0.0,0.0,0.0,0.0,0.0,0.0,0.0,0.0,0.0,0.0,0.0,0.0,0.0,0.0,0.0,0.0,0.0024307243558580457,0.0006419515326592842,0.0,0.0,0.00016294606485253382
d__Bacteria;p__Bacillota_A_368345;c__Clostridia_258483;o__Oscillospirales;f__Acutalibacteraceae;g__,0.0,0.0,0.0,0.0,0.0,0.03459320948110186,0.0,0.0,0.0,0.00032483352281955497,0.0,0.0,0.00015928639694170118,0.0,0.004495103547921014,0.0,0.0,0.0,0.0,0.0001598721023181455,0.0016260162601626016,0.0,0.0,0.0,0.0016007683688170323,0.0003348401138456387,0.0,0.0,0.0,0.0,0.0,0.0031872509960159364,0.0,0.0,0.0,0.0,0.0,0.0,0.0,0.002241434518091579,0.0,0.00016194331983805668,0.0,0.0,0.0005264081417792595,0.0,0.0,0.000819000819000819,0.0,0.0,0.0006404098623118795,0.0,0.0,0.0,0.0,0.00015997440409534473,0.0001595405232929164,0.0,0.0,0.0008285004142502071,0.0006507239303725395,0.0,0.0,0.0,0.00016644474034620507,0.0,0.00031984647369262754,0.0,0.015096816540859863,0.0,0.0,0.0,0.00016329196603527107,0.0,0.0,0.0017146123071061154,0.0,0.0,0.0,0.0,0.0,0.000160333493666827,0.0004798464491362764,0.0,0.00016041065126724414,0.0006620324395895399,0.0,0.0018447090390742915,0.0001622849724115547,0.0,0.0,0.0,0.00016644474034620507,0.0,0.0,0.0,0.0,0.0,0.00032159511175430133,0.00016385384237260363,0.0,0.0,0.002109704641350211,0.0,0.0,0.00032206119162640903,0.0,0.0,0.0,0.0,0.00016048788316482104,0.0,0.00022737608003638017,0.0,0.0,0.0,0.0,0.0,0.0004805382027871216,0.0,0.0,0.0,0.0,0.0,0.0,0.0,0.0,0.0,0.001490066225165563,0.0,0.0,0.0,0.0,0.0001594896331738437,0.0,0.00016015374759769378,0.0,0.0,0.0008102414519526819,0.0,0.0,0.0,0.00016294606485253382
d__Bacteria;p__Bacillota_A_368345;c__Clostridia_258483;o__Oscillospirales;f__Ruminococcaceae;g__Anaerotruncus,0.0,0.0,0.0,0.0,0.0009566326530612245,0.0,0.0003215434083601286,0.00015984654731457802,0.0,0.0,0.0,0.0,0.0,0.00032056419297964416,0.002729170011237759,0.0,0.0011383964872336966,0.0,0.0,0.0001598721023181455,0.0034146341463414634,0.0,0.0,0.0,0.0,0.0003348401138456387,0.0,0.0,0.0,0.0,0.0,0.0,0.0,0.0040167364016736404,0.00032658393207054214,0.0,0.0,0.0,0.001764800256698219,0.0,0.0,0.00032388663967611336,0.0001621796951021732,0.0013003901170351106,0.0007018775223723461,0.0,0.0,0.0,0.0,0.0,0.0,0.0,0.0,0.00015931177314003505,0.000160333493666827,0.00303951367781155,0.0001595405232929164,0.0,0.0014423076923076924,0.0,0.0006507239303725395,0.0,0.0,0.0004929346040092015,0.0,0.0,0.0,0.00016020506247997436,0.0,0.0,0.0,0.0005247507433968865,0.00032658393207054214,0.0002069108214359611,0.0,0.0005715374357020385,0.00016388069485414618,0.0001596678907871627,0.00016385384237260363,0.0,0.000319744204636291,0.0,0.0003198976327575176,0.00015941335883947074,0.0,0.0,0.00015931177314003505,0.0005031024652020795,0.0,0.00016175994823681658,0.0016157699143641946,0.0003508771929824561,0.002496671105193076,0.0,0.0,0.0,0.0,0.0,0.00016079755587715066,0.00016385384237260363,0.0003417634996582365,0.0009672738997259391,0.0,0.0,0.0,0.0,0.0,0.0,0.0,0.0003208213025344883,0.0,0.0,0.00022737608003638017,0.0,0.0,0.0,0.0018284574468085107,0.0,0.0002402691013935608,0.0,0.0015987210231814548,0.0,0.0,0.0,0.0,0.0,0.0,0.0,0.0016556291390728477,0.001275103602167676,0.0021845068055788945,0.0,0.0,0.0,0.0028850777368167975,0.0,0.0,0.0,0.040674120888024634,0.0,0.0015032570569567397,0.0,0.0
d__Bacteria;p__Bacillota_A_368345;c__Clostridia_258483;o__Oscillospirales;f__Acutalibacteraceae;g__Acutalibacter,0.0,0.0,0.0,0.0,0.0,0.0009609224855861628,0.0,0.0,0.0,0.0,0.0,0.0,0.0,0.0,0.007224273559158774,0.0,0.0,0.0,0.0,0.0,0.0,0.0,0.0,0.0,0.0008003841844085161,0.0,0.0,0.0,0.0,0.0,0.0,0.00047808764940239046,0.0,0.0,0.0,0.0,0.0,0.0,0.0,0.0003202049311559398,0.0,0.0,0.0,0.0006501950585175553,0.0,0.0,0.0,0.0,0.0,0.0,0.0,0.0,0.0,0.00015931177314003505,0.0,0.00047992321228603423,0.0,0.0,0.0,0.0,0.0,0.0,0.0,0.0,0.00033288948069241014,0.0,0.0,0.0,0.0003281916639317361,0.0003194888178913738,0.0,0.0,0.0,0.0,0.0,0.0,0.0,0.0004790036723614881,0.0,0.0,0.0,0.0,0.0,0.0,0.0,0.0,0.0,0.0,0.0,0.0,0.0004847309743092584,0.0,0.0,0.0,0.0006441223832528181,0.0,0.0,0.0,0.0,0.0004915615271178109,0.0003417634996582365,0.0,0.0,0.0,0.0,0.000966183574879227,0.00016531658125309968,0.0,0.0,0.0003208213025344883,0.0,0.0,0.002273760800363802,0.00016113438607798906,0.007081686429512516,0.0,0.0,0.0,0.0,0.0,0.0001598721023181455,0.0,0.0,0.000797702616464582,0.0,0.0,0.003424099135822599,0.0,0.0,0.0,0.007729793312048395,0.0,0.0,0.0,0.0,0.0,0.0,0.002149115556290296,0.0,0.00016048788316482104,0.0,0.0,0.0008147303242626691
d__Bacteria;p__Bacillota_A_368345;c__Clostridia_258483;o__Oscillospirales;f__Oscillospiraceae_88309;g__Dysosmobacter,0.0,0.0,0.0,0.0,0.0,0.0,0.0,0.0,0.00048038430744595676,0.0,0.0,0.0,0.0,0.0,0.0019264729491090063,0.0,0.0008131403480240689,0.00048084628946946624,0.0011183895190925068,0.0014388489208633094,0.0006504065040650406,0.0003211303789338471,0.0,0.0,0.0011205378581719224,0.0026787209107651095,0.00047793531942010514,0.003994886545222115,0.0,0.0,0.0,0.0,0.0,0.014560669456066946,0.021881123448726322,0.0,0.0,0.000321646831778707,0.0011230547088079577,0.0,0.0,0.0009716599190283401,0.0,0.04112483745123537,0.0,0.0026363486571099027,0.0,0.0001638001638001638,0.0,0.0,0.0,0.0,0.008560814084962043,0.0019117412776804205,0.000320666987333654,0.025435930251159814,0.004467134652201659,0.010951291271657405,0.003044871794871795,0.0008285004142502071,0.001301447860745079,0.0001618646811265782,0.0,0.007229707525468288,0.0008322237017310253,0.0,0.00015992323684631377,0.0006408202499198974,0.00016409583196586806,0.008626198083067093,0.000319642000958926,0.004722756690571978,0.0014696276943174395,0.006414235464514794,0.0003531696980399082,0.0060963993141550776,0.0009832841691248771,0.0051093725051892065,0.010486645911846632,0.00016869095816464237,0.016786570743405275,0.0,0.0030390275111964174,0.001275306870715766,0.0016041065126724415,0.004965243296921549,0.0014338059582603155,0.009223545195371457,0.0,0.003720478809446781,0.002746808854419131,0.012280701754385965,0.004826897470039946,0.0,0.00016103059581320451,0.0,0.0,0.0007537214999057848,0.004984724232191671,0.002785515320334262,0.004955570745044429,0.006126068031597614,0.0,0.0004972650422675286,0.0,0.0024154589371980675,0.003967597950074392,0.00016294606485253382,0.0,0.0003208213025344883,0.0003209757663296421,0.0,0.0,0.0,0.002635046113306983,0.001607717041800643,0.0008311170212765958,0.0,0.0004805382027871216,0.0,0.0041566746602717825,0.0,0.0027660266840221284,0.0,0.0,0.0,0.00016305233980107615,0.0,0.004304635761589404,0.01322919987248964,0.018652327339942865,0.0,0.0,0.0,0.0,0.0011210762331838565,0.0,0.006612663250123987,0.008588559390698428,0.0006419515326592842,0.00016702856188408218,0.00015936254980079682,0.0008147303242626691
d__Bacteria;p__Bacillota_A_368345;c__Clostridia_258483;o__Lachnospirales;f__Lachnospiraceae;g__Bariatricus,0.0,0.0,0.0,0.0,0.0,0.0,0.0,0.0,0.010248198558847078,0.0,0.0,0.0,0.0,0.0,0.0,0.0,0.0,0.0,0.0,0.0017585931254996002,0.006341463414634147,0.0,0.0,0.0,0.003521690411397471,0.007031642390758413,0.0003186235462800701,0.0,0.0,0.0,0.0,0.006533864541832669,0.0,0.0,0.0016329196603527107,0.014111610006414367,0.03469224620303757,0.0,0.0,0.0046429715017611275,0.012197079120526401,0.0014574898785425102,0.007460265974699967,0.000812743823146944,0.0,0.003954522985664854,0.0020823322120775267,0.007207207207207207,0.0001601281024819856,0.0006398976163813789,0.010246557796990073,0.0,0.0014537231465029882,0.0003186235462800701,0.000641333974667308,0.00031994880819068947,0.0,0.0,0.004807692307692308,0.0004971002485501243,0.002440214738897023,0.003722887665911298,0.00847593155285463,0.0,0.0,0.0,0.013913321605629298,0.0,0.0,0.0,0.03244366309733099,0.0,0.0,0.0,0.0010595090941197245,0.0005715374357020385,0.0006555227794165847,0.006865719303847996,0.0019662461084712438,0.0,0.0001598721023181455,0.004489337822671156,0.0,0.0,0.004010266281681104,0.003475670307845084,0.00047793531942010514,0.000670803286936106,0.0012982797792924375,0.0042057586541572305,0.0,0.005789473684210527,0.0004993342210386152,0.0014252627828255835,0.011916264090177134,0.0,0.0,0.000942151874882231,0.005467116899823122,0.0006554153694904145,0.0,0.0,0.0003245699448231094,0.08254599701640974,0.0001621796951021732,0.0,0.012564060175235576,0.0,0.0,0.0017645171639396856,0.0,0.0,0.0,0.009990331936835321,0.0004940711462450593,0.0,0.0,0.0,0.0,0.0,0.0,0.0,0.0011389521640091116,0.02345245692405871,0.15137614678899083,0.0001607200257152041,0.0,0.0,0.0,0.0,0.0,0.0,0.037968599807753925,0.019936204146730464,0.0,0.0,0.0,0.03686559761944123,0.005185545292497164,0.0,0.0,0.0,0.0
d__Bacteria;p__Bacillota_A_368345;c__Clostridia_258483;o__Oscillospirales;f__Oscillospiraceae_88309;__,0.0,0.0,0.0,0.0,0.0,0.0,0.0,0.0,0.0,0.0,0.0,0.0,0.0,0.0,0.0,0.0,0.0,0.0,0.0,0.00047961630695443646,0.0013008130081300813,0.0,0.0,0.0,0.0,0.00016742005692281934,0.0,0.0,0.0,0.0,0.0025678061306371367,0.0,0.0,0.0,0.0,0.0,0.0,0.0,0.0,0.0003202049311559398,0.0,0.0,0.0,0.000812743823146944,0.0,0.0,0.0019221528111484864,0.0,0.0,0.0,0.0,0.0,0.00048457438216766274,0.0,0.000481000481000481,0.0,0.0,0.0,0.00016025641025641026,0.0,0.0009760858955588092,0.0,0.0,0.000985869208018403,0.00016644474034620507,0.0,0.00031984647369262754,0.0,0.0,0.0007987220447284345,0.0,0.00034983382893125764,0.0004898758981058132,0.0,0.0,0.0005715374357020385,0.0,0.0,0.00016385384237260363,0.0,0.0009592326139088729,0.000320666987333654,0.0,0.0,0.0016041065126724415,0.0,0.0,0.0,0.0,0.00016175994823681658,0.0011310389400549362,0.0003508771929824561,0.0008322237017310253,0.0,0.0,0.0,0.0,0.0,0.0,0.0,0.0005126452494873548,0.0,0.0,0.0,0.0009730781706130393,0.0,0.0,0.0,0.0,0.0,0.0,0.0,0.001136880400181901,0.0,0.0,0.0,0.0,0.0,0.0,0.0,0.0,0.0,0.002277904328018223,0.0025526483726866626,0.0,0.0,0.0,0.0,0.0,0.0,0.0,0.0,0.0,0.0,0.0,0.0,0.0,0.0,0.002106627775076973,0.0,0.0,0.0,0.0
d__Bacteria;p__Bacillota_A_368345;c__Clostridia_258483;o__Oscillospirales;f__Ruminococcaceae;g__Merdimmobilis,0.0,0.0,0.0,0.0,0.0,0.0,0.0,0.0,0.0001601281024819856,0.0,0.0,0.0,0.0,0.00048084628946946624,0.0009632364745545031,0.0,0.0,0.0,0.0,0.0,0.0,0.0,0.0,0.0,0.0,0.0013393604553825547,0.0,0.0,0.0,0.0,0.0,0.0,0.0,0.0006694560669456067,0.0,0.0,0.0,0.0,0.0,0.0003202049311559398,0.0,0.0,0.0,0.005364109232769831,0.0,0.0,0.0,0.0,0.0,0.0,0.0,0.0,0.00048457438216766274,0.00047793531942010514,0.0,0.0,0.0003190810465858328,0.003105590062111801,0.0009615384615384616,0.0,0.0006507239303725395,0.0,0.0,0.000821557673348669,0.0,0.000321646831778707,0.0,0.0,0.0,0.00718849840255591,0.006552661019657983,0.0006996676578625153,0.0009797517962116264,0.0,0.0,0.0024766622213755,0.0009832841691248771,0.0004790036723614881,0.005243322955923316,0.0,0.001278976818545164,0.0,0.001599488163787588,0.0015941335883947075,0.0,0.0,0.0003186235462800701,0.004863323830286768,0.0001622849724115547,0.007440957618893562,0.0004847309743092584,0.002807017543859649,0.0011651131824234355,0.002672367717797969,0.0,0.0,0.0,0.0007537214999057848,0.00016079755587715066,0.00032770768474520726,0.00017088174982911826,0.0006448492664839593,0.0,0.0001657550140891762,0.0011352578657152124,0.0,0.00016531658125309968,0.0,0.0,0.0006416426050689766,0.0006419515326592842,0.0,0.0,0.00016113438607798906,0.0014822134387351778,0.0,0.0,0.0,0.0,0.0,0.0,0.0,0.0027660266840221284,0.000797702616464582,0.0,0.0,0.010272297407467797,0.0,0.0038079470198675498,0.0007969397513547976,0.0,0.0,0.0,0.0001594896331738437,0.005770155473633595,0.0004804612427930814,0.0,0.004132914531327492,0.0030789175174201914,0.002728294013801958,0.00016702856188408218,0.0,0.0008147303242626691
d__Bacteria;p__Bacillota_A_368345;c__Clostridia_258483;o__Lachnospirales;f__Lachnospiraceae;g__Anaerobutyricum,0.0009607686148919135,0.0,0.0,0.0,0.00031887755102040814,0.0,0.0,0.0,0.0025620496397117695,0.0,0.0,0.001850917045263335,0.0,0.007212694342041994,0.0,0.0152512441804463,0.010408196454708083,0.0,0.0,0.002398081534772182,0.012845528455284553,0.0009633911368015414,0.00576,0.0,0.020649911957739714,0.0015067805123053742,0.0,0.00031959092361776926,0.0032388663967611335,0.0,0.004975124378109453,0.017211155378486057,0.03476021886063727,0.00033472803347280337,0.0022860875244937948,0.009140474663245671,0.0038369304556354917,0.000643293663557414,0.003369164126423873,0.01905219340377842,0.015246348900658001,0.0006477732793522267,0.0035679532922478106,0.0011378413524057217,0.0005264081417792595,0.0016477179106936892,0.011052378664103796,0.0036036036036036037,0.0003202562049639712,0.03199488081906895,0.0004803073967339097,0.0067039106145251395,0.0,0.0006372470925601402,0.003046336379669713,0.00015997440409534473,0.0001595405232929164,0.0004903563255966002,0.0004807692307692308,0.00927920463960232,0.002440214738897023,0.02735513111039171,0.009275547737086198,0.0,0.00033288948069241014,0.00964940495336121,0.004158004158004158,0.004485741749439282,0.0,0.0001597444089456869,0.001917852005753556,0.0,0.0,0.0,0.0010595090941197245,0.00038102495713469235,0.0,0.004311033051253393,0.00016385384237260363,0.0011808367071524967,0.0007993605115907274,0.006573673240339907,0.004318618042226488,0.0007970667941973537,0.021495027269810715,0.004965243296921549,0.0,0.005534127117222874,0.003732554365465758,0.0009705596894208993,0.0022620778801098725,0.0010526315789473684,0.0,0.0037413148049171567,0.0024154589371980675,0.0,0.0,0.0001884303749764462,0.000482392667631452,0.0,0.0,0.0025793970659358373,0.0,0.004972650422675286,0.0017839766461239053,0.0004830917874396135,0.0023144321375433955,0.0,0.0,0.0,0.017974642914459958,0.0,0.0,0.0006445375443119562,0.0018115942028985507,0.006109324758842444,0.0,0.0014395393474088292,0.0,0.0,0.0,0.0,0.0003254149040026033,0.0001595405232929164,0.000327653997378768,0.0,0.0017935757378118376,0.0,0.00347682119205298,0.0,0.0,0.0,0.0006408202499198974,0.0014354066985645933,0.0030453598333066195,0.0,0.0,0.00016531658125309968,0.0,0.0008024394158241052,0.0,0.0,0.0
d__Bacteria;p__Bacillota_A_368345;c__Clostridia_258483;o__Oscillospirales;f__Ruminococcaceae;g__Angelakisella,0.0,0.0,0.0,0.0,0.0,0.0,0.0,0.0,0.0,0.0,0.0,0.0,0.0,0.0,0.0,0.0,0.0,0.0,0.0,0.0,0.0,0.0,0.0,0.0,0.0,0.003348401138456387,0.0,0.0,0.0,0.0,0.0,0.0,0.0,0.00016736401673640169,0.0,0.0,0.0,0.0,0.00032087277394513073,0.0,0.0,0.0,0.0001621796951021732,0.0,0.0,0.0,0.0,0.0,0.0,0.0,0.0004803073967339097,0.0,0.0,0.0,0.0,0.0,0.0,0.0,0.0,0.0,0.0,0.0,0.0,0.01248767663489977,0.0,0.0,0.0,0.0,0.0,0.0,0.0,0.004023089032709463,0.0,0.0004138216428719222,0.0,0.0,0.0,0.0,0.0006554153694904145,0.00016869095816464237,0.0,0.0,0.0,0.0,0.0,0.0,0.00015931177314003505,0.0,0.0022719896137617657,0.0,0.0,0.0,0.00033288948069241014,0.0,0.0,0.0,0.0,0.0,0.0,0.0,0.0,0.0,0.0,0.0,0.0,0.0,0.0,0.0,0.0,0.0,0.0,0.0,0.0,0.00016113438607798906,0.0,0.0,0.0,0.0,0.0,0.0,0.0,0.0,0.0,0.0,0.0,0.0,0.0,0.0,0.0,0.0,0.0,0.0,0.0,0.0,0.0,0.0,0.0,0.0,0.00016204829039053638,0.0,0.0,0.0,0.0
d__Bacteria;p__Bacillota_A_368345;c__Clostridia_258483;o__Oscillospirales;f__Acutalibacteraceae;g__UBA737,0.0,0.0,0.0,0.0,0.0,0.0,0.0,0.0,0.0,0.0,0.0,0.0,0.0,0.0,0.0,0.0,0.0,0.0,0.0,0.0,0.0,0.0,0.0,0.0,0.0,0.00016742005692281934,0.0,0.0,0.0,0.0,0.0,0.0,0.0,0.0,0.0,0.0,0.0,0.0,0.0,0.0,0.0,0.0,0.0,0.0,0.0,0.0,0.0,0.002293202293202293,0.0,0.0,0.0,0.0,0.00016152479405588758,0.0,0.0,0.0,0.0,0.0,0.0,0.0,0.00032536196518626975,0.0,0.0,0.00016431153466973383,0.0,0.0,0.0007996161842315689,0.0,0.0,0.0003194888178913738,0.0,0.007171593493090782,0.00032658393207054214,0.0,0.0,0.005905886835587731,0.005735824319895116,0.0,0.0,0.0,0.0,0.0,0.0,0.0,0.00016041065126724414,0.0,0.009240082842122032,0.0,0.0,0.00016175994823681658,0.0,0.0,0.0,0.0,0.0,0.0,0.0,0.0,0.0,0.0,0.0,0.0,0.0,0.0,0.0,0.0,0.0,0.0,0.0,0.0,0.0,0.0,0.0,0.00016113438607798906,0.0,0.0,0.0,0.0,0.0,0.0,0.0,0.0,0.0,0.0,0.0,0.0,0.0,0.0,0.0,0.0,0.004200974626113258,0.0,0.0,0.0,0.0,0.0,0.0,0.0,0.0,0.0,0.0,0.0,0.0
d__Bacteria;p__Bacillota_A_368345;c__Clostridia_258483;o__Lachnospirales;f__Lachnospiraceae;g__Dorea_A,0.02401921537229784,0.0,0.0,0.0,0.00701530612244898,0.0,0.0,0.003356777493606138,0.004643714971977582,0.002436251421146662,0.0018406961178045514,0.002523977788995457,0.0,0.0,0.010435061807673784,0.029378712473912345,0.0,0.0011219746754287546,0.0183735420993769,0.0027178257394084734,0.010081300813008131,0.0006422607578676942,0.02576,0.015095551629998394,0.04129982391547943,0.004855181650761761,0.0,0.0,0.06493927125506073,0.0,0.12774835499919757,0.022948207171314742,0.0,0.00033472803347280337,0.010287393860222076,0.0,0.06810551558752997,0.0030556449018977164,0.0062570190919300495,0.011047070124879923,0.06515808056491734,0.005668016194331984,0.042815439506973724,0.002600780234070221,0.0043867345148271624,0.01384083044982699,0.0312349831811629,0.023423423423423424,0.0,0.03199488081906895,0.011367275056035863,0.010215482841181164,0.001938297528670651,0.0,0.021645021645021644,0.0006398976163813789,0.000797702616464582,0.009807126511932003,0.0033653846153846156,0.0024855012427506215,0.010086220920774361,0.017481385561670445,0.03054533823764593,0.0006572461386789353,0.0006657789613848203,0.04326149887423609,0.005757236526467296,0.0387696251201538,0.0,0.0001597444089456869,0.004315167012945501,0.00034983382893125764,0.00016329196603527107,0.00186219739292365,0.00688680911177821,0.005143836921318346,0.00016388069485414618,0.0051093725051892065,0.00016385384237260363,0.003711201079622132,0.000319744204636291,0.039762706429373094,0.0030390275111964174,0.00047824007651841227,0.011068334937439845,0.0004965243296921549,0.00047793531942010514,0.002683213147744424,0.0029211295034079843,0.017631834357813004,0.0030699628372919696,0.002105263157894737,0.0018308921438082556,0.006235524674861928,0.014492753623188406,0.0,0.0,0.003014885999623139,0.0011255828911400547,0.010978207438964443,0.002563226247436774,0.005803643398355635,0.012495942875689711,0.0,0.0012974375608173856,0.00322061191626409,0.06926764754504877,0.0004888381945576015,0.0,0.0036894449791466154,0.046380998234633285,0.0,0.0,0.05526909442475024,0.08415678524374176,0.0040192926045016075,0.004654255319148936,0.0012795905310300703,0.0,0.004722979109900091,0.0,0.0003209757663296421,0.0006508298080052066,0.022814294830887046,0.021133682830930537,0.0001607200257152041,0.11087559106473178,0.0,0.005629139072847682,0.001912655403251514,0.01596370357923038,0.0,0.013617430310797821,0.03476874003189793,0.02404231447347331,0.0006406149903907751,0.0,0.055215738138535295,0.0016204829039053639,0.004975124378109453,0.0,0.011474103585657371,0.019879419912009123
d__Bacteria;p__Bacillota_A_368345;c__Clostridia_258483;o__Oscillospirales;f__Ruminococcaceae;g__Ruthenibacterium,0.0006405124099279424,0.0,0.0,0.0,0.0,0.0004804612427930814,0.017684887459807074,0.0,0.019695756605284227,0.0,0.003179384203480589,0.001177856301531213,0.0012742911755336094,0.00016028209648982208,0.040616471343714884,0.0,0.007968775410635875,0.0006411283859592883,0.0014379293816903658,0.01167066346922462,0.00016260162601626016,0.0004816955684007707,0.00336,0.0,0.0012806146950536258,0.0015067805123053742,0.0009558706388402103,0.00031959092361776926,0.0,0.0033734939759036144,0.0035307334296260633,0.0011155378486055777,0.000160926939169617,0.0033472803347280333,0.005715218811234487,0.00016035920461834508,0.00047961630695443646,0.0,0.009144874057436227,0.005443483829650976,0.0,0.003076923076923077,0.0021083360363282518,0.03364759427828348,0.004562203895420249,0.0,0.004965561428800256,0.00475020475020475,0.0001601281024819856,0.0,0.0036823567082933076,0.0006384676775738228,0.00048457438216766274,0.0015931177314003505,0.0,0.014717645176771717,0.0004786215698787492,0.0009807126511932004,0.0009615384615384616,0.013587406793703396,0.003578981617048967,0.011168662997733895,0.0015992323684631377,0.000821557673348669,0.00016644474034620507,0.0008041170794467674,0.00047976971053894133,0.006087792374239026,0.0,0.0003194888178913738,0.01853923605561771,0.0005247507433968865,0.0,0.0014483757500517278,0.0,0.0026671746999428463,0.0024582104228121925,0.0007983394539358135,0.002130099950843847,0.001349527665317139,0.0014388489208633094,0.001924001924001924,0.0023992322456813818,0.00015941335883947074,0.012672441450112287,0.0026481297583581596,0.00015931177314003505,0.028509139694784504,0.0,0.008249757360077645,0.0067862336403296175,0.002105263157894737,0.004161118508655127,0.0035631569570639585,0.000966183574879227,0.0,0.0,0.0007537214999057848,0.000964785335262904,0.0029493691627068656,0.001367053998632946,0.006609704981460584,0.0,0.0,0.0012974375608173856,0.0,0.009588361712679782,0.0011406224539677367,0.0,0.0006416426050689766,0.002407318247472316,0.0,0.0,0.018208185626812763,0.02256258234519104,0.0003215434083601286,0.02111037234042553,0.0,0.0,0.00036330608537693006,0.001278976818545164,0.0003209757663296421,0.0,0.0006381620931716656,0.0,0.0,0.0045654655144301325,0.0,0.00728476821192053,0.003825310806503028,0.0038648966560241977,0.0,0.008330663248958666,0.0,0.0025645135438371533,0.0206598334401025,0.0,0.0011572160687716977,0.0011343380327337547,0.0044936607286149895,0.0008351428094204109,0.0,0.0006517842594101353
d__Bacteria;p__Bacillota_A_368345;c__Clostridia_258483;o__Lachnospirales;f__Lachnospiraceae;g__Lachnospira,0.0044835868694955965,0.00031887755102040814,0.0,0.0,0.0,0.0032030749519538757,0.0001607717041800643,0.0,0.0001601281024819856,0.007633587786259542,0.00786479250334672,0.0,0.0,0.0012822567719185766,0.0,0.0012843152994060042,0.007968775410635875,0.0012822567719185766,0.0,0.0,0.003089430894308943,0.0,0.00128,0.0,0.0006403073475268129,0.0030135610246107484,0.00015931177314003505,0.0,0.0,0.0,0.0,0.0,0.0,0.0033472803347280333,0.0062050947093403004,0.003527902501603592,0.0,0.0001608234158893535,0.00048130916091769613,0.0001601024655779699,0.0,0.002591093117408907,0.0003243593902043464,0.00016254876462938882,0.0014037550447446921,0.0016477179106936892,0.0,0.0004914004914004914,0.0001601281024819856,0.0009598464245720685,0.0,0.0,0.001130673558391213,0.0,0.004970338303671637,0.0011198208286674132,0.0001595405232929164,0.002615233736515201,0.003044871794871795,0.00016570008285004143,0.003090938669269562,0.0011330527678860473,0.0015992323684631377,0.0,0.0034953395472703064,0.0,0.00015992323684631377,0.00016020506247997436,0.0,0.010543130990415336,0.000639284001917852,0.0033234213748469478,0.0008164598301763554,0.0010345541071798054,0.0001765848490199541,0.004953324442751,0.0,0.0006386715631486508,0.013108307389808291,0.0,0.000639488409272582,0.000641333974667308,0.003838771593090211,0.000637653435357883,0.00048123195380173246,0.00033101621979476995,0.0,0.0001677008217340265,0.0,0.00016175994823681658,0.00016157699143641945,0.0015789473684210526,0.0004993342210386152,0.0,0.0,0.0,0.0,0.0,0.001447178002894356,0.0008192692118630182,0.0,0.0017733354828308884,0.0,0.0,0.0001621796951021732,0.00821256038647343,0.0,0.0,0.0004806921967633392,0.00048123195380173246,0.0008024394158241052,0.0,0.00022737608003638017,0.0,0.0,0.0009646302250803858,0.01363031914893617,0.0046385156749840055,0.0,0.0,0.0,0.0035307334296260633,0.0,0.0004786215698787492,0.0,0.0,0.006685145931844122,0.0,0.00016556291390728477,0.0001593879502709595,0.00016803898504453034,0.00017711654268508679,0.0003204101249599487,0.004146730462519936,0.0011219746754287546,0.0,0.0,0.0034716482063150934,0.0008102414519526819,0.005135612261274273,0.0,0.00047808764940239046,0.0011406224539677367
d__Bacteria;p__Bacillota_A_368345;c__Clostridia_258483;o__Lachnospirales;f__Lachnospiraceae;g__,0.0,0.0,0.0,0.0,0.0,0.0,0.0,0.0,0.0,0.0,0.0,0.0,0.0,0.0,0.0,0.0,0.0001626280696048138,0.0,0.0,0.0,0.00016260162601626016,0.0,0.00032,0.0,0.0,0.0,0.0,0.0,0.0,0.0,0.0,0.0,0.0,0.0013389121338912135,0.0,0.0,0.0,0.0,0.0,0.0,0.0,0.0,0.00048653908530651963,0.00032509752925877764,0.0005264081417792595,0.0,0.00016017940092904052,0.0006552006552006552,0.0,0.00015997440409534473,0.0,0.0,0.0,0.0,0.0,0.0025595904655255157,0.0,0.00032690421706440013,0.00016025641025641026,0.0,0.00016268098259313488,0.0,0.0,0.0,0.00016644474034620507,0.0,0.0,0.0,0.0,0.0,0.000639284001917852,0.0,0.0,0.0,0.0,0.0005715374357020385,0.00016388069485414618,0.0,0.00032770768474520726,0.0,0.0,0.0,0.0,0.0,0.00016041065126724414,0.0008275405494869249,0.0,0.0,0.0004868549172346641,0.0,0.0,0.0,0.00033288948069241014,0.0,0.0,0.0,0.0,0.0,0.002090368226402959,0.0,0.0,0.0,0.0,0.0,0.0,0.0,0.0,0.0,0.0,0.0,0.0,0.0,0.0,0.0,0.0,0.0,0.0006648936170212766,0.0003198976327575176,0.0004805382027871216,0.0,0.0,0.0,0.0,0.0,0.0,0.0,0.0,0.0,0.0,0.0,0.0,0.0,0.0,0.0,0.0,0.0,0.0,0.0,0.0,0.0,0.0,0.0,0.00016294606485253382
d__Bacteria;p__Bacillota_A_368345;c__Clostridia_258483;o__Oscillospirales;f__Ruminococcaceae;g__Hominimerdicola,0.0,0.0,0.0,0.0,0.0,0.0046444586803331194,0.0,0.0,0.0016012810248198558,0.0,0.03614457831325301,0.0016826518593303045,0.0,0.0,0.0,0.0011237758869802536,0.0,0.0,0.0,0.003996802557953637,0.007642276422764228,0.0,0.0,0.0,0.0,0.00016742005692281934,0.0,0.004953659316075424,0.00016194331983805668,0.0,0.0,0.0,0.0,0.0,0.005225342913128674,0.0,0.0,0.0017690575747828885,0.0,0.001601024655779699,0.007061466859252127,0.00437246963562753,0.006000648718780408,0.00016254876462938882,0.0007018775223723461,0.0004943153732081067,0.0,0.0,0.0,0.00031994880819068947,0.0046429715017611275,0.0019154030327214685,0.0,0.0012744941851202804,0.007856341189674524,0.054551271796512556,0.002074026802807913,0.003105590062111801,0.0,0.0016570008285004142,0.0006507239303725395,0.0066364519261897055,0.07500399808092116,0.0,0.004660452729693742,0.01061434544869733,0.00015992323684631377,0.0006408202499198974,0.0,0.03178913738019169,0.003516062010548186,0.00034983382893125764,0.017962116263879817,0.0,0.0,0.00838254905696323,0.00032776138970829236,0.002075682580233115,0.021956414877928886,0.0,0.000319744204636291,0.0,0.011196417146513116,0.003188267176789415,0.0012832852101379532,0.0018205892088712346,0.0006372470925601402,0.0001677008217340265,0.022882181110029213,0.0012940795858945326,0.05913717886572952,0.0,0.0006657789613848203,0.17619811152681275,0.0,0.001035625517812759,0.0,0.0,0.001929570670525808,0.0006554153694904145,0.0010252904989747095,0.005964855714976625,0.0,0.0,0.0,0.0006441223832528181,0.0,0.0,0.0001602307322544464,0.0006416426050689766,0.0017653667148130317,0.0,0.006139154160982265,0.00048340315823396714,0.0,0.0,0.020944148936170214,0.0,0.0,0.0,0.0,0.0017653667148130317,0.0,0.0,0.0,0.0,0.0037502038154247513,0.0,0.0,0.0,0.0,0.0,0.00016020506247997436,0.0,0.0,0.0,0.0,0.0,0.0006481931615621455,0.0,0.0,0.0,0.0008147303242626691
d__Bacteria;p__Bacillota_A_368345;c__Clostridia_258483;o__Oscillospirales;f__Ruminococcaceae;g__Huintestinicola,0.0,0.0,0.0,0.0,0.0,0.0,0.0,0.0,0.0,0.0,0.0,0.0,0.0,0.0,0.0,0.0,0.0,0.0,0.0,0.0,0.0,0.0,0.00768,0.0,0.0,0.0020090406830738324,0.0,0.0,0.0,0.0,0.0,0.0,0.0,0.0,0.0004898758981058132,0.0,0.0,0.0001608234158893535,0.0014439274827530884,0.0,0.0,0.0,0.0014596172559195588,0.0,0.0,0.0,0.0,0.0013104013104013104,0.0,0.0006398976163813789,0.0,0.0,0.0020998223227265385,0.0,0.0,0.0,0.0,0.0,0.0,0.0,0.0006507239303725395,0.0,0.0,0.0,0.0004993342210386152,0.0,0.0,0.0,0.0,0.0,0.0,0.0006996676578625153,0.0,0.0035174839644113386,0.0001765848490199541,0.0,0.0,0.0,0.0,0.0,0.0,0.0,0.0,0.0,0.0,0.0024826216484607746,0.0,0.0,0.0,0.0,0.0,0.0,0.0,0.0,0.0,0.0,0.0,0.0,0.0,0.0,0.0,0.0,0.0,0.0,0.0,0.0,0.0,0.0,0.0,0.0,0.0,0.0,0.0,0.0,0.0,0.0,0.0,0.0,0.0,0.0,0.0,0.0,0.0,0.0,0.0,0.0,0.0,0.0,0.0,0.0,0.0,0.0,0.0,0.0,0.0,0.0,0.0,0.0,0.0,0.0,0.0,0.0,0.00016294606485253382
d__Bacteria;p__Bacillota_A_368345;c__Clostridia_258483;o__Tissierellales;f__Peptoniphilaceae;g__Peptoniphilus_A,0.0,0.0,0.0001669727834362999,0.0,0.0,0.0,0.0,0.0,0.0001601281024819856,0.0,0.0,0.00016826518593303046,0.0,0.0,0.0,0.00032107882485150104,0.0,0.00032056419297964416,0.0,0.0,0.0,0.0,0.0,0.0,0.0,0.0,0.0,0.0,0.0,0.0,0.0,0.0,0.0,0.0,0.0,0.0,0.0,0.0,0.0,0.0,0.0,0.0,0.0,0.0,0.0,0.0,0.0004805382027871216,0.0,0.0,0.0,0.0,0.0,0.0,0.0,0.0,0.0,0.0,0.0,0.00016025641025641026,0.0,0.0,0.0006474587245063128,0.0,0.0,0.0,0.0,0.0,0.0,0.0,0.0,0.0,0.0,0.0,0.0,0.0,0.0,0.0,0.0,0.0,0.0,0.0,0.0,0.0,0.0,0.0,0.0011585567692816948,0.0,0.0,0.0,0.0,0.0,0.0,0.0,0.0,0.0,0.0,0.0004178854993731718,0.004899189749387601,0.0,0.00016385384237260363,0.0,0.0,0.0,0.0,0.000810898475510866,0.0,0.0,0.0,0.0,0.0,0.0,0.0,0.0,0.0,0.0,0.0,0.006981382978723404,0.0,0.0,0.00036330608537693006,0.0,0.0,0.0,0.0,0.0,0.0,0.0,0.0,0.0,0.0,0.0003360779700890607,0.00017711654268508679,0.0,0.0,0.0,0.0,0.0003811701924909472,0.0,0.0,0.0,0.0,0.0,0.0
d__Bacteria;p__Bacillota_A_368345;c__Clostridia_258483;o__Tissierellales;f__Peptoniphilaceae;g__Ezakiella,0.0,0.0,0.0,0.0,0.0,0.0,0.0,0.0,0.0,0.0,0.0,0.0,0.0,0.0,0.0,0.0,0.0,0.0,0.0,0.0,0.0,0.0003211303789338471,0.0,0.0,0.0,0.0,0.0,0.0,0.0,0.0,0.0,0.0,0.0,0.0,0.0,0.0,0.0001598721023181455,0.0,0.0,0.0001601024655779699,0.0,0.0,0.0,0.0,0.0,0.0,0.0,0.0,0.00048038430744595676,0.0,0.0,0.0,0.00016152479405588758,0.0,0.0,0.0,0.0,0.0,0.00016025641025641026,0.0,0.00016268098259313488,0.0,0.0,0.0,0.0,0.0,0.0,0.0,0.0,0.0,0.0,0.00017491691446562882,0.0,0.0,0.0,0.0,0.00032776138970829236,0.0003193357815743254,0.0,0.0,0.0,0.0,0.0,0.00015941335883947074,0.0,0.015392254220456803,0.0003186235462800701,0.0,0.0,0.0,0.0,0.0,0.0,0.0,0.0,0.0,0.0,0.003014885999623139,0.0,0.0,0.0,0.0,0.0,0.0,0.0,0.0,0.0,0.0,0.0,0.0,0.0,0.0014572538860103627,0.0,0.00016113438607798906,0.0,0.0,0.0,0.0,0.0,0.0,0.0,0.0,0.0,0.0,0.0,0.0,0.0,0.0,0.0,0.0,0.0003360779700890607,0.0,0.0,0.0,0.0,0.0,0.0,0.0,0.0,0.0,0.0,0.0,0.0
d__Bacteria;p__Pseudomonadota;c__Alphaproteobacteria;o__Rickettsiales;f__Mitochondria;g__,0.0,0.0,0.0,0.0004956220056170494,0.0,0.0,0.0,0.0,0.0,0.00016241676140977748,0.000502008032128514,0.0005047955577990914,0.0,0.0006411283859592883,0.0,0.0014448547118317548,0.0,0.00048084628946946624,0.0,0.0,0.00016260162601626016,0.0006422607578676942,0.0,0.0003211819495744339,0.0,0.0,0.00015931177314003505,0.0011185682326621924,0.0,0.0,0.005456588027603916,0.00015936254980079682,0.0,0.0,0.0,0.0006414368184733803,0.0,0.0,0.001283491095780523,0.0,0.0003209757663296421,0.00032388663967611336,0.0,0.0,0.0008773469029654326,0.0,0.0012814352074323242,0.0,0.0,0.0,0.0,0.0,0.0,0.0,0.0,0.00015997440409534473,0.0,0.0,0.0,0.0013256006628003315,0.0,0.0003237293622531564,0.00015992323684631377,0.0,0.0,0.0,0.0,0.0,0.0,0.0,0.0,0.0,0.0,0.0,0.0,0.0,0.0,0.0,0.0,0.0,0.0,0.0,0.0,0.0,0.0,0.0,0.0,0.0,0.0,0.0,0.0,0.0,0.0,0.0,0.0,0.0,0.0,0.0,0.0,0.0,0.0,0.0,0.0,0.0001657550140891762,0.0,0.0,0.00033063316250619935,0.0,0.0001602307322544464,0.0,0.0,0.0,0.0,0.0,0.0,0.0,0.0,0.0,0.0,0.0,0.0,0.0,0.0,0.0,0.0,0.0,0.0,0.0,0.0,0.0,0.0,0.0,0.0,0.0,0.0,0.0,0.0,0.0,0.0,0.0,0.0,0.0,0.0
d__Bacteria;p__Pseudomonadota;c__Alphaproteobacteria;o__Rhizobiales_505101;f__Rhizobiaceae;g__Mesorhizobium_I,0.0,0.0,0.0,0.0,0.0,0.0,0.0,0.0,0.0,0.0,0.0,0.0,0.0,0.0,0.0,0.0,0.0,0.0,0.0,0.0,0.0,0.0,0.0,0.0,0.0,0.0,0.0,0.0,0.0,0.0,0.0,0.0,0.0,0.0,0.0,0.0,0.0,0.0,0.0,0.0,0.0,0.0,0.0,0.0,0.0,0.0,0.0,0.0,0.0,0.0,0.0,0.0,0.0,0.0,0.0,0.0,0.0,0.0,0.0,0.0,0.0,0.0,0.0,0.0,0.0,0.0,0.0,0.0,0.0,0.0,0.0,0.0,0.0,0.0,0.0,0.0,0.0,0.0,0.0,0.0,0.0,0.0,0.0,0.0,0.0,0.0,0.0,0.0,0.0,0.0,0.0,0.0,0.0,0.0,0.0,0.0,0.0,0.0,0.0,0.0,0.0,0.0,0.0,0.0,0.0,0.0,0.0,0.0,0.0,0.0,0.0,0.0,0.0,0.0,0.0,0.0,0.0,0.0006397952655150352,0.0,0.0,0.0,0.0011234151821537474,0.0,0.0,0.0,0.00048216007714561236,0.0004891570194032284,0.0012919896640826874,0.0009933774834437086,0.0001593879502709595,0.000504116955133591,0.00017711654268508679,0.0006408202499198974,0.0003189792663476874,0.0,0.00016015374759769378,0.0001905850962454736,0.00033063316250619935,0.0,0.0016048788316482105,0.0,0.0,0.0021182988430829396
d__Bacteria;p__Bacillota_A_368345;c__Clostridia_258483;o__Peptostreptococcales;f__Peptostreptococcaceae_256921;g__Romboutsia_B,0.0001601281024819856,0.9072066326530612,0.0005009183503088997,0.006938708078638692,0.01403061224489796,0.0012812299807815502,0.007877813504823151,0.0025575447570332483,0.004963971176941554,0.0685398733149261,0.0016733601070950468,0.06932525660440855,0.002548582351067219,0.003686488219265908,0.0009632364745545031,0.026489003050248837,0.012522361359570662,0.004487898701715018,0.02092986100015977,0.002557953637090328,0.023902439024390244,0.0004816955684007707,0.00848,0.0036935924201059902,0.00448215143268769,0.007199062447681232,0.0003186235462800701,0.00655161393416427,0.055870445344129556,0.00048192771084337347,0.0060985395602632005,0.0011155378486055777,0.001770196330865787,0.0100418410041841,0.021881123448726322,0.0008017960230917255,0.009112709832134292,0.030556449018977163,0.011872292635969837,0.003041946845981428,0.010752688172043012,0.004048582995951417,0.0520596821277976,0.00048764629388816646,0.0,0.0,0.02098350152170431,0.0004914004914004914,0.0,0.014717645176771717,0.013448607108549471,0.0012769353551476455,0.0,0.00015931177314003505,0.008818342151675485,0.00031994880819068947,0.0001595405232929164,0.00016345210853220007,0.001282051282051282,0.07025683512841756,0.005531153408166585,0.003399158303658142,0.005117543579082041,0.0,0.0004993342210386152,0.19893856545513028,0.011834319526627219,0.010733739186158282,0.0009845749917952085,0.0,0.016781205050343615,0.0,0.0,0.0008276432857438444,0.012007769733356878,0.00019051247856734617,0.0,0.0051093725051892065,0.005079469113550713,0.00354251012145749,0.0,0.021645021645021644,0.01071657069737684,0.00047824007651841227,0.03384664741738851,0.005958291956305859,0.0003186235462800701,0.004863323830286768,0.023693605972086983,0.04723390488515044,0.0006463079657456778,0.002105263157894737,0.0,0.03224657046142883,0.004025764895330112,0.001035625517812759,0.0,0.011117392123610325,0.0017687731146486573,0.008356545961002786,0.001367053998632946,0.00048363694986296955,0.0014605647517039922,0.014420686225758329,0.0027570548167369447,0.00016103059581320451,0.001983798975037196,0.13328988104937264,0.0245153020349303,0.0016041065126724415,0.0016048788316482105,0.0003238341968911917,0.01273306048203729,0.024975829842088303,0.00922266139657444,0.01720257234726688,0.0003324468085106383,0.0,0.013214800576645843,0.010172570390554041,0.0001598721023181455,0.0009629272989889263,0.0003254149040026033,0.004307594128908743,0.0063892529488859765,0.0,0.0003261046796021523,0.0,0.001490066225165563,0.0,0.0075617543270038645,0.0,0.002723486062159564,0.0019138755980861245,0.0027247956403269754,0.0004804612427930814,0.007432818753573471,0.0018184823937840966,0.0,0.0020863424811426736,0.035577083681309504,0.0,0.0029330291673456085
d__Bacteria;p__Bacillota_A_368345;c__Clostridia_258483;o__Peptostreptococcales;f__Peptostreptococcaceae_256921;g__Peptostreptococcus,0.0,0.0,0.0,0.0,0.0006377551020408163,0.0,0.0003215434083601286,0.0,0.0,0.0,0.00016733601070950468,0.0,0.0,0.0,0.0,0.0,0.0,0.0,0.0,0.0,0.0,0.0,0.0,0.0,0.00016007683688170322,0.0,0.0,0.0,0.0,0.0,0.0,0.0,0.0,0.0,0.0,0.0,0.0,0.0,0.0,0.0,0.0,0.0,0.0,0.0,0.0,0.0,0.0,0.0,0.0,0.0,0.0,0.0,0.0,0.0003186235462800701,0.0,0.0,0.0,0.0,0.00016025641025641026,0.0,0.0,0.0,0.0,0.0,0.0,0.0,0.0,0.0,0.0,0.0,0.0,0.0,0.0,0.0,0.0,0.0,0.0,0.0,0.0,0.0,0.0,0.0,0.0,0.0,0.0,0.0026481297583581596,0.0,0.0,0.0,0.0,0.0,0.0,0.0,0.0,0.0,0.0,0.0,0.0016958733747880158,0.0,0.0008192692118630182,0.0,0.0,0.0,0.0,0.00048653908530651963,0.0,0.0,0.0,0.0,0.0006416426050689766,0.0,0.0,0.0,0.0103126007089913,0.0,0.0,0.02543218085106383,0.0,0.0002402691013935608,0.0,0.0,0.0,0.0,0.01723037651563497,0.0,0.0,0.0,0.0,0.00016556291390728477,0.0,0.0,0.010272759475735034,0.0,0.0,0.0,0.0,0.0007623403849818944,0.0,0.0,0.0,0.00016702856188408218,0.0,0.0
d__Bacteria;p__Bacillota_A_368345;c__Clostridia_258483;o__Peptostreptococcales;f__Anaerovoracaceae;__,0.0,0.0,0.0,0.0,0.0,0.0,0.0,0.0,0.0,0.0,0.0,0.0,0.0,0.0,0.0,0.00048161823727725157,0.0,0.0,0.0,0.000319744204636291,0.0003252032520325203,0.0,0.0,0.0,0.0012806146950536258,0.0006696802276912774,0.0,0.0,0.0,0.0,0.0,0.0,0.0,0.02309623430962343,0.0004898758981058132,0.0,0.000319744204636291,0.0,0.023423712497994544,0.0006404098623118795,0.0,0.00016194331983805668,0.0019461563412260785,0.0022756827048114434,0.0012282856641516056,0.0,0.00032035880185808104,0.0001638001638001638,0.0,0.0014397696368581027,0.0008005123278898495,0.0,0.0,0.0,0.003367003367003367,0.01647736362182051,0.0,0.0,0.000641025641025641,0.0009942004971002485,0.0009760858955588092,0.0,0.0,0.0,0.0,0.0,0.0007996161842315689,0.0003204101249599487,0.0,0.0001597444089456869,0.00847051302541154,0.0,0.00016329196603527107,0.0002069108214359611,0.0,0.00038102495713469235,0.0011471648639790233,0.0014370110170844642,0.0,0.0,0.0,0.000320666987333654,0.0006397952655150352,0.0003188267176789415,0.0016041065126724415,0.0008275405494869249,0.0,0.0008385041086701325,0.0004868549172346641,0.0,0.0012926159314913556,0.0022807017543859647,0.0,0.0,0.0,0.0,0.0,0.0,0.0,0.0,0.0,0.0,0.0,0.0,0.0,0.0,0.0,0.0,0.0,0.00048123195380173246,0.0,0.0,0.0,0.00048340315823396714,0.0,0.0,0.0,0.0,0.0,0.0,0.0,0.0,0.0003254149040026033,0.0,0.0,0.0,0.0,0.0,0.0,0.0007969397513547976,0.0,0.0,0.0,0.0,0.0,0.0,0.0,0.0,0.0,0.0006419515326592842,0.0,0.0,0.0
d__Bacteria;p__Bacillota_A_368345;c__Clostridia_258483;o__Peptostreptococcales;f__Anaerovoracaceae;g__Lentihominibacter,0.0,0.0,0.0,0.0,0.0,0.0,0.0,0.0,0.0016012810248198558,0.0,0.0,0.0,0.002867155144950621,0.00016028209648982208,0.0020870123615347566,0.0,0.0,0.0,0.0,0.002398081534772182,0.004878048780487805,0.0003211303789338471,0.0016,0.0,0.005762766127741316,0.0011719403984597355,0.0,0.00031959092361776926,0.018461538461538463,0.001606425702811245,0.008987321457229979,0.0014342629482071714,0.0,0.0008368200836820083,0.00767472240365774,0.0,0.006394884092725819,0.0014474107430041815,0.02743462217230868,0.002081332052513609,0.003209757663296421,0.0019433198380566803,0.015082711644502108,0.0009752925877763329,0.0014037550447446921,0.0,0.0035239468204388918,0.010647010647010647,0.0003202562049639712,0.006718924972004479,0.007845020813320525,0.0022346368715083797,0.0,0.00047793531942010514,0.000801667468334135,0.0,0.0,0.0008172605426610003,0.00016025641025641026,0.013918806959403479,0.003741662599642102,0.004855940433797346,0.004957620342235727,0.00016431153466973383,0.00016644474034620507,0.00916693470569315,0.009275547737086198,0.006247997436719,0.0,0.0012779552715654952,0.016781205050343615,0.00034983382893125764,0.0,0.0002069108214359611,0.0017658484901995409,0.0028576871785101926,0.0009832841691248771,0.004949704614402044,0.0009831230542356219,0.003036437246963563,0.0,0.07455507455507455,0.007677543186180422,0.00015941335883947074,0.00850176451716394,0.0013240648791790798,0.0,0.003018614791212477,0.0009737098344693282,0.011484956324813975,0.0009694619486185168,0.0007017543859649122,0.00033288948069241014,0.010154997327632281,0.0020933977455716585,0.0,0.0,0.0,0.00016079755587715066,0.0,0.0003417634996582365,0.0009672738997259391,0.0,0.0,0.0003243593902043464,0.0,0.011737477268970078,0.0,0.0,0.0019249278152069298,0.0,0.0,0.0,0.045278762487914924,0.00230566534914361,0.0,0.02726063829787234,0.0,0.0,0.0,0.0,0.0,0.0006508298080052066,0.0009572431397574984,0.0,0.0,0.0,0.0,0.005960264900662252,0.000318775900541919,0.0,0.0,0.0,0.0,0.0,0.00032030749519538755,0.0,0.0,0.00032409658078107277,0.00016048788316482104,0.0,0.0,0.0008147303242626691
d__Bacteria;p__Bacillota_A_368345;c__Clostridia_258483;o__Peptostreptococcales;f__Anaerovoracaceae;g__,0.0,0.0,0.0,0.0,0.0,0.0,0.0,0.0,0.0,0.0,0.0,0.0,0.0,0.0,0.0,0.0,0.0006505122784192552,0.0,0.0,0.0,0.002113821138211382,0.0,0.0,0.0,0.0,0.0,0.0,0.0,0.0,0.0,0.0,0.0,0.0,0.0011715481171548118,0.00016329196603527107,0.0,0.0,0.0,0.0,0.0,0.0,0.00016194331983805668,0.0003243593902043464,0.00016254876462938882,0.0,0.0,0.0,0.0,0.0,0.0,0.0001601024655779699,0.0,0.0,0.0,0.0,0.0,0.0,0.0,0.00016025641025641026,0.0,0.00569383439075972,0.0,0.00015992323684631377,0.0004929346040092015,0.0,0.0,0.0,0.0014418455623197693,0.0,0.0012779552715654952,0.0,0.0008745845723281442,0.00032658393207054214,0.0,0.0001765848490199541,0.00038102495713469235,0.0004916420845624386,0.0009580073447229762,0.00016385384237260363,0.0,0.0,0.0,0.0,0.0,0.0003208213025344883,0.0,0.0003186235462800701,0.0001677008217340265,0.0,0.00032351989647363315,0.0,0.0,0.0,0.0,0.0,0.0,0.0,0.0,0.0,0.0,0.0,0.0,0.0,0.0,0.0,0.0,0.0,0.0,0.0,0.0,0.0,0.0,0.0,0.0,0.0,0.0,0.0,0.0,0.0,0.0,0.0,0.0,0.0,0.0,0.0,0.0,0.0,0.0,0.0,0.0,0.0,0.0,0.0,0.0,0.0,0.0,0.0,0.0,0.0037271106789823366,0.0,0.0,0.0,0.0
d__Bacteria;p__Bacillota_A_368345;c__Clostridia_258483;o__Lachnospirales;f__Lachnospiraceae;g__Coprococcus_A_187866,0.0,0.0,0.0,0.0,0.0009566326530612245,0.0,0.0,0.0,0.0,0.0,0.0,0.0,0.0,0.0,0.0,0.00032107882485150104,0.0,0.0,0.0,0.00047961630695443646,0.001951219512195122,0.0,0.00032,0.0,0.0,0.0,0.0,0.0027165228507510385,0.010040485829959514,0.0,0.0009629272989889263,0.0,0.0,0.0,0.0004898758981058132,0.0,0.0007993605115907274,0.00048247024766806047,0.0,0.002241434518091579,0.005456588027603916,0.0,0.001621796951021732,0.0,0.0,0.0,0.0,0.0,0.0,0.0028795392737162055,0.0001601024655779699,0.0,0.0,0.0,0.0,0.0,0.0,0.0004903563255966002,0.000641025641025641,0.00033140016570008286,0.0004880429477794046,0.0,0.005597313289620982,0.0,0.0,0.0,0.005757236526467296,0.0020826658122396666,0.0,0.0,0.000319642000958926,0.0,0.0,0.0,0.0005297545470598623,0.0007620499142693847,0.0,0.0006386715631486508,0.0,0.00016869095816464237,0.000319744204636291,0.000481000481000481,0.0004798464491362764,0.0,0.0006416426050689766,0.0031446540880503146,0.0,0.000335401643468053,0.0,0.0006470397929472663,0.0003231539828728389,0.00017543859649122806,0.0,0.0003563156957063959,0.0,0.0,0.0,0.0,0.000964785335262904,0.00032770768474520726,0.0,0.0,0.0,0.0,0.0,0.0,0.00033063316250619935,0.0008147303242626691,0.0,0.0,0.0,0.0,0.0,0.0008056719303899452,0.0,0.0017684887459807075,0.0013297872340425532,0.0,0.0,0.0,0.0,0.00016048788316482104,0.0,0.0,0.0,0.0,0.0,0.0,0.0,0.0,0.0,0.0,0.0,0.0,0.0,0.0,0.0,0.0,0.0,0.0,0.0,0.0,0.002770083102493075
d__Bacteria;p__Bacillota_A_368345;c__Clostridia_258483;o__Peptostreptococcales;f__Peptostreptococcaceae_256921;g__Terrisporobacter,0.0001601281024819856,0.0,0.0010018367006177993,0.001156451346439782,0.0,0.0,0.00112540192926045,0.0,0.0009607686148919135,0.00714633750203021,0.0016733601070950468,0.003028773346794548,0.00015928639694170118,0.003526206122776086,0.0,0.03323165837213036,0.0,0.0,0.005112637801565745,0.0,0.0,0.0,0.0,0.005460093142765377,0.0019209220425804386,0.0005022601707684581,0.0,0.0,0.002591093117408907,0.0,0.0011234151821537474,0.0,0.0,0.018410041841004185,0.00016329196603527107,0.0,0.000639488409272582,0.0019298809906722419,0.0022461094176159154,0.0008005123278898495,0.03033220991815118,0.00032388663967611336,0.009406422315926047,0.0,0.0015792244253377786,0.004448838358872961,0.0,0.0004914004914004914,0.0,0.0006398976163813789,0.002561639449247518,0.0,0.0,0.0011151824119802454,0.0,0.0,0.0,0.0,0.0,0.029660314830157415,0.00032536196518626975,0.010521204273227582,0.004477850631696785,0.0,0.0,0.00048247024766806047,0.0009595394210778827,0.005446972124319128,0.0,0.0,0.011826754035480263,0.0,0.0,0.0008276432857438444,0.0010595090941197245,0.00038102495713469235,0.0,0.010218745010378413,0.00032770768474520726,0.0010121457489878543,0.0,0.001282667949334616,0.0,0.00015941335883947074,0.023740776387552134,0.0026481297583581596,0.0,0.0,0.0035702693930542034,0.005338078291814947,0.0,0.0,0.0,0.013361838588989846,0.0014492753623188406,0.0,0.0,0.003580177124552478,0.0035375462292973146,0.0039324922169424875,0.0010252904989747095,0.0008060615831049493,0.0,0.0,0.0,0.0,0.0018184823937840966,0.0,0.0017625380547989103,0.0,0.008184882041405874,0.0,0.0,0.010634869481147276,0.0,0.0019292604501607716,0.0014960106382978723,0.0,0.00888995675156175,0.0,0.0001598721023181455,0.0,0.0,0.0,0.0,0.0,0.0,0.0,0.0,0.0,0.0006721559401781214,0.0,0.0,0.0001594896331738437,0.0,0.0,0.0,0.0,0.0,0.0003209757663296421,0.0,0.0,0.0029330291673456085
d__Bacteria;p__Bacillota_A_368345;c__Clostridia_258483;o__Peptostreptococcales;f__Peptostreptococcaceae_256921;g__Intestinibacter,0.0,0.00047831632653061223,0.0021706461846718985,0.0,0.0009566326530612245,0.003042921204356182,0.002411575562700965,0.00031969309462915604,0.0032025620496397116,0.03621893779438038,0.004350736278447122,0.11206461383139828,0.002389295954125518,0.0025645135438371533,0.00016053941242575052,0.02167282067747632,0.0055293543665636685,0.0011219746754287546,0.06742291100814826,0.000319744204636291,0.005365853658536586,0.0019267822736030828,0.00304,0.005299502167978159,0.004161997758924283,0.0010045203415369162,0.00015931177314003505,0.0,0.023643724696356276,0.0,0.0038517091959557053,0.00047808764940239046,0.005954296749275828,0.048535564853556486,0.0013063357282821686,0.00016035920461834508,0.0038369304556354917,0.008523641042135734,0.004492218835231831,0.011527377521613832,0.00930829722355962,0.00048582995951417006,0.02384041518001946,0.0009752925877763329,0.0007018775223723461,0.0,0.011532916866890917,0.0013104013104013104,0.00048038430744595676,0.0028795392737162055,0.008165225744476465,0.003671189146049481,0.0,0.0007965588657001752,0.001924001924001924,0.0014397696368581027,0.0003190810465858328,0.0,0.00016025641025641026,0.05816072908036454,0.001138766878151944,0.010359339592101004,0.004957620342235727,0.00016431153466973383,0.0,0.011579285944033452,0.0030385415000799615,0.03140019224607497,0.004594683295044306,0.0001597444089456869,0.0332427680997283,0.0,0.0,0.0,0.0007063393960798164,0.0030481996570775388,0.0,0.03368992495609133,0.0011469768966082255,0.0015182186234817814,0.0001598721023181455,0.0913900913900914,0.012955854126679463,0.0015941335883947075,0.012512030798845043,0.004634227077126779,0.0,0.0001677008217340265,0.00762739370334307,0.015852474927208024,0.0006463079657456778,0.0003508771929824561,0.0,0.1029752360591484,0.0006441223832528181,0.007042253521126761,0.0,0.01978518937252685,0.0,0.0019662461084712438,0.0023923444976076554,0.0019345477994518782,0.0034079844206426485,0.0004972650422675286,0.0001621796951021732,0.00016103059581320451,0.000495949743759299,0.01841290532833632,0.007530844415958981,0.0,0.002407318247472316,0.003238341968911917,0.0006821282401091405,0.07186593619078312,0.0008234519104084321,0.004662379421221865,0.008976063829787235,0.0001599488163787588,0.0009610764055742432,0.0,0.0017585931254996002,0.012518054886856042,0.0,0.0,0.0,0.0,0.003424099135822599,0.0,0.0008278145695364238,0.000956327701625757,0.0018484288354898336,0.0,0.0006408202499198974,0.0,0.002083667254367687,0.0,0.0,0.00016531658125309968,0.0,0.0,0.0021713713044930684,0.0,0.0
d__Bacteria;p__Bacillota_A_368345;c__Clostridia_258483;o__Lachnospirales;f__Lachnospiraceae;g__Fusicatenibacter,0.0016012810248198558,0.0,0.0,0.0,0.0,0.010249839846252402,0.0,0.0,0.0014411529223378704,0.0,0.037315930388219544,0.0003365303718660609,0.0,0.00849495111396057,0.0,0.00032107882485150104,0.006830378923402179,0.0,0.014539063748202588,0.0001598721023181455,0.006829268292682927,0.013969171483622351,0.00272,0.017022643327445,0.01696814470946054,0.00016742005692281934,0.0,0.0044742729306487695,0.0019433198380566803,0.0,0.1089712726689135,0.0030278884462151393,0.0,0.0,0.0037557152188112345,0.0022450288646568314,0.00495603517186251,0.0014474107430041815,0.003850473287341569,0.026096701889209095,0.06531856844808218,0.00032388663967611336,0.004703211157963023,0.0,0.0,0.0,0.006246996636232581,0.0031122031122031123,0.0,0.009278515437529996,0.0,0.0030327214684756584,0.00016152479405588758,0.0003186235462800701,0.001282667949334616,0.0011198208286674132,0.0,0.0021248774109186006,0.000641025641025641,0.0,0.0016268098259313486,0.008416963418582066,0.01599232368463138,0.00016431153466973383,0.0004993342210386152,0.016243165004824704,0.0015992323684631377,0.007049022749118872,0.0,0.0003194888178913738,0.004474988013424964,0.0,0.0008164598301763554,0.0002069108214359611,0.0001765848490199541,0.0007620499142693847,0.0,0.004311033051253393,0.00016385384237260363,0.0008434547908232119,0.001278976818545164,0.002886002886002886,0.0012795905310300703,0.0003188267176789415,0.0009624639076034649,0.0009930486593843098,0.0,0.000335401643468053,0.0012982797792924375,0.0009705596894208993,0.0037162708030376475,0.0005263157894736842,0.0009986684420772304,0.002672367717797969,0.0008051529790660225,0.0,0.0,0.0016958733747880158,0.0,0.0,0.0011961722488038277,0.0,0.0,0.0,0.0006487187804086928,0.0,0.0008265829062654984,0.0,0.0,0.00016041065126724414,0.002888781896966779,0.0,0.0,0.0003222687721559781,0.0004940711462450593,0.0,0.015292553191489361,0.0,0.0,0.0,0.0,0.0,0.0003254149040026033,0.0014358647096362476,0.0,0.0,0.0,0.0,0.00016556291390728477,0.0,0.0,0.0,0.0004806151874399231,0.0030303030303030303,0.0,0.0,0.0,0.0,0.0004861448711716091,0.0003209757663296421,0.0,0.0,0.0017924067133778718
d__Bacteria;p__Bacillota_A_368345;c__Clostridia_258483;o__Oscillospirales;f__Acutalibacteraceae;g__CAG-177,0.0,0.0,0.0,0.0,0.0,0.0,0.0,0.0,0.0,0.0,0.0,0.0,0.0,0.00016028209648982208,0.00016053941242575052,0.0,0.0,0.0,0.0,0.0,0.0,0.0,0.0,0.0,0.0,0.0020090406830738324,0.0,0.0,0.0,0.0,0.0,0.0,0.0,0.0,0.0,0.0,0.0,0.0,0.0,0.0,0.0,0.0,0.0,0.0,0.0,0.0,0.0,0.0,0.0,0.0,0.0,0.0,0.0,0.0,0.0,0.0,0.0,0.0,0.0,0.0,0.003090938669269562,0.0,0.0,0.006408149852119619,0.0,0.0,0.0,0.0,0.0,0.0,0.0,0.02238936505160049,0.04016982364467668,0.0,0.0001765848490199541,0.031625071442179464,0.13290724352671254,0.0,0.048336883499918076,0.0,0.006554756195043965,0.000641333974667308,0.012955854126679463,0.0,0.0,0.0,0.0,0.010900553412711723,0.011846802986043492,0.0,0.0,0.0,0.00016644474034620507,0.0005344735435595938,0.0,0.0,0.0,0.0,0.0,0.0,0.01572112098427888,0.0,0.0,0.0,0.0009730781706130393,0.0,0.0,0.0,0.0,0.0,0.0,0.0,0.0,0.0029004189494038026,0.0,0.0,0.0,0.0,0.0,0.0,0.0,0.0,0.00683371298405467,0.0,0.0,0.0,0.0,0.0,0.0,0.0,0.0,0.0,0.0,0.0,0.0,0.0,0.0,0.0,0.0,0.0,0.0,0.0,0.0
d__Bacteria;p__Bacillota_A_368345;c__Clostridia_258483;o__Lachnospirales;f__Lachnospiraceae;g__Enterocloster,0.15244195356285029,0.0,0.0006678911337451996,0.003799768709730712,0.0,0.00032030749519538755,0.0045016077170418,0.00015984654731457802,0.0011208967173738991,0.0,0.018406961178045515,0.0,0.002548582351067219,0.0008014104824491104,0.0025686305988120084,0.0,0.0021141649048625794,0.0006411283859592883,0.0004793097938967886,0.000319744204636291,0.003089430894308943,0.006262042389210019,0.0,0.004335956319254858,0.0,0.0005022601707684581,0.0,0.001278363694471077,0.00032388663967611336,0.0,0.0017653667148130317,0.0,0.0,0.003514644351464435,0.0,0.0,0.0,0.0,0.0008021819348628269,0.0,0.0,0.0,0.0,0.005039011703511054,0.0,0.0011534025374855825,0.0,0.0,0.0,0.0,0.0,0.0,0.0,0.0011151824119802454,0.001763668430335097,0.0011198208286674132,0.0,0.003922850604772802,0.0008012820512820513,0.0,0.004880429477794046,0.0032372936225315637,0.0,0.00032862306933946765,0.0,0.0032164683177870698,0.0,0.00016020506247997436,0.002133245815556285,0.0001597444089456869,0.000639284001917852,0.0,0.0,0.0002069108214359611,0.0,0.00038102495713469235,0.0,0.0007983394539358135,0.00016385384237260363,0.0005060728744939271,0.0,0.0,0.0,0.00015941335883947074,0.001122874558870709,0.02995696789142668,0.0,0.0,0.0,0.002588159171789065,0.0,0.004561403508771929,0.0006657789613848203,0.0,0.0,0.04453189726594863,0.0,0.0015074429998115696,0.0,0.004096346059315091,0.0005126452494873548,0.003063034015798807,0.0001622849724115547,0.0,0.0006487187804086928,0.00016103059581320451,0.0,0.0,0.0012818458580355712,0.0,0.0,0.01133419689119171,0.08594815825375171,0.0,0.0013175230566534915,0.0022508038585209,0.012632978723404254,0.0,0.0,0.012897366030881017,0.0068745003996802554,0.0,0.0,0.005105296745373325,0.00655307994757536,0.0,0.01353334420348932,0.0,0.041721854304635764,0.0004781638508128785,0.0016803898504453034,0.0,0.0004806151874399231,0.0009569377990430622,0.005770155473633595,0.0,0.0,0.00016531658125309968,0.0024307243558580457,0.025678061306371368,0.0021713713044930684,0.001752988047808765,0.0
d__Bacteria;p__Bacillota_C;c__Negativicutes;o__Veillonellales;f__Dialisteraceae;g__Dialister_37762,0.0003202562049639712,0.0,0.0,0.0,0.0,0.0019218449711723255,0.0,0.0,0.0011208967173738991,0.00032483352281955497,0.0,0.0,0.0,0.00032056419297964416,0.0012843152994060042,0.0,0.0,0.0,0.0,0.0057553956834532375,0.001951219512195122,0.0,0.0,0.0,0.00016007683688170322,0.0,0.0003186235462800701,0.00015979546180888463,0.0,0.001606425702811245,0.0014443909484833895,0.0,0.0,0.003179916317991632,0.0027759634225996083,0.0006414368184733803,0.000319744204636291,0.010292698616918623,0.0027274185785336113,0.0,0.0,0.0011336032388663967,0.0,0.0011378413524057217,0.013686611686260747,0.010051079255231504,0.0,0.0,0.0,0.0,0.0,0.0,0.0,0.00047793531942010514,0.001282667949334616,0.0033594624860022394,0.0012763241863433313,0.0,0.0,0.0,0.0014641288433382138,0.0003237293622531564,0.0,0.0,0.005326231691078562,0.0,0.0,0.012175584748478052,0.017394158188382015,0.006869009584664537,0.002397315007191945,0.0,0.0006531678641410843,0.0,0.005827300017658485,0.0009525623928367308,0.0,0.0,0.00032770768474520726,0.0,0.000319744204636291,0.001282667949334616,0.041106845809341014,0.001912960306073649,0.0,0.0016550810989738498,0.0023896765971005256,0.0,0.0009737098344693282,0.00032351989647363315,0.0,0.02280701754385965,0.0016644474034620505,0.0,0.0051529790660225444,0.0,0.0,0.0005652911249293386,0.0,0.0044240537440602985,0.0,0.00032242463324197966,0.0,0.0,0.0,0.0,0.0,0.0,0.0,0.0017645171639396856,0.0030492697801316002,0.0,0.009777171441564347,0.0,0.0013175230566534915,0.0,0.0,0.0,0.0,0.0,0.0,0.004333172845450169,0.020013016596160105,0.012763241863433313,0.0,0.0,0.013207239523887167,0.0,0.015231788079470199,0.15795345871852087,0.03461603091917325,0.0,0.002723486062159564,0.0001594896331738437,0.0032056419297964416,0.0,0.0,0.000495949743759299,0.005995786744449846,0.03450489488043653,0.0,0.0,0.0006517842594101353
d__Bacteria;p__Bacillota_A_368345;c__Clostridia_258483;o__Lachnospirales;f__Lachnospiraceae;g__Agathobacter_164117,0.36429143314651724,0.0,0.0,0.0,0.0009566326530612245,0.005285073670723895,0.0,0.0,0.0008006405124099279,0.0006496670456391099,0.0,0.0028605081608615176,0.0,0.0,0.0,0.0,0.09546267685802569,0.001923385157877865,0.006710337114555041,0.003037569944044764,0.006178861788617886,0.021836865767501604,0.01168,0.0003211819495744339,0.0,0.15084547128746023,0.0,0.0,0.015870445344129555,0.0,0.0182956186807896,0.0,0.0,0.0,0.15300457217504898,0.0012828736369467607,0.0019184652278177458,0.0001608234158893535,0.001764800256698219,0.0046429715017611275,0.005617075910768737,0.01603238866396761,0.003892312682452157,0.0039011703511053317,0.0014037550447446921,0.007249958807052232,0.0929040525388435,0.0027846027846027844,0.0009607686148919135,0.04607262837945929,0.005603586295228946,0.007980845969672785,0.0006460991762235503,0.00047793531942010514,0.08321308321308321,0.020316749320108782,0.039406509253350354,0.029911735861392612,0.021153846153846155,0.00033140016570008286,0.016105417276720352,0.01165425704111363,0.004957620342235727,0.0013144922773578706,0.0034953395472703064,0.0016082341588935349,0.01567247721093875,0.02611342518423582,0.0,0.06134185303514377,0.004634809013904427,0.0,0.005551926845199217,0.0,0.0010595090941197245,0.0032387121356448846,0.00032776138970829236,0.002714354143381766,0.004587907586432902,0.001349527665317139,0.0011191047162270183,0.000641333974667308,0.007197696737044146,0.008927148095010362,0.0025665704202759063,0.005461767626613704,0.009399394615262067,0.002012409860808318,0.04235637779941578,0.034940148819152375,0.028437550492809823,0.0035087719298245615,0.0008322237017310253,0.004810261892036344,0.0014492753623188406,0.00041425020712510354,0.0,0.0003768607499528924,0.0011255828911400547,0.012452892020317876,0.00290498974709501,0.0,0.0,0.0,0.003243593902043464,0.0,0.08050917507025955,0.0022812449079354733,0.0,0.001122874558870709,0.017493179264965495,0.0,0.0,0.00048340315823396714,0.0004940711462450593,0.049196141479099675,0.012134308510638297,0.0,0.005045651129264777,0.0,0.0,0.0,0.0,0.01770899808551372,0.0,0.0003214400514304082,0.01565302462090331,0.0,0.018211920529801324,0.0,0.0,0.0,0.00016020506247997436,0.05135566188197767,0.0040070524122455525,0.0,0.0,0.004463547693833692,0.0,0.030653185684480822,0.0,0.01099601593625498,0.019553527782304056
d__Bacteria;p__Bacillota_A_368345;c__Clostridia_258483;o__Lachnospirales;f__Lachnospiraceae;g__Roseburia_A_166204,0.0,0.0,0.0,0.0,0.0,0.00016015374759769378,0.0006430868167202572,0.0,0.0009607686148919135,0.0,0.3102409638554217,0.0,0.0,0.05337393813111076,0.008187510033713277,0.004013485310643763,0.011221336802732152,0.0,0.0,0.0022382094324540367,0.015121951219512195,0.0024084778420038534,0.0,0.0,0.0012806146950536258,0.007199062447681232,0.00015931177314003505,0.0,0.003076923076923077,0.0,0.0019258545979778526,0.005258964143426295,0.0,0.005355648535564854,0.010287393860222076,0.0,0.00047961630695443646,0.000643293663557414,0.00016043638697256537,0.0,0.0,0.0009716599190283401,0.0009730781706130393,0.00016254876462938882,0.0,0.020102158510463007,0.002723049815793689,0.0018018018018018018,0.0003202562049639712,0.00015997440409534473,0.0003202049311559398,0.0020750199521149242,0.001130673558391213,0.0009558706388402103,0.001763668430335097,0.0,0.0,0.012585812356979404,0.01233974358974359,0.0004971002485501243,0.002440214738897023,0.00356102298478472,0.007036622421237806,0.0,0.0004993342210386152,0.00916693470569315,0.0022389253158483927,0.00881127843639859,0.00016409583196586806,0.0610223642172524,0.010388365031165095,0.00034983382893125764,0.0,0.0,0.0,0.05391503143455896,0.0,0.0,0.00720956906439456,0.0,0.0,0.0,0.02783109404990403,0.00047824007651841227,0.0,0.0029791459781529296,0.0,0.0,0.002109704641350211,0.0024263992235522484,0.0006463079657456778,0.002631578947368421,0.0018308921438082556,0.004810261892036344,0.0022544283413848632,0.024855012427506214,0.0,0.0045223289994347085,0.003055153561665863,0.008192692118630182,0.0,0.025471546026116395,0.0001622849724115547,0.0006630200563567048,0.0011352578657152124,0.0,0.0,0.0008147303242626691,0.0,0.0,0.0003209757663296421,0.0,0.0,0.0012890750886239124,0.006258234519104084,0.003054662379421222,0.0,0.0,0.0007208073041806823,0.017075386012715712,0.008313349320543565,0.0019258545979778526,0.0,0.0,0.000982961992136304,0.0,0.0008152616990053808,0.0,0.10397350993377484,0.0,0.03427995294908419,0.0,0.00512656199935918,0.0009569377990430622,0.0,0.0004804612427930814,0.0001905850962454736,0.0,0.0011343380327337547,0.009789760873054084,0.008518456656088191,0.0,0.004236597686165879
d__Bacteria;p__Bacillota_A_368345;c__Clostridia_258483;o__Christensenellales;f__Aristaeellaceae;g__Onthenecus,0.0,0.0,0.0,0.0,0.0,0.0,0.0,0.0,0.009127301841473178,0.0,0.0,0.0,0.0,0.0,0.0,0.0,0.0,0.0,0.0,0.0,0.0004878048780487805,0.002569043031470777,0.00272,0.0,0.0,0.0003348401138456387,0.0,0.0,0.0,0.0,0.00048146364949446316,0.0,0.0,0.0,0.0070215545395166555,0.0,0.0,0.0,0.0,0.0008005123278898495,0.005135612261274273,0.0,0.019623743107362958,0.00048764629388816646,0.0008773469029654326,0.0,0.0008008970046452026,0.0019656019656019656,0.0001601281024819856,0.00031994880819068947,0.0003202049311559398,0.013886671987230646,0.00032304958811177516,0.0,0.0,0.0,0.0,0.0004903563255966002,0.0008012820512820513,0.0,0.002440214738897023,0.005017805114923924,0.005757236526467296,0.0,0.002829560585885486,0.0,0.0023988485526947067,0.00512656199935918,0.0,0.001437699680511182,0.001917852005753556,0.00034983382893125764,0.00016329196603527107,0.0008276432857438444,0.0005297545470598623,0.002286149742808154,0.0004916420845624386,0.0,0.0,0.0,0.0,0.00160333493666827,0.0,0.00015941335883947074,0.0003208213025344883,0.0009930486593843098,0.00015931177314003505,0.0005031024652020795,0.003083414475819539,0.0012940795858945326,0.0006463079657456778,0.0014035087719298245,0.00016644474034620507,0.014965259219668627,0.0025764895330112722,0.0,0.0,0.0,0.009969448464383341,0.0,0.0,0.0,0.0,0.0,0.0,0.0,0.0006612663250123987,0.0,0.0,0.0006416426050689766,0.006419515326592842,0.0,0.0,0.014340960360941025,0.0,0.0,0.0,0.0,0.0,0.0,0.0,0.0,0.0006508298080052066,0.007817485641352904,0.0,0.0,0.0,0.0,0.0,0.0,0.0,0.0,0.0,0.0,0.0,0.00016015374759769378,0.0,0.0,0.0,0.0,0.0,0.0,0.016294606485253382
d__Bacteria;p__Actinomycetota;c__Actinomycetes;o__Mycobacteriales;f__Mycobacteriaceae;g__Lawsonella,0.0,0.0,0.0,0.0,0.0,0.0,0.0,0.0,0.0,0.00032483352281955497,0.0,0.0028605081608615176,0.0,0.0,0.00048161823727725157,0.0,0.0004878842088144414,0.0008014104824491104,0.0,0.0,0.0016260162601626016,0.0,0.0,0.0,0.0,0.0,0.0,0.0,0.0,0.0,0.0,0.0,0.0,0.0,0.0,0.0,0.0,0.0,0.0,0.0,0.0006419515326592842,0.0,0.0,0.0,0.0,0.0004943153732081067,0.00032035880185808104,0.0,0.0,0.0,0.0,0.0,0.0,0.0,0.0,0.0,0.0,0.0,0.0,0.0,0.0,0.0,0.0,0.0,0.0,0.0,0.0,0.00016020506247997436,0.002133245815556285,0.0,0.0,0.0,0.0,0.0,0.0,0.0,0.0,0.0,0.0,0.0,0.0,0.0,0.0,0.0,0.0,0.0,0.0,0.0,0.0,0.0,0.0,0.0,0.0,0.0,0.00016103059581320451,0.0,0.0,0.0,0.0,0.0,0.0,0.0,0.0,0.0,0.0,0.0,0.0,0.0,0.0,0.0,0.0,0.0,0.0,0.0,0.0,0.0,0.0234375,0.0,0.0,0.0012715712988192551,0.0,0.0,0.0,0.0,0.0,0.0,0.0,0.0,0.00033112582781456954,0.0,0.0,0.0,0.0,0.0,0.0,0.0,0.0020964360587002098,0.0,0.0,0.0008024394158241052,0.0,0.0,0.00016294606485253382
d__Bacteria;p__Bacillota_A_368345;c__Clostridia_258483;o__Lachnospirales;f__Lachnospiraceae;g__Otoolea_134252,0.0,0.0,0.0,0.0,0.0,0.0,0.0003215434083601286,0.0,0.00048038430744595676,0.0,0.00016733601070950468,0.0,0.0,0.0,0.0,0.0,0.0,0.0,0.0,0.0,0.0,0.0009633911368015414,0.0,0.0,0.0,0.0,0.0,0.0006391818472355385,0.0,0.0,0.0,0.0,0.0,0.0018410041841004183,0.0,0.0,0.0,0.0,0.00016043638697256537,0.0,0.0,0.0,0.0,0.00016254876462938882,0.0,0.0,0.0,0.0,0.0,0.0,0.0,0.0,0.0,0.0003186235462800701,0.0,0.0,0.0,0.0,0.0,0.0,0.0,0.0,0.0,0.00016431153466973383,0.0,0.0,0.0,0.0,0.0,0.0,0.000319642000958926,0.0,0.0,0.0,0.0,0.0,0.0,0.0,0.0,0.0,0.000319744204636291,0.0,0.0,0.0,0.0,0.0,0.0,0.0015093073956062384,0.0,0.0,0.0,0.0,0.0006657789613848203,0.0,0.0,0.007042253521126761,0.0,0.0003768607499528924,0.0,0.0008192692118630182,0.0,0.0006448492664839593,0.0,0.0,0.0,0.0,0.0,0.0,0.0004806921967633392,0.0,0.0,0.00016191709844559586,0.004320145520691224,0.0,0.0,0.0,0.0,0.0,0.0,0.0007266121707538601,0.0001598721023181455,0.0,0.0,0.0,0.0,0.0,0.0017935757378118376,0.0,0.0018211920529801326,0.0,0.0067215594017812135,0.00017711654268508679,0.00016020506247997436,0.0,0.0,0.0006406149903907751,0.0,0.0,0.00032409658078107277,0.0003209757663296421,0.0008351428094204109,0.0,0.0
d__Bacteria;p__Bacillota_A_368345;c__Clostridia_258483;o__Oscillospirales;f__Acutalibacteraceae;g__CAG-217,0.0,0.0,0.0,0.0,0.0,0.0,0.0,0.0,0.0,0.0,0.0,0.0,0.0,0.005449591280653951,0.0,0.007384812971584524,0.005854610505773296,0.0,0.0,0.0,0.0,0.0,0.044,0.0,0.0,0.0371672526368659,0.0,0.0,0.0,0.0,0.0,0.0,0.0,0.0,0.0,0.0,0.0,0.0,0.0,0.0,0.014604397367998716,0.0,0.037301329873499836,0.006176853055916775,0.0,0.0,0.0,0.0,0.0,0.0,0.0006404098623118795,0.01675977653631285,0.0,0.0,0.0,0.0,0.0,0.0,0.0,0.006793703396851698,0.09093866926956239,0.004855940433797346,0.0,0.0,0.0,0.0,0.0,0.0,0.0,0.0,0.0,0.0,0.0,0.005379681357334989,0.0,0.09220803962659554,0.0,0.0,0.0,0.07844129554655871,0.0,0.0,0.0,0.0,0.00016041065126724414,0.0,0.008762147522701928,0.0,0.0019474196689386564,0.0,0.0,0.0,0.0,0.0,0.0,0.0,0.0,0.0,0.0,0.0,0.0,0.01160728679671127,0.0,0.0,0.0,0.0,0.20284344519755332,0.0,0.0,0.0,0.03241855239929385,0.0,0.0,0.0,0.0,0.0,0.0,0.0,0.0,0.0,0.0,0.0,0.0,0.0,0.0,0.0,0.0,0.0,0.0,0.0,0.0,0.0,0.0,0.0,0.0,0.0,0.0,0.0,0.0,0.0,0.0,0.0,0.0
d__Bacteria;p__Pseudomonadota;c__Gammaproteobacteria;o__Enterobacterales_737866;f__Enterobacteriaceae_A_725029;__,0.0,0.0,0.0001669727834362999,0.0,0.0,0.0,0.0004823151125401929,0.00015984654731457802,0.0,0.0011369173298684423,0.0006693440428380187,0.0008413259296651522,0.0,0.0,0.0,0.00032107882485150104,0.0,0.0,0.0,0.0,0.0,0.0,0.0,0.0,0.0,0.0,0.0,0.0,0.0,0.0,0.0,0.0,0.0,0.0,0.0,0.0,0.0,0.000321646831778707,0.0,0.0,0.0,0.0,0.0,0.0,0.0,0.0,0.00016017940092904052,0.0,0.0,0.0,0.0,0.0,0.0,0.0,0.0,0.0,0.0,0.0,0.0,0.0,0.0,0.0,0.0,0.0,0.0,0.0,0.0,0.0004806151874399231,0.1887102067607483,0.0,0.00639284001917852,0.0,0.0,0.0,0.0,0.0,0.0,0.0,0.0,0.0,0.0,0.0,0.0,0.0,0.0025665704202759063,0.0,0.0,0.0,0.0,0.0,0.0,0.0,0.0,0.0,0.0,0.0,0.0,0.0,0.0,0.0,0.0,0.0,0.0,0.0,0.0,0.0,0.0,0.0,0.0,0.0,0.0,0.0,0.004547521600727604,0.0,0.0,0.0,0.0,0.0,0.0,0.004178019981834696,0.0,0.0,0.0,0.0,0.0,0.0,0.0,0.0,0.0,0.0,0.0,0.0,0.0,0.0,0.0,0.0,0.0005717552887364208,0.0,0.0,0.0,0.0,0.0,0.0
d__Bacteria;p__Bacillota_A_368345;c__Clostridia_258483;o__Lachnospirales;f__Lachnospiraceae;g__Schaedlerella,0.0016012810248198558,0.0,0.0,0.0,0.006536989795918368,0.0011210762331838565,0.0,0.0,0.0,0.0,0.0,0.0,0.0,0.00016028209648982208,0.0008026970621287526,0.003692406485792262,0.0,0.0014425388684083987,0.0014379293816903658,0.0,0.0,0.0,0.00224,0.0,0.0,0.0,0.0,0.0007989773090444232,0.0,0.0,0.0,0.00047808764940239046,0.0,0.0,0.0,0.0011225144323284157,0.0,0.0,0.00016043638697256537,0.0,0.0,0.0,0.0017839766461239053,0.0,0.0,0.0,0.0025628704148646484,0.0,0.0,0.00015997440409534473,0.0,0.0,0.0,0.0,0.000481000481000481,0.0,0.0,0.0,0.0,0.0,0.0,0.0,0.0,0.0,0.0,0.0,0.0,0.0,0.0,0.0,0.0,0.0,0.0,0.0,0.0,0.00038102495713469235,0.0,0.0,0.00016385384237260363,0.0,0.0,0.0,0.0,0.0,0.00016041065126724414,0.0,0.0,0.0,0.0,0.0,0.0,0.0,0.0,0.0,0.0,0.0,0.0,0.0003768607499528924,0.0,0.0,0.0,0.00032242463324197966,0.0,0.0,0.0,0.0,0.0,0.0,0.006569460022432303,0.0,0.0,0.0,0.0,0.0,0.0013175230566534915,0.0,0.0,0.0,0.0,0.0,0.0,0.0,0.0,0.0,0.0,0.0,0.0,0.0,0.00033112582781456954,0.0,0.0,0.0,0.0008010253123998718,0.0003189792663476874,0.0,0.0,0.0,0.0,0.0,0.0019258545979778526,0.07883748120928678,0.0,0.0
d__Bacteria;p__Actinomycetota;c__Actinomycetes;o__Actinomycetales;f__Actinomycetaceae;g__Actinomyces,0.00048038430744595676,0.0,0.0,0.0,0.00015943877551020407,0.0,0.0,0.0,0.0,0.00016241676140977748,0.0,0.0,0.0,0.0,0.0,0.0,0.0,0.0,0.0,0.0,0.0,0.0,0.0,0.0,0.0,0.0,0.0,0.0,0.00016194331983805668,0.0,0.0,0.0,0.0,0.0,0.0,0.0,0.000319744204636291,0.0,0.0,0.0,0.0,0.0,0.0,0.0,0.0,0.0,0.0,0.0,0.0,0.00047992321228603423,0.0,0.0,0.0,0.0,0.0,0.0,0.0,0.00016345210853220007,0.0,0.0004971002485501243,0.0,0.0001618646811265782,0.0,0.0,0.0,0.0,0.0,0.0,0.0,0.0,0.0,0.0,0.0,0.0,0.0,0.0,0.0,0.0,0.0,0.0,0.0,0.0,0.0,0.0,0.0,0.00016550810989738498,0.0,0.0,0.0,0.0,0.00016157699143641945,0.0,0.0,0.0,0.0,0.0,0.0,0.0,0.0,0.0,0.0,0.0,0.0,0.0,0.0,0.0,0.0,0.0,0.0,0.0,0.0,0.0,0.0,0.0003222687721559781,0.0,0.0,0.0,0.0,0.0,0.0,0.0,0.0,0.0,0.0,0.000982961992136304,0.0,0.0,0.0,0.0,0.0,0.0,0.0,0.0,0.0,0.0,0.0,0.000952925481227368,0.0,0.0,0.0003209757663296421,0.0,0.0,0.0
d__Bacteria;p__Actinomycetota;c__Actinomycetes;o__Mycobacteriales;f__Mycobacteriaceae;g__Corynebacterium,0.0,0.0,0.0001669727834362999,0.0,0.00015943877551020407,0.0,0.0,0.0,0.0,0.0019490011369173298,0.0,0.00016826518593303046,0.0,0.00048084628946946624,0.0,0.0,0.0,0.0,0.00015976993129892953,0.0,0.0,0.0,0.00048,0.0,0.0,0.0,0.0,0.0,0.005668016194331984,0.0019277108433734939,0.0011234151821537474,0.0,0.000643707756678468,0.0005020920502092051,0.0,0.0,0.0,0.000321646831778707,0.0,0.0,0.0030492697801316002,0.0,0.0,0.00016254876462938882,0.0005264081417792595,0.0,0.0012814352074323242,0.0,0.0,0.00047992321228603423,0.0,0.0,0.0,0.0,0.0,0.0,0.0,0.0,0.0,0.0,0.0,0.0021042408546455165,0.00047976971053894133,0.0,0.0,0.0,0.0007996161842315689,0.0003204101249599487,0.0,0.0,0.0,0.0,0.0,0.0,0.0,0.0,0.0,0.0,0.0,0.0,0.0,0.0,0.0,0.0,0.0,0.0004965243296921549,0.0,0.0,0.0012982797792924375,0.0,0.0,0.00017543859649122806,0.0,0.0,0.0,0.0,0.0,0.0,0.0,0.0,0.0,0.0,0.0,0.0,0.0,0.0,0.0,0.0,0.0,0.0,0.0,0.0003238341968911917,0.0,0.0,0.0,0.0,0.0,0.0,0.0,0.0,0.0,0.0,0.0,0.0,0.0,0.0,0.0,0.0,0.0,0.0,0.0,0.0,0.0,0.0,0.0,0.0,0.0,0.0,0.0,0.00016048788316482104,0.0,0.0,0.0
d__Bacteria;p__Bacillota_A_368345;c__Clostridia_258483;o__;f__;g__,0.0,0.0,0.0,0.0,0.0,0.0,0.0,0.0,0.0,0.0,0.0,0.0,0.0,0.0,0.0,0.0,0.0,0.0,0.0,0.0,0.0,0.0,0.0,0.0,0.0,0.0016742005692281935,0.0,0.0,0.0,0.0,0.0,0.0,0.0,0.0,0.0,0.0,0.0,0.0,0.0,0.0,0.0,0.00032388663967611336,0.0,0.0027633289986996098,0.00035093876118617303,0.0,0.0,0.0,0.0,0.00015997440409534473,0.0024015369836695487,0.0,0.00016152479405588758,0.0,0.0,0.00015997440409534473,0.0,0.0,0.00016025641025641026,0.0,0.0,0.0,0.0,0.00032862306933946765,0.0,0.0,0.00015992323684631377,0.0,0.0,0.0,0.0,0.0015742522301906594,0.0009797517962116264,0.0,0.0,0.002286149742808154,0.00016388069485414618,0.0,0.0014746845813534328,0.0,0.000319744204636291,0.0,0.0,0.00047824007651841227,0.0,0.0,0.0,0.0,0.0,0.006793917825946296,0.0008078849571820973,0.0,0.0,0.0,0.0,0.0,0.0,0.0,0.0,0.0,0.00017088174982911826,0.0,0.0,0.0,0.0003243593902043464,0.0,0.0,0.0,0.0,0.0,0.0,0.0,0.0,0.0,0.0,0.0,0.0,0.0,0.0,0.0,0.0,0.0,0.00016270745200130165,0.0,0.0,0.0,0.0,0.0,0.0,0.0,0.0,0.0,0.0,0.0,0.0,0.0,0.0,0.0,0.0,0.0,0.0,0.0,0.0
d__Bacteria;p__Bacillota_A_368345;c__Clostridia_258483;o__Lachnospirales;f__Anaerotignaceae;g__Anaerotignum_189125,0.0,0.0,0.0,0.0,0.0,0.0,0.0,0.0,0.0003202562049639712,0.0,0.0,0.0,0.0,0.0,0.0,0.0,0.0,0.0,0.0,0.0,0.0,0.0,0.0,0.0,0.0,0.0,0.0,0.0,0.0,0.0,0.0,0.0,0.0,0.0,0.0,0.0,0.0,0.0,0.0,0.0,0.0,0.0,0.0,0.0,0.0,0.0,0.0,0.0,0.0,0.0,0.0,0.0,0.00016152479405588758,0.0,0.000481000481000481,0.0,0.0,0.005230467473030402,0.000641025641025641,0.0,0.0004880429477794046,0.0,0.00031984647369262754,0.0,0.0,0.0,0.0,0.0,0.0,0.0003194888178913738,0.0,0.0,0.0,0.0,0.0,0.00038102495713469235,0.0,0.0,0.0,0.0,0.0,0.0,0.0,0.0,0.0,0.0,0.00015931177314003505,0.0005031024652020795,0.0,0.0,0.0,0.0017543859649122807,0.0,0.0,0.0,0.0,0.0,0.0,0.0008039877793857533,0.020973291823693264,0.0,0.004836369498629695,0.0,0.0,0.0,0.0,0.0,0.0,0.0,0.0,0.0014443909484833895,0.0,0.0,0.0,0.0,0.0,0.0,0.0,0.0,0.0,0.0,0.0,0.0,0.0003190810465858328,0.0,0.0,0.0,0.0,0.0,0.0,0.0,0.0,0.0,0.0,0.0,0.0,0.0,0.0028103818813026947,0.006319883325230919,0.0,0.0,0.0,0.0
d__Bacteria;p__Bacillota_A_368345;c__Clostridia_258483;o__Lachnospirales;f__Anaerotignaceae;g__,0.0,0.0,0.0,0.0,0.0,0.00016015374759769378,0.0,0.0,0.0,0.0,0.0,0.0,0.0,0.0,0.00016053941242575052,0.0,0.024231582371117256,0.0,0.0,0.0001598721023181455,0.0013008130081300813,0.0,0.0,0.0,0.0,0.0006696802276912774,0.0,0.0,0.0,0.0,0.0,0.0,0.000160926939169617,0.007866108786610879,0.0016329196603527107,0.0,0.0,0.0,0.002566982191561046,0.0,0.0,0.0,0.0,0.00016254876462938882,0.00017546938059308652,0.00032954358213873783,0.0,0.0,0.0,0.0,0.0,0.0,0.00016152479405588758,0.0009558706388402103,0.0,0.0,0.0001595405232929164,0.0004903563255966002,0.0008012820512820513,0.0,0.0,0.0,0.0,0.0,0.0,0.0,0.0,0.0,0.0,0.0,0.0,0.00017491691446562882,0.0,0.0,0.0,0.0,0.0,0.0,0.0,0.0,0.000319744204636291,0.0,0.0,0.0,0.0,0.00033101621979476995,0.0,0.000670803286936106,0.0,0.0014558395341313492,0.0003231539828728389,0.00017543859649122806,0.0,0.0,0.0,0.0,0.0,0.0,0.0016079755587715067,0.0,0.0003417634996582365,0.0,0.0,0.0,0.0001621796951021732,0.0,0.0,0.00032589212970506764,0.0,0.0,0.0,0.0,0.0,0.0,0.0,0.0,0.0,0.0,0.0,0.0,0.0,0.0,0.0,0.0,0.0,0.0,0.0,0.0,0.0,0.0007969397513547976,0.0,0.0,0.0,0.0,0.0,0.0016015374759769379,0.0,0.0,0.002916869227029655,0.0006419515326592842,0.0,0.004302788844621514,0.00032589212970506764
d__Bacteria;p__Bacillota_A_368345;c__Clostridia_258483;o__Oscillospirales;f__Acutalibacteraceae;g__Fimenecus,0.0,0.0,0.0,0.0,0.0,0.0,0.0,0.0,0.009287429943955164,0.0,0.0,0.0,0.0,0.0012822567719185766,0.0,0.0,0.0,0.0,0.0,0.021902478017585932,0.00943089430894309,0.0016056518946692357,0.0,0.0,0.0,0.06931190356604722,0.0,0.03563438798338127,0.0,0.0,0.009468785106724442,0.0,0.0,0.0018410041841004183,0.05094709340300457,0.0,0.0,0.0,0.0,0.05091258405379443,0.0,0.2463157894736842,0.0,0.0,0.09387611861730127,0.0,0.0,0.0,0.0,0.0,0.0,0.0,0.0,0.005575912059901227,0.015873015873015872,0.0,0.009412890874282067,0.0,0.003044871794871795,0.0,0.0,0.0,0.0,0.0,0.0,0.0,0.020630097553174475,0.0009612303748798462,0.0,0.0,0.26929838580789517,0.0,0.0,0.0,0.0001765848490199541,0.0,0.0,0.0,0.00032770768474520726,0.00016869095816464237,0.0,0.0,0.0,0.0023912003825920613,0.0,0.003475670307845084,0.0,0.0,0.0,0.0,0.10599450638229116,0.1280701754385965,0.008155792276964047,0.01549973276322822,0.00016103059581320451,0.0,0.0004178854993731718,0.0,0.0,0.0,0.0,0.0,0.0,0.0,0.0,0.0,0.0,0.0,0.0,0.0,0.0,0.0,0.0,0.01691911053818885,0.0,0.0,0.0,0.0,0.0,0.0,0.0,0.0,0.0,0.0,0.0,0.0,0.0,0.0,0.0,0.0,0.0,0.0,0.0,0.0,0.0,0.0,0.0,0.00033063316250619935,0.021876519202722412,0.0,0.0,0.0,0.0
d__Bacteria;p__Bacillota_A_368345;c__Clostridia_258483;o__Peptostreptococcales;f__Anaerovoracaceae;g__Hominibacterium,0.0,0.0,0.0,0.0,0.0,0.0,0.0,0.0,0.004323458767013611,0.0,0.0,0.0,0.0,0.0,0.0,0.00016053941242575052,0.0,0.00016028209648982208,0.0,0.00047961630695443646,0.0,0.0,0.00112,0.0,0.0025612293901072516,0.0,0.0,0.0,0.0,0.0001606425702811245,0.0,0.00015936254980079682,0.0,0.0,0.0006531678641410843,0.0,0.000319744204636291,0.000643293663557414,0.0008021819348628269,0.0001601024655779699,0.0,0.0,0.0006487187804086928,0.0,0.0,0.0,0.0006407176037161621,0.0006552006552006552,0.0,0.0007998720204767237,0.0046429715017611275,0.0009577015163607343,0.0,0.0003186235462800701,0.0,0.0,0.0,0.0,0.00016025641025641026,0.0,0.0008134049129656743,0.0,0.0,0.0,0.0,0.0,0.0009595394210778827,0.00016020506247997436,0.0014768624876928126,0.0001597444089456869,0.0,0.0,0.0,0.0,0.0,0.0,0.0,0.0009580073447229762,0.0004915615271178109,0.0,0.0,0.000801667468334135,0.0003198976327575176,0.0,0.0,0.0,0.0,0.0,0.0,0.0008087997411840828,0.0,0.0,0.0,0.0003563156957063959,0.0,0.0,0.0,0.0,0.0,0.0,0.0,0.0,0.0,0.0,0.0,0.0,0.0,0.0,0.0,0.00016041065126724414,0.0,0.0,0.0,0.013696422816629068,0.0,0.0,0.0,0.0,0.0,0.0,0.0,0.0,0.0,0.0,0.0,0.0,0.0,0.0,0.0,0.0,0.005377247521424971,0.0,0.0,0.0,0.0,0.0,0.0,0.0,0.0,0.0,0.0,0.0,0.0
d__Bacteria;p__Bacillota_A_368345;c__Clostridia_258483;o__Lachnospirales;f__Lachnospiraceae;g__Acetatifactor,0.0,0.0,0.0,0.0,0.0,0.00032030749519538755,0.0,0.0,0.0,0.0,0.0,0.0,0.0,0.012822567719185766,0.0,0.0,0.04797528053342007,0.0,0.0,0.000639488409272582,0.001951219512195122,0.0,0.0,0.0,0.0,0.003850661309224845,0.0,0.0,0.0,0.0,0.0,0.00015936254980079682,0.0,0.0023430962343096236,0.004082299150881777,0.0,0.0,0.0,0.0009626183218353923,0.0004803073967339097,0.0,0.0,0.0,0.00016254876462938882,0.0,0.0,0.0,0.0,0.0003202562049639712,0.0,0.0,0.0,0.004845743821676627,0.00015931177314003505,0.0,0.0009598464245720685,0.0001595405232929164,0.0008172605426610003,0.0009615384615384616,0.0006628003314001657,0.00032536196518626975,0.0016186468112657818,0.0,0.0,0.0006657789613848203,0.0,0.0,0.0,0.0008204791598293403,0.006389776357827476,0.000159821000479463,0.00034983382893125764,0.0037557152188112345,0.0004138216428719222,0.0005297545470598623,0.039626595542008,0.0006555227794165847,0.0,0.0,0.0,0.002557953637090328,0.000320666987333654,0.0022392834293026233,0.0007970667941973537,0.0,0.003806686527639854,0.0012744941851202804,0.0011739057521381855,0.0,0.0012940795858945326,0.0009694619486185168,0.002631578947368421,0.0014980026631158455,0.0005344735435595938,0.00016103059581320451,0.00020712510356255177,0.0,0.0001884303749764462,0.0,0.0,0.0,0.0006448492664839593,0.0,0.0,0.00048653908530651963,0.0,0.0,0.0,0.0,0.0,0.0,0.0,0.0,0.0003222687721559781,0.0,0.0,0.0026595744680851063,0.0,0.0,0.0,0.0,0.0,0.00048812235600390497,0.0,0.0,0.0,0.0,0.0,0.0,0.0,0.004200974626113258,0.0,0.0,0.0,0.0,0.0,0.0,0.0,0.0024307243558580457,0.0009629272989889263,0.0023383998663771507,0.0,0.0
d__Bacteria;p__Bacillota_A_368345;c__Clostridia_258483;o__Lachnospirales;f__Lachnospiraceae;g__Limivivens,0.0,0.0,0.0,0.0,0.0,0.0,0.0,0.0,0.0,0.0,0.0,0.0,0.0,0.0,0.0,0.0,0.0,0.0,0.0,0.000319744204636291,0.0003252032520325203,0.0,0.0,0.0,0.0,0.00016742005692281934,0.0,0.0,0.0009716599190283401,0.0,0.0,0.0,0.0,0.0,0.00016329196603527107,0.0,0.0,0.0,0.0,0.0,0.0003209757663296421,0.00032388663967611336,0.0011352578657152124,0.0,0.0,0.0011534025374855825,0.0,0.0004914004914004914,0.0,0.0006398976163813789,0.0001601024655779699,0.0,0.0,0.0,0.0,0.0,0.0,0.0004903563255966002,0.0,0.0,0.001138766878151944,0.0,0.0,0.0,0.0,0.0,0.0,0.0020826658122396666,0.0,0.0003194888178913738,0.0,0.0,0.0,0.0,0.0,0.0,0.0,0.0,0.0,0.0,0.00047961630695443646,0.000641333974667308,0.0020793346129238644,0.0,0.0003208213025344883,0.0009930486593843098,0.0,0.0,0.0,0.0,0.0,0.0,0.0,0.0014252627828255835,0.00032206119162640903,0.0,0.0,0.0,0.000482392667631452,0.00032770768474520726,0.0,0.0,0.0,0.0,0.0,0.0,0.0,0.0,0.0,0.0,0.0,0.0,0.0,0.0,0.0,0.0,0.0,0.0,0.0,0.0,0.0,0.0,0.0,0.0,0.0,0.0,0.0006522093592043046,0.0,0.0,0.0,0.0,0.0,0.0,0.0,0.0,0.0,0.0,0.0,0.0,0.0,0.0,0.0,0.0
d__Bacteria;p__Bacillota_A_368345;c__Clostridia_258483;o__Lachnospirales;f__Lachnospiraceae;g__Alitiscatomonas,0.0008006405124099279,0.0,0.0008348639171814994,0.0,0.0,0.0,0.0,0.00031969309462915604,0.0016012810248198558,0.0008120838070488875,0.0,0.0,0.0,0.00016028209648982208,0.0,0.0,0.0,0.0014425388684083987,0.0014379293816903658,0.0001598721023181455,0.0,0.0004816955684007707,0.0,0.0,0.00048023051064510964,0.0,0.0,0.007510386705017577,0.0,0.0,0.0,0.0,0.0,0.0011715481171548118,0.0,0.0,0.0,0.0,0.0,0.0,0.0,0.0,0.0,0.00016254876462938882,0.0,0.0,0.0,0.0,0.0,0.0,0.0,0.0,0.0,0.00047793531942010514,0.000962000962000962,0.00015997440409534473,0.0,0.002288329519450801,0.0008012820512820513,0.0,0.0008134049129656743,0.0003237293622531564,0.0,0.0,0.0,0.0020907044065615952,0.0,0.0,0.0,0.0003194888178913738,0.000319642000958926,0.0,0.0,0.0,0.0,0.0005715374357020385,0.0,0.0001596678907871627,0.0,0.0,0.0,0.000160333493666827,0.0,0.0,0.0,0.0,0.0,0.0,0.0,0.00048527984471044967,0.00016157699143641945,0.0014035087719298245,0.0,0.0,0.00032206119162640903,0.0,0.0,0.000942151874882231,0.000482392667631452,0.012944453547435687,0.0010252904989747095,0.0012896985329679186,0.0,0.0,0.0,0.008373590982286634,0.0,0.0008147303242626691,0.0011216151257811247,0.0,0.0,0.0,0.0,0.0,0.0,0.0,0.0,0.0,0.0,0.0021798365122615805,0.000319744204636291,0.0,0.0,0.005583918315252074,0.0,0.0,0.0,0.0,0.005794701986754967,0.0,0.0,0.0,0.018103172060237104,0.0003189792663476874,0.0,0.0,0.0,0.0,0.00032409658078107277,0.0003209757663296421,0.0,0.0011155378486055777,0.00016294606485253382
d__Bacteria;p__Bacillota_A_368345;c__Clostridia_258483;o__Clostridiales;f__Clostridiaceae_222000;__,0.0,0.0,0.0,0.0,0.0,0.003042921204356182,0.0001607717041800643,0.0006393861892583121,0.0,0.0,0.0,0.0006730607437321219,0.00031857279388340236,0.00016028209648982208,0.0,0.002729170011237759,0.0,0.0,0.00031953986259785906,0.0,0.0,0.0,0.0,0.0,0.0,0.0,0.0,0.0006391818472355385,0.0,0.0,0.0,0.0020717131474103584,0.0,0.0,0.0,0.0,0.0009592326139088729,0.0,0.0,0.0,0.0,0.0,0.0,0.0,0.0,0.0,0.0,0.0,0.0,0.0,0.0,0.0,0.0,0.0,0.0,0.0,0.0,0.0,0.0,0.0,0.0,0.0,0.0,0.0,0.0,0.0,0.0,0.0,0.0,0.0,0.0,0.0,0.0,0.0,0.0,0.0,0.0,0.0,0.00016385384237260363,0.0,0.0,0.000160333493666827,0.0,0.0,0.0,0.0,0.0,0.0,0.0,0.0,0.0,0.0,0.0,0.0,0.0,0.0,0.0010447137484329294,0.0033917467495760316,0.00032159511175430133,0.00032770768474520726,0.0,0.0006448492664839593,0.0,0.0,0.0,0.0,0.0,0.0032589212970506763,0.0,0.0,0.0,0.0,0.0,0.0009668063164679343,0.0,0.0,0.0,0.0,0.05189812590100913,0.015077202543142598,0.0,0.0,0.0,0.0,0.0,0.0,0.0,0.0,0.0,0.000318775900541919,0.0,0.17463691108749557,0.0,0.0,0.0,0.0,0.0,0.0,0.0,0.0,0.01152497077000167,0.0,0.0
d__Bacteria;p__Bacillota_A_368345;c__Clostridia_258483;o__Oscillospirales;f__Oscillospiraceae_88309;g__Lawsonibacter,0.0,0.0,0.0,0.0018172806872625144,0.0,0.0,0.0,0.0,0.0001601281024819856,0.0,0.0,0.0,0.0,0.00048084628946946624,0.0,0.0,0.0019515368352577655,0.0011219746754287546,0.0,0.00047961630695443646,0.00016260162601626016,0.0,0.0,0.0,0.0,0.0008371002846140967,0.0,0.00015979546180888463,0.0,0.0,0.00016048788316482104,0.0,0.000321853878339234,0.007866108786610879,0.0027759634225996083,0.0,0.0,0.0,0.0,0.0008005123278898495,0.0,0.00032388663967611336,0.0,0.0021131339401820547,0.0,0.0,0.0,0.0,0.0001601281024819856,0.0,0.0,0.0,0.0020998223227265385,0.0,0.0,0.0039993601023836185,0.0011167836630504148,0.002615233736515201,0.0014423076923076924,0.0,0.00032536196518626975,0.0,0.0,0.0011501807426881367,0.0,0.0,0.0,0.0,0.0004922874958976042,0.0025559105431309905,0.000319642000958926,0.00034983382893125764,0.0016329196603527107,0.0004138216428719222,0.0014126787921596327,0.0015240998285387694,0.0008194034742707309,0.0006386715631486508,0.002621661477961658,0.0,0.0015987210231814548,0.0,0.0,0.0009564801530368245,0.0006416426050689766,0.00016550810989738498,0.0,0.000670803286936106,0.0,0.00016175994823681658,0.008240426563257392,0.0033333333333333335,0.0018308921438082556,0.0,0.0,0.0,0.0,0.0001884303749764462,0.001447178002894356,0.002621661477961658,0.001367053998632946,0.0011284862163469288,0.0016228497241155468,0.0,0.0,0.0,0.0,0.0,0.0,0.0,0.0,0.0003238341968911917,0.0,0.0,0.00032938076416337287,0.0,0.0009973404255319148,0.0,0.0,0.00018165304268846503,0.000639488409272582,0.0,0.009274324764074195,0.0001595405232929164,0.0,0.0,0.0,0.0,0.006456953642384106,0.0,0.0028566627457570154,0.0,0.0008010253123998718,0.0,0.0,0.0,0.0,0.003141015043808894,0.0014584346135148275,0.00048146364949446316,0.0,0.00031872509960159364,0.0017924067133778718
d__Bacteria;p__Bacillota_A_368345;c__Clostridia_258483;o__Tissierellales;f__Peptoniphilaceae;g__Parvimonas,0.0,0.0,0.0,0.0,0.0,0.0004804612427930814,0.0,0.0,0.0,0.0,0.0,0.0,0.0,0.0,0.0,0.00048161823727725157,0.0,0.00048084628946946624,0.0,0.0,0.0,0.0,0.0,0.0,0.0,0.0,0.0,0.0,0.00032388663967611336,0.0001606425702811245,0.0,0.0,0.0,0.0,0.0,0.0,0.000319744204636291,0.0,0.0,0.0,0.0,0.0,0.0,0.0,0.0,0.0,0.0,0.0,0.0,0.0,0.0,0.0,0.0,0.0,0.0,0.0,0.0,0.0,0.00016025641025641026,0.0,0.00016268098259313488,0.0,0.0,0.0,0.0,0.0,0.0,0.0,0.0004922874958976042,0.0,0.000479463001438389,0.0,0.0,0.0,0.0,0.0,0.0,0.0,0.0,0.0,0.0,0.000160333493666827,0.0,0.0,0.0,0.0008275405494869249,0.0,0.0001677008217340265,0.0,0.00048527984471044967,0.0,0.0,0.00016644474034620507,0.0,0.0,0.0,0.0,0.0003768607499528924,0.0,0.0,0.0,0.0,0.0,0.0003315100281783524,0.0003243593902043464,0.004830917874396135,0.0,0.0,0.0,0.0,0.0,0.0,0.0,0.0,0.0,0.0004823151125401929,0.004654255319148936,0.0,0.0,0.0,0.0,0.0,0.0,0.0,0.0,0.0,0.0,0.0,0.0,0.0,0.0,0.0,0.0,0.0,0.0,0.0,0.0,0.0,0.0,0.0,0.00033405712376816435,0.0,0.0
d__Bacteria;p__Bacillota_A_368345;c__Clostridia_258483;o__Tissierellales;f__Peptoniphilaceae;g__Finegoldia,0.0,0.0,0.0005009183503088997,0.0,0.0,0.0,0.0,0.0,0.0,0.0,0.0,0.0,0.0,0.0,0.0,0.00305024883608926,0.0,0.0,0.0,0.0,0.0,0.0,0.0,0.00016059097478721696,0.0,0.0,0.0,0.0,0.0,0.0,0.0,0.0,0.0,0.0,0.0,0.0,0.0,0.0001608234158893535,0.0,0.0,0.0,0.0,0.0,0.0,0.0,0.0,0.00016017940092904052,0.0,0.0,0.0,0.0,0.0,0.0,0.0,0.000641333974667308,0.0,0.0,0.0,0.0,0.0,0.0,0.0,0.0,0.0,0.0,0.0,0.0,0.0,0.0,0.0,0.0,0.0,0.0,0.0,0.0,0.0,0.0,0.0,0.0,0.0,0.0,0.0,0.0,0.0,0.0,0.0,0.0,0.0,0.0008114248620577734,0.0,0.0,0.0,0.0,0.0,0.0,0.0,0.0,0.0015074429998115696,0.0,0.0,0.0,0.0,0.0004868549172346641,0.0,0.0,0.0,0.0,0.0,0.0003204614645088928,0.0,0.0,0.0006476683937823834,0.0,0.0,0.0,0.0,0.0008311170212765958,0.0,0.0,0.0050862851952770205,0.0,0.0,0.0,0.0,0.0,0.0,0.0,0.0,0.0,0.0,0.0,0.00017711654268508679,0.0,0.0,0.0,0.0,0.0005717552887364208,0.0,0.0,0.0,0.0,0.0,0.0
d__Bacteria;p__Bacillota_A_368345;c__Clostridia_258483;o__Lachnospirales;f__Lachnospiraceae;g__Sellimonas,0.0001601281024819856,0.0,0.019201870095174486,0.0006608293408227325,0.0,0.0009609224855861628,0.0008038585209003215,0.0,0.0001601281024819856,0.00032483352281955497,0.0,0.0,0.003663587129659127,0.00016028209648982208,0.0014448547118317548,0.0152512441804463,0.0001626280696048138,0.0,0.0,0.0,0.0,0.0019267822736030828,0.00032,0.0012847277982977357,0.0027213062269889547,0.0,0.0,0.007031000319590924,0.0,0.0017670682730923696,0.0,0.0,0.016414547795300934,0.0006694560669456067,0.0,0.00016035920461834508,0.0001598721023181455,0.0001608234158893535,0.0008021819348628269,0.0011207172590457894,0.0003209757663296421,0.0,0.0,0.0,0.0,0.0,0.00032035880185808104,0.0,0.0,0.003839385698288274,0.0,0.0003192338387869114,0.0,0.0,0.0,0.0,0.0,0.0,0.0,0.0,0.0,0.0001618646811265782,0.0006396929473852551,0.0,0.0,0.0,0.0,0.0,0.0,0.0,0.0,0.0,0.0,0.0,0.0,0.0,0.0,0.0001596678907871627,0.00016385384237260363,0.0,0.0,0.0,0.0,0.00015941335883947074,0.0,0.00033101621979476995,0.0,0.0,0.0,0.0,0.0,0.0,0.0,0.0,0.0,0.0,0.0,0.0,0.0,0.0,0.00017088174982911826,0.00032242463324197966,0.0,0.0038123653240510523,0.0,0.0,0.001487849231277897,0.056705230568681764,0.004806921967633392,0.0,0.003370245546461242,0.023154145077720206,0.0,0.0,0.0,0.005305466237942123,0.0019946808510638296,0.0,0.002162421912542047,0.0,0.0,0.0,0.0,0.0004786215698787492,0.0,0.0,0.004891570194032285,0.0,0.0,0.0,0.0003360779700890607,0.0,0.0,0.0,0.0,0.0,0.0,0.0,0.0,0.0006419515326592842,0.007015199599131452,0.00350597609561753,0.002444190972788007
d__Bacteria;p__Bacillota_A_368345;c__Clostridia_258483;o__Lachnospirales;f__Lachnospiraceae;g__Dorea_D_146760,0.0,0.0,0.0,0.0,0.0,0.0,0.0,0.0,0.0,0.0,0.0,0.0,0.0,0.0,0.0,0.0,0.0,0.0,0.0,0.000319744204636291,0.0,0.0,0.0016,0.0,0.0,0.0,0.0,0.0,0.0012955465587044534,0.0,0.0,0.0014342629482071714,0.0,0.0,0.00032658393207054214,0.0,0.0,0.0,0.0,0.0,0.0,0.0,0.0003243593902043464,0.0,0.0,0.0,0.0,0.0004914004914004914,0.0,0.003199488081906895,0.0011207172590457894,0.0,0.0,0.0,0.0,0.0,0.0,0.0,0.0016025641025641025,0.002651201325600663,0.00016268098259313488,0.004532211071544189,0.0,0.0,0.0,0.0,0.0036782344474652166,0.0,0.0,0.0,0.0,0.0,0.0,0.0,0.0,0.0,0.0,0.0,0.00016385384237260363,0.0,0.0,0.0,0.0,0.0,0.0,0.0019860973187686196,0.0,0.0,0.0,0.00016175994823681658,0.0,0.0,0.0,0.0,0.0,0.0,0.0,0.0,0.0,0.0,0.0,0.0,0.0,0.0,0.0,0.0,0.0008265829062654984,0.0,0.0,0.0,0.0,0.0,0.0,0.006284241057041572,0.0,0.0,0.0,0.0,0.0,0.0,0.0,0.0,0.0,0.0,0.004259501965923985,0.0,0.0,0.0,0.0,0.0,0.0,0.0,0.0,0.0,0.0,0.0,0.0,0.0,0.0,0.0,0.0,0.0,0.0
d__Bacteria;p__Bacillota_A_368345;c__Clostridia_258483;o__Lachnospirales;f__Lachnospiraceae;g__Lachnoclostridium_B,0.0,0.0,0.0,0.0,0.0,0.00032030749519538755,0.0,0.0,0.005604483586869495,0.0,0.0,0.0,0.0,0.0,0.0,0.0,0.0,0.0,0.007349416839750759,0.000319744204636291,0.001951219512195122,0.0,0.0,0.0,0.0,0.0005022601707684581,0.0,0.0,0.0,0.0009638554216867469,0.00048146364949446316,0.00015936254980079682,0.0,0.0005020920502092051,0.0004898758981058132,0.0011225144323284157,0.001278976818545164,0.0,0.008021819348628268,0.0019212295869356388,0.0003209757663296421,0.0,0.0019461563412260785,0.0019505851755526658,0.0,0.0,0.0,0.0006552006552006552,0.0,0.0,0.0011207172590457894,0.0011173184357541898,0.0,0.0,0.0,0.0,0.0,0.0008172605426610003,0.0,0.00016570008285004143,0.00032536196518626975,0.0046940757526707675,0.00015992323684631377,0.0,0.0,0.0,0.046057892211738366,0.0016020506247997437,0.0,0.0,0.0,0.0,0.0,0.0,0.0,0.0,0.0,0.0014370110170844642,0.0029493691627068656,0.0,0.0,0.004008337341670675,0.0023992322456813818,0.00015941335883947074,0.0008020532563362208,0.005461767626613704,0.0,0.0,0.0,0.0006470397929472663,0.00016157699143641945,0.0003508771929824561,0.0,0.0,0.00016103059581320451,0.0,0.0,0.0,0.0,0.0,0.0003417634996582365,0.00048363694986296955,0.0,0.0004972650422675286,0.0001621796951021732,0.0008051529790660225,0.00033063316250619935,0.006191950464396285,0.0030443839128344815,0.00048123195380173246,0.0,0.0,0.0,0.0003222687721559781,0.008893280632411068,0.01752411575562701,0.0,0.0,0.0,0.0007266121707538601,0.0038369304556354917,0.0,0.0,0.0004786215698787492,0.0021297509829619923,0.0,0.0003261046796021523,0.0,0.00033112582781456954,0.0,0.0067215594017812135,0.0,0.003524511374559436,0.0028708133971291866,0.00048084628946946624,0.0043241511851377324,0.0,0.0013225326500247974,0.0,0.0019258545979778526,0.019542341740437615,0.00031872509960159364,0.001955352778230406
d__Bacteria;p__Bacillota_A_368345;c__Clostridia_258483;o__Lachnospirales;f__Lachnospiraceae;g__Muricomes_149720,0.0,0.0,0.0,0.0,0.0,0.00016015374759769378,0.0012861736334405145,0.0,0.0,0.0,0.00016733601070950468,0.0,0.0,0.0,0.0,0.0,0.0,0.0,0.0,0.0,0.0,0.0,0.0,0.00048177292436165086,0.00032015367376340644,0.0,0.0,0.0,0.0,0.0,0.0,0.0,0.0,0.0,0.0,0.0,0.0,0.0,0.00032087277394513073,0.0,0.0,0.0,0.0012974375608173856,0.0,0.0,0.0,0.0,0.0,0.0,0.00047992321228603423,0.0,0.0,0.0,0.0,0.0,0.0,0.0,0.00016345210853220007,0.0003205128205128205,0.0006628003314001657,0.0,0.0,0.0,0.00016431153466973383,0.0,0.0,0.0,0.0,0.0018050541516245488,0.0,0.000479463001438389,0.0,0.0,0.0,0.0,0.00019051247856734617,0.0,0.0,0.0,0.0,0.00047961630695443646,0.0,0.0,0.0,0.0003208213025344883,0.00033101621979476995,0.0,0.0,0.002109704641350211,0.00032351989647363315,0.0,0.0003508771929824561,0.0,0.0,0.0,0.0,0.0,0.0,0.0,0.0011469768966082255,0.0,0.0,0.0,0.0,0.0,0.0,0.0,0.0,0.0,0.0,0.0,0.0,0.0,0.00016113438607798906,0.0,0.0,0.0,0.0,0.0,0.0,0.0,0.0,0.0,0.0,0.0,0.0,0.0027718897766182945,0.0,0.0004966887417218543,0.0,0.0,0.0,0.00016020506247997436,0.0,0.0,0.0004804612427930814,0.0,0.000991899487518598,0.0,0.0,0.0,0.0,0.0
d__Bacteria;p__Bacillota_A_368345;c__Clostridia_258483;o__Lachnospirales;f__Lachnospiraceae;g__Merdimonas,0.0,0.0,0.0,0.0,0.0,0.0,0.006913183279742765,0.0,0.015532425940752602,0.0,0.0,0.0,0.0,0.0,0.0,0.0006421576497030021,0.0,0.0,0.0,0.0,0.0,0.0,0.0,0.0,0.0,0.0,0.0,0.0,0.0,0.0,0.0008024394158241052,0.0,0.001126488574187319,0.0,0.0,0.0009621552277100705,0.00047961630695443646,0.0,0.0,0.0,0.0,0.0,0.0,0.0,0.0,0.006096556269566651,0.0,0.0,0.0,0.0015997440409534474,0.0,0.0,0.0,0.00047793531942010514,0.0,0.0,0.0,0.0,0.0,0.0,0.0,0.0,0.0,0.0,0.0,0.0,0.002878618263233648,0.0,0.00935346242205448,0.0,0.000799105002397315,0.0,0.00016329196603527107,0.0,0.0,0.0,0.0,0.0038320293788919046,0.00016385384237260363,0.0,0.0,0.0,0.0,0.00015941335883947074,0.008822585819698428,0.0031446540880503146,0.0,0.0,0.0,0.0,0.0,0.0,0.00033288948069241014,0.0,0.0,0.0,0.0,0.0,0.0,0.0,0.0,0.0011284862163469288,0.0,0.0,0.0,0.0,0.000495949743759299,0.0,0.0,0.004170676932948348,0.0,0.0,0.0,0.0029004189494038026,0.0,0.006913183279742765,0.0,0.0,0.0,0.0,0.000319744204636291,0.0,0.00048812235600390497,0.0,0.0,0.0,0.0,0.0,0.0,0.0,0.000504116955133591,0.0,0.007850048061518743,0.0,0.0,0.0,0.0,0.0,0.0,0.0,0.0,0.0,0.0
d__Bacteria;p__Bacillota_A_368345;c__Clostridia_258483;o__Lachnospirales;f__Lachnospiraceae;g__Mediterraneibacter_A_155507,0.008807045636509208,0.0,0.07029554182668225,0.0,0.0006377551020408163,0.0,0.0,0.0,0.007045636509207366,0.13513074549293488,0.0008366800535475234,0.0,0.0007964319847085059,0.0,0.00048161823727725157,0.003692406485792262,0.0004878842088144414,0.001763103061388043,0.002716088832081802,0.009112709832134292,0.00975609756097561,0.0,0.04912,0.0003211819495744339,0.09380502641267809,0.001841620626151013,0.0,0.004793863854266539,0.06202429149797571,0.0001606425702811245,0.004814636494944632,0.004940239043824702,0.000160926939169617,0.017238493723849373,0.015676028739386023,0.00032071840923669016,0.03597122302158273,0.005628819556127372,0.004331782448259265,0.003041946845981428,0.043010752688172046,0.0022672064777327933,0.0045410314628608495,0.0013003901170351106,0.0026320407088962976,0.015488548360520679,0.0008008970046452026,0.018673218673218674,0.0011208967173738991,0.03631418972964326,0.002721741914825488,0.006544293695131684,0.0016152479405588758,0.004938664967341086,0.00320666987333654,0.02367621180611102,0.0004786215698787492,0.016672115070284408,0.007532051282051282,0.0034797017398508698,0.019684398893769318,0.01861443832955649,0.015512553974092435,0.00016431153466973383,0.0011651131824234355,0.027500804117079447,0.0012793858947705101,0.018263377122717077,0.04168034131933049,0.0004792332268370607,0.03292312609876938,0.0017491691446562883,0.002122795558458524,0.0010345541071798054,0.002119018188239449,0.024766622213755002,0.0042608980662078005,0.003193357815743254,0.00032770768474520726,0.00033738191632928474,0.000639488409272582,0.12265512265512266,0.018873960332693538,0.0022317870237525904,0.002085338466474174,0.005627275736511089,0.00015931177314003505,0.0025155123260103976,0.005355404089581304,0.008087997411840828,0.002100500888673453,0.0003508771929824561,0.0014980026631158455,0.004097630500623553,0.015780998389694042,0.0,0.0,0.0,0.0032159511175430134,0.0006554153694904145,0.0005126452494873548,0.0,0.0,0.0,0.001621796951021732,0.001610305958132045,0.014217225987766573,0.0,0.04182022111841051,0.004331087584215592,0.006419515326592842,0.0,0.0,0.0022558814050918467,0.0018115942028985507,0.1554662379421222,0.015957446808510637,0.0,0.0002402691013935608,0.0,0.000319744204636291,0.0011234151821537474,0.00048812235600390497,0.00845564773452457,0.0,0.0,0.006848198271645198,0.0,0.027317880794701987,0.010997768568696206,0.004032935641068728,0.0,0.0032041012495994873,0.05518341307814992,0.0,0.008167841127482383,0.0005717552887364208,0.0006612663250123987,0.0064819316156214555,0.03755416466056813,0.01837314180724904,0.0,0.0
d__Bacteria;p__Bacillota_A_368345;c__Clostridia_258483;o__Lachnospirales;f__Lachnospiraceae;g__Hominisplanchenecus_A,0.0,0.0,0.0,0.0,0.0,0.0,0.0,0.0,0.0,0.0,0.0,0.0,0.0,0.0,0.0,0.0,0.0,0.0,0.0,0.000639488409272582,0.0011382113821138211,0.0,0.0,0.0,0.0,0.0,0.0,0.0015979546180888463,0.0,0.0,0.0,0.0,0.003701319600901191,0.0,0.0,0.0,0.0,0.0,0.0,0.0,0.0,0.0,0.0021083360363282518,0.0014629388816644994,0.0,0.0,0.0,0.0,0.0,0.0,0.0,0.0,0.00016152479405588758,0.0,0.0,0.0,0.0,0.0024517816279830008,0.0016025641025641025,0.0,0.00016268098259313488,0.00048559404337973454,0.0,0.0,0.00016644474034620507,0.0017690575747828885,0.0,0.004005126561999359,0.0,0.0003194888178913738,0.0,0.0,0.0,0.0,0.0008829242450997704,0.0019051247856734616,0.0,0.0,0.0,0.0,0.0001598721023181455,0.002244668911335578,0.0,0.0,0.0003208213025344883,0.0,0.0,0.0,0.0,0.0,0.0,0.0,0.0,0.0,0.00032206119162640903,0.0,0.0,0.0,0.0,0.0016385384237260364,0.0,0.0008060615831049493,0.0,0.0,0.0001621796951021732,0.0,0.0,0.0,0.0,0.0,0.0,0.0,0.0,0.0,0.0,0.0,0.0,0.0,0.0,0.0,0.0,0.0,0.0,0.0,0.0,0.0,0.0,0.0,0.0,0.0,0.0,0.0,0.0,0.0,0.0,0.0,0.0,0.0,0.0,0.0,0.0,0.0,0.00016294606485253382
d__Bacteria;p__Bacillota_A_368345;c__Clostridia_258483;o__Lachnospirales;f__Lachnospiraceae;g__Faecalimonas,0.0,0.0,0.0,0.0,0.002072704081632653,0.0012812299807815502,0.0019292604501607716,0.00159846547314578,0.0,0.0,0.015896921017402945,0.0026922429749284874,0.004778591908251036,0.04103221670139445,0.0017659335366832557,0.0017659335366832557,0.0,0.0,0.0015976993129892955,0.0,0.0,0.0,0.0,0.00048177292436165086,0.0,0.0,0.0,0.0,0.0,0.0,0.0,0.0,0.0738654650788542,0.0013389121338912135,0.0037557152188112345,0.0004810776138550353,0.0,0.0,0.0,0.0001601024655779699,0.0,0.0,0.0027570548167369447,0.017230169050715213,0.0,0.0,0.0008008970046452026,0.0,0.0,0.009278515437529996,0.0,0.0,0.0,0.0,0.0,0.0011198208286674132,0.0001595405232929164,0.0,0.0,0.0004971002485501243,0.0,0.0,0.0,0.0,0.0,0.0,0.0011194626579241963,0.0,0.0,0.0,0.0,0.002273919888053175,0.0,0.0,0.0005297545470598623,0.0,0.0009832841691248771,0.0,0.0,0.0,0.0,0.0,0.0,0.0,0.0,0.007447864945382324,0.0,0.00670803286936106,0.0,0.0,0.0,0.0,0.01414780292942743,0.0,0.0,0.03458989229494615,0.0,0.0,0.0,0.0,0.0003417634996582365,0.004513944865387715,0.0,0.0,0.0,0.0,0.0,0.0,0.0017625380547989103,0.0,0.0,0.0,0.007730786721236926,0.0,0.0,0.0,0.007147606382978723,0.0,0.0,0.0025431425976385103,0.001278976818545164,0.00016048788316482104,0.0,0.0,0.0,0.0,0.0,0.0,0.002317880794701987,0.0,0.0013443118803562427,0.0,0.0,0.0,0.0,0.0,0.0,0.0,0.0,0.0,0.0,0.20350597609561752,0.0013035685188202706
d__Bacteria;p__Bacillota_A_368345;c__Clostridia_258483;o__Lachnospirales;f__Lachnospiraceae;g__Blautia_A_141893,0.0,0.0,0.0,0.0,0.0,0.0,0.0,0.0,0.001921537229783827,0.0,0.0,0.0,0.0,0.0,0.0,0.0,0.0,0.0,0.0,0.0019184652278177458,0.0014634146341463415,0.0,0.00432,0.0,0.0,0.0006696802276912774,0.0,0.0,0.0,0.002570281124497992,0.0,0.0,0.0,0.0,0.0,0.0,0.0,0.0011257639112254745,0.0,0.0,0.01059220028887819,0.0012955465587044534,0.003405773597145637,0.0,0.0,0.0,0.0022425116130065674,0.0013104013104013104,0.0,0.0,0.002721741914825488,0.0,0.0,0.0,0.0,0.0,0.0,0.00032690421706440013,0.0014423076923076924,0.0004971002485501243,0.0019521717911176184,0.0,0.005597313289620982,0.0,0.0,0.0,0.0,0.00256328099967959,0.0,0.0,0.00159821000479463,0.0,0.0,0.0,0.0,0.0,0.0,0.0,0.0,0.00033738191632928474,0.0,0.0,0.0,0.0,0.0006416426050689766,0.0,0.0,0.0,0.0017851346965271017,0.00048527984471044967,0.0,0.0,0.0,0.0012471049349723855,0.0,0.0,0.0,0.0015074429998115696,0.0011255828911400547,0.0,0.0,0.0,0.0,0.0,0.0,0.0,0.0,0.0,0.0,0.0,0.00465414861177981,0.0,0.0,0.00016113438607798906,0.0,0.03360128617363344,0.0,0.0,0.0,0.0,0.0,0.0,0.0,0.0,0.0,0.0,0.0,0.0,0.0,0.0,0.00016803898504453034,0.0,0.0,0.0030303030303030303,0.0,0.0,0.0,0.00033063316250619935,0.0,0.0,0.0,0.0,0.004562489815870947
d__Bacteria;p__Bacillota_A_368345;c__Clostridia_258483;o__Lachnospirales;f__Lachnospiraceae;g__Oribacterium,0.0,0.0,0.0,0.0,0.0,0.0,0.0,0.0,0.0017614091273018414,0.0,0.00016733601070950468,0.0,0.0,0.0,0.0,0.0,0.0,0.00016028209648982208,0.0,0.0,0.0,0.00016056518946692356,0.0,0.0,0.0,0.0,0.0,0.0,0.0,0.0,0.0,0.0,0.000321853878339234,0.0,0.0,0.00032071840923669016,0.0,0.0,0.0,0.0,0.0,0.0,0.0,0.0,0.0,0.0,0.0,0.0,0.0,0.0,0.0,0.0,0.0,0.0,0.0,0.0,0.0,0.0,0.0,0.0,0.0,0.0,0.0,0.0,0.0,0.0,0.00031984647369262754,0.0,0.0,0.0,0.0,0.0,0.0,0.0,0.0,0.0,0.0,0.0003193357815743254,0.0,0.0,0.0,0.0,0.0,0.0,0.0,0.0,0.0,0.0,0.0,0.0009705596894208993,0.0,0.0,0.0,0.0,0.0,0.0,0.0,0.0,0.0,0.0,0.0,0.0,0.0,0.0001657550140891762,0.0,0.0,0.0,0.0,0.0,0.0,0.0,0.0,0.001136880400181901,0.0,0.0,0.0003215434083601286,0.0,0.0,0.0,0.0,0.0,0.0,0.0,0.0,0.0,0.0,0.0,0.0,0.0,0.0,0.0,0.00035423308537017357,0.0,0.0,0.0,0.0,0.0,0.0,0.0,0.0011234151821537474,0.00016702856188408218,0.0,0.00032589212970506764
d__Bacteria;p__Bacillota_A_368345;c__Clostridia_258483;o__Tissierellales;f__Peptoniphilaceae;g__Fenollaria,0.0,0.0,0.0,0.0,0.0,0.0,0.0,0.0,0.0,0.0,0.0,0.0,0.0,0.0,0.0,0.00032107882485150104,0.0,0.0,0.0,0.000319744204636291,0.0,0.0,0.00016,0.0,0.0,0.0,0.0,0.00047938638542665386,0.0,0.0,0.0,0.0,0.0,0.0,0.0,0.0,0.0,0.0017690575747828885,0.00032087277394513073,0.0,0.0,0.0011336032388663967,0.0,0.0,0.0,0.0,0.016818837097549257,0.0,0.0,0.0,0.0,0.0,0.00032304958811177516,0.0003186235462800701,0.0,0.0,0.0,0.0,0.0,0.00016570008285004143,0.0,0.0,0.0,0.0,0.0,0.0,0.0,0.0,0.0,0.0,0.0,0.0,0.0,0.0,0.0,0.00038102495713469235,0.01032448377581121,0.0,0.0,0.0,0.0,0.0,0.0003198976327575176,0.0,0.0,0.030122476001324065,0.0,0.000335401643468053,0.0,0.0,0.00016157699143641945,0.0,0.0,0.0,0.0,0.0,0.0,0.0,0.0,0.0,0.0,0.0,0.0,0.0,0.0,0.0,0.00016531658125309968,0.0,0.0035250761095978207,0.0,0.0,0.0,0.0,0.0003222687721559781,0.0,0.0,0.0,0.0,0.0,0.0,0.0,0.0,0.0,0.0,0.0,0.0,0.0,0.0,0.0,0.0,0.0008401949252226517,0.0,0.0,0.0001594896331738437,0.0,0.0,0.0,0.00033063316250619935,0.0,0.00048146364949446316,0.0,0.0,0.00016294606485253382
d__Bacteria;p__Fusobacteriota;c__Fusobacteriia;o__Fusobacteriales;f__Fusobacteriaceae;g__Fusobacterium_C,0.0,0.0,0.0013357822674903992,0.0,0.0,0.0,0.0,0.0,0.0,0.0,0.0006693440428380187,0.0,0.0,0.0,0.0,0.0,0.0,0.0,0.0,0.0,0.0,0.0,0.0,0.0,0.0,0.0,0.0,0.0,0.0,0.0,0.0,0.0,0.0,0.0,0.0,0.0,0.0,0.0,0.0,0.0,0.0,0.0,0.0,0.0,0.0,0.0,0.00032035880185808104,0.0,0.0,0.0,0.0,0.0,0.0,0.0,0.0,0.0,0.0,0.0,0.0,0.0,0.0,0.0,0.0,0.0,0.0,0.0,0.00031984647369262754,0.0,0.0018050541516245488,0.0,0.0,0.0,0.0,0.0,0.0,0.0,0.0,0.0,0.0,0.0,0.0,0.0,0.0,0.00015941335883947074,0.0,0.0,0.0,0.0,0.0,0.00048527984471044967,0.0,0.0,0.0,0.0,0.0,0.0,0.0,0.0,0.0,0.0,0.0,0.0,0.0,0.0,0.0,0.0008051529790660225,0.0,0.0,0.0,0.0003208213025344883,0.0,0.0,0.0,0.0,0.0,0.0,0.002327127659574468,0.0,0.0,0.5198910081743869,0.0,0.0006419515326592842,0.0,0.0,0.0,0.0032144005143040825,0.0,0.0,0.0,0.0,0.00016803898504453034,0.044810485299326956,0.0,0.0,0.0,0.0,0.06822946445587955,0.0,0.0,0.0,0.0,0.0,0.0
d__Bacteria;p__Bacillota_A_368345;c__Clostridia_258483;o__Lachnospirales;f__Lachnospiraceae;g__Ruminococcus_B,0.016172938350680545,0.0015943877551020409,0.05476707296710636,0.05815298199240046,0.03970025510204082,0.01185137732222934,0.05418006430868167,0.008631713554987212,0.0001601281024819856,0.005684586649342212,0.009872824631860776,0.002187447417129396,0.03122013380057343,0.009136079499919859,0.0008026970621287526,0.01894365066623856,0.0004878842088144414,0.0014425388684083987,0.09282633008467807,0.0,0.0,0.0035324341682723185,0.00176,0.049462020234462827,0.0011205378581719224,0.0,0.0,0.007670182166826462,0.008421052631578947,0.00048192771084337347,0.0003209757663296421,0.005896414342629482,0.01078210492436434,0.0005020920502092051,0.00032658393207054214,0.026298909557408594,0.0015987210231814548,0.0001608234158893535,0.002406545804588481,0.007524815882164585,0.0,0.0,0.0,0.0011378413524057217,0.0,0.0,0.00304340861765177,0.0,0.0001601281024819856,0.00015997440409534473,0.002881844380403458,0.0,0.00032304958811177516,0.0003186235462800701,0.00641333974667308,0.00031994880819068947,0.0,0.0,0.0,0.0,0.0008134049129656743,0.0030754289414049855,0.0,0.0,0.0,0.0,0.0009595394210778827,0.001281640499839795,0.0,0.0,0.0,0.0,0.0,0.0,0.0,0.001143074871404077,0.0,0.0001596678907871627,0.0,0.0,0.000319744204636291,0.001443001443001443,0.0,0.0009564801530368245,0.00048123195380173246,0.0009930486593843098,0.0,0.0,0.0012982797792924375,0.00016175994823681658,0.00016157699143641945,0.0,0.0,0.002137894174238375,0.003381642512077295,0.03624689312344656,0.0,0.00942151874882231,0.00032159511175430133,0.0014746845813534328,0.0003417634996582365,0.0006448492664839593,0.0029211295034079843,0.005469915464942815,0.0,0.0004830917874396135,0.000991899487518598,0.0011406224539677367,0.026438070821983656,0.00016041065126724414,0.0006419515326592842,0.0008095854922279792,0.05979990904956799,0.0012890750886239124,0.0,0.0006430868167202572,0.005984042553191489,0.0,0.0,0.026521344232515894,0.020783373301358914,0.008666345690900338,0.0,0.0001595405232929164,0.11041939711664482,0.0,0.014348605902494701,0.0,0.0076158940397350995,0.0014344915524386356,0.011426650983028062,0.10786397449521785,0.001281640499839795,0.005741626794258373,0.0006411283859592883,0.014093529788597053,0.0,0.0006612663250123987,0.00016204829039053638,0.004814636494944632,0.07983965258059128,0.07091633466135458,0.012058008799087501
d__Bacteria;p__Actinomycetota;c__Coriobacteriia;o__Coriobacteriales;f__Atopobiaceae;g__Lancefieldella,0.0001601281024819856,0.0,0.0,0.0006608293408227325,0.0,0.0,0.0,0.0,0.0,0.0,0.00016733601070950468,0.0,0.0,0.0008014104824491104,0.0,0.004976721785198267,0.0008131403480240689,0.0,0.01070458539702828,0.0,0.0,0.0,0.0,0.0,0.0,0.0,0.0,0.0,0.013441295546558705,0.001285140562248996,0.0008024394158241052,0.0,0.000321853878339234,0.0,0.0,0.0008017960230917255,0.0,0.0,0.0011230547088079577,0.0,0.002728294013801958,0.00048582995951417006,0.0,0.0,0.0,0.0,0.00016017940092904052,0.0,0.0,0.0,0.001440922190201729,0.0,0.0,0.0,0.0,0.0,0.0001595405232929164,0.0,0.0,0.0006628003314001657,0.0,0.0012949174490126255,0.0,0.0,0.0,0.0,0.00015992323684631377,0.0011214354373598205,0.0,0.0,0.0,0.0,0.0,0.0002069108214359611,0.0,0.0,0.0,0.0003193357815743254,0.0,0.0,0.0,0.0,0.0,0.0,0.0003208213025344883,0.0,0.0,0.0,0.0,0.001132319637657716,0.0,0.0,0.0,0.0,0.0,0.0,0.0,0.0,0.0,0.0,0.0,0.00016121231662098983,0.0,0.0001657550140891762,0.0006487187804086928,0.0,0.000495949743759299,0.007984357177774157,0.0009613843935266784,0.0,0.0,0.0,0.0,0.00016113438607798906,0.0,0.003054662379421222,0.0,0.0,0.0007208073041806823,0.0,0.0,0.00048146364949446316,0.0,0.0,0.018512450851900394,0.0,0.00016305233980107615,0.0,0.0013245033112582781,0.0,0.0,0.004782146652497344,0.00256328099967959,0.0003189792663476874,0.0,0.0,0.0001905850962454736,0.0,0.0,0.0012839030653185683,0.00033405712376816435,0.0,0.0030959752321981426
d__Bacteria;p__Bacillota_A_368345;c__Clostridia_258483;o__Lachnospirales;f__Lachnospiraceae;g__Massilistercora,0.0,0.0,0.0,0.0,0.0,0.0,0.0,0.0,0.0006405124099279424,0.0,0.0,0.0,0.0,0.0,0.0006421576497030021,0.0,0.0,0.0,0.0,0.0,0.0,0.0,0.0,0.0,0.0,0.0,0.0,0.0,0.0,0.0,0.00016048788316482104,0.0,0.0,0.0010041841004184101,0.0004898758981058132,0.0,0.0,0.0,0.0,0.010726865193723983,0.0,0.0019433198380566803,0.0,0.002925877763328999,0.0,0.0,0.0,0.0,0.0,0.00015997440409534473,0.0,0.0,0.0,0.0,0.0,0.0,0.0,0.0,0.0,0.0,0.0,0.0,0.0,0.0,0.0,0.0,0.004317927394850472,0.0006408202499198974,0.0631768953068592,0.0,0.0,0.0,0.0,0.0,0.0,0.00019051247856734617,0.0,0.0035126935973175794,0.0,0.0,0.0,0.0,0.0,0.0,0.00016041065126724414,0.003641178417742469,0.0,0.004360221365084689,0.0,0.0,0.0008078849571820973,0.0,0.0,0.0,0.0,0.0,0.0,0.0,0.0,0.0,0.0005126452494873548,0.0,0.0,0.0,0.0001621796951021732,0.00032206119162640903,0.0,0.0004888381945576015,0.0,0.0,0.0,0.0,0.0,0.007573316145665485,0.0009881422924901185,0.0,0.0,0.0,0.0,0.0,0.0,0.0,0.0011389521640091116,0.0,0.0,0.0,0.0,0.0,0.0,0.0,0.00016803898504453034,0.0,0.0,0.0,0.0,0.0004804612427930814,0.0,0.0,0.0006481931615621455,0.0,0.0,0.0,0.0
d__Bacteria;p__Bacillota_A_368345;c__Clostridia_258483;o__Lachnospirales;f__Lachnospiraceae;g__Eubacterium_I,0.0014411529223378704,0.0,0.0,0.0,0.0,0.0,0.0,0.0,0.0016012810248198558,0.0,0.0,0.0,0.0,0.0,0.0,0.0,0.0,0.0,0.0,0.0001598721023181455,0.0008130081300813008,0.0,0.0,0.0,0.0011205378581719224,0.00016742005692281934,0.0,0.0,0.00048582995951417006,0.0,0.0019258545979778526,0.0,0.0,0.0,0.0014696276943174395,0.0,0.0,0.0,0.0,0.0,0.0,0.0,0.0003243593902043464,0.0,0.0,0.0,0.0,0.0,0.0,0.0012797952327627579,0.0,0.0,0.0,0.0,0.00913900913900914,0.00031994880819068947,0.0,0.0,0.000641025641025641,0.0006628003314001657,0.0008134049129656743,0.0,0.00015992323684631377,0.0,0.0,0.002733998070119009,0.0011194626579241963,0.0014418455623197693,0.0,0.0001597444089456869,0.0,0.0,0.0,0.0,0.0001765848490199541,0.0007620499142693847,0.0,0.0,0.0,0.0,0.0,0.000641333974667308,0.0,0.00015941335883947074,0.0,0.0,0.0,0.0,0.0,0.0,0.0,0.0,0.00016644474034620507,0.0,0.0006441223832528181,0.0,0.0,0.0,0.0,0.0008192692118630182,0.0,0.0,0.0,0.0,0.0,0.00322061191626409,0.0018184823937840966,0.0,0.0,0.0,0.0,0.0,0.0,0.0,0.0008234519104084321,0.0,0.0004986702127659574,0.0,0.0,0.0,0.0,0.0,0.0,0.0009572431397574984,0.0,0.0,0.0,0.0,0.0,0.0,0.0,0.0,0.0003204101249599487,0.0023923444976076554,0.0,0.0,0.0,0.0,0.0,0.0,0.0,0.0,0.004888381945576014
d__Bacteria;p__Bacillota_A_368345;c__Clostridia_258483;o__Oscillospirales;f__Ruminococcaceae;g__Paludihabitans,0.0,0.0,0.0,0.0,0.0,0.0,0.0,0.0,0.0001601281024819856,0.0,0.0,0.0003365303718660609,0.0,0.0,0.0,0.0,0.0,0.0,0.0,0.000319744204636291,0.0,0.0,0.0,0.0,0.0,0.0010045203415369162,0.0,0.0,0.0,0.0,0.0,0.0,0.0,0.0,0.0,0.0,0.0,0.0,0.0008021819348628269,0.0003202049311559398,0.0,0.00016194331983805668,0.0,0.0,0.03211089664853483,0.0,0.0,0.0006552006552006552,0.0,0.0,0.0,0.0,0.0,0.0,0.0,0.008798592225243962,0.0,0.0,0.0,0.0,0.0006507239303725395,0.0,0.0,0.0,0.0,0.0,0.00015992323684631377,0.0,0.0,0.0,0.0,0.0005247507433968865,0.0,0.0006207324643078833,0.0001765848490199541,0.00038102495713469235,0.0,0.0001596678907871627,0.00032770768474520726,0.00016869095816464237,0.000319744204636291,0.001122334455667789,0.0006397952655150352,0.0003188267176789415,0.0,0.0008275405494869249,0.00015931177314003505,0.002683213147744424,0.0,0.0029116790682626984,0.0004847309743092584,0.0,0.00033288948069241014,0.0,0.0,0.0,0.0,0.0,0.0,0.0,0.0003417634996582365,0.0,0.0,0.0,0.0001621796951021732,0.0,0.0,0.0,0.0,0.0,0.0,0.0,0.0,0.00016113438607798906,0.0,0.0,0.006648936170212766,0.0,0.0,0.0,0.0,0.0,0.0,0.0,0.0,0.0,0.0,0.0,0.0,0.0,0.0,0.0,0.0,0.0,0.0,0.0,0.0,0.0,0.00016204829039053638,0.00048146364949446316,0.0,0.0,0.0
d__Bacteria;p__Bacillota_A_368345;c__Clostridia_258483;o__Lachnospirales;f__Lachnospiraceae;g__Eisenbergiella,0.0,0.0,0.0,0.0,0.047353316326530615,0.0,0.004983922829581993,0.0,0.004803843074459567,0.0,0.002008032128514056,0.00016826518593303046,0.003345014335775725,0.0008014104824491104,0.08524642799807353,0.0,0.0,0.0,0.0,0.0019184652278177458,0.013170731707317073,0.03757225433526012,0.00064,0.0025694555965954714,0.0011205378581719224,0.003180981081533568,0.0,0.0,0.0006477732793522267,0.00048192771084337347,0.0009629272989889263,0.0,0.0,0.00502092050209205,0.0031025473546701502,0.0006414368184733803,0.0001598721023181455,0.0,0.009465746831381357,0.0006404098623118795,0.0,0.0038866396761133605,0.0009730781706130393,0.03364759427828348,0.0015792244253377786,0.009062448508815291,0.00016017940092904052,0.003276003276003276,0.0009607686148919135,0.0,0.0,0.0014365522745411015,0.0,0.0011151824119802454,0.0,0.0011198208286674132,0.0001595405232929164,0.0021248774109186006,0.005929487179487179,0.00016570008285004143,0.028957214901578005,0.0,0.009595394210778827,0.0,0.0016644474034620505,0.0,0.0007996161842315689,0.01025312399871836,0.0,0.0020766773162939297,0.005593735016781205,0.00034983382893125764,0.0009797517962116264,0.0,0.0007063393960798164,0.004191274528481615,0.0,0.0017563467986587897,0.0006554153694904145,0.0011808367071524967,0.002557953637090328,0.0,0.005118362124120281,0.00015941335883947074,0.00048123195380173246,0.009599470374048328,0.0,0.000335401643468053,0.0,0.0012940795858945326,0.0004847309743092584,0.0003508771929824561,0.0011651131824234355,0.0010689470871191875,0.000966183574879227,0.0,0.0,0.0003768607499528924,0.025888406496221258,0.006554153694904146,0.006493506493506494,0.003063034015798807,0.0,0.0,0.0001621796951021732,0.0,0.000495949743759299,0.0,0.0,0.00048123195380173246,0.0006419515326592842,0.0,0.0,0.0,0.0006587615283267457,0.0,0.0,0.0,0.0,0.0,0.0,0.0,0.00016270745200130165,0.03589661774090619,0.0036041939711664484,0.0,0.0,0.0,0.005298013245033113,0.0,0.0,0.00035423308537017357,0.0,0.013556618819776715,0.0,0.00016015374759769378,0.0,0.0,0.004699400421325555,0.021023912694591557,0.0016702856188408218,0.0,0.004073651621313346
d__Bacteria;p__Bacillota_A_368345;c__Clostridia_258483;o__Lachnospirales;f__Lachnospiraceae;g__Clostridium_R_135822,0.0,0.0,0.0,0.0,0.0,0.0,0.0,0.0,0.0,0.0,0.0,0.0,0.0,0.0,0.0,0.0,0.0,0.0,0.0,0.0,0.0,0.0,0.0,0.0,0.0,0.0,0.0,0.0,0.0,0.0,0.0,0.0,0.0,0.0,0.0,0.0,0.0,0.0,0.0,0.0,0.0,0.0,0.0,0.0,0.0,0.0,0.00032035880185808104,0.0011466011466011465,0.0,0.0,0.0,0.0,0.0,0.00047793531942010514,0.002886002886002886,0.0,0.0,0.0,0.0003205128205128205,0.0,0.002277533756303888,0.0,0.0,0.0,0.0,0.0,0.0,0.0,0.0,0.0003194888178913738,0.0,0.0,0.00032658393207054214,0.0002069108214359611,0.0,0.00019051247856734617,0.0,0.0001596678907871627,0.0,0.0,0.00047961630695443646,0.0,0.0,0.0,0.0,0.0,0.0,0.0,0.0,0.0,0.0,0.0005263157894736842,0.0,0.0,0.0,0.0,0.0,0.0,0.0,0.0,0.0,0.0,0.0,0.0,0.0,0.0,0.0,0.0,0.0,0.0,0.0,0.0,0.0,0.0,0.0,0.0,0.0,0.0,0.0,0.0,0.0,0.0,0.0,0.0011167836630504148,0.0,0.0,0.0,0.0,0.030298013245033114,0.0,0.00016803898504453034,0.0,0.0,0.0014354066985645933,0.0,0.0,0.0001905850962454736,0.0,0.0,0.0,0.0,0.0,0.0
d__Bacteria;p__Bacillota_A_368345;c__Clostridia_258483;o__Christensenellales;f__Aristaeellaceae;g__SFMI01,0.0,0.0,0.0,0.0,0.0,0.0,0.0,0.0,0.0,0.0,0.0,0.0,0.0,0.0,0.0,0.0,0.0,0.0,0.0,0.0036770583533173463,0.0,0.0,0.0,0.0,0.0,0.001841620626151013,0.0,0.0,0.0,0.0,0.0,0.0,0.0,0.0,0.0,0.0,0.0,0.0,0.0,0.0035222542427153377,0.0,0.005829959514170041,0.0,0.00016254876462938882,0.00017546938059308652,0.0,0.0,0.018837018837018837,0.00048038430744595676,0.0,0.0,0.0003192338387869114,0.0,0.0,0.0,0.0,0.0,0.0,0.0,0.0,0.0,0.0,0.0,0.0,0.00016644474034620507,0.0,0.0,0.001281640499839795,0.0,0.0006389776357827476,0.0,0.0,0.0,0.0,0.0033551121313791276,0.0,0.0,0.0,0.0,0.00016869095816464237,0.0001598721023181455,0.000160333493666827,0.0,0.0,0.0,0.0006620324395895399,0.0,0.0,0.0,0.0,0.0,0.0,0.0,0.0,0.0,0.0,0.0,0.0,0.0,0.0,0.0,0.0,0.0,0.0,0.0,0.0,0.0,0.0,0.0,0.0,0.0,0.0,0.0,0.0,0.0,0.0,0.0,0.0,0.0,0.0,0.0,0.0,0.0,0.0,0.0,0.0,0.0,0.0,0.0,0.0,0.0,0.0,0.0,0.0,0.0,0.0,0.0,0.0,0.0,0.0,0.0,0.0,0.0
d__Bacteria;p__Bacillota_A_368345;c__Clostridia_258483;o__Lachnospirales;f__Lachnospiraceae;g__Ventrisoma,0.0,0.0,0.0,0.0,0.0,0.0,0.0,0.0,0.010088070456365093,0.0,0.0,0.0,0.0,0.0,0.0,0.0,0.0,0.0,0.0,0.0014388489208633094,0.0,0.0,0.0,0.0,0.0,0.0003348401138456387,0.0,0.0,0.0,0.0,0.0,0.0,0.0,0.0,0.0008164598301763554,0.0,0.0,0.0,0.0,0.0009606147934678194,0.0,0.0,0.0006487187804086928,0.0,0.0,0.0,0.0,0.0063882063882063885,0.0,0.0,0.0,0.0,0.0,0.0,0.0,0.0,0.0,0.0,0.0,0.0,0.0008134049129656743,0.0,0.0,0.0,0.00016644474034620507,0.0,0.00975531744762514,0.006568407561678949,0.0,0.0,0.0,0.0,0.00016329196603527107,0.0002069108214359611,0.0005297545470598623,0.00019051247856734617,0.0,0.0,0.0,0.0,0.0001598721023181455,0.000641333974667308,0.0011196417146513116,0.0,0.0,0.0014895729890764648,0.0,0.0011739057521381855,0.0,0.04043998705920414,0.001454192922927775,0.0,0.00016644474034620507,0.0,0.0,0.0,0.0,0.0,0.0,0.0,0.0,0.0,0.0,0.0,0.0012974375608173856,0.0,0.0,0.0,0.0,0.0,0.0,0.0,0.0,0.0,0.0,0.0,0.0,0.0,0.0,0.0,0.0,0.0,0.0,0.0,0.0,0.0,0.0,0.0,0.0,0.0,0.000504116955133591,0.0,0.0,0.0,0.0,0.00016015374759769378,0.0,0.0,0.0004861448711716091,0.0,0.0,0.0,0.0
d__Bacteria;p__Bacillota_A_368345;c__Clostridia_258483;o__Lachnospirales;f__Lachnospiraceae;g__Coprococcus_A_121497,0.0,0.0,0.0,0.0,0.0,0.0,0.0,0.0,0.0,0.0,0.0,0.0,0.0,0.0,0.0,0.0,0.0,0.0,0.0,0.00047961630695443646,0.0,0.0003211303789338471,0.0,0.0,0.0,0.0010045203415369162,0.0,0.0,0.0,0.0,0.0,0.0,0.0,0.0,0.01714565643370346,0.0,0.0,0.0,0.0006417455478902615,0.004803073967339097,0.0011234151821537474,0.0011336032388663967,0.0,0.0,0.0,0.0,0.0,0.0,0.0,0.0009598464245720685,0.0,0.0,0.0024228719108383137,0.0,0.0,0.0,0.0,0.0,0.0014423076923076924,0.00033140016570008286,0.008947454042622418,0.0,0.0,0.00032862306933946765,0.00016644474034620507,0.0,0.0,0.0,0.0,0.0,0.0,0.005422424348434493,0.00032658393207054214,0.0006207324643078833,0.0001765848490199541,0.010668698799771385,0.0004916420845624386,0.0012773431262973016,0.0,0.0,0.0,0.003687670354337021,0.02527191298784389,0.0,0.0009624639076034649,0.0023171135385633896,0.0,0.001006204930404159,0.0,0.00016175994823681658,0.0011310389400549362,0.0,0.0008322237017310253,0.00694815606627472,0.0,0.0,0.0,0.0,0.0,0.0,0.0,0.0,0.0,0.0,0.001621796951021732,0.0,0.0,0.0,0.0,0.0,0.0,0.0,0.0,0.00048340315823396714,0.0,0.0,0.0,0.0,0.0,0.0,0.0,0.0,0.0,0.0,0.0,0.0,0.0,0.0,0.0,0.0,0.0,0.0,0.0,0.0,0.0,0.0,0.0,0.0,0.002106627775076973,0.0,0.0,0.0,0.0
d__Bacteria;p__Bacillota_A_368345;c__Clostridia_258483;o__Lachnospirales;f__Lachnospiraceae;g__Eubacterium_F,0.0,0.0,0.0,0.0,0.0,0.0,0.0,0.0,0.0001601281024819856,0.0,0.0,0.0,0.0,0.0,0.0,0.0,0.0,0.0,0.0,0.0001598721023181455,0.00016260162601626016,0.0,0.0,0.0,0.0,0.0,0.0,0.0,0.0,0.0,0.0,0.00015936254980079682,0.0,0.0,0.003919007184846506,0.0,0.0,0.0,0.0,0.001440922190201729,0.0,0.006477732793522267,0.0009730781706130393,0.004876462938881665,0.010879101596771364,0.0,0.0,0.0,0.0001601281024819856,0.00015997440409534473,0.0001601024655779699,0.0,0.0009691487643353255,0.0,0.000641333974667308,0.005439129739241722,0.0,0.0,0.0008012820512820513,0.0,0.0,0.0,0.005757236526467296,0.000985869208018403,0.003328894806924101,0.0,0.0,0.0006408202499198974,0.0,0.021405750798722045,0.001278568003835704,0.002798670631450061,0.007348138471587198,0.0004138216428719222,0.0,0.004953324442751,0.0,0.0,0.00032770768474520726,0.0,0.01662669864108713,0.0,0.0014395393474088292,0.006854774430097242,0.0003208213025344883,0.004965243296921549,0.00047793531942010514,0.0,0.0,0.0008087997411840828,0.004362578768783325,0.0,0.0006657789613848203,0.00516657758774274,0.0,0.0006213753106876554,0.0,0.0,0.0025727608940344106,0.0,0.0018796992481203006,0.0,0.0006491398896462187,0.0,0.000810898475510866,0.0,0.0,0.0,0.0,0.0,0.0012839030653185683,0.0,0.0,0.00016113438607798906,0.0,0.0,0.0004986702127659574,0.0,0.0,0.0,0.0,0.004333172845450169,0.002277904328018223,0.000797702616464582,0.0,0.0,0.0,0.0,0.0,0.0,0.0,0.0,0.0,0.0,0.0,0.0,0.0,0.0,0.0,0.0,0.0,0.0,0.002770083102493075
d__Bacteria;p__Bacillota_A_368345;c__Clostridia_258483;o__Oscillospirales;f__Acutalibacteraceae;g__Anaeromassilibacillus,0.0,0.0,0.0,0.0,0.0,0.00032030749519538755,0.0,0.0,0.0001601281024819856,0.0,0.0,0.0,0.0,0.0,0.00016053941242575052,0.0,0.0,0.0,0.0,0.0007993605115907274,0.0004878048780487805,0.0,0.00112,0.0,0.00048023051064510964,0.0,0.0,0.0,0.0,0.0,0.0,0.0007968127490039841,0.0,0.0,0.0008164598301763554,0.0,0.0,0.0,0.005133964383122092,0.0003202049311559398,0.0,0.0,0.0001621796951021732,0.00016254876462938882,0.0007018775223723461,0.0032954358213873785,0.0,0.0013104013104013104,0.0,0.0,0.0,0.0,0.0,0.0,0.0,0.0007998720204767237,0.0,0.0,0.0,0.0021541010770505385,0.0,0.0,0.00031984647369262754,0.00032862306933946765,0.0,0.0,0.0017591556053094515,0.0028836911246395386,0.0,0.0,0.004474988013424964,0.0,0.0,0.0,0.0012360939431396785,0.0005715374357020385,0.0,0.0003193357815743254,0.001310830738980829,0.0,0.0,0.000481000481000481,0.0030390275111964174,0.0,0.0,0.0024826216484607746,0.0,0.0005031024652020795,0.0001622849724115547,0.009058557101261728,0.0008078849571820973,0.00017543859649122806,0.0,0.0,0.0,0.0,0.0,0.0,0.000964785335262904,0.00016385384237260363,0.0,0.0,0.0,0.0021548151831592907,0.00048653908530651963,0.0,0.0011572160687716977,0.004888381945576014,0.0,0.0,0.0006419515326592842,0.0,0.0,0.004189494038027715,0.00230566534914361,0.0,0.0,0.0,0.0,0.0,0.0001598721023181455,0.0,0.0,0.0,0.0,0.0,0.0016305233980107615,0.0,0.0009933774834437086,0.000956327701625757,0.0018484288354898336,0.0,0.0,0.0,0.00032056419297964416,0.0,0.0,0.0033063316250619935,0.0,0.007221954742416947,0.0,0.0,0.0016294606485253381
d__Bacteria;p__Bacillota_A_368345;c__Clostridia_258483;o__Oscillospirales;f__Ruminococcaceae;g__Ruminococcus_C_58660,0.0,0.0,0.0,0.0,0.0,0.00016015374759769378,0.0,0.0,0.0009607686148919135,0.0,0.0,0.0,0.0,0.0,0.0,0.0,0.0,0.0,0.0,0.000319744204636291,0.0,0.00016056518946692356,0.0,0.0,0.0,0.00016742005692281934,0.0,0.0009587727708533077,0.0,0.0,0.0006419515326592842,0.0,0.0,0.0,0.0009797517962116264,0.0,0.0009592326139088729,0.005628819556127372,0.0009626183218353923,0.0003202049311559398,0.0025678061306371367,0.00016194331983805668,0.0003243593902043464,0.00032509752925877764,0.0,0.002965892239248641,0.00016017940092904052,0.0,0.0,0.00047992321228603423,0.0003202049311559398,0.0,0.00016152479405588758,0.0,0.0,0.00015997440409534473,0.0033503509891512446,0.0,0.0,0.00115990057995029,0.0,0.0011330527678860473,0.0,0.0,0.0004993342210386152,0.000643293663557414,0.00047976971053894133,0.004165331624479333,0.0,0.0022364217252396168,0.000958926002876778,0.0,0.0,0.0,0.0,0.002286149742808154,0.0,0.001117675235510139,0.0006554153694904145,0.0,0.0,0.000160333493666827,0.006397952655150352,0.0003188267176789415,0.0,0.0,0.0006372470925601402,0.0,0.0003245699448231094,0.0014558395341313492,0.0006463079657456778,0.0,0.00016644474034620507,0.0172813112417602,0.0,0.0,0.0,0.0,0.0,0.0,0.0023923444976076554,0.0,0.0,0.0,0.0003243593902043464,0.0,0.0,0.0,0.0,0.00016041065126724414,0.0,0.0,0.0,0.0,0.0,0.0,0.016123670212765957,0.0,0.0007208073041806823,0.0,0.0,0.0,0.0,0.0,0.0,0.0,0.0,0.0,0.0,0.016098182977366912,0.0,0.0,0.0,0.0,0.0,0.0,0.0,0.0,0.0006481931615621455,0.0,0.0,0.0,0.0
d__Bacteria;p__Desulfobacterota_G_459543;c__Desulfovibrionia;o__Desulfovibrionales;f__Desulfovibrionaceae;g__Desulfovibrio_446353,0.0,0.0,0.0,0.0,0.0,0.0,0.0,0.0,0.0,0.0,0.0,0.0,0.0,0.0,0.0,0.0,0.0011383964872336966,0.0,0.0,0.0022382094324540367,0.0,0.0,0.0,0.0,0.0,0.0011719403984597355,0.0,0.0,0.0,0.002891566265060241,0.0,0.0,0.0,0.0,0.0013063357282821686,0.0,0.0,0.0,0.0,0.0,0.0,0.0,0.003405773597145637,0.0,0.00017546938059308652,0.0,0.0,0.0,0.0001601281024819856,0.00015997440409534473,0.0,0.0,0.0,0.0,0.0,0.0,0.0,0.0,0.0,0.0,0.0,0.0,0.0,0.004929346040092014,0.0,0.0,0.0,0.0,0.0,0.0,0.0,0.005072590519503236,0.00016329196603527107,0.0002069108214359611,0.0003531696980399082,0.008001524099828539,0.00032776138970829236,0.0,0.0034409306898246766,0.00016869095816464237,0.0,0.0,0.0,0.0,0.0,0.0,0.0,0.0,0.0,0.0,0.0,0.0,0.01181757656458056,0.0,0.0,0.0,0.0,0.0,0.0,0.0,0.0,0.0,0.0,0.0,0.0,0.0,0.0,0.0,0.0,0.0,0.0,0.0,0.0,0.0,0.0,0.0,0.0,0.0,0.0,0.0,0.0,0.0,0.0,0.0,0.0,0.0,0.0,0.0,0.0,0.0,0.0,0.0,0.0,0.0,0.0,0.0,0.0,0.0,0.0,0.0,0.0,0.0,0.0
d__Bacteria;p__Actinomycetota;c__Coriobacteriia;o__Coriobacteriales;f__Eggerthellaceae;g__Slackia,0.0,0.0,0.0001669727834362999,0.0,0.0,0.0,0.0,0.0,0.0,0.0,0.0,0.00740366818105334,0.0,0.0,0.0,0.0,0.0,0.0,0.0,0.0,0.0,0.007385998715478484,0.0,0.0,0.0,0.0006696802276912774,0.0,0.0,0.0,0.0,0.0,0.0,0.0,0.0,0.0,0.0,0.0,0.015117401093599228,0.0,0.0,0.0,0.0,0.0,0.0,0.0,0.0,0.0,0.0067158067158067155,0.0,0.0,0.0,0.0,0.0,0.0,0.0,0.0,0.0,0.0,0.002564102564102564,0.003976801988400994,0.0,0.0,0.0,0.0,0.0,0.0,0.0,0.0,0.00016409583196586806,0.0,0.00479463001438389,0.0,0.0,0.0002069108214359611,0.0,0.0,0.0,0.0,0.0014746845813534328,0.0,0.0,0.002565335898669232,0.0,0.0,0.0,0.0013240648791790798,0.0,0.0,0.0,0.0,0.00016157699143641945,0.0,0.0,0.0,0.0,0.0,0.0,0.0003768607499528924,0.0,0.0,0.0,0.0,0.0,0.0,0.0,0.0,0.0,0.0,0.0,0.0,0.0017653667148130317,0.0,0.0,0.0,0.0,0.0,0.0,0.0,0.0,0.0,0.0,0.00016048788316482104,0.0,0.0,0.0,0.0,0.0,0.0,0.0,0.0,0.0,0.00017711654268508679,0.0,0.0,0.0,0.0,0.0,0.0,0.0,0.0,0.0033405712376816435,0.0,0.0
d__Bacteria;p__Bacillota_A_368345;c__Clostridia_258483;o__Eubacteriales;f__Anaerofustaceae;g__Anaerofustis,0.0,0.0,0.0,0.0,0.0,0.0,0.0,0.0,0.0001601281024819856,0.0,0.0,0.0,0.0,0.0,0.0,0.0,0.0,0.0,0.0,0.0,0.0,0.0,0.0,0.0,0.00048023051064510964,0.0,0.0,0.0,0.0,0.0,0.0,0.0,0.000643707756678468,0.0,0.0,0.00032071840923669016,0.0,0.0008041170794467674,0.00032087277394513073,0.0,0.0,0.0,0.0,0.0,0.0,0.00032954358213873783,0.00016017940092904052,0.0,0.0,0.00015997440409534473,0.0,0.0,0.0,0.0,0.0,0.0,0.0,0.0,0.0,0.0,0.0,0.0,0.0006396929473852551,0.0,0.0,0.0,0.0,0.0,0.0,0.0,0.0,0.0,0.0,0.0,0.0,0.0,0.0,0.0,0.0,0.0,0.0,0.000160333493666827,0.0,0.0,0.00016041065126724414,0.0,0.0,0.0,0.0,0.00016175994823681658,0.0,0.0,0.0,0.0,0.0012882447665056361,0.0,0.0,0.0,0.00016079755587715066,0.0,0.0,0.0,0.0,0.0013260401127134097,0.0,0.0,0.0,0.0014665145836728042,0.0,0.0,0.0,0.0,0.0,0.00016113438607798906,0.00016469038208168644,0.0001607717041800643,0.0,0.0,0.0,0.0,0.0,0.00048146364949446316,0.0,0.0,0.0,0.0,0.00016305233980107615,0.0,0.0,0.0,0.0,0.0,0.0,0.0,0.0011219746754287546,0.0,0.0,0.0,0.0,0.0003209757663296421,0.00033405712376816435,0.0,0.0022812449079354733
d__Bacteria;p__Bacillota_A_368345;c__Clostridia_258483;o__UBA1381;f__UBA1381;g__Hominilimicola,0.0003202562049639712,0.0014349489795918368,0.004007346802471197,0.0,0.021524234693877552,0.0,0.0,0.00031969309462915604,0.03266613290632506,0.0,0.018741633199464525,0.0010095911155981827,0.0,0.006251001763103062,0.0,0.0,0.0,0.0,0.0,0.00047961630695443646,0.01121951219512195,0.0006422607578676942,0.0,0.0,0.0,0.0015067805123053742,0.0,0.004154682007031001,0.017165991902834007,0.000642570281124498,0.0006419515326592842,0.0019123505976095618,0.0,0.00016736401673640169,0.0022860875244937948,0.025336754329698525,0.0001598721023181455,0.022836925056288194,0.001283491095780523,0.0,0.00048146364949446316,0.00534412955465587,0.0017839766461239053,0.0006501950585175553,0.00035093876118617303,0.0013181743285549513,0.013455069678039404,0.009009009009009009,0.0001601281024819856,0.00015997440409534473,0.0,0.0,0.00032304958811177516,0.0,0.020522687189353857,0.0,0.0001595405232929164,0.0014710689767898006,0.000641025641025641,0.0,0.006995282251504799,0.008255098737455488,0.011354549816088277,0.0006572461386789353,0.0008322237017310253,0.16645223544548085,0.09355509355509356,0.0006408202499198974,0.007384312438464063,0.0043130990415335465,0.0,0.001049501486793773,0.0004898758981058132,0.0,0.0003531696980399082,0.004762811964183654,0.0,0.0006386715631486508,0.0019662461084712438,0.0008434547908232119,0.0009592326139088729,0.002405002405002405,0.005918106206014076,0.0003188267176789415,0.0,0.0008275405494869249,0.0003186235462800701,0.0,0.00519311911716975,0.02685215140731155,0.0022620778801098725,0.0,0.0,0.0,0.0,0.0,0.0,0.0,0.00016079755587715066,0.0,0.0015379357484620643,0.0,0.0,0.0001657550140891762,0.0012974375608173856,0.0,0.001983798975037196,0.0,0.0,0.0012832852101379532,0.0,0.0,0.0,0.0017724782468578795,0.006422924901185771,0.010128617363344052,0.0,0.0,0.0,0.0,0.000319744204636291,0.04943026801476488,0.0,0.003190810465858328,0.0,0.0,0.02706668840697864,0.0,0.0004966887417218543,0.0,0.001008233910267182,0.0,0.0,0.008293460925039872,0.01009777207885879,0.00016015374759769378,0.0,0.0,0.0016204829039053639,0.006900978976087305,0.0,0.002390438247011952,0.010917386345119766
d__Bacteria;p__Pseudomonadota;c__Gammaproteobacteria;o__Enterobacterales_737866;f__Pasteurellaceae;g__Haemophilus_D_735815,0.0001601281024819856,0.00015943877551020407,0.18383703456336617,0.00033041467041136624,0.0,0.0,0.0,0.0,0.0,0.0006496670456391099,0.000502008032128514,0.001177856301531213,0.003026441541892322,0.004327616605225197,0.0,0.0,0.0008131403480240689,0.004487898701715018,0.0,0.0,0.0,0.025208734746307002,0.00112,0.0,0.0,0.0003348401138456387,0.0,0.0014381591562799617,0.0,0.0,0.0,0.00015936254980079682,0.0,0.0,0.0,0.0,0.00047961630695443646,0.000321646831778707,0.0,0.0,0.0011234151821537474,0.0,0.0,0.0,0.0005264081417792595,0.02455099686933597,0.0,0.0,0.0,0.0,0.0,0.0,0.0,0.0,0.004649671316337983,0.0,0.0,0.0,0.0,0.0,0.0,0.0001618646811265782,0.0,0.0,0.0,0.0,0.0,0.00016020506247997436,0.0,0.0,0.0,0.0,0.0,0.0,0.0,0.00019051247856734617,0.0,0.0,0.0004915615271178109,0.0,0.0,0.0,0.0,0.0003188267176789415,0.0,0.0,0.0,0.0,0.0,0.00016175994823681658,0.0,0.0003508771929824561,0.0,0.0010689470871191875,0.0,0.1619718309859155,0.0,0.0,0.0,0.0070457152220219565,0.0,0.0,0.0001622849724115547,0.02536051715564396,0.000810898475510866,0.028502415458937197,0.0,0.0029330291673456085,0.0,0.00048123195380173246,0.019579521746108167,0.0,0.27967257844474763,0.0,0.0,0.0001607717041800643,0.00016622340425531914,0.03966730646193218,0.0,0.05249772933696639,0.00047961630695443646,0.03306050393195314,0.0030914415880247317,0.0014358647096362476,0.0,0.018964963034394086,0.0013044187184086092,0.00048449612403100775,0.0013245033112582781,0.0,0.001008233910267182,0.027275947573503365,0.03508490868311439,0.0004784688995215311,0.002083667254367687,0.0,0.5671812464265295,0.0006612663250123987,0.0,0.00016048788316482104,0.0030065141139134794,0.00047808764940239046,0.00032589212970506764
d__Bacteria;p__Bacillota_A_368345;c__Clostridia_258483;o__Lachnospirales;f__Lachnospiraceae;g__Hungatella_A_128155,0.0022417934347477983,0.0,0.0001669727834362999,0.00033041467041136624,0.0,0.00016015374759769378,0.0,0.00031969309462915604,0.0036829463570856686,0.0,0.000502008032128514,0.0,0.00015928639694170118,0.0,0.0006421576497030021,0.0,0.0,0.0,0.0,0.00047961630695443646,0.0,0.0,0.0,0.0,0.0,0.0,0.0,0.0,0.0,0.0,0.0008024394158241052,0.0,0.0,0.005355648535564854,0.0,0.0,0.0,0.0,0.0032087277394513077,0.0,0.0020863424811426736,0.00016194331983805668,0.0,0.000812743823146944,0.0,0.0,0.0,0.0,0.0,0.0,0.0,0.0,0.0,0.0,0.0,0.0,0.0,0.0,0.0,0.0,0.00032536196518626975,0.00048559404337973454,0.0,0.0,0.0,0.0,0.0,0.004966356936879205,0.0,0.0,0.002237494006712482,0.00017491691446562882,0.0,0.0,0.0,0.0,0.00032776138970829236,0.0,0.0,0.0,0.0,0.0,0.0,0.0,0.0,0.0,0.0,0.017105483816870704,0.003083414475819539,0.00016175994823681658,0.0,0.0003508771929824561,0.0011651131824234355,0.0,0.0,0.0031068765534382767,0.0,0.000942151874882231,0.0,0.0004915615271178109,0.0003417634996582365,0.00032242463324197966,0.0,0.0,0.0,0.0,0.0,0.0,0.0,0.0,0.0,0.0,0.019554342883128694,0.0,0.0,0.0,0.0,0.0,0.0,0.046684831970935516,0.000319744204636291,0.0,0.0,0.0,0.0,0.0,0.00016305233980107615,0.0,0.0004966887417218543,0.0001593879502709595,0.0,0.0,0.0,0.0,0.001923385157877865,0.0,0.0,0.0,0.0,0.0008024394158241052,0.0005010856856522465,0.0,0.0
d__Bacteria;p__Pseudomonadota;c__Alphaproteobacteria;o__Sphingomonadales;f__Sphingomonadaceae_486827;g__Sphingomonas_L_486704,0.00048038430744595676,0.0,0.0,0.0,0.0,0.0,0.0,0.0,0.0,0.00016241676140977748,0.0,0.0,0.0,0.0,0.0,0.0,0.0001626280696048138,0.0,0.0,0.0,0.0,0.0,0.0,0.0,0.0,0.0,0.0,0.0,0.0,0.0,0.00016048788316482104,0.0,0.0,0.0,0.0,0.0,0.0,0.0,0.0,0.0,0.0,0.0,0.0,0.0,0.0,0.0,0.0,0.0,0.0,0.0,0.0,0.0,0.0,0.0,0.0,0.0,0.0,0.0,0.0,0.0,0.0,0.0,0.0,0.0,0.0,0.0,0.0,0.0,0.0,0.0,0.0,0.0,0.0,0.0,0.0,0.0,0.0,0.0,0.0,0.0,0.0,0.0,0.0,0.0,0.0,0.0,0.0,0.0,0.0,0.0,0.0,0.0,0.0,0.0,0.0,0.0,0.0,0.0,0.0,0.0,0.0,0.0,0.0,0.0,0.0,0.0,0.0,0.0,0.0,0.0,0.0,0.0,0.0,0.0,0.0,0.0,0.0,0.00399872040946897,0.0,0.0,0.0,0.0011234151821537474,0.0,0.0,0.0,0.00048216007714561236,0.0008152616990053808,0.0022609819121447027,0.0004966887417218543,0.0001593879502709595,0.0,0.0,0.0019224607497596924,0.0004784688995215311,0.0,0.0,0.0017152658662092624,0.00016531658125309968,0.0,0.00016048788316482104,0.0,0.0,0.002444190972788007
d__Bacteria;p__Pseudomonadota;c__Gammaproteobacteria;o__Pseudomonadales_A_650611;f__Pseudomonadaceae;g__Pseudomonas_E_647464,0.0,0.00031887755102040814,0.0008348639171814994,0.0,0.0009566326530612245,0.0,0.0,0.0,0.0,0.0008120838070488875,0.00016733601070950468,0.0008413259296651522,0.0,0.0006411283859592883,0.0008026970621287526,0.0011237758869802536,0.0003252561392096276,0.0,0.0007988496564946477,0.0,0.0006504065040650406,0.0,0.0,0.0,0.0,0.0,0.0,0.0,0.0,0.0,0.0,0.0,0.000160926939169617,0.00033472803347280337,0.0006531678641410843,0.0,0.0,0.0,0.0,0.0,0.0008024394158241052,0.0,0.0001621796951021732,0.0006501950585175553,0.0008773469029654326,0.0,0.00032035880185808104,0.0,0.0,0.0,0.0001601024655779699,0.0,0.0,0.0,0.000481000481000481,0.0,0.0,0.0,0.0,0.00115990057995029,0.0,0.0,0.00047976971053894133,0.0,0.0,0.001286587327114828,0.00047976971053894133,0.0,0.0,0.0,0.0,0.0,0.0,0.0,0.0,0.0,0.0,0.0,0.0,0.0,0.0,0.0,0.0,0.0,0.0,0.0,0.0,0.000335401643468053,0.0,0.0,0.0,0.0,0.0,0.0,0.0,0.0,0.0,0.0,0.0,0.0,0.0,0.0,0.0,0.0,0.00048653908530651963,0.0,0.0,0.0,0.0,0.0,0.0,0.0,0.0,0.0,0.0,0.0,0.0,0.0,0.0,0.0,0.0,0.0,0.0003254149040026033,0.0003190810465858328,0.0,0.0,0.0,0.0,0.00016556291390728477,0.0,0.0,0.0,0.0,0.0,0.0,0.0,0.0,0.0,0.0,0.0,0.0,0.0,0.0
d__Bacteria;p__Bacillota_A_368345;c__Clostridia_258483;o__Oscillospirales;f__CAG-272;g__RUG13077,0.0,0.0,0.0,0.0,0.0,0.0,0.0,0.0,0.0,0.0,0.0,0.0,0.0,0.0,0.0,0.0,0.0,0.0,0.0,0.0,0.0,0.0,0.0,0.0,0.0,0.0016742005692281935,0.0,0.0,0.0,0.0,0.0,0.0,0.0,0.0,0.0,0.0,0.0,0.0,0.0,0.0,0.0,0.0,0.0,0.0,0.0,0.0,0.0,0.0,0.0,0.0,0.0,0.0,0.0,0.0,0.0,0.0,0.0,0.0,0.0004807692307692308,0.0,0.0,0.0,0.0,0.00016431153466973383,0.0,0.0,0.0,0.0,0.0,0.0001597444089456869,0.0,0.0024488368025188034,0.005551926845199217,0.0006207324643078833,0.0003531696980399082,0.010859211278338731,0.0,0.0,0.0,0.0,0.0,0.0,0.0,0.0,0.0,0.00033101621979476995,0.0,0.000335401643468053,0.0,0.0,0.00016157699143641945,0.0,0.0,0.0,0.0,0.0,0.0,0.0,0.0,0.0,0.0,0.0,0.0,0.0,0.0001621796951021732,0.0,0.0,0.0,0.0,0.0,0.0,0.0,0.0,0.00048340315823396714,0.0,0.0,0.0,0.0,0.0,0.0,0.0,0.0,0.0006508298080052066,0.0,0.0,0.0,0.0,0.0,0.0,0.0,0.0,0.0,0.0,0.0,0.0,0.0,0.0,0.0,0.0,0.0,0.0,0.0,0.0
d__Bacteria;p__Bacillota_A_368345;c__Clostridia_258483;o__Oscillospirales;f__Oscillospiraceae_88309;g__Intestinimonas,0.0,0.0,0.0,0.0,0.0,0.0,0.0,0.0,0.0006405124099279424,0.0,0.0,0.0,0.0,0.0,0.0008026970621287526,0.0,0.002276792974467393,0.0,0.0,0.0,0.00016260162601626016,0.0003211303789338471,0.0,0.0,0.0,0.0,0.0,0.003355704697986577,0.0,0.0,0.0,0.0,0.0,0.0,0.005551926845199217,0.0,0.0,0.0,0.0,0.0,0.0,0.0,0.0003243593902043464,0.00828998699609883,0.0,0.0,0.0,0.0,0.0,0.0,0.0,0.0,0.00016152479405588758,0.0003186235462800701,0.0,0.0039993601023836185,0.0004786215698787492,0.0,0.0003205128205128205,0.0006628003314001657,0.0,0.0,0.0,0.00016431153466973383,0.0,0.0,0.0,0.0,0.0,0.0,0.0,0.00017491691446562882,0.0004898758981058132,0.0004138216428719222,0.0001765848490199541,0.00019051247856734617,0.0004916420845624386,0.0,0.0,0.0,0.0001598721023181455,0.0,0.0,0.0,0.0,0.0013240648791790798,0.0006372470925601402,0.0005031024652020795,0.0,0.0,0.001454192922927775,0.0007017543859649122,0.00033288948069241014,0.0,0.0,0.0,0.0,0.0,0.00016079755587715066,0.0004915615271178109,0.0,0.0,0.0,0.0,0.0,0.0,0.0,0.0,0.0,0.0,0.00016048788316482104,0.0,0.0,0.0,0.00016469038208168644,0.0,0.0,0.0,0.0,0.0,0.0,0.0,0.0,0.0,0.0,0.0,0.0,0.0,0.0016556291390728477,0.0,0.0,0.0,0.0,0.0,0.0,0.0,0.0,0.0,0.0064819316156214555,0.0003209757663296421,0.0,0.0,0.0
d__Bacteria;p__Bacillota_A_368345;c__Clostridia_258483;o__Oscillospirales;f__Oscillospiraceae_88309;g__Limivicinus,0.0,0.0,0.0,0.0,0.0,0.0,0.0,0.0,0.0,0.0,0.0,0.0,0.0,0.0,0.0,0.0,0.0,0.0,0.0,0.0020783373301358913,0.00016260162601626016,0.0,0.0,0.0,0.0,0.00786874267537251,0.0,0.0,0.0,0.0,0.0,0.0,0.0,0.008033472803347281,0.0004898758981058132,0.0,0.0,0.0,0.0,0.0003202049311559398,0.0,0.0009716599190283401,0.0,0.00032509752925877764,0.00701877522372346,0.0,0.0004805382027871216,0.005569205569205569,0.0,0.0,0.0011207172590457894,0.0,0.0,0.0,0.0,0.00047992321228603423,0.0,0.0,0.0,0.0016570008285004142,0.006181877338539124,0.0,0.00031984647369262754,0.00032862306933946765,0.004161118508655127,0.0,0.0,0.0,0.0,0.0,0.0,0.00034983382893125764,0.00016329196603527107,0.0,0.0017658484901995409,0.0013335873499714232,0.0024582104228121925,0.0,0.002785515320334262,0.003711201079622132,0.000319744204636291,0.0,0.0033589251439539347,0.00015941335883947074,0.00016041065126724414,0.0029791459781529296,0.0,0.001341606573872212,0.0,0.00048527984471044967,0.00016157699143641945,0.002105263157894737,0.002996005326231691,0.002137894174238375,0.0,0.0,0.0,0.0,0.0,0.0,0.0,0.0,0.0,0.0,0.0001621796951021732,0.0,0.0,0.0,0.0,0.003368623676612127,0.0,0.0,0.0,0.0019336126329358686,0.0,0.0004823151125401929,0.0031582446808510636,0.0,0.0007208073041806823,0.0,0.0,0.0,0.0032541490400260333,0.0,0.0,0.0,0.0,0.0,0.0,0.0,0.0,0.0,0.0,0.0,0.0,0.0,0.0,0.009918994875185981,0.0,0.0,0.0,0.0,0.0
d__Bacteria;p__Bacillota_A_368345;c__Clostridia_258483;o__Oscillospirales;f__Oscillospiraceae_88309;g__Faecousia,0.0,0.0,0.0,0.0,0.0,0.0,0.0,0.0,0.0,0.0,0.0,0.0,0.0,0.00032056419297964416,0.0,0.0,0.0006505122784192552,0.0,0.0,0.001278976818545164,0.0040650406504065045,0.0,0.00016,0.00016059097478721696,0.0,0.0005022601707684581,0.0,0.0,0.0,0.0001606425702811245,0.0,0.0,0.0,0.0,0.005878510777269758,0.0,0.0,0.0,0.0,0.003202049311559398,0.0,0.0006477732793522267,0.001621796951021732,0.0030884265279583875,0.008247060887875066,0.0011534025374855825,0.0,0.0009828009828009828,0.0016012810248198558,0.0,0.0004803073967339097,0.0001596169193934557,0.016314004199644645,0.0,0.0,0.016637338025915854,0.003669432035737077,0.0,0.004166666666666667,0.0034797017398508698,0.002440214738897023,0.0003237293622531564,0.0,0.013309234308248439,0.007490013315579228,0.0,0.00031984647369262754,0.0,0.0,0.0012779552715654952,0.0,0.013118768584922162,0.006368386675375572,0.0033105731429753774,0.0019424333392194949,0.014669460849685654,0.010652245165519502,0.0006386715631486508,0.0,0.00016869095816464237,0.0036770583533173463,0.000320666987333654,0.005598208573256558,0.00015941335883947074,0.0003208213025344883,0.008440913604766634,0.013382188943762944,0.006875733691095087,0.002596559558584875,0.007764477515367195,0.027952819518500566,0.004210526315789474,0.009986684420772303,0.010867628719045074,0.0,0.0,0.0,0.0,0.002090368226402959,0.0,0.002563226247436774,0.0,0.0,0.0,0.0001621796951021732,0.0,0.0,0.0,0.0,0.0,0.0,0.0,0.0,0.006606509829197551,0.0,0.0003215434083601286,0.0,0.0,0.0002402691013935608,0.0,0.0,0.0,0.003416856492027335,0.0003190810465858328,0.0,0.0,0.0,0.0,0.0,0.0,0.0,0.0,0.0,0.0,0.0,0.0,0.0,0.0,0.0011343380327337547,0.0006419515326592842,0.0,0.0,0.0
d__Bacteria;p__Bacillota_A_368345;c__Clostridia_258483;o__Oscillospirales;f__UBA644;g__UBA644,0.0,0.0,0.0,0.0,0.0,0.0,0.0,0.0,0.0001601281024819856,0.0,0.0,0.0,0.0,0.0008014104824491104,0.0,0.0,0.0,0.0,0.0,0.005915267785771383,0.0,0.0,0.0,0.0,0.0,0.0,0.0,0.0,0.0,0.0,0.0,0.0,0.0,0.0,0.00016329196603527107,0.0,0.0,0.0,0.0,0.0,0.0,0.00048582995951417006,0.0006487187804086928,0.0013003901170351106,0.0,0.0,0.0,0.0,0.0003202562049639712,0.00015997440409534473,0.0003202049311559398,0.0,0.00048457438216766274,0.0,0.0,0.0,0.0,0.0,0.0,0.0,0.00016268098259313488,0.0,0.0,0.00016431153466973383,0.0019973368841544607,0.0,0.0,0.0,0.0,0.0,0.0,0.0005247507433968865,0.00016329196603527107,0.0,0.0003531696980399082,0.00019051247856734617,0.0016388069485414618,0.0,0.00180239226609864,0.00033738191632928474,0.0,0.0,0.0,0.0,0.0003208213025344883,0.00016550810989738498,0.0,0.001341606573872212,0.010223953261927946,0.0,0.02649862659557279,0.0,0.0031624500665778962,0.0,0.0,0.0,0.0,0.0,0.0,0.0,0.0,0.0,0.0,0.0,0.0,0.0,0.0,0.0,0.0,0.0,0.0,0.0,0.0,0.0,0.0,0.0,0.0,0.0,0.0,0.0,0.0,0.0,0.00016270745200130165,0.0,0.0,0.0,0.0,0.0,0.0,0.0,0.0,0.0,0.0,0.0,0.0,0.0,0.0,0.0,0.0,0.0,0.0,0.0,0.0
d__Bacteria;p__Bacillota_A_368345;c__Clostridia_258483;o__Christensenellales;f__Aristaeellaceae;g__,0.0,0.0,0.0,0.0,0.0,0.0,0.0,0.0,0.0001601281024819856,0.0,0.0,0.0,0.0,0.0,0.0,0.0,0.0,0.0,0.0,0.00047961630695443646,0.00016260162601626016,0.0,0.0,0.0,0.0,0.002343880796919471,0.0,0.0,0.0,0.0011244979919678715,0.0,0.0,0.0,0.0,0.00016329196603527107,0.0,0.0,0.0,0.0,0.01633045148895293,0.00016048788316482104,0.00032388663967611336,0.007784625364904314,0.00048764629388816646,0.0,0.0,0.0006407176037161621,0.007698607698607698,0.0003202562049639712,0.004159334506478964,0.0033621517771373678,0.0,0.0008076239702794379,0.0003186235462800701,0.0,0.00303951367781155,0.0,0.0,0.00016025641025641026,0.00033140016570008286,0.001138766878151944,0.0,0.0,0.000985869208018403,0.0,0.0,0.0030385415000799615,0.0009612303748798462,0.0,0.0,0.0,0.0006996676578625153,0.00032658393207054214,0.0006207324643078833,0.004061451527458944,0.003619737092779577,0.0,0.0003193357815743254,0.0,0.00033738191632928474,0.0,0.002244668911335578,0.0012795905310300703,0.0003188267176789415,0.0016041065126724415,0.007116848725587554,0.0,0.001006204930404159,0.0,0.01698479456486574,0.006139925674583939,0.0,0.0016644474034620505,0.0008907892392659896,0.0,0.0,0.0,0.0,0.0,0.0,0.0010252904989747095,0.0,0.0,0.0,0.0006487187804086928,0.0,0.0,0.0,0.0,0.0,0.0,0.0,0.0,0.0,0.0,0.0,0.0,0.0,0.0,0.0,0.0,0.0,0.0,0.0,0.0,0.0,0.0,0.0,0.0,0.0,0.0,0.0,0.0,0.0,0.0,0.0,0.0,0.0,0.0011343380327337547,0.0,0.0,0.0,0.00016294606485253382
d__Bacteria;p__Bacillota_A_368345;c__Clostridia_258483;o__Christensenellales;f__Christensenellaceae;g__Christensenella,0.0,0.0,0.0,0.0,0.0,0.0,0.0,0.0,0.0003202562049639712,0.0,0.0,0.0,0.0,0.0,0.0,0.0009632364745545031,0.002439421044072207,0.0,0.0,0.0,0.0,0.0006422607578676942,0.00016,0.0,0.0,0.00016742005692281934,0.0,0.0,0.0,0.0,0.0,0.00047808764940239046,0.0,0.0018410041841004183,0.00032658393207054214,0.0004810776138550353,0.000639488409272582,0.0,0.0,0.002881844380403458,0.0,0.0,0.0,0.00016254876462938882,0.0,0.0,0.00032035880185808104,0.0009828009828009828,0.0003202562049639712,0.00015997440409534473,0.0008005123278898495,0.0,0.0,0.0,0.0,0.00015997440409534473,0.0001595405232929164,0.0,0.00016025641025641026,0.001988400994200497,0.00016268098259313488,0.0,0.00015992323684631377,0.0,0.0,0.0,0.0,0.0009612303748798462,0.0036101083032490976,0.0,0.0,0.0,0.0,0.0,0.0,0.0,0.00016388069485414618,0.0003193357815743254,0.0,0.00033738191632928474,0.0,0.0,0.0,0.0,0.0,0.0,0.00015931177314003505,0.001006204930404159,0.0,0.0,0.0003231539828728389,0.0,0.0,0.0,0.0,0.0,0.0,0.0,0.0,0.0,0.0,0.0,0.0,0.0,0.0,0.0,0.0033063316250619935,0.0,0.0,0.0,0.0,0.0,0.0,0.00048340315823396714,0.00016469038208168644,0.0,0.0009973404255319148,0.0,0.0,0.0,0.0,0.0,0.0,0.0,0.0,0.0,0.0,0.0,0.0,0.0,0.0,0.0,0.0008010253123998718,0.0,0.0,0.0,0.0,0.0,0.0009722897423432182,0.0,0.00016702856188408218,0.0,0.0
d__Bacteria;p__Bacillota_A_368345;c__Clostridia_258483;o__Christensenellales;f__CAG-138;g__,0.0,0.0,0.0,0.0,0.0,0.0,0.0,0.0,0.0,0.0,0.0,0.0,0.0,0.0,0.0,0.0,0.0,0.0,0.0,0.0,0.0,0.0,0.0,0.0,0.0,0.001841620626151013,0.0,0.0,0.0,0.0,0.0,0.0,0.0,0.0,0.0,0.0,0.0,0.0,0.0,0.0,0.0,0.0,0.0001621796951021732,0.0,0.0,0.0,0.0,0.0006552006552006552,0.0,0.0,0.0,0.0,0.00016152479405588758,0.0,0.0,0.0,0.0,0.0,0.0,0.0,0.0004880429477794046,0.0,0.0,0.00032862306933946765,0.00016644474034620507,0.0,0.0,0.0,0.0,0.0,0.0,0.001049501486793773,0.0062050947093403004,0.002276019035795572,0.0003531696980399082,0.001143074871404077,0.00032776138970829236,0.0,0.0,0.0,0.0,0.0,0.0,0.0,0.0,0.00016550810989738498,0.0,0.0,0.0,0.0,0.0,0.0,0.0009986684420772304,0.0,0.0,0.0,0.0,0.0,0.0,0.0,0.0,0.0,0.0,0.0,0.0,0.0,0.0,0.0,0.0,0.0,0.0,0.0,0.0,0.0,0.0,0.0,0.0,0.0,0.0,0.0,0.0,0.0,0.0,0.0,0.0,0.0,0.0,0.0,0.0,0.0,0.0,0.0,0.0,0.0,0.0,0.0,0.0,0.0,0.0,0.0,0.0,0.0,0.0
d__Bacteria;p__Bacillota_A_368345;c__Clostridia_258483;o__Oscillospirales;f__CAG-382;g__SFLA01,0.0,0.0,0.0,0.0,0.0,0.0,0.0,0.0,0.0,0.0,0.0,0.0,0.0,0.0,0.0,0.0,0.0,0.0,0.0,0.0,0.0,0.0,0.0,0.0,0.0,0.0021764607399966515,0.0,0.0,0.0,0.0,0.0,0.0,0.0,0.0,0.0,0.0,0.0,0.0,0.0,0.002081332052513609,0.0,0.0,0.0,0.004063719115734721,0.0,0.0,0.0,0.0,0.0001601281024819856,0.0,0.0,0.0,0.0,0.0,0.0,0.0,0.0,0.0,0.0,0.0,0.00032536196518626975,0.0,0.0,0.0,0.0,0.0,0.0,0.0,0.0,0.0,0.0,0.00034983382893125764,0.0006531678641410843,0.0004138216428719222,0.0014126787921596327,0.0009525623928367308,0.0004916420845624386,0.0,0.0,0.0,0.0,0.0,0.0,0.0,0.0,0.0016550810989738498,0.0,0.000335401643468053,0.0,0.0006470397929472663,0.011310389400549362,0.0,0.0004993342210386152,0.0,0.0,0.0,0.0,0.0,0.0,0.0,0.0,0.0,0.0,0.0,0.0001621796951021732,0.0,0.0,0.0,0.0,0.0,0.0,0.0,0.0,0.0,0.0,0.0,0.0,0.0,0.0,0.0,0.0,0.0,0.0,0.0,0.0,0.0,0.0,0.0,0.0,0.0,0.0,0.0,0.0,0.0,0.0,0.0,0.0,0.0,0.0,0.0,0.0,0.0,0.0
d__Bacteria;p__Bacillota_A_368345;c__Clostridia_258483;o__Oscillospirales;f__Oscillospiraceae_88309;g__Onthomonas,0.0,0.0,0.0,0.0,0.0,0.0,0.0,0.0,0.0,0.0,0.0,0.0,0.0,0.0,0.0,0.0,0.0,0.0,0.0,0.000319744204636291,0.0,0.0,0.0,0.0,0.0,0.0,0.0,0.0,0.0,0.0,0.0,0.0,0.0,0.0,0.0,0.0,0.0,0.0,0.0,0.0004803073967339097,0.0,0.0,0.0001621796951021732,0.00016254876462938882,0.0,0.0,0.0,0.0,0.0,0.0,0.0,0.0,0.0,0.0,0.0,0.0009598464245720685,0.0,0.0,0.0,0.0,0.0,0.0,0.0,0.0,0.00033288948069241014,0.0,0.0,0.0,0.0,0.0,0.0,0.0,0.0,0.0,0.0001765848490199541,0.00038102495713469235,0.0,0.0,0.0008192692118630182,0.0,0.0,0.000160333493666827,0.0,0.0,0.0,0.00033101621979476995,0.0,0.0,0.0,0.00016175994823681658,0.00016157699143641945,0.0,0.0,0.00427578834847675,0.0,0.0,0.0,0.0,0.0,0.0,0.0,0.0,0.0,0.0,0.0,0.0,0.0,0.0,0.0,0.0,0.0,0.0,0.0,0.0,0.0,0.0,0.0,0.0,0.0,0.0,0.0,0.0,0.0,0.0,0.0,0.0,0.0,0.0,0.0,0.0,0.0,0.0,0.0,0.0,0.0,0.0,0.0,0.0,0.0,0.0009629272989889263,0.0,0.0,0.0
d__Bacteria;p__Bacillota_A_368345;c__Clostridia_258483;o__Oscillospirales;f__Oscillospiraceae_88309;g__Evtepia,0.0,0.0,0.0,0.0,0.0,0.0,0.0,0.0,0.0,0.0,0.0,0.0,0.0,0.0,0.00048161823727725157,0.00048161823727725157,0.0,0.0,0.0,0.0,0.0006504065040650406,0.0,0.0016,0.00048177292436165086,0.0,0.001841620626151013,0.00047793531942010514,0.0,0.0,0.0,0.004333172845450169,0.0019123505976095618,0.0,0.004686192468619247,0.001959503592423253,0.0,0.0,0.0,0.003529600513396438,0.0004803073967339097,0.0,0.00048582995951417006,0.0014596172559195588,0.00016254876462938882,0.0,0.0,0.00032035880185808104,0.003931203931203931,0.0003202562049639712,0.02591585346344585,0.0004803073967339097,0.0,0.0,0.00015931177314003505,0.002084335417668751,0.00031994880819068947,0.0,0.0,0.000641025641025641,0.004142502071251036,0.001138766878151944,0.0,0.0007996161842315689,0.0,0.0,0.0,0.0,0.0009612303748798462,0.0003281916639317361,0.0001597444089456869,0.0,0.0,0.0,0.0006207324643078833,0.0005297545470598623,0.0,0.00032776138970829236,0.001596678907871627,0.00032770768474520726,0.00033738191632928474,0.000319744204636291,0.001282667949334616,0.0,0.0,0.0009624639076034649,0.0016550810989738498,0.0,0.001677008217340265,0.0,0.00048527984471044967,0.00016157699143641945,0.004210526315789474,0.00016644474034620507,0.0005344735435595938,0.0,0.0,0.0,0.0,0.000482392667631452,0.0,0.0,0.0,0.0,0.0,0.0001621796951021732,0.0,0.0033063316250619935,0.0,0.0,0.0,0.0,0.0,0.0,0.0012890750886239124,0.0,0.0,0.0013297872340425532,0.0,0.0,0.0,0.0,0.0,0.0019524894240156199,0.0038289725590299937,0.0,0.0,0.0,0.0,0.0,0.0007969397513547976,0.0,0.0,0.0,0.001594896331738437,0.0,0.0,0.0,0.0,0.0035650623885918,0.0016048788316482105,0.0,0.0,0.00032589212970506764
d__Bacteria;p__Bacillota_C;c__Negativicutes;o__Acidaminococcales;f__Acidaminococcaceae;g__Acidaminococcus,0.07830264211369095,0.0,0.0,0.0,0.0,0.0,0.0,0.0,0.0,0.0,0.0,0.0,0.0,0.0,0.0,0.0,0.0,0.0,0.0,0.0,0.0040650406504065045,0.0,0.0,0.0,0.0,0.0,0.0003186235462800701,0.0,0.0,0.0,0.0,0.0,0.0,0.0,0.0,0.0,0.0,0.00048247024766806047,0.006417455478902615,0.0,0.0,0.0,0.0,0.0,0.0,0.0,0.0,0.0,0.0,0.0,0.0,0.0,0.00016152479405588758,0.0,0.0,0.0,0.0,0.0,0.0,0.0,0.0,0.0,0.0,0.0,0.0,0.0,0.0,0.0,0.0,0.0,0.012945501038836503,0.0,0.0,0.0,0.0,0.0,0.0,0.0,0.0,0.0,0.0,0.0,0.0,0.0,0.0,0.0019860973187686196,0.0,0.0,0.0,0.00016175994823681658,0.002100500888673453,0.0,0.0,0.0019597363263851772,0.00032206119162640903,0.0,0.0,0.0,0.0,0.0,0.0,0.0,0.0,0.0,0.0,0.0,0.00033063316250619935,0.0,0.0,0.0,0.0006419515326592842,0.0,0.0,0.0,0.00016469038208168644,0.0,0.0,0.0,0.0,0.0,0.0,0.0,0.0,0.0,0.0,0.0,0.0,0.0,0.0,0.03952821166719796,0.0,0.0,0.0,0.007496012759170654,0.0,0.0,0.0,0.06447346668870887,0.0,0.0,0.0005010856856522465,0.0,0.0
d__Bacteria;p__Actinomycetota;c__Coriobacteriia;o__Coriobacteriales;f__Eggerthellaceae;g__Anaerotardibacter,0.0,0.0,0.0,0.0,0.0,0.0,0.0,0.0,0.0,0.0,0.0,0.0,0.0,0.0,0.0,0.0,0.0,0.0,0.0,0.0014388489208633094,0.0,0.00224791265253693,0.0,0.0,0.0,0.0,0.0,0.0,0.0,0.004497991967871486,0.0,0.0,0.0,0.0,0.0,0.0025657472738935213,0.0,0.012222579607590866,0.0,0.0006404098623118795,0.0,0.004048582995951417,0.0035679532922478106,0.0006501950585175553,0.0014037550447446921,0.012028340748063932,0.0,0.004095004095004095,0.0,0.0,0.007044508485430675,0.0,0.0,0.0,0.0,0.0,0.0,0.0,0.0,0.0,0.0006507239303725395,0.0,0.02430833200063969,0.0,0.0,0.0,0.0,0.0003204101249599487,0.0,0.0,0.0,0.00017491691446562882,0.0,0.0,0.0010595090941197245,0.0,0.0,0.0019160146894459523,0.00032770768474520726,0.0015182186234817814,0.0,0.0,0.0,0.0,0.0009624639076034649,0.0,0.0,0.001341606573872212,0.0,0.0,0.0,0.0,0.0,0.0012471049349723855,0.00032206119162640903,0.0,0.0,0.0,0.0,0.0,0.0,0.0,0.0,0.0,0.00048653908530651963,0.0,0.0,0.0,0.0,0.0,0.0,0.0,0.0,0.0,0.001152832674571805,0.0,0.0031582446808510636,0.0,0.0,0.0,0.0,0.0,0.0,0.0001595405232929164,0.0,0.0,0.00016305233980107615,0.0,0.0,0.0,0.0,0.0,0.0,0.0,0.0,0.0,0.0,0.0,0.0006481931615621455,0.0,0.0,0.0,0.0
d__Bacteria;p__Actinomycetota;c__Coriobacteriia;o__Coriobacteriales;f__Eggerthellaceae;g__Adlercreutzia_A_404257,0.0,0.0,0.0,0.0,0.0,0.0,0.0,0.0,0.003522818254603683,0.0,0.0,0.0,0.0,0.0,0.0,0.0,0.0,0.0,0.0,0.000319744204636291,0.0,0.0006422607578676942,0.0,0.0,0.0,0.0,0.0,0.0,0.0,0.0030522088353413654,0.0,0.0,0.0,0.0,0.00032658393207054214,0.0004810776138550353,0.013269384492406075,0.005467996140238018,0.0,0.0008005123278898495,0.0014443909484833895,0.00048582995951417006,0.002432695426532598,0.0,0.0,0.0,0.008329328848310107,0.0,0.0,0.003839385698288274,0.001601024655779699,0.0,0.0,0.0,0.0,0.0,0.0,0.0,0.0,0.0,0.00016268098259313488,0.0,0.0009595394210778827,0.00016431153466973383,0.0,0.0,0.00031984647369262754,0.0020826658122396666,0.0,0.0,0.001438389004315167,0.00034983382893125764,0.0,0.0,0.0010595090941197245,0.0005715374357020385,0.0,0.0007983394539358135,0.00016385384237260363,0.0,0.0,0.00160333493666827,0.0,0.0,0.0012832852101379532,0.0,0.0,0.0,0.0,0.0009705596894208993,0.0,0.0,0.0,0.0,0.0,0.0,0.0,0.0001884303749764462,0.0006431902235086027,0.0,0.0,0.0,0.0,0.0,0.0,0.00016103059581320451,0.0,0.0021182988430829396,0.0,0.0,0.0,0.0,0.0,0.0009668063164679343,0.00032938076416337287,0.0006430868167202572,0.0006648936170212766,0.0,0.0002402691013935608,0.0,0.0,0.0,0.0,0.0,0.0,0.0,0.0,0.0,0.0,0.0,0.0,0.0,0.0,0.0,0.0,0.0,0.0,0.0,0.0,0.0,0.0,0.0,0.0
d__Bacteria;p__Actinomycetota;c__Coriobacteriia;o__Coriobacteriales;f__Eggerthellaceae;g__Gordonibacter,0.0,0.0,0.0,0.0,0.0,0.0006406149903907751,0.0004823151125401929,0.0,0.0,0.0,0.0,0.0,0.0,0.0,0.0,0.00048161823727725157,0.0016262806960481379,0.0,0.0,0.0001598721023181455,0.0050406504065040655,0.0,0.00224,0.0017665007226593866,0.001440691531935329,0.0,0.0,0.006391818472355385,0.0,0.003534136546184739,0.0014443909484833895,0.0009561752988047809,0.0,0.0,0.0008164598301763554,0.0009621552277100705,0.001278976818545164,0.00048247024766806047,0.001283491095780523,0.0003202049311559398,0.0,0.00016194331983805668,0.0001621796951021732,0.0006501950585175553,0.0,0.0,0.0006407176037161621,0.0003276003276003276,0.0,0.0014397696368581027,0.003202049311559398,0.0001596169193934557,0.0,0.0,0.0,0.0006398976163813789,0.0,0.0,0.0,0.00033140016570008286,0.0004880429477794046,0.0001618646811265782,0.0,0.0,0.0,0.000321646831778707,0.007836238605469375,0.001762255687279718,0.0,0.0,0.000479463001438389,0.0,0.0,0.0002069108214359611,0.0,0.00019051247856734617,0.0,0.0,0.0,0.0028677462887989206,0.0,0.002084335417668751,0.0,0.0,0.0008020532563362208,0.0031446540880503146,0.0,0.0,0.0,0.0,0.001454192922927775,0.0,0.0,0.0,0.0,0.0,0.0,0.0,0.0,0.0,0.0,0.0,0.0,0.0,0.0,0.0,0.0006612663250123987,0.0017924067133778718,0.0,0.0003208213025344883,0.0,0.0,0.0,0.00048340315823396714,0.005105401844532279,0.0,0.0003324468085106383,0.0,0.0,0.0,0.0,0.0,0.0,0.0,0.002785058977719528,0.0,0.0006522093592043046,0.0,0.00033112582781456954,0.0,0.0,0.0,0.0,0.0003189792663476874,0.0014425388684083987,0.0,0.0,0.00016531658125309968,0.0,0.0,0.0005010856856522465,0.0,0.0006517842594101353
d__Bacteria;p__Pseudomonadota;c__Gammaproteobacteria;o__Burkholderiales;f__Burkholderiaceae_A_595427;g__Parasutterella_564865,0.052522017614091275,0.0,0.0,0.0,0.0,0.026905829596412557,0.0001607717041800643,0.0,0.0,0.0,0.0,0.0,0.0,0.0,0.0,0.0,0.0,0.0,0.0,0.0,0.0,0.0,0.0,0.0,0.0,0.0003348401138456387,0.0,0.0,0.0,0.0,0.0,0.0,0.0,0.014560669456066946,0.001959503592423253,0.0,0.0,0.0,0.0011230547088079577,0.0,0.0,0.00032388663967611336,0.0,0.004876462938881665,0.0,0.0,0.0,0.0,0.0,0.0,0.0,0.0,0.00016152479405588758,0.0006372470925601402,0.0,0.0017597184450487923,0.0003190810465858328,0.00016345210853220007,0.0,0.0,0.0009760858955588092,0.0,0.0,0.0,0.0,0.0,0.00047976971053894133,0.00016020506247997436,0.0,0.0,0.0,0.0005247507433968865,0.0,0.0002069108214359611,0.0,0.001143074871404077,0.0,0.0,0.012289038177945273,0.0,0.0007993605115907274,0.0,0.0,0.006217120994739359,0.0,0.0004965243296921549,0.0,0.0001677008217340265,0.0001622849724115547,0.0,0.0012926159314913556,0.0005263157894736842,0.0016644474034620505,0.0,0.0,0.0,0.0,0.0,0.011095031355523395,0.12403735867606096,0.0,0.0,0.0,0.0,0.0,0.0,0.0,0.0,0.0,0.0,0.0,0.0,0.0,0.0,0.0004940711462450593,0.0,0.004321808510638298,0.0,0.0,0.0,0.0,0.0,0.0019524894240156199,0.11391193363114231,0.01507208387942333,0.0003214400514304082,0.006685145931844122,0.0,0.0,0.0,0.0,0.0,0.12079461710990068,0.015311004784688996,0.006571565956082706,0.05140935297885971,0.0,0.0,0.00016204829039053638,0.0,0.007850342408551862,0.0,0.010102656020857097
d__Bacteria;p__Pseudomonadota;c__Gammaproteobacteria;o__Burkholderiales;f__Burkholderiaceae_A_595421;g__Oxalobacter,0.0,0.0,0.0,0.0,0.0,0.0,0.0,0.0,0.0,0.0,0.0,0.0,0.0,0.0009616925789389325,0.0,0.0,0.0,0.0,0.0,0.0,0.0,0.0,0.0,0.0,0.0,0.0,0.0,0.0,0.0,0.0,0.0,0.0,0.0,0.0,0.0,0.0,0.0,0.0,0.0,0.0,0.0,0.0,0.0,0.0,0.0,0.0,0.0,0.0,0.0003202562049639712,0.0,0.0,0.0,0.00032304958811177516,0.0,0.0,0.0,0.0,0.0,0.0,0.0,0.0,0.0,0.0,0.0004929346040092015,0.0004993342210386152,0.0,0.0,0.0,0.0,0.0,0.0,0.0005247507433968865,0.00016329196603527107,0.0014483757500517278,0.0,0.0,0.0,0.0,0.006881861379649353,0.0,0.0,0.0,0.0006397952655150352,0.0,0.0,0.0,0.0,0.0025155123260103976,0.0,0.0,0.0,0.0003508771929824561,0.005492676431424767,0.0,0.0,0.0,0.0,0.0,0.0,0.0,0.0,0.0,0.0,0.0,0.0001621796951021732,0.0,0.0,0.0,0.0,0.0,0.0,0.0,0.0,0.0,0.0,0.0,0.0,0.0,0.0,0.0,0.0,0.0,0.0006508298080052066,0.0,0.0,0.0,0.0,0.0,0.0,0.0,0.0,0.0,0.0,0.0,0.0,0.0,0.0,0.0,0.0016204829039053639,0.0,0.0,0.0,0.0
d__Bacteria;p__Bacillota_A_368345;c__Clostridia_258483;o__Oscillospirales;f__Acutalibacteraceae;g__UMGS1071,0.001921537229783827,0.0,0.0,0.0008260366760284157,0.0015943877551020409,0.004163997437540038,0.0012861736334405145,0.0,0.00048038430744595676,0.0,0.0,0.0,0.007486460656259956,0.0030453598333066195,0.0019264729491090063,0.0017659335366832557,0.0003252561392096276,0.0016028209648982208,0.0007988496564946477,0.000639488409272582,0.0,0.010276172125883108,0.00032,0.0012847277982977357,0.0,0.00016742005692281934,0.0,0.021572387344199424,0.0009716599190283401,0.0,0.0,0.0006374501992031873,0.0,0.0030125523012552303,0.005878510777269758,0.00016035920461834508,0.00047961630695443646,0.000321646831778707,0.0011230547088079577,0.0004803073967339097,0.0006419515326592842,0.0037246963562753035,0.0009730781706130393,0.004063719115734721,0.0024565713283032113,0.005437469105289174,0.003363767419509851,0.002457002457002457,0.0,0.0006398976163813789,0.0003202049311559398,0.0001596169193934557,0.00048457438216766274,0.0,0.003046336379669713,0.00303951367781155,0.0001595405232929164,0.008499509643674403,0.0028846153846153848,0.0,0.00016268098259313488,0.0003237293622531564,0.002718695026387334,0.00016431153466973383,0.0,0.0,0.0,0.001762255687279718,0.0,0.0011182108626198084,0.000319642000958926,0.0006996676578625153,0.00016329196603527107,0.0016552865714876887,0.0003531696980399082,0.006477424271289769,0.0014749262536873156,0.0012773431262973016,0.0034409306898246766,0.0010121457489878543,0.0009592326139088729,0.000160333493666827,0.0009596928982725527,0.00047824007651841227,0.0016041065126724415,0.0006620324395895399,0.00015931177314003505,0.0,0.0,0.0,0.0009694619486185168,0.0017543859649122807,0.0004993342210386152,0.0,0.0004830917874396135,0.0,0.0,0.0,0.000482392667631452,0.006554153694904146,0.0003417634996582365,0.0009672738997259391,0.0017851346965271017,0.002486325211337643,0.0035679532922478106,0.0008051529790660225,0.00033063316250619935,0.0,0.000801153661272232,0.0003208213025344883,0.0011234151821537474,0.0037240932642487044,0.0006821282401091405,0.0016113438607798904,0.004940711462450593,0.001607717041800643,0.00016622340425531914,0.0,0.0002402691013935608,0.0007266121707538601,0.0,0.0008024394158241052,0.00048812235600390497,0.002393107849393746,0.030471821756225426,0.0,0.0003261046796021523,0.0,0.006291390728476821,0.0001593879502709595,0.0033607797008906068,0.0,0.012015379685998077,0.0023923444976076554,0.0,0.0,0.0,0.008100512481401884,0.001296386323124291,0.0008024394158241052,0.0030065141139134794,0.0007968127490039841,0.0022812449079354733
d__Bacteria;p__Bacillota_A_368345;c__Clostridia_258483;o__Oscillospirales;f__Acutalibacteraceae;g__Hydrogeniiclostridium,0.0,0.0,0.0,0.0,0.0,0.0,0.0,0.0,0.0,0.0,0.0,0.0,0.0,0.0,0.0,0.00032107882485150104,0.0,0.0,0.00015976993129892953,0.0,0.0,0.00016056518946692356,0.0,0.0,0.0,0.0,0.0,0.0,0.0,0.0,0.0,0.0,0.0,0.00033472803347280337,0.0,0.0,0.0,0.0,0.00048130916091769613,0.0,0.0,0.0,0.0,0.0,0.003860326373047903,0.0,0.0,0.0,0.0,0.00015997440409534473,0.0,0.0001596169193934557,0.0,0.0,0.0,0.00047992321228603423,0.0001595405232929164,0.00016345210853220007,0.0,0.0016570008285004142,0.0,0.0,0.0,0.0,0.0,0.0,0.0,0.0,0.0,0.0006389776357827476,0.0,0.0,0.0,0.0,0.0,0.0,0.0,0.0,0.00032770768474520726,0.0,0.0,0.0,0.0,0.00015941335883947074,0.0,0.0,0.0,0.0,0.0,0.0,0.0,0.0,0.0004993342210386152,0.0,0.0,0.0,0.0,0.0,0.0,0.0,0.00017088174982911826,0.0,0.0,0.0,0.0,0.0,0.0,0.0,0.0,0.0,0.0,0.0,0.009777171441564347,0.00048340315823396714,0.00032938076416337287,0.0,0.001163563829787234,0.0,0.0,0.0,0.0,0.0,0.0,0.0,0.0,0.0,0.0,0.0,0.0,0.000318775900541919,0.0,0.0,0.0,0.0,0.0,0.0,0.0,0.0,0.0,0.0003209757663296421,0.0,0.00031872509960159364,0.0
d__Bacteria;p__Bacillota_A_368345;c__Clostridia_258483;o__Oscillospirales;f__Ruminococcaceae;g__Negativibacillus,0.0,0.0,0.0,0.0,0.0,0.0,0.0,0.0,0.0,0.0,0.0,0.0,0.0,0.0,0.0,0.0,0.0,0.0,0.0,0.0001598721023181455,0.0,0.0,0.0,0.0,0.0,0.0,0.0,0.0,0.0,0.0,0.0003209757663296421,0.0,0.0,0.0,0.0,0.0,0.0,0.0,0.0,0.0001601024655779699,0.0,0.0,0.0,0.0014629388816644994,0.0,0.0,0.0,0.0,0.0,0.0,0.0001601024655779699,0.0,0.0,0.0,0.0,0.0,0.0011167836630504148,0.0,0.0,0.0,0.0,0.0,0.0,0.0,0.0,0.0,0.00015992323684631377,0.0,0.0,0.0003194888178913738,0.0,0.0,0.0,0.0002069108214359611,0.0,0.0005715374357020385,0.0,0.0,0.0014746845813534328,0.0,0.0,0.0,0.0,0.00015941335883947074,0.0,0.0,0.0,0.000335401643468053,0.0001622849724115547,0.00016175994823681658,0.0,0.0,0.0009986684420772304,0.0,0.0,0.0,0.0,0.0,0.0,0.0011469768966082255,0.0,0.0,0.0,0.0003315100281783524,0.0,0.0006441223832528181,0.0,0.0006517842594101353,0.0,0.00048123195380173246,0.0,0.0,0.0,0.0006445375443119562,0.00016469038208168644,0.001607717041800643,0.0,0.0,0.0,0.0,0.0,0.0,0.0006508298080052066,0.0,0.0,0.0,0.0,0.0,0.0,0.0,0.0,0.0,0.0,0.0035087719298245615,0.0,0.0,0.0,0.0,0.0011343380327337547,0.0022468303643074948,0.0,0.0,0.0004888381945576015
d__Bacteria;p__Bacillota_A_368345;c__Clostridia_258483;o__Oscillospirales;f__QAKW01;g__,0.0,0.0,0.0,0.0,0.0,0.0,0.0,0.0,0.0001601281024819856,0.0,0.0,0.0,0.0,0.0,0.0,0.0,0.0,0.0,0.0,0.0001598721023181455,0.00016260162601626016,0.0,0.0,0.0,0.0,0.0,0.0,0.0,0.0,0.0,0.0,0.0,0.0,0.0008368200836820083,0.0004898758981058132,0.0,0.0,0.0,0.00048130916091769613,0.0,0.0,0.0,0.0,0.001625487646293888,0.0,0.0,0.0,0.0,0.0,0.0,0.0,0.0,0.00016152479405588758,0.00015931177314003505,0.0,0.0,0.0,0.0,0.0,0.0,0.0,0.0,0.0,0.000821557673348669,0.0,0.0,0.0,0.0,0.0,0.0,0.0,0.0015742522301906594,0.0013063357282821686,0.0014483757500517278,0.0,0.0,0.00016388069485414618,0.0,0.0014746845813534328,0.0,0.0,0.0,0.0006397952655150352,0.0,0.0,0.0,0.0,0.000335401643468053,0.0,0.00016175994823681658,0.0,0.0005263157894736842,0.0004993342210386152,0.0,0.0,0.0,0.0,0.0,0.0,0.0004915615271178109,0.0,0.0,0.0,0.0,0.0,0.0,0.0,0.0,0.0,0.00016041065126724414,0.0,0.0,0.0,0.0,0.0006587615283267457,0.0,0.0,0.0,0.0,0.0,0.0,0.0,0.0,0.0,0.0,0.0,0.0,0.0,0.0,0.0,0.0,0.0,0.0,0.0,0.0,0.0,0.0,0.0,0.0,0.0,0.0,0.0,0.0
d__Bacteria;p__Bacillota_A_368345;c__Clostridia_258483;o__Oscillospirales;f__Acutalibacteraceae;g__Clostridium_A_51961,0.0,0.0,0.0,0.0,0.0,0.0,0.0,0.0,0.0001601281024819856,0.0,0.0,0.0,0.0,0.0,0.029218173061486594,0.0,0.0,0.0011219746754287546,0.0,0.0,0.0,0.0,0.00016,0.0,0.00048023051064510964,0.0,0.0,0.0,0.0,0.0027309236947791163,0.0,0.0,0.0,0.00016736401673640169,0.0006531678641410843,0.0,0.0,0.0,0.0,0.002241434518091579,0.0,0.00016194331983805668,0.000810898475510866,0.0,0.0,0.0,0.00016017940092904052,0.000819000819000819,0.0,0.001919692849144137,0.0,0.0,0.0,0.0,0.000320666987333654,0.0,0.0,0.00016345210853220007,0.0004807692307692308,0.0006628003314001657,0.0006507239303725395,0.0,0.0,0.0,0.0,0.0001608234158893535,0.0,0.00016020506247997436,0.0,0.0001597444089456869,0.0,0.0,0.0,0.0,0.0001765848490199541,0.0,0.00016388069485414618,0.0001596678907871627,0.002130099950843847,0.0,0.0,0.0,0.0003198976327575176,0.00047824007651841227,0.0006416426050689766,0.00033101621979476995,0.0,0.0001677008217340265,0.0,0.0,0.0,0.0,0.0,0.00427578834847675,0.0,0.0,0.0,0.0,0.0,0.0,0.0010252904989747095,0.0,0.0,0.0,0.0001621796951021732,0.0,0.0,0.0,0.0,0.0,0.0,0.0,0.0,0.0,0.0,0.0,0.0,0.0,0.0,0.0,0.0,0.0,0.0,0.0,0.0,0.0,0.0017935757378118376,0.0,0.0,0.0,0.0,0.0,0.0,0.0,0.0,0.0,0.0,0.0,0.0008102414519526819,0.0006419515326592842,0.0,0.0,0.0
d__Bacteria;p__Bacillota_A_368345;c__Clostridia_258483;o__Monoglobales;f__Monoglobaceae;g__Monoglobus,0.0,0.0,0.0,0.0,0.0,0.0,0.0,0.0,0.0,0.0,0.0,0.005889281507656066,0.0,0.0,0.0,0.0,0.0,0.0,0.06997922990893114,0.0,0.0,0.0,0.00096,0.0,0.0,0.0,0.0,0.0,0.0,0.006265060240963855,0.0,0.0,0.0,0.0,0.0014696276943174395,0.0,0.0001598721023181455,0.0,0.0,0.0,0.0,0.0029149797570850204,0.007460265974699967,0.007964889466840052,0.0,0.0,0.0019221528111484864,0.0,0.0001601281024819856,0.00015997440409534473,0.0,0.0,0.0,0.0,0.0,0.00303951367781155,0.0,0.0,0.0,0.0,0.012526435659671384,0.0,0.00047976971053894133,0.0,0.0,0.0077195239626889674,0.31041100271869504,0.012335789810958026,0.0,0.0,0.000159821000479463,0.0,0.0,0.0,0.0012360939431396785,0.0,0.0,0.0014370110170844642,0.0,0.0023616734143049934,0.000319744204636291,0.0,0.011836212412028152,0.0,0.0,0.0,0.0,0.0,0.0,0.0,0.0004847309743092584,0.0,0.00016644474034620507,0.0,0.0,0.0,0.0,0.0,0.0,0.0,0.0,0.0,0.0,0.0,0.0,0.0,0.00033063316250619935,0.0,0.0,0.0,0.0,0.0,0.0,0.0,0.0,0.0,0.0,0.0,0.0,0.0,0.0,0.0,0.0,0.0014358647096362476,0.0,0.0,0.0,0.0,0.0,0.0,0.0,0.0,0.0,0.0,0.0,0.0,0.0,0.0,0.0,0.0,0.0,0.0,0.00016294606485253382
d__Bacteria;p__Bacillota_A_368345;c__Clostridia_258483;o__Oscillospirales;f__Ruminococcaceae;g__Ruminiclostridium_E,0.0,0.0,0.0,0.0,0.0,0.0,0.0,0.0,0.0,0.00016241676140977748,0.0,0.0,0.0,0.004327616605225197,0.0,0.0,0.02878516832005204,0.0,0.0,0.0,0.010081300813008131,0.0003211303789338471,0.00512,0.0,0.003521690411397471,0.0003348401138456387,0.0,0.00047938638542665386,0.0,0.0001606425702811245,0.0,0.0,0.0,0.0,0.002612671456564337,0.0,0.0,0.0,0.00032087277394513073,0.0001601024655779699,0.0,0.006801619433198381,0.0,0.00016254876462938882,0.008773469029654325,0.0,0.0,0.0003276003276003276,0.0001601281024819856,0.0,0.0003202049311559398,0.0,0.0016152479405588758,0.0,0.0,0.0,0.0001595405232929164,0.0,0.0,0.009776304888152444,0.0,0.0,0.0,0.0,0.0009986684420772304,0.0,0.0,0.0,0.0,0.0001597444089456869,0.0,0.0,0.0014696276943174395,0.0,0.0,0.0,0.0,0.0,0.0,0.00016869095816464237,0.007993605115907274,0.0,0.0,0.0,0.0,0.0004965243296921549,0.00047793531942010514,0.0,0.0003245699448231094,0.0,0.008078849571820973,0.00017543859649122806,0.0,0.0,0.0,0.0,0.0,0.0,0.0,0.0,0.004442925495557075,0.0,0.0,0.0,0.00048653908530651963,0.0,0.0,0.0,0.0,0.0,0.0,0.0,0.0,0.00016113438607798906,0.0,0.0,0.0019946808510638296,0.0,0.0,0.0,0.0015987210231814548,0.0,0.0,0.0,0.0,0.0,0.0,0.0,0.0,0.0,0.0,0.0,0.0,0.0,0.0,0.0,0.0,0.0,0.00016204829039053638,0.0,0.0,0.0,0.0
