#SampleID	d__Bacteria;__;__;__;__;__	d__Bacteria;p__Pseudomonadota;c__Gammaproteobacteria;o__Enterobacterales_737866;f__Enterobacteriaceae_A_725029;g__Escherichia	d__Bacteria;p__Pseudomonadota;c__Gammaproteobacteria;o__Burkholderiales;f__Burkholderiaceae_A_595427;g__Sutterella	d__Bacteria;p__Bacillota_A_368345;c__Clostridia_258483;o__Oscillospirales;f__Ruminococcaceae;g__Gemmiger_A_73129	d__Archaea;p__Methanobacteriota_A_1229;c__Methanobacteria;o__Methanobacteriales;f__Methanobacteriaceae;g__Methanobrevibacter_A	d__Bacteria;p__Bacteroidota;c__Bacteroidia;o__Bacteroidales;f__Bacteroidaceae;g__Bacteroides_H_857956	d__Bacteria;p__Bacteroidota;c__Bacteroidia;o__Chitinophagales;f__Chitinophagaceae;g__Hydrotalea	d__Bacteria;p__Actinomycetota;c__Actinomycetes;o__Actinomycetales;f__Bifidobacteriaceae;g__Bifidobacterium_388775	d__Bacteria;p__Bacillota_I;c__Bacilli_A;o__Lactobacillales;f__Enterococcaceae;g__Enterococcus_B	d__Bacteria;p__Bacillota_A_368345;c__Clostridia_258483;o__Lachnospirales;f__Lachnospiraceae;g__Blautia_A_141780	d__Bacteria;p__Bacillota_A_368345;c__Clostridia_258483;o__Lachnospirales;f__Lachnospiraceae;g__Eubacterium_G_180878	d__Bacteria;p__Bacillota_A_368345;c__Clostridia_258483;o__Christensenellales;f__;g__	d__Bacteria;p__Bacillota_A_368345;c__Clostridia_258483;o__Christensenellales;f__CAG-138;g__PeH17	d__Bacteria;p__Bacillota_A_368345;c__Clostridia_258483;o__Christensenellales;f__Christensenellaceae;g__	d__Bacteria;p__Bacillota_I;c__Bacilli_A;o__Lactobacillales;f__Lactobacillaceae;g__Lactobacillus	d__Bacteria;p__Bacillota_A_368345;c__Clostridia_258483;o__Lachnospirales;f__Lachnospiraceae;__	d__Bacteria;p__Bacillota_I;c__Bacilli_A;o__Lactobacillales;f__Lactobacillaceae;g__Lacticaseibacillus	d__Bacteria;p__Bacillota_I;c__Bacilli_A;o__Erysipelotrichales;f__Erysipelotrichaceae;g__Clostridium_AQ	d__Bacteria;p__Bacillota_I;c__Bacilli_A;o__Lactobacillales;f__Lactobacillaceae;g__Leuconostoc_B	d__Bacteria;p__Bacillota_I;c__Bacilli_A;o__Staphylococcales;f__Gemellaceae;g__Gemella	d__Bacteria;p__Bacillota_I;c__Bacilli_A;o__Lactobacillales;f__Aerococcaceae;g__Granulicatella	d__Bacteria;p__Bacillota_I;c__Bacilli_A;o__Lactobacillales;f__Streptococcaceae;g__Streptococcus	d__Bacteria;p__Bacillota_A_368345;c__Clostridia_258483;o__Oscillospirales;f__Ruminococcaceae;__	d__Bacteria;p__Bacillota_C;c__Negativicutes;o__Veillonellales;f__Veillonellaceae;g__Veillonella_A	d__Bacteria;p__Bacillota_I;c__Bacilli_A;o__Staphylococcales;f__Staphylococcaceae;g__Staphylococcus	d__Bacteria;p__Bacillota_I;c__Bacilli_A;o__Lactobacillales;f__Streptococcaceae;g__Lactococcus_A_346120	d__Bacteria;p__Bacillota_I;c__Bacilli_A;o__Lactobacillales;f__Enterococcaceae;g__Enterococcus_H_360604	d__Bacteria;p__Actinomycetota;c__Coriobacteriia;o__Coriobacteriales;f__Coriobacteriaceae;g__Collinsella	d__Bacteria;p__Bacillota_I;c__Bacilli_A;o__MOL361;f__Turicibacteraceae;g__Turicibacter	d__Bacteria;p__Actinomycetota;c__Coriobacteriia;o__Coriobacteriales;f__Eggerthellaceae;__	d__Bacteria;p__Bacillota_A_368345;c__Clostridia_258483;o__Oscillospirales;f__Acutalibacteraceae;g__Ruminococcus_E	d__Bacteria;p__Bacillota_I;c__Bacilli_A;o__Erysipelotrichales;f__Coprobacillaceae;g__Faecalibacillus	d__Bacteria;p__Bacillota_I;c__Bacilli_A;o__Erysipelotrichales;f__Coprobacillaceae;g__	d__Bacteria;p__Bacillota_I;c__Bacilli_A;o__Erysipelotrichales;f__Erysipelotrichaceae;g__Holdemania	d__Bacteria;p__Bacillota_I;c__Bacilli_A;o__Erysipelotrichales;f__Coprobacillaceae;g__Thomasclavelia	d__Bacteria;p__Bacillota_I;c__Bacilli_A;o__Erysipelotrichales;f__Coprobacillaceae;g__Coprobacillus	d__Bacteria;p__Bacillota_I;c__Bacilli_A;o__Erysipelotrichales;f__Erysipelotrichaceae;g__Bulleidia	d__Bacteria;p__Bacillota_I;c__Bacilli_A;o__Erysipelotrichales;f__Erysipelotrichaceae;g__Dielma	d__Bacteria;p__Bacillota_I;c__Bacilli_A;o__Erysipelotrichales;f__Erysipelotrichaceae;g__Merdibacter	d__Bacteria;p__Bacteroidota;c__Bacteroidia;o__Bacteroidales;f__Rikenellaceae;g__Alistipes_A_871400	d__Bacteria;p__Bacillota_I;c__Bacilli_A;o__Erysipelotrichales;f__Erysipelotrichaceae;g__Holdemanella	d__Bacteria;p__Bacillota_I;c__Bacilli_A;o__Erysipelotrichales;f__Erysipelotrichaceae;g__Longicatena	d__Bacteria;p__Bacillota_A_368345;c__Clostridia_258483;o__Peptostreptococcales;f__Peptostreptococcaceae_256921;__	d__Bacteria;p__Patescibacteria;c__Paceibacteria;o__UBA9973;f__UBA9973;g__	d__Bacteria;p__Patescibacteria;c__Paceibacteria;o__UBA9973;f__UBA9973;g__UBA9973	d__Bacteria;p__Actinomycetota;c__Coriobacteriia;o__Coriobacteriales;f__Eggerthellaceae;g__Eggerthella	d__Bacteria;p__Verrucomicrobiota;c__Verrucomicrobiae;o__Verrucomicrobiales;f__Akkermansiaceae;g__Akkermansia	d__Bacteria;p__Bacillota_A_368345;c__Clostridia_258483;o__Oscillospirales;f__Ruminococcaceae;g__Faecalibacterium	d__Bacteria;p__Bacteroidota;c__Bacteroidia;o__Flavobacteriales_B_877923;f__Flavobacteriaceae;g__Flavobacterium	d__Bacteria;p__Bacillota_C;c__Negativicutes;o__Veillonellales;f__Dialisteraceae;g__Dialister_36337	d__Bacteria;p__Bacillota_A_368345;c__Clostridia_258483;o__Lachnospirales;f__Lachnospiraceae;g__Blautia_A_141781	d__Bacteria;p__Bacillota_A_368345;c__Clostridia_258483;o__TANB77;f__CAG-508;g__	d__Bacteria;p__Bacillota_A_368345;c__Clostridia_258483;o__TANB77;f__CAG-508;__	d__Bacteria;p__Bacillota_A_368345;c__Clostridia_258483;o__TANB77;f__CAG-508;g__CAG-269	d__Bacteria;p__Bacillota_A_368345;c__Clostridia_258483;o__Oscillospirales;f__Oscillospiraceae_88309;g__Hominicoprocola	d__Bacteria;p__Bacteroidota;c__Bacteroidia;o__Bacteroidales;f__Marinifilaceae;g__Odoribacter_865974	d__Bacteria;p__Bacteroidota;c__Bacteroidia;o__Bacteroidales;f__Bacteroidaceae;g__Phocaeicola_A	d__Bacteria;p__Bacillota_A_368345;c__Clostridia_258483;o__Oscillospirales;f__Oscillospiraceae_88309;g__	d__Bacteria;p__Bacillota_A_368345;c__Clostridia_258483;o__Oscillospirales;f__Acutalibacteraceae;g__Eubacterium_R	d__Bacteria;p__Bacteroidota;c__Bacteroidia;o__Bacteroidales;f__Porphyromonadaceae;g__Porphyromonas_A	d__Bacteria;p__Actinomycetota;c__Actinomycetes;o__Actinomycetales;f__Actinomycetaceae;g__Pauljensenia	d__Bacteria;p__Bacteroidota;c__Bacteroidia;o__Bacteroidales;f__Bacteroidaceae;g__Prevotella	d__Bacteria;p__Bacteroidota;c__Bacteroidia;o__Bacteroidales;f__Tannerellaceae;g__Parabacteroides_B_862066	d__Bacteria;p__Bacillota_A_368345;c__Clostridia_258483;o__Oscillospirales;f__Oscillospiraceae_88309;g__Vescimonas	d__Bacteria;p__Bacteroidota;c__Bacteroidia;o__Bacteroidales;f__Rikenellaceae;g__Alistipes_A_871404	d__Bacteria;p__Bacillota_A_368345;c__Clostridia_258483;o__Christensenellales;f__Aristaeellaceae;g__Limiplasma	d__Bacteria;p__Bacillota_A_368345;c__Clostridia_258483;o__Lachnospirales;f__Lachnospiraceae;g__Clostridium_AP_143938	d__Bacteria;p__Bacteroidota;c__Bacteroidia;o__Bacteroidales;f__Marinifilaceae;g__Butyricimonas	d__Bacteria;p__Bacillota_A_368345;c__Clostridia_258483;o__Lachnospirales;f__Lachnospiraceae;g__Anaerostipes	d__Bacteria;p__Bacillota_A_368345;c__Clostridia_258483;o__Oscillospirales;f__Butyricicoccaceae;g__Agathobaculum	d__Bacteria;p__Bacillota_A_368345;c__Clostridia_258483;o__Clostridiales;f__Clostridiaceae_222000;g__Clostridium_T	d__Bacteria;p__Bacteroidota;c__Bacteroidia;o__Bacteroidales;f__Barnesiellaceae;g__Barnesiella_B	d__Bacteria;p__Patescibacteria;c__Saccharimonadia;o__Saccharimonadales;f__Nanosynbacteraceae;g__Nanosynbacter	d__Bacteria;p__Patescibacteria;c__Saccharimonadia;o__Saccharimonadales;f__Saccharimonadaceae;g__Saccharimonas	d__Bacteria;p__Patescibacteria;c__Saccharimonadia;o__Saccharimonadales;f__Nanogingivalaceae;g__Nanogingivalis	d__Bacteria;p__Cyanobacteriota;c__Chloroplast;o__;f__;g__	d__Bacteria;p__Bacillota_A_368345;c__Clostridia_258483;o__Oscillospirales;f__Acutalibacteraceae;g__Hominenteromicrobium	d__Bacteria;p__Bacillota_A_368345;c__Clostridia_258483;o__Oscillospirales;f__Acutalibacteraceae;g__UBA5905	d__Bacteria;p__Bacillota_A_368345;c__Clostridia_258483;o__Oscillospirales;f__Acutalibacteraceae;g__	d__Bacteria;p__Bacillota_A_368345;c__Clostridia_258483;o__Oscillospirales;f__Ruminococcaceae;g__Anaerotruncus	d__Bacteria;p__Bacillota_A_368345;c__Clostridia_258483;o__Oscillospirales;f__Acutalibacteraceae;g__Acutalibacter	d__Bacteria;p__Bacillota_A_368345;c__Clostridia_258483;o__Oscillospirales;f__Oscillospiraceae_88309;g__Dysosmobacter	d__Bacteria;p__Bacillota_A_368345;c__Clostridia_258483;o__Lachnospirales;f__Lachnospiraceae;g__Bariatricus	d__Bacteria;p__Bacillota_A_368345;c__Clostridia_258483;o__Oscillospirales;f__Oscillospiraceae_88309;__	d__Bacteria;p__Bacillota_A_368345;c__Clostridia_258483;o__Oscillospirales;f__Ruminococcaceae;g__Merdimmobilis	d__Bacteria;p__Bacillota_A_368345;c__Clostridia_258483;o__Lachnospirales;f__Lachnospiraceae;g__Anaerobutyricum	d__Bacteria;p__Bacillota_A_368345;c__Clostridia_258483;o__Oscillospirales;f__Ruminococcaceae;g__Angelakisella	d__Bacteria;p__Bacillota_A_368345;c__Clostridia_258483;o__Oscillospirales;f__Acutalibacteraceae;g__UBA737	d__Bacteria;p__Bacillota_A_368345;c__Clostridia_258483;o__Lachnospirales;f__Lachnospiraceae;g__Dorea_A	d__Bacteria;p__Bacillota_A_368345;c__Clostridia_258483;o__Oscillospirales;f__Ruminococcaceae;g__Ruthenibacterium	d__Bacteria;p__Bacillota_A_368345;c__Clostridia_258483;o__Lachnospirales;f__Lachnospiraceae;g__Lachnospira	d__Bacteria;p__Bacillota_A_368345;c__Clostridia_258483;o__Lachnospirales;f__Lachnospiraceae;g__	d__Bacteria;p__Bacillota_A_368345;c__Clostridia_258483;o__Oscillospirales;f__Ruminococcaceae;g__Hominimerdicola	d__Bacteria;p__Bacillota_A_368345;c__Clostridia_258483;o__Oscillospirales;f__Ruminococcaceae;g__Huintestinicola	d__Bacteria;p__Bacillota_A_368345;c__Clostridia_258483;o__Tissierellales;f__Peptoniphilaceae;g__Peptoniphilus_A	d__Bacteria;p__Bacillota_A_368345;c__Clostridia_258483;o__Tissierellales;f__Peptoniphilaceae;g__Ezakiella	d__Bacteria;p__Pseudomonadota;c__Alphaproteobacteria;o__Rickettsiales;f__Mitochondria;g__	d__Bacteria;p__Pseudomonadota;c__Alphaproteobacteria;o__Rhizobiales_505101;f__Rhizobiaceae;g__Mesorhizobium_I	d__Bacteria;p__Bacillota_A_368345;c__Clostridia_258483;o__Peptostreptococcales;f__Peptostreptococcaceae_256921;g__Romboutsia_B	d__Bacteria;p__Bacillota_A_368345;c__Clostridia_258483;o__Peptostreptococcales;f__Peptostreptococcaceae_256921;g__Peptostreptococcus	d__Bacteria;p__Bacillota_A_368345;c__Clostridia_258483;o__Peptostreptococcales;f__Anaerovoracaceae;__	d__Bacteria;p__Bacillota_A_368345;c__Clostridia_258483;o__Peptostreptococcales;f__Anaerovoracaceae;g__Lentihominibacter	d__Bacteria;p__Bacillota_A_368345;c__Clostridia_258483;o__Peptostreptococcales;f__Anaerovoracaceae;g__	d__Bacteria;p__Bacillota_A_368345;c__Clostridia_258483;o__Lachnospirales;f__Lachnospiraceae;g__Coprococcus_A_187866	d__Bacteria;p__Bacillota_A_368345;c__Clostridia_258483;o__Peptostreptococcales;f__Peptostreptococcaceae_256921;g__Terrisporobacter	d__Bacteria;p__Bacillota_A_368345;c__Clostridia_258483;o__Peptostreptococcales;f__Peptostreptococcaceae_256921;g__Intestinibacter	d__Bacteria;p__Bacillota_A_368345;c__Clostridia_258483;o__Lachnospirales;f__Lachnospiraceae;g__Fusicatenibacter	d__Bacteria;p__Bacillota_A_368345;c__Clostridia_258483;o__Oscillospirales;f__Acutalibacteraceae;g__CAG-177	d__Bacteria;p__Bacillota_A_368345;c__Clostridia_258483;o__Lachnospirales;f__Lachnospiraceae;g__Enterocloster	d__Bacteria;p__Bacillota_C;c__Negativicutes;o__Veillonellales;f__Dialisteraceae;g__Dialister_37762	d__Bacteria;p__Bacillota_A_368345;c__Clostridia_258483;o__Lachnospirales;f__Lachnospiraceae;g__Agathobacter_164117	d__Bacteria;p__Bacillota_A_368345;c__Clostridia_258483;o__Lachnospirales;f__Lachnospiraceae;g__Roseburia_A_166204	d__Bacteria;p__Bacillota_A_368345;c__Clostridia_258483;o__Christensenellales;f__Aristaeellaceae;g__Onthenecus	d__Bacteria;p__Actinomycetota;c__Actinomycetes;o__Mycobacteriales;f__Mycobacteriaceae;g__Lawsonella	d__Bacteria;p__Bacillota_A_368345;c__Clostridia_258483;o__Lachnospirales;f__Lachnospiraceae;g__Otoolea_134252	d__Bacteria;p__Bacillota_A_368345;c__Clostridia_258483;o__Oscillospirales;f__Acutalibacteraceae;g__CAG-217	d__Bacteria;p__Pseudomonadota;c__Gammaproteobacteria;o__Enterobacterales_737866;f__Enterobacteriaceae_A_725029;__	d__Bacteria;p__Bacillota_A_368345;c__Clostridia_258483;o__Lachnospirales;f__Lachnospiraceae;g__Schaedlerella	d__Bacteria;p__Actinomycetota;c__Actinomycetes;o__Actinomycetales;f__Actinomycetaceae;g__Actinomyces	d__Bacteria;p__Actinomycetota;c__Actinomycetes;o__Mycobacteriales;f__Mycobacteriaceae;g__Corynebacterium	d__Bacteria;p__Bacillota_A_368345;c__Clostridia_258483;o__;f__;g__	d__Bacteria;p__Bacillota_A_368345;c__Clostridia_258483;o__Lachnospirales;f__Anaerotignaceae;g__Anaerotignum_189125	d__Bacteria;p__Bacillota_A_368345;c__Clostridia_258483;o__Lachnospirales;f__Anaerotignaceae;g__	d__Bacteria;p__Bacillota_A_368345;c__Clostridia_258483;o__Oscillospirales;f__Acutalibacteraceae;g__Fimenecus	d__Bacteria;p__Bacillota_A_368345;c__Clostridia_258483;o__Peptostreptococcales;f__Anaerovoracaceae;g__Hominibacterium	d__Bacteria;p__Bacillota_A_368345;c__Clostridia_258483;o__Lachnospirales;f__Lachnospiraceae;g__Acetatifactor	d__Bacteria;p__Bacillota_A_368345;c__Clostridia_258483;o__Lachnospirales;f__Lachnospiraceae;g__Limivivens	d__Bacteria;p__Bacillota_A_368345;c__Clostridia_258483;o__Lachnospirales;f__Lachnospiraceae;g__Alitiscatomonas	d__Bacteria;p__Bacillota_A_368345;c__Clostridia_258483;o__Clostridiales;f__Clostridiaceae_222000;__	d__Bacteria;p__Bacillota_A_368345;c__Clostridia_258483;o__Oscillospirales;f__Oscillospiraceae_88309;g__Lawsonibacter	d__Bacteria;p__Bacillota_A_368345;c__Clostridia_258483;o__Tissierellales;f__Peptoniphilaceae;g__Parvimonas	d__Bacteria;p__Bacillota_A_368345;c__Clostridia_258483;o__Tissierellales;f__Peptoniphilaceae;g__Finegoldia	d__Bacteria;p__Bacillota_A_368345;c__Clostridia_258483;o__Lachnospirales;f__Lachnospiraceae;g__Sellimonas	d__Bacteria;p__Bacillota_A_368345;c__Clostridia_258483;o__Lachnospirales;f__Lachnospiraceae;g__Dorea_D_146760	d__Bacteria;p__Bacillota_A_368345;c__Clostridia_258483;o__Lachnospirales;f__Lachnospiraceae;g__Lachnoclostridium_B	d__Bacteria;p__Bacillota_A_368345;c__Clostridia_258483;o__Lachnospirales;f__Lachnospiraceae;g__Muricomes_149720	d__Bacteria;p__Bacillota_A_368345;c__Clostridia_258483;o__Lachnospirales;f__Lachnospiraceae;g__Merdimonas	d__Bacteria;p__Bacillota_A_368345;c__Clostridia_258483;o__Lachnospirales;f__Lachnospiraceae;g__Mediterraneibacter_A_155507	d__Bacteria;p__Bacillota_A_368345;c__Clostridia_258483;o__Lachnospirales;f__Lachnospiraceae;g__Hominisplanchenecus_A	d__Bacteria;p__Bacillota_A_368345;c__Clostridia_258483;o__Lachnospirales;f__Lachnospiraceae;g__Faecalimonas	d__Bacteria;p__Bacillota_A_368345;c__Clostridia_258483;o__Lachnospirales;f__Lachnospiraceae;g__Blautia_A_141893	d__Bacteria;p__Bacillota_A_368345;c__Clostridia_258483;o__Lachnospirales;f__Lachnospiraceae;g__Oribacterium	d__Bacteria;p__Bacillota_A_368345;c__Clostridia_258483;o__Tissierellales;f__Peptoniphilaceae;g__Fenollaria	d__Bacteria;p__Fusobacteriota;c__Fusobacteriia;o__Fusobacteriales;f__Fusobacteriaceae;g__Fusobacterium_C	d__Bacteria;p__Bacillota_A_368345;c__Clostridia_258483;o__Lachnospirales;f__Lachnospiraceae;g__Ruminococcus_B	d__Bacteria;p__Actinomycetota;c__Coriobacteriia;o__Coriobacteriales;f__Atopobiaceae;g__Lancefieldella	d__Bacteria;p__Bacillota_A_368345;c__Clostridia_258483;o__Lachnospirales;f__Lachnospiraceae;g__Massilistercora	d__Bacteria;p__Bacillota_A_368345;c__Clostridia_258483;o__Lachnospirales;f__Lachnospiraceae;g__Eubacterium_I	d__Bacteria;p__Bacillota_A_368345;c__Clostridia_258483;o__Oscillospirales;f__Ruminococcaceae;g__Paludihabitans	d__Bacteria;p__Bacillota_A_368345;c__Clostridia_258483;o__Lachnospirales;f__Lachnospiraceae;g__Eisenbergiella	d__Bacteria;p__Bacillota_A_368345;c__Clostridia_258483;o__Lachnospirales;f__Lachnospiraceae;g__Clostridium_R_135822	d__Bacteria;p__Bacillota_A_368345;c__Clostridia_258483;o__Christensenellales;f__Aristaeellaceae;g__SFMI01	d__Bacteria;p__Bacillota_A_368345;c__Clostridia_258483;o__Lachnospirales;f__Lachnospiraceae;g__Ventrisoma	d__Bacteria;p__Bacillota_A_368345;c__Clostridia_258483;o__Lachnospirales;f__Lachnospiraceae;g__Coprococcus_A_121497	d__Bacteria;p__Bacillota_A_368345;c__Clostridia_258483;o__Lachnospirales;f__Lachnospiraceae;g__Eubacterium_F	d__Bacteria;p__Bacillota_A_368345;c__Clostridia_258483;o__Oscillospirales;f__Acutalibacteraceae;g__Anaeromassilibacillus	d__Bacteria;p__Bacillota_A_368345;c__Clostridia_258483;o__Oscillospirales;f__Ruminococcaceae;g__Ruminococcus_C_58660	d__Bacteria;p__Desulfobacterota_G_459543;c__Desulfovibrionia;o__Desulfovibrionales;f__Desulfovibrionaceae;g__Desulfovibrio_446353	d__Bacteria;p__Actinomycetota;c__Coriobacteriia;o__Coriobacteriales;f__Eggerthellaceae;g__Slackia	d__Bacteria;p__Bacillota_A_368345;c__Clostridia_258483;o__Eubacteriales;f__Anaerofustaceae;g__Anaerofustis	d__Bacteria;p__Bacillota_A_368345;c__Clostridia_258483;o__UBA1381;f__UBA1381;g__Hominilimicola	d__Bacteria;p__Pseudomonadota;c__Gammaproteobacteria;o__Enterobacterales_737866;f__Pasteurellaceae;g__Haemophilus_D_735815	d__Bacteria;p__Bacillota_A_368345;c__Clostridia_258483;o__Lachnospirales;f__Lachnospiraceae;g__Hungatella_A_128155	d__Bacteria;p__Pseudomonadota;c__Alphaproteobacteria;o__Sphingomonadales;f__Sphingomonadaceae_486827;g__Sphingomonas_L_486704	d__Bacteria;p__Pseudomonadota;c__Gammaproteobacteria;o__Pseudomonadales_A_650611;f__Pseudomonadaceae;g__Pseudomonas_E_647464	d__Bacteria;p__Bacillota_A_368345;c__Clostridia_258483;o__Oscillospirales;f__CAG-272;g__RUG13077	d__Bacteria;p__Bacillota_A_368345;c__Clostridia_258483;o__Oscillospirales;f__Oscillospiraceae_88309;g__Intestinimonas	d__Bacteria;p__Bacillota_A_368345;c__Clostridia_258483;o__Oscillospirales;f__Oscillospiraceae_88309;g__Limivicinus	d__Bacteria;p__Bacillota_A_368345;c__Clostridia_258483;o__Oscillospirales;f__Oscillospiraceae_88309;g__Faecousia	d__Bacteria;p__Bacillota_A_368345;c__Clostridia_258483;o__Oscillospirales;f__UBA644;g__UBA644	d__Bacteria;p__Bacillota_A_368345;c__Clostridia_258483;o__Christensenellales;f__Aristaeellaceae;g__	d__Bacteria;p__Bacillota_A_368345;c__Clostridia_258483;o__Christensenellales;f__Christensenellaceae;g__Christensenella	d__Bacteria;p__Bacillota_A_368345;c__Clostridia_258483;o__Christensenellales;f__CAG-138;g__	d__Bacteria;p__Bacillota_A_368345;c__Clostridia_258483;o__Oscillospirales;f__CAG-382;g__SFLA01	d__Bacteria;p__Bacillota_A_368345;c__Clostridia_258483;o__Oscillospirales;f__Oscillospiraceae_88309;g__Onthomonas	d__Bacteria;p__Bacillota_A_368345;c__Clostridia_258483;o__Oscillospirales;f__Oscillospiraceae_88309;g__Evtepia	d__Bacteria;p__Bacillota_C;c__Negativicutes;o__Acidaminococcales;f__Acidaminococcaceae;g__Acidaminococcus	d__Bacteria;p__Actinomycetota;c__Coriobacteriia;o__Coriobacteriales;f__Eggerthellaceae;g__Anaerotardibacter	d__Bacteria;p__Actinomycetota;c__Coriobacteriia;o__Coriobacteriales;f__Eggerthellaceae;g__Adlercreutzia_A_404257	d__Bacteria;p__Actinomycetota;c__Coriobacteriia;o__Coriobacteriales;f__Eggerthellaceae;g__Gordonibacter	d__Bacteria;p__Pseudomonadota;c__Gammaproteobacteria;o__Burkholderiales;f__Burkholderiaceae_A_595427;g__Parasutterella_564865	d__Bacteria;p__Pseudomonadota;c__Gammaproteobacteria;o__Burkholderiales;f__Burkholderiaceae_A_595421;g__Oxalobacter	d__Bacteria;p__Bacillota_A_368345;c__Clostridia_258483;o__Oscillospirales;f__Acutalibacteraceae;g__UMGS1071	d__Bacteria;p__Bacillota_A_368345;c__Clostridia_258483;o__Oscillospirales;f__Acutalibacteraceae;g__Hydrogeniiclostridium	d__Bacteria;p__Bacillota_A_368345;c__Clostridia_258483;o__Oscillospirales;f__Ruminococcaceae;g__Negativibacillus	d__Bacteria;p__Bacillota_A_368345;c__Clostridia_258483;o__Oscillospirales;f__QAKW01;g__	d__Bacteria;p__Bacillota_A_368345;c__Clostridia_258483;o__Oscillospirales;f__Acutalibacteraceae;g__Clostridium_A_51961	d__Bacteria;p__Bacillota_A_368345;c__Clostridia_258483;o__Monoglobales;f__Monoglobaceae;g__Monoglobus	d__Bacteria;p__Bacillota_A_368345;c__Clostridia_258483;o__Oscillospirales;f__Ruminococcaceae;g__Ruminiclostridium_E
SRR23478191	0.0	4.795790545596741	0.0	0.0	0.0	5.247024072160486	0.0	3.1780538303479458	5.762051382780177	1.9459101490553132	3.7612001156935624	0.0	0.0	0.0	0.0	3.2188758248682006	0.0	0.6931471805599453	0.0	1.0986122886681098	2.1972245773362196	1.791759469228055	0.0	3.4965075614664802	0.0	0.0	0.0	0.0	0.0	1.0986122886681098	3.8066624897703196	0.0	0.0	0.0	2.9444389791664403	0.0	1.3862943611198906	1.6094379124341003	0.0	1.0986122886681098	0.0	0.0	0.0	0.0	0.0	2.5649493574615367	0.6931471805599453	5.308267697401205	0.0	0.0	4.442651256490317	0.0	0.0	0.0	0.0	0.0	6.293419278846481	0.0	0.0	0.0	2.0794415416798357	0.6931471805599453	3.295836866004329	0.0	0.0	0.0	0.0	0.0	4.007333185232471	2.70805020110221	0.0	0.0	0.0	0.0	0.0	0.0	0.0	0.0	0.0	0.0	0.0	0.0	0.0	0.0	0.0	1.9459101490553132	0.0	0.0	5.017279836814924	1.6094379124341003	3.367295829986474	0.0	0.0	0.0	0.0	0.0	0.0	0.0	0.6931471805599453	0.0	0.0	0.0	0.0	0.0	0.6931471805599453	0.0	2.3978952727983707	0.0	6.859614903654202	1.0986122886681098	7.730174795246222	0.0	0.0	0.0	0.0	0.0	0.0	2.3978952727983707	1.3862943611198906	0.0	0.0	0.0	0.0	0.0	0.0	0.0	0.0	1.791759469228055	0.0	0.0	0.0	0.0	0.6931471805599453	0.0	0.0	0.0	0.0	4.02535169073515	0.0	0.0	0.0	0.0	0.0	0.0	4.624972813284271	0.6931471805599453	0.0	2.302585092994046	0.0	0.0	0.0	0.0	0.0	0.0	0.0	0.0	0.0	0.0	0.0	0.0	1.0986122886681098	0.6931471805599453	2.70805020110221	1.3862943611198906	0.0	0.0	0.0	0.0	0.0	0.0	0.0	0.0	0.0	0.0	0.0	0.0	6.194405391104672	0.0	0.0	0.0	5.796057750765372	0.0	2.5649493574615367	0.0	0.0	0.0	0.0	0.0	0.0
SRR23478195	0.6931471805599453	4.890349128221754	0.0	0.6931471805599453	0.6931471805599453	1.0986122886681098	0.0	5.043425116919247	0.0	0.0	0.0	0.0	0.0	0.0	0.0	0.0	0.6931471805599453	0.0	0.0	0.6931471805599453	2.5649493574615367	2.4849066497880004	0.0	3.2188758248682006	1.0986122886681098	0.0	0.0	0.0	3.8066624897703196	0.0	0.0	0.0	0.0	0.0	1.0986122886681098	0.0	0.0	0.0	0.0	0.0	0.0	0.0	1.3862943611198906	0.0	0.0	0.0	4.343805421853684	1.791759469228055	0.0	0.0	3.5553480614894135	0.0	0.0	0.0	0.0	0.0	0.0	0.0	0.0	0.0	0.0	0.0	0.0	0.0	0.6931471805599453	0.0	0.0	0.0	0.0	0.0	3.871201010907891	0.0	0.0	0.0	0.0	0.6931471805599453	0.0	0.0	0.0	0.0	0.0	0.0	0.0	0.0	0.0	0.0	0.0	0.0	0.0	0.0	1.0986122886681098	0.0	0.0	0.0	0.0	0.0	0.0	0.0	8.646641258603124	0.0	0.0	0.0	0.0	0.0	0.0	1.3862943611198906	0.0	0.0	0.0	0.0	0.0	0.0	0.0	0.0	0.0	0.0	0.0	0.0	0.0	0.0	0.0	0.0	0.0	0.0	0.0	0.0	0.0	0.0	0.0	0.0	0.0	0.0	0.0	0.0	0.0	0.0	0.0	0.0	0.0	0.0	0.0	0.0	0.0	0.0	2.3978952727983707	0.0	0.0	0.0	0.0	0.0	0.0	0.0	0.0	0.0	0.0	0.0	0.0	0.0	0.0	0.0	2.302585092994046	0.6931471805599453	0.0	0.0	1.0986122886681098	0.0	0.0	0.0	0.0	0.0	0.0	0.0	0.0	0.0	0.0	0.0	0.0	0.0	0.0	0.0	0.0	0.0	0.0	0.0	0.0	0.0	0.0	0.0	0.0
SRR23478196	1.0986122886681098	5.796057750765372	0.0	0.0	0.0	1.0986122886681098	0.0	6.684611727667927	0.6931471805599453	3.7612001156935624	0.0	0.0	0.0	0.0	0.0	4.770684624465665	1.6094379124341003	1.9459101490553132	0.0	6.184148890937483	3.8501476017100584	5.988961416889864	0.0	6.5722825426940075	0.0	0.0	0.0	0.0	0.6931471805599453	0.0	0.0	0.6931471805599453	0.0	0.0	5.5254529391317835	0.0	0.0	0.0	0.0	0.0	0.0	0.0	0.0	0.6931471805599453	0.0	4.564348191467836	1.0986122886681098	0.0	0.0	0.0	0.0	0.0	0.0	0.0	0.0	0.0	0.0	0.0	0.6931471805599453	0.6931471805599453	3.091042453358316	2.3978952727983707	0.0	0.0	0.0	0.0	0.0	0.0	0.0	0.0	6.431331081933479	0.0	0.0	0.0	0.0	1.0986122886681098	0.0	0.0	0.0	0.0	0.0	0.0	0.0	0.0	0.0	0.0	0.0	0.0	0.0	0.0	0.0	0.0	0.0	0.0	0.6931471805599453	0.0	0.0	0.0	1.3862943611198906	0.0	0.0	0.0	0.0	0.0	1.9459101490553132	2.6390573296152584	0.0	0.0	1.6094379124341003	0.0	0.0	0.0	0.0	0.0	0.0	0.0	0.6931471805599453	0.0	0.0	0.6931471805599453	0.0	0.0	0.0	0.0	0.0	0.0	0.0	1.791759469228055	0.0	0.0	0.0	1.3862943611198906	4.7535901911063645	0.0	0.0	0.0	0.0	6.045005314036012	0.0	0.0	0.0	0.0	0.0	2.1972245773362196	5.796057750765372	0.0	0.0	0.0	0.0	0.0	0.0	0.0	0.0	0.0	0.0	0.0	0.0	0.0	0.6931471805599453	0.0	3.2188758248682006	7.004881989712859	0.6931471805599453	0.0	1.791759469228055	0.0	0.0	0.0	0.0	0.0	0.0	0.0	0.0	0.0	0.0	0.0	0.0	0.0	0.0	0.0	0.0	0.0	0.0	0.0	0.0	0.0	0.0	0.0	0.0
SRR23478197	0.0	3.6635616461296463	0.0	0.6931471805599453	0.0	5.926926025970411	0.0	7.1284959456800365	0.6931471805599453	0.0	0.0	0.0	0.0	0.0	0.0	0.0	0.0	1.9459101490553132	0.0	0.0	1.3862943611198906	7.9748769005588755	0.0	4.68213122712422	0.0	0.0	2.8903717578961645	0.6931471805599453	0.0	0.0	0.0	0.0	0.0	0.0	4.77912349311153	0.0	1.0986122886681098	0.0	0.0	0.0	0.0	0.0	0.0	1.0986122886681098	0.0	5.4116460518550396	2.5649493574615367	0.0	1.791759469228055	0.0	1.3862943611198906	0.0	0.0	0.0	0.0	0.0	6.095824562432225	0.0	0.0	0.0	2.4849066497880004	0.0	2.5649493574615367	0.0	0.0	0.0	0.0	0.0	4.0943445622221	0.0	1.6094379124341003	0.0	1.0986122886681098	0.0	0.6931471805599453	0.6931471805599453	0.0	0.0	0.0	0.0	0.0	0.0	0.0	0.0	0.0	0.0	0.0	0.0	0.0	0.0	0.0	0.0	0.0	0.0	0.0	0.0	1.3862943611198906	0.0	3.7612001156935624	0.0	0.0	0.0	0.0	0.0	2.0794415416798357	0.0	0.0	0.0	3.1780538303479458	0.0	0.0	0.0	0.0	0.0	0.0	0.0	0.0	0.0	0.0	0.0	0.0	0.0	0.0	0.0	0.0	0.0	0.0	0.0	0.0	2.4849066497880004	0.0	0.0	1.6094379124341003	0.0	0.0	0.0	0.0	0.0	0.0	0.0	0.0	0.0	0.0	0.0	5.8664680569332965	1.6094379124341003	0.0	0.0	0.0	0.0	0.0	0.0	0.0	0.0	0.0	0.0	0.0	0.0	0.0	0.0	0.0	1.0986122886681098	1.0986122886681098	0.0	0.0	0.0	0.0	0.0	0.0	0.0	0.0	0.0	0.0	0.0	0.0	0.0	0.0	0.0	0.0	0.0	0.0	0.0	1.791759469228055	0.0	0.0	0.0	0.0	0.0	0.0
SRR23478198	0.0	2.995732273553991	0.0	0.0	0.0	2.302585092994046	0.0	5.560681631015528	0.0	3.6109179126442243	0.0	0.0	0.0	0.0	0.0	0.0	0.0	3.6888794541139363	0.6931471805599453	1.791759469228055	2.302585092994046	5.187385805840755	0.0	2.0794415416798357	0.0	2.1972245773362196	6.802394763324311	5.575949103146316	0.0	0.0	0.0	0.0	3.258096538021482	0.0	4.941642422609304	0.0	3.258096538021482	0.0	0.0	0.0	0.0	3.044522437723423	0.0	0.0	0.0	0.0	4.406719247264253	4.276666119016055	1.3862943611198906	0.0	6.324358962381311	0.0	0.0	0.0	0.0	0.0	0.0	0.0	0.0	0.0	1.3862943611198906	0.0	0.0	0.0	0.0	0.0	3.4339872044851463	0.0	4.07753744390572	0.0	7.858640655620791	3.1354942159291497	0.0	0.0	0.0	0.0	0.0	0.0	0.0	1.9459101490553132	0.0	0.0	0.0	0.0	0.0	1.0986122886681098	0.0	0.0	3.8066624897703196	0.0	0.0	0.0	0.0	0.0	0.0	0.0	0.0	0.0	4.48863636973214	1.6094379124341003	0.0	0.0	0.0	1.9459101490553132	0.0	1.9459101490553132	0.0	0.0	0.0	0.0	1.9459101490553132	0.0	0.0	0.0	0.0	0.0	0.0	3.7376696182833684	0.6931471805599453	0.6931471805599453	0.0	0.0	0.0	0.0	0.0	0.0	0.0	0.0	0.0	0.0	0.0	0.0	0.0	0.0	0.0	0.0	0.0	1.6094379124341003	0.0	2.6390573296152584	0.0	0.0	0.0	0.0	5.521460917862246	0.0	0.0	0.0	0.0	5.697093486505405	0.0	0.0	0.0	0.0	0.0	0.0	0.0	0.0	0.0	0.0	4.912654885736052	0.0	0.0	0.0	1.9459101490553132	0.0	0.0	0.0	0.0	0.0	0.0	0.0	0.0	0.0	0.0	0.0	0.0	0.0	0.0	0.0	0.0	0.0	2.3978952727983707	0.0	0.0	0.0	0.0	0.0	0.0
SRR23478199	0.0	8.066835314417336	0.0	6.113682179832232	0.0	3.4965075614664802	0.0	4.962844630259907	0.0	3.332204510175204	0.0	0.0	0.0	0.0	0.0	3.4657359027997265	0.0	3.713572066704308	0.0	1.0986122886681098	0.0	3.9512437185814275	0.0	4.543294782270004	0.0	0.0	0.0	0.0	2.772588722239781	0.0	5.575949103146316	0.6931471805599453	0.0	0.0	4.727387818712341	1.3862943611198906	2.0794415416798357	0.0	0.0	0.6931471805599453	0.0	0.0	1.3862943611198906	0.0	0.0	5.062595033026967	2.302585092994046	5.37989735354046	0.0	0.0	6.26530121273771	0.0	0.0	0.0	0.0	0.0	0.0	0.0	0.0	0.0	0.0	0.0	0.0	0.0	0.0	0.0	4.02535169073515	0.0	2.4849066497880004	1.791759469228055	4.110873864173311	0.0	1.791759469228055	0.0	0.6931471805599453	0.6931471805599453	0.0	0.6931471805599453	5.37989735354046	0.0	1.9459101490553132	0.0	0.0	0.0	0.0	0.0	0.0	0.0	0.0	1.3862943611198906	3.044522437723423	0.0	3.4011973816621555	0.0	0.0	0.0	0.0	0.0	2.1972245773362196	0.0	0.0	0.0	0.0	0.0	0.0	2.995732273553991	4.174387269895637	0.0	1.0986122886681098	2.5649493574615367	3.5263605246161616	0.6931471805599453	0.0	0.0	0.0	0.0	0.0	2.0794415416798357	0.0	0.0	0.0	0.0	0.6931471805599453	0.0	0.0	1.0986122886681098	0.0	0.0	2.995732273553991	0.0	1.3862943611198906	0.0	1.9459101490553132	0.0	1.0986122886681098	0.6931471805599453	0.0	0.0	0.0	2.1972245773362196	0.0	0.0	0.0	0.0	4.31748811353631	0.0	0.0	0.0	0.0	0.0	0.0	0.0	0.0	0.0	0.0	1.0986122886681098	0.6931471805599453	0.0	0.0	0.0	0.0	0.0	0.6931471805599453	0.0	0.0	0.0	0.0	0.0	0.0	0.0	0.0	0.0	0.0	0.0	0.0	0.0	0.0	0.0	0.0	1.6094379124341003	5.1298987149230735	0.0	3.295836866004329	0.0	0.0	0.0	0.0	0.0	0.0
SRR23478200	0.0	7.367077059881012	0.0	0.6931471805599453	0.0	0.6931471805599453	0.0	7.1459844677143876	5.501258210544727	5.771441123130016	0.0	0.0	0.0	0.0	0.0	0.0	0.0	5.4638318050256105	0.0	0.6931471805599453	1.791759469228055	3.9318256327243257	0.0	3.6635616461296463	0.0	1.3862943611198906	1.791759469228055	0.0	0.6931471805599453	0.0	1.3862943611198906	0.0	0.0	0.0	6.405228458030842	1.0986122886681098	1.3862943611198906	0.0	1.791759469228055	1.9459101490553132	0.0	0.0	1.791759469228055	0.0	0.0	5.135798437050262	2.3978952727983707	2.995732273553991	0.0	0.0	6.709304340258298	0.0	0.0	0.0	0.0	0.0	3.4339872044851463	0.0	0.0	0.0	1.9459101490553132	0.0	1.3862943611198906	0.0	0.0	0.0	4.6443908991413725	0.0	1.6094379124341003	0.0	1.0986122886681098	0.0	0.6931471805599453	0.0	0.0	0.0	0.0	0.0	0.0	1.0986122886681098	0.0	0.0	0.0	0.0	0.0	0.0	0.0	0.0	0.0	4.709530201312334	0.6931471805599453	0.0	0.0	0.0	0.0	0.0	0.0	0.0	3.912023005428146	1.0986122886681098	0.0	0.0	0.0	0.0	2.0794415416798357	2.772588722239781	0.0	0.0	3.367295829986474	0.0	0.0	1.6094379124341003	0.0	0.0	1.0986122886681098	0.0	1.3862943611198906	0.0	0.0	0.0	0.0	0.0	0.0	0.0	0.0	0.0	0.0	0.0	0.6931471805599453	0.0	0.0	0.0	1.791759469228055	0.0	0.0	2.1972245773362196	3.784189633918261	0.0	0.0	2.5649493574615367	0.0	0.0	0.0	0.0	5.823045895483019	0.0	0.0	0.0	0.0	3.4657359027997265	0.0	0.0	0.0	0.0	0.0	0.0	0.0	0.0	0.0	0.0	0.0	0.0	0.0	0.0	0.0	0.0	0.0	0.0	0.0	0.0	0.0	0.0	0.0	0.0	0.0	0.0	0.0	0.0	0.0	1.3862943611198906	0.6931471805599453	0.0	2.1972245773362196	0.0	0.0	0.0	0.0	0.0	0.0
SRR23478201	0.0	6.396929655216146	0.0	0.0	0.0	5.099866427824199	0.0	6.641182169740591	2.1972245773362196	0.0	0.0	0.0	0.0	0.0	0.0	0.0	0.0	4.219507705176107	0.0	0.6931471805599453	1.0986122886681098	6.894670039433482	0.0	0.6931471805599453	0.0	0.0	0.0	0.0	1.9459101490553132	0.0	0.0	0.0	0.0	0.0	7.587310506022615	6.391917113392602	0.0	0.0	0.0	0.6931471805599453	0.0	0.0	0.0	0.0	0.0	5.497168225293202	2.0794415416798357	0.0	0.0	0.0	6.284134161070802	0.0	0.0	0.0	0.6931471805599453	0.0	0.6931471805599453	0.0	0.0	0.0	1.6094379124341003	0.0	0.0	0.0	0.0	0.0	0.0	0.0	5.056245805348308	0.0	2.0794415416798357	1.3862943611198906	1.3862943611198906	0.0	2.4849066497880004	1.0986122886681098	0.0	0.0	0.0	0.6931471805599453	0.0	0.0	0.0	0.0	0.0	0.0	0.0	0.0	3.091042453358316	0.0	0.0	0.0	0.0	0.0	0.0	0.0	0.0	0.0	2.833213344056216	0.0	0.0	0.0	0.0	0.0	0.0	1.0986122886681098	0.0	0.0	0.6931471805599453	0.0	0.0	0.0	0.0	0.0	0.0	0.0	0.6931471805599453	0.0	0.0	0.0	0.0	0.0	0.0	0.0	0.0	0.0	0.0	1.0986122886681098	1.6094379124341003	0.0	0.0	0.0	0.0	0.0	0.0	0.0	0.0	0.0	0.0	2.3978952727983707	0.0	0.0	0.0	0.0	4.007333185232471	0.0	0.0	0.0	0.0	0.0	0.0	0.0	0.0	0.0	0.0	0.0	0.0	0.0	0.0	0.0	1.0986122886681098	0.0	1.0986122886681098	0.0	0.0	0.0	0.0	0.0	0.0	0.0	0.0	0.0	0.0	0.0	0.0	0.0	0.0	0.0	0.0	0.0	0.0	0.0	0.0	0.0	0.0	0.0	0.0	0.0	0.0
SRR23478202	0.0	1.6094379124341003	0.0	6.180016653652572	0.0	2.4849066497880004	0.0	5.298317366548036	3.332204510175204	0.0	1.3862943611198906	1.0986122886681098	0.0	0.0	0.0	3.044522437723423	0.0	0.0	0.0	1.791759469228055	0.6931471805599453	3.6635616461296463	0.0	2.0794415416798357	0.0	0.0	0.0	4.1588830833596715	1.0986122886681098	0.0	5.703782474656201	3.6109179126442243	0.0	1.0986122886681098	0.0	0.0	1.0986122886681098	1.0986122886681098	0.0	1.6094379124341003	3.1780538303479458	0.0	0.0	0.0	0.0	2.9444389791664403	8.03398273468322	5.991464547107982	0.0	0.0	4.624972813284271	0.0	0.0	0.0	0.0	0.0	4.882801922586371	0.0	0.0	0.0	2.5649493574615367	0.0	0.0	2.70805020110221	0.0	1.6094379124341003	0.6931471805599453	0.0	4.727387818712341	3.2188758248682006	3.2188758248682006	0.0	0.6931471805599453	0.0	0.0	0.0	0.0	1.0986122886681098	0.0	0.0	0.0	1.3862943611198906	4.174387269895637	0.0	0.6931471805599453	2.833213344056216	0.0	0.0	3.4011973816621555	4.820281565605037	0.6931471805599453	0.0	2.3978952727983707	0.0	0.6931471805599453	0.0	0.0	0.0	3.4657359027997265	0.0	0.0	2.3978952727983707	0.0	0.0	1.9459101490553132	3.044522437723423	2.302585092994046	0.0	2.0794415416798357	2.0794415416798357	1.791759469228055	1.9459101490553132	4.060443010546419	0.0	1.3862943611198906	0.0	0.0	0.0	0.0	0.0	0.0	1.0986122886681098	0.0	4.07753744390572	3.332204510175204	0.0	0.0	2.3978952727983707	0.0	0.6931471805599453	0.0	0.0	0.6931471805599453	0.0	3.58351893845611	0.0	4.584967478670572	3.8066624897703196	0.0	0.0	2.5649493574615367	2.4849066497880004	0.0	0.0	0.6931471805599453	0.0	1.6094379124341003	2.3978952727983707	0.6931471805599453	3.4339872044851463	0.0	0.0	4.1588830833596715	0.0	0.6931471805599453	0.6931471805599453	1.9459101490553132	0.0	0.0	0.6931471805599453	5.3230099791384085	0.0	3.1780538303479458	0.0	0.0	0.0	1.6094379124341003	0.0	0.0	0.6931471805599453	0.6931471805599453	1.0986122886681098	0.0	0.0	0.0	0.0	0.0	0.0	3.1354942159291497	0.0	0.0	0.0	1.3862943611198906	0.0	0.0	0.6931471805599453	0.6931471805599453	0.0	0.0
SRR23478203	0.0	4.897839799950911	0.0	2.1972245773362196	0.0	4.189654742026425	0.0	7.2196420401307355	1.6094379124341003	1.9459101490553132	0.0	0.0	0.0	0.0	0.0	2.9444389791664403	0.0	1.6094379124341003	0.0	2.6390573296152584	3.6888794541139363	7.062191632286556	0.0	3.6888794541139363	3.7376696182833684	2.70805020110221	0.0	0.0	2.4849066497880004	2.0794415416798357	5.247024072160486	2.5649493574615367	0.0	0.0	5.099866427824199	0.0	0.0	0.0	0.0	0.0	0.0	0.0	2.6390573296152584	1.3862943611198906	0.0	5.771441123130016	3.5263605246161616	1.6094379124341003	0.0	0.0	6.306275286948016	0.0	0.0	0.6931471805599453	0.0	0.0	2.3978952727983707	0.0	1.9459101490553132	0.0	1.3862943611198906	0.0	1.6094379124341003	0.0	0.0	0.0	1.791759469228055	0.0	5.087596335232384	2.0794415416798357	3.367295829986474	0.0	1.9459101490553132	0.0	0.6931471805599453	3.7376696182833684	0.0	0.0	1.0986122886681098	0.0	0.0	0.0	0.0	0.0	0.0	0.0	0.0	0.0	2.772588722239781	0.0	3.871201010907891	0.0	0.0	0.0	0.0	0.0	0.6931471805599453	0.0	6.0473721790462776	0.0	0.0	0.0	0.0	0.0	3.8066624897703196	5.4116460518550396	0.0	0.0	0.0	1.0986122886681098	1.6094379124341003	0.0	0.0	1.0986122886681098	0.0	0.0	2.0794415416798357	0.0	0.6931471805599453	2.5649493574615367	0.0	0.0	0.0	0.0	0.0	0.0	0.0	1.791759469228055	0.0	0.0	0.0	0.0	1.0986122886681098	0.0	0.0	0.0	0.0	6.725033642166843	0.0	0.0	0.0	0.0	0.0	0.0	3.58351893845611	0.0	0.0	0.0	0.0	0.0	0.0	0.0	0.0	0.0	0.0	0.0	0.0	0.0	0.0	0.0	0.0	1.6094379124341003	0.0	0.6931471805599453	1.791759469228055	0.0	0.0	0.0	0.0	0.0	0.0	0.0	0.0	0.0	0.0	0.0	0.0	0.0	0.0	0.0	0.0	0.0	0.0	0.0	0.0	0.0	0.0	0.0	0.6931471805599453
SRR23478204	1.0986122886681098	4.219507705176107	0.0	1.0986122886681098	0.0	0.0	0.0	2.4849066497880004	0.0	1.0986122886681098	0.0	0.0	0.0	0.0	3.332204510175204	0.6931471805599453	0.0	1.3862943611198906	0.0	5.840641657373398	3.5263605246161616	6.040254711277414	0.0	3.7612001156935624	1.0986122886681098	1.0986122886681098	0.0	0.6931471805599453	3.044522437723423	0.0	1.0986122886681098	0.6931471805599453	0.0	0.0	5.602118820879701	0.6931471805599453	0.0	0.0	0.0	1.0986122886681098	0.0	0.0	0.0	0.0	0.0	5.420534999272286	2.302585092994046	0.0	0.0	0.0	5.545177444479562	0.0	0.0	7.181591944611865	0.0	0.0	0.0	0.0	0.0	0.6931471805599453	0.6931471805599453	0.0	0.0	0.0	0.0	0.0	0.0	0.0	1.3862943611198906	0.6931471805599453	2.70805020110221	0.0	1.6094379124341003	0.0	0.6931471805599453	4.1588830833596715	0.0	0.0	0.0	0.0	0.0	0.0	0.0	0.0	0.0	0.0	0.0	0.0	2.4849066497880004	2.995732273553991	3.871201010907891	0.0	5.37989735354046	0.0	0.0	0.0	1.3862943611198906	0.0	2.3978952727983707	0.6931471805599453	0.0	0.0	0.0	0.0	2.3978952727983707	3.295836866004329	5.4116460518550396	0.0	4.709530201312334	0.0	0.0	7.5256399750415355	0.0	0.0	0.6931471805599453	0.0	1.6094379124341003	0.0	0.0	0.0	0.0	0.0	0.0	0.0	0.0	0.0	0.0	0.0	0.0	0.0	0.0	0.0	0.0	0.0	0.0	0.6931471805599453	0.0	1.791759469228055	0.0	4.564348191467836	0.0	0.6931471805599453	0.0	1.6094379124341003	4.0943445622221	0.6931471805599453	0.0	0.0	0.0	2.5649493574615367	0.0	0.0	0.0	0.0	0.0	0.0	0.0	0.0	0.0	0.0	4.727387818712341	1.3862943611198906	1.3862943611198906	0.0	0.6931471805599453	0.0	0.0	0.0	0.0	0.0	0.0	0.0	0.0	0.0	0.0	0.0	0.0	0.0	0.0	0.0	0.0	0.0	0.0	0.0	0.0	0.0	0.0	0.0	0.0
SRR23478205	0.0	8.162801353492073	0.0	0.0	0.0	1.0986122886681098	0.0	5.662960480135946	3.9889840465642745	1.0986122886681098	0.0	0.0	0.0	0.0	0.0	2.1972245773362196	0.0	0.6931471805599453	0.6931471805599453	0.6931471805599453	2.302585092994046	5.733341276897746	0.0	3.091042453358316	0.0	0.0	3.871201010907891	0.0	4.382026634673881	0.0	2.833213344056216	0.0	0.0	0.0	3.367295829986474	0.0	0.0	0.0	0.0	0.0	0.0	0.0	1.3862943611198906	0.0	0.0	0.0	0.0	4.624972813284271	0.0	0.0	3.6109179126442243	0.0	0.0	0.0	0.0	0.0	0.6931471805599453	0.0	0.0	0.0	1.6094379124341003	1.0986122886681098	0.0	0.0	0.0	0.0	0.0	0.0	1.6094379124341003	1.6094379124341003	4.465908118654584	0.0	1.6094379124341003	0.0	0.0	2.3978952727983707	0.0	0.0	0.0	0.0	0.0	0.0	0.0	0.0	0.0	2.4849066497880004	0.0	0.0	2.772588722239781	2.0794415416798357	0.0	0.0	2.3978952727983707	0.0	0.6931471805599453	0.0	1.3862943611198906	0.0	6.023447592961033	0.0	0.0	0.0	0.0	0.0	2.9444389791664403	6.502790045915623	1.0986122886681098	0.0	0.0	0.0	2.8903717578961645	0.0	0.0	2.8903717578961645	0.0	0.0	1.791759469228055	0.0	0.0	0.6931471805599453	0.0	0.0	0.0	0.0	0.0	0.0	0.0	0.0	1.6094379124341003	0.0	0.0	0.0	0.0	0.0	0.0	0.0	0.0	0.0	0.0	2.833213344056216	0.0	0.0	0.0	0.0	2.6390573296152584	0.0	0.0	0.0	1.0986122886681098	0.6931471805599453	0.0	0.0	0.0	0.0	0.0	0.0	0.0	0.0	3.8066624897703196	0.0	1.9459101490553132	2.0794415416798357	0.0	0.0	1.791759469228055	0.0	0.0	0.0	0.0	0.0	0.0	0.0	0.0	0.0	0.0	0.0	0.0	0.0	0.0	0.0	0.0	0.0	0.0	0.0	0.0	0.0	0.0	3.58351893845611	0.0
SRR23478206	0.0	5.802118375377063	0.0	0.0	0.0	5.521460917862246	0.0	7.821643126239982	0.0	0.0	0.0	0.0	0.0	0.0	0.0	0.0	0.0	2.9444389791664403	0.0	1.3862943611198906	1.0986122886681098	4.477336814478207	0.0	7.02197642307216	0.0	0.0	0.0	0.0	0.0	0.0	0.0	5.545177444479562	0.0	0.0	2.0794415416798357	0.0	0.6931471805599453	0.0	0.0	1.6094379124341003	0.0	0.0	0.0	0.0	0.0	4.219507705176107	6.375024819828097	2.772588722239781	0.0	0.0	5.030437921392435	0.0	0.0	0.0	0.0	1.0986122886681098	5.225746673713202	0.0	0.0	0.0	0.0	0.0	2.1972245773362196	0.0	0.0	0.0	0.0	0.0	5.568344503761097	0.0	2.3978952727983707	0.0	0.0	0.0	1.0986122886681098	1.0986122886681098	0.0	0.0	0.6931471805599453	0.0	0.0	0.0	0.0	0.0	0.0	0.0	0.0	0.0	0.0	2.1972245773362196	0.0	0.0	0.0	0.0	0.0	0.0	0.0	0.0	2.833213344056216	0.0	0.0	2.9444389791664403	0.0	0.0	0.6931471805599453	2.772588722239781	0.0	0.0	2.833213344056216	0.0	0.0	0.0	0.0	0.0	0.0	0.0	0.0	0.0	0.0	0.0	0.0	0.0	0.0	0.0	0.0	0.0	0.0	0.0	1.0986122886681098	0.0	0.0	0.0	3.1780538303479458	0.0	0.0	0.0	0.0	1.791759469228055	0.0	3.4339872044851463	0.0	0.0	0.0	0.0	5.2832037287379885	0.0	0.0	0.0	0.0	3.091042453358316	0.0	0.0	0.0	0.0	0.0	0.0	0.0	0.0	0.0	0.0	0.0	2.995732273553991	0.6931471805599453	0.0	0.0	0.0	0.0	0.0	0.0	0.0	0.0	0.0	0.0	0.0	0.0	0.0	0.0	0.0	0.0	0.0	0.0	0.0	3.871201010907891	0.0	0.0	0.0	0.0	0.0	0.0
SRR23478207	0.0	4.1588830833596715	0.0	2.833213344056216	0.0	5.726847747587197	0.0	5.823045895483019	7.200424892944957	0.0	2.0794415416798357	0.0	0.0	0.0	0.0	1.0986122886681098	0.0	1.6094379124341003	0.0	0.6931471805599453	1.9459101490553132	5.8377304471659395	0.0	4.382026634673881	0.0	0.0	0.0	4.07753744390572	0.0	1.3862943611198906	5.602118820879701	0.0	0.0	0.0	4.418840607796598	0.0	0.0	1.3862943611198906	0.0	0.6931471805599453	0.0	0.0	0.0	0.6931471805599453	0.6931471805599453	2.9444389791664403	4.110873864173311	4.955827057601261	1.9459101490553132	0.0	7.048386408721883	1.0986122886681098	0.0	0.0	0.0	0.0	5.159055299214529	0.0	0.0	0.0	1.9459101490553132	0.6931471805599453	0.0	0.0	0.0	1.0986122886681098	2.0794415416798357	0.0	5.476463551931511	2.4849066497880004	5.886104031450156	0.0	1.6094379124341003	0.0	0.0	3.6375861597263857	0.0	0.0	0.0	1.0986122886681098	0.0	0.0	0.0	0.0	1.3862943611198906	3.828641396489095	0.0	0.0	0.0	0.6931471805599453	2.1972245773362196	0.0	0.0	0.0	0.0	0.0	1.6094379124341003	0.0	3.1780538303479458	0.0	0.0	0.6931471805599453	0.0	0.0	3.1354942159291497	2.833213344056216	3.9889840465642745	0.6931471805599453	1.791759469228055	1.0986122886681098	0.0	5.811140992976701	0.0	0.0	0.0	3.5553480614894135	0.0	0.6931471805599453	0.0	1.3862943611198906	0.0	0.0	0.0	2.1972245773362196	0.0	4.394449154672439	0.0	0.6931471805599453	0.6931471805599453	1.3862943611198906	0.0	0.0	0.6931471805599453	0.0	0.0	0.0	0.0	0.0	0.0	5.54907608489522	0.0	0.0	0.0	0.0	4.060443010546419	1.791759469228055	0.0	0.0	0.0	1.791759469228055	0.0	0.0	0.0	0.0	0.0	0.0	0.0	0.0	0.0	0.0	3.6888794541139363	3.332204510175204	0.0	0.0	1.6094379124341003	0.0	0.0	0.0	1.0986122886681098	1.791759469228055	0.0	0.0	0.0	0.0	0.0	0.0	0.0	0.0	0.0	0.0	0.0	1.9459101490553132	2.995732273553991	0.0	0.0	0.0	0.0	0.0	3.332204510175204
SRR23478208	0.0	2.70805020110221	1.791759469228055	0.0	0.0	4.804021044733257	0.0	5.6131281063880705	0.0	2.70805020110221	0.0	0.6931471805599453	0.0	0.0	0.0	1.3862943611198906	0.0	1.791759469228055	0.0	0.0	1.6094379124341003	3.871201010907891	0.0	0.0	0.0	0.0	0.0	0.0	0.0	0.0	0.0	0.0	0.0	1.0986122886681098	3.4339872044851463	0.0	0.6931471805599453	0.0	0.0	4.709530201312334	0.0	1.6094379124341003	0.0	0.0	0.0	3.5553480614894135	8.118802996980035	3.9889840465642745	0.0	0.0	4.5217885770490405	0.0	0.0	0.0	0.0	1.3862943611198906	6.4692503167957724	0.0	0.0	0.0	0.0	0.0	0.0	0.0	0.0	0.0	2.0794415416798357	0.0	4.5217885770490405	0.6931471805599453	1.9459101490553132	0.0	0.6931471805599453	0.0	0.0	1.0986122886681098	0.0	0.0	3.367295829986474	2.8903717578961645	3.828641396489095	2.5649493574615367	0.0	0.0	1.9459101490553132	0.0	0.0	0.0	4.189654742026425	5.537334267018537	0.0	0.0	0.0	0.0	0.0	0.0	0.0	0.0	1.9459101490553132	0.0	0.0	2.6390573296152584	0.0	0.0	0.0	0.6931471805599453	0.0	0.6931471805599453	2.833213344056216	2.1972245773362196	0.0	3.9512437185814275	0.0	1.3862943611198906	0.0	0.0	0.0	1.791759469228055	0.0	0.0	0.0	0.0	0.6931471805599453	0.0	0.0	0.0	0.0	0.0	0.0	0.0	0.0	0.0	2.302585092994046	0.0	0.0	0.0	0.0	1.3862943611198906	0.0	2.4849066497880004	0.0	0.0	0.0	0.0	1.791759469228055	0.0	1.6094379124341003	0.0	0.0	6.2766434893416445	0.0	0.0	0.0	0.0	0.0	0.6931471805599453	0.0	0.0	0.0	0.0	0.0	0.0	1.6094379124341003	0.0	1.791759469228055	0.0	1.791759469228055	0.0	0.0	0.0	0.0	0.0	0.0	0.0	0.0	1.3862943611198906	0.0	0.0	0.0	0.0	0.0	0.0	2.5649493574615367	0.0	0.0	0.0	5.209486152841421	0.0	0.0
SRR23478209	1.3862943611198906	4.727387818712341	0.0	1.6094379124341003	0.0	1.3862943611198906	0.0	7.355001921105257	0.0	4.543294782270004	0.0	0.0	0.0	0.0	0.6931471805599453	0.0	0.0	1.6094379124341003	0.0	3.5553480614894135	5.37989735354046	6.338594078203183	0.0	0.0	0.0	0.0	0.0	5.442417710521793	3.871201010907891	0.6931471805599453	5.41610040220442	6.163314804034641	0.0	0.0	1.3862943611198906	0.0	2.5649493574615367	0.0	0.0	0.0	0.0	1.791759469228055	0.0	0.0	0.0	3.332204510175204	3.6375861597263857	1.9459101490553132	0.6931471805599453	0.0	6.576469569048224	0.0	0.0	0.0	0.0	0.0	2.5649493574615367	0.0	1.0986122886681098	0.0	3.828641396489095	0.0	0.0	0.0	0.0	0.0	2.8903717578961645	0.0	3.871201010907891	0.0	6.003887067106539	0.0	3.1780538303479458	0.6931471805599453	1.6094379124341003	3.1354942159291497	0.0	0.0	0.0	0.0	0.0	0.0	0.0	0.0	0.0	4.564348191467836	0.0	0.0	5.214935757608986	0.0	2.1972245773362196	0.0	2.0794415416798357	0.0	1.0986122886681098	0.0	2.302585092994046	0.0	5.111987788356544	0.0	1.3862943611198906	0.0	0.0	1.0986122886681098	5.337538079701318	4.912654885736052	1.0986122886681098	0.0	0.0	0.0	0.0	3.258096538021482	0.0	0.0	0.0	3.8501476017100584	1.0986122886681098	3.1780538303479458	0.0	0.0	0.0	0.0	0.0	0.0	0.6931471805599453	0.0	0.0	0.0	2.8903717578961645	0.0	1.3862943611198906	2.995732273553991	4.564348191467836	0.0	0.0	0.0	1.6094379124341003	3.1780538303479458	0.0	2.4849066497880004	0.0	0.0	1.0986122886681098	0.0	4.77912349311153	3.4657359027997265	0.0	0.0	0.0	0.0	0.0	0.0	0.0	0.0	0.0	0.0	0.0	0.0	0.0	0.0	0.0	0.0	0.0	0.0	2.0794415416798357	0.0	0.0	0.0	0.0	0.0	0.0	1.9459101490553132	0.0	0.0	0.0	1.3862943611198906	0.0	0.0	0.0	1.3862943611198906	0.0	0.0	2.4849066497880004	1.0986122886681098	0.0	0.0	0.0	0.0	0.0
SRR23478210	0.0	2.4849066497880004	1.3862943611198906	0.0	0.0	7.109062135687172	0.0	6.530877627725885	0.0	0.6931471805599453	2.0794415416798357	0.0	0.0	0.0	0.0	0.0	0.0	0.0	0.0	1.3862943611198906	0.0	4.77912349311153	0.0	1.791759469228055	0.0	0.0	0.0	0.0	3.5263605246161616	0.0	5.420534999272286	5.926926025970411	0.0	2.3978952727983707	1.3862943611198906	0.0	0.0	1.6094379124341003	0.0	3.367295829986474	0.0	0.0	0.0	1.3862943611198906	0.0	2.3978952727983707	5.220355825078324	5.976350909297934	2.302585092994046	0.0	5.60947179518496	0.0	0.0	0.0	1.9459101490553132	3.044522437723423	6.320768294250582	1.6094379124341003	1.0986122886681098	0.0	1.0986122886681098	0.0	1.0986122886681098	1.6094379124341003	1.6094379124341003	4.2626798770413155	2.3978952727983707	0.0	4.174387269895637	2.5649493574615367	1.3862943611198906	3.6888794541139363	0.0	0.0	0.0	1.6094379124341003	0.0	0.0	0.0	2.0794415416798357	0.0	1.791759469228055	0.0	0.0	0.0	4.174387269895637	0.0	0.0	0.0	3.912023005428146	3.912023005428146	0.6931471805599453	0.0	0.0	0.0	0.0	0.0	0.0	4.356708826689592	0.0	0.0	0.0	1.6094379124341003	0.0	0.0	3.5553480614894135	3.7612001156935624	0.0	2.6390573296152584	0.0	6.376726947898627	4.248495242049359	0.0	1.3862943611198906	0.0	3.6109179126442243	0.0	0.0	0.0	0.0	0.0	0.0	5.0106352940962555	0.0	0.0	5.69035945432406	0.0	0.0	0.0	2.5649493574615367	0.0	0.0	0.6931471805599453	0.0	0.0	0.0	0.0	1.3862943611198906	0.0	0.0	0.0	0.0	0.0	0.0	1.3862943611198906	1.791759469228055	0.0	0.0	0.0	0.0	0.0	0.0	0.0	0.0	0.0	0.0	0.0	2.0794415416798357	0.0	0.0	0.0	1.791759469228055	0.0	0.6931471805599453	1.0986122886681098	0.0	2.70805020110221	0.0	1.6094379124341003	0.0	0.0	2.772588722239781	0.0	0.0	0.0	0.0	0.0	0.0	0.0	2.3978952727983707	0.0	0.0	1.0986122886681098	0.0	0.0	0.0	0.0	0.0	5.181783550292085
SRR23478211	0.0	7.949797216161852	0.0	0.0	0.0	1.0986122886681098	0.0	5.181783550292085	0.0	3.332204510175204	0.0	0.0	0.0	0.0	0.0	0.0	0.0	0.0	0.0	1.9459101490553132	1.3862943611198906	4.02535169073515	0.0	2.302585092994046	0.0	0.0	0.0	0.0	4.127134385045092	0.0	2.4849066497880004	0.0	1.0986122886681098	0.0	2.9444389791664403	0.0	0.0	0.0	0.0	0.0	0.0	0.0	0.0	0.0	0.0	5.2574953720277815	7.79770203551669	4.143134726391533	0.0	0.0	4.07753744390572	0.0	0.0	0.0	0.0	0.0	2.302585092994046	0.0	0.0	0.0	2.0794415416798357	0.0	0.0	0.0	0.0	0.0	4.290459441148391	0.0	0.0	0.0	2.302585092994046	0.0	2.4849066497880004	0.0	0.0	1.3862943611198906	0.0	0.0	0.0	0.0	0.0	1.3862943611198906	0.0	0.0	0.0	0.0	0.0	0.0	2.0794415416798357	1.6094379124341003	2.1972245773362196	0.0	0.0	0.0	1.0986122886681098	0.0	1.3862943611198906	0.0	3.367295829986474	0.0	0.0	0.0	0.0	0.0	0.0	2.0794415416798357	0.0	0.0	1.6094379124341003	0.0	2.5649493574615367	0.0	0.0	1.791759469228055	0.0	0.0	0.0	2.302585092994046	0.0	0.0	0.0	0.0	0.0	0.0	0.6931471805599453	0.0	0.0	2.302585092994046	0.0	2.0794415416798357	1.3862943611198906	0.0	0.0	0.0	0.0	0.0	0.0	2.4849066497880004	0.0	0.0	0.0	0.6931471805599453	0.0	0.0	2.302585092994046	0.0	0.0	0.0	0.0	0.0	0.0	0.0	0.0	0.0	0.0	0.0	0.0	0.0	0.0	0.0	0.0	3.367295829986474	0.0	0.0	0.0	0.0	0.0	0.0	0.0	0.0	0.0	0.0	0.0	0.0	0.0	0.0	0.0	0.0	0.0	0.0	0.0	0.0	2.3978952727983707	0.0	0.0	0.0	2.0794415416798357	0.0	0.0
SRR23478212	0.0	6.994849985833071	0.0	0.0	0.0	4.983606621708336	0.0	6.703188113240863	0.0	3.091042453358316	0.0	0.0	0.0	0.0	0.0	3.58351893845611	0.0	3.6888794541139363	0.6931471805599453	2.0794415416798357	3.258096538021482	5.796057750765372	0.0	1.791759469228055	0.0	0.0	0.0	6.133398042996649	5.225746673713202	0.0	4.820281565605037	0.0	0.0	3.044522437723423	3.9512437185814275	1.0986122886681098	2.772588722239781	0.0	1.0986122886681098	2.4849066497880004	0.0	1.0986122886681098	3.6375861597263857	1.3862943611198906	0.6931471805599453	4.343805421853684	0.0	5.267858159063328	1.6094379124341003	0.0	5.3471075307174685	0.0	0.0	0.0	0.0	0.0	1.6094379124341003	0.0	0.0	0.0	1.6094379124341003	1.6094379124341003	3.4965075614664802	1.9459101490553132	0.0	0.0	1.9459101490553132	0.0	3.1780538303479458	0.0	5.438079308923196	0.0	1.3862943611198906	0.0	0.6931471805599453	0.0	0.0	0.0	0.0	0.0	0.0	2.0794415416798357	0.0	0.0	0.0	0.0	0.0	0.0	4.7535901911063645	2.302585092994046	0.0	0.0	0.0	0.0	0.0	0.0	0.0	0.0	4.882801922586371	0.0	0.0	0.0	0.0	0.0	3.4965075614664802	6.0473721790462776	4.5217885770490405	0.0	1.3862943611198906	0.0	3.7612001156935624	0.0	0.0	0.0	0.0	0.0	0.0	2.302585092994046	0.0	0.6931471805599453	0.0	0.0	0.0	0.0	0.0	0.0	0.0	2.302585092994046	1.0986122886681098	0.0	0.0	0.0	0.0	0.0	3.8501476017100584	0.0	0.0	2.8903717578961645	0.0	2.3978952727983707	0.0	0.0	0.0	0.0	6.366470447731438	4.219507705176107	0.0	0.0	0.0	0.0	0.0	0.0	0.0	0.0	0.0	0.0	0.0	0.0	0.0	0.0	0.0	0.0	0.0	0.0	1.791759469228055	0.0	0.0	0.0	0.0	0.0	0.0	0.0	0.0	0.0	0.0	0.0	0.0	0.0	0.0	0.0	0.0	0.0	1.791759469228055	0.6931471805599453	0.0	0.0	0.0	6.0844994130751715	0.0
SRR23478213	0.0	3.5263605246161616	0.0	6.740519359606223	0.6931471805599453	4.8283137373023015	0.0	4.867534450455582	0.0	0.0	2.6390573296152584	1.791759469228055	0.0	1.3862943611198906	0.0	0.0	0.0	0.6931471805599453	0.0	0.0	0.0	2.3978952727983707	0.0	0.0	0.0	0.0	0.0	2.4849066497880004	2.6390573296152584	0.6931471805599453	5.351858133476067	1.6094379124341003	0.0	0.6931471805599453	0.6931471805599453	0.0	0.0	0.0	0.0	1.791759469228055	0.0	0.0	0.0	0.0	0.0	1.6094379124341003	8.196161139282902	4.276666119016055	0.0	0.0	4.90527477843843	3.6888794541139363	0.0	0.0	0.0	0.0	4.962844630259907	0.0	0.0	0.0	1.0986122886681098	4.532599493153256	3.58351893845611	2.1972245773362196	0.0	1.0986122886681098	0.0	0.0	3.1780538303479458	0.0	1.3862943611198906	1.0986122886681098	0.0	0.0	0.0	0.0	0.6931471805599453	2.0794415416798357	0.6931471805599453	0.6931471805599453	0.0	2.302585092994046	2.4849066497880004	1.3862943611198906	0.0	2.772588722239781	0.0	0.0	2.8903717578961645	4.30406509320417	0.0	0.0	3.258096538021482	0.0	0.0	0.0	0.0	0.0	2.833213344056216	0.0	1.0986122886681098	2.772588722239781	0.0	1.3862943611198906	0.0	1.0986122886681098	0.6931471805599453	0.0	1.0986122886681098	3.6109179126442243	2.995732273553991	2.70805020110221	0.0	0.0	0.0	0.0	0.0	0.0	0.0	0.0	0.0	0.0	0.6931471805599453	4.927253685157205	1.3862943611198906	1.6094379124341003	1.0986122886681098	0.6931471805599453	0.0	1.3862943611198906	0.0	0.0	0.0	1.0986122886681098	1.0986122886681098	0.0	0.0	4.060443010546419	1.6094379124341003	0.0	2.5649493574615367	0.0	1.0986122886681098	0.0	0.0	0.0	0.0	0.6931471805599453	1.0986122886681098	2.5649493574615367	0.0	3.1780538303479458	2.302585092994046	1.3862943611198906	0.6931471805599453	1.791759469228055	1.0986122886681098	2.70805020110221	0.0	0.0	1.3862943611198906	0.0	1.3862943611198906	0.0	0.0	0.0	0.0	2.6390573296152584	2.1972245773362196	3.6375861597263857	1.3862943611198906	0.0	0.0	0.0	1.0986122886681098	0.0	0.0	2.302585092994046	1.0986122886681098	0.6931471805599453	0.0	0.0	1.6094379124341003	0.0	0.6931471805599453	0.6931471805599453	0.0	0.0	0.0
SRR23478214	0.0	3.332204510175204	0.0	6.0473721790462776	0.0	4.672828834461906	0.0	7.862112211662748	0.0	0.0	0.0	0.0	0.0	1.3862943611198906	0.0	3.6109179126442243	0.0	0.0	0.0	2.302585092994046	1.9459101490553132	3.8501476017100584	0.0	1.9459101490553132	0.0	0.0	0.0	1.0986122886681098	0.6931471805599453	0.0	6.349138991379798	0.0	0.0	1.3862943611198906	2.995732273553991	0.0	0.0	0.0	0.0	3.6375861597263857	0.0	1.0986122886681098	0.0	0.0	0.0	3.828641396489095	3.332204510175204	4.465908118654584	1.0986122886681098	0.0	5.308267697401205	0.0	0.0	0.0	3.044522437723423	0.0	4.143134726391533	0.0	0.0	0.0	1.791759469228055	2.6390573296152584	3.784189633918261	0.0	1.3862943611198906	1.0986122886681098	0.0	2.0794415416798357	5.356586274672012	2.302585092994046	5.655991810819852	0.0	0.0	0.0	0.0	2.1972245773362196	0.0	0.0	2.3978952727983707	3.091042453358316	0.0	1.6094379124341003	3.6888794541139363	2.1972245773362196	0.0	4.382026634673881	0.0	0.0	4.143134726391533	0.6931471805599453	2.995732273553991	0.6931471805599453	3.871201010907891	0.0	0.0	0.0	0.6931471805599453	0.0	4.997212273764115	0.0	1.0986122886681098	3.4339872044851463	2.6390573296152584	2.5649493574615367	0.0	3.5263605246161616	3.7612001156935624	0.0	2.995732273553991	2.5649493574615367	3.6635616461296463	4.543294782270004	1.3862943611198906	2.3978952727983707	0.0	0.0	0.0	0.0	0.0	0.0	0.0	0.0	2.1972245773362196	4.07753744390572	0.0	2.5649493574615367	1.0986122886681098	0.0	0.0	0.6931471805599453	0.0	0.0	0.0	0.0	2.5649493574615367	0.0	0.0	4.110873864173311	2.0794415416798357	0.0	2.302585092994046	0.0	0.0	0.0	0.0	0.0	0.0	1.791759469228055	0.0	4.406719247264253	0.0	0.0	0.0	0.0	0.6931471805599453	1.3862943611198906	0.0	0.0	0.0	0.0	4.248495242049359	0.0	0.0	0.0	1.6094379124341003	0.0	0.6931471805599453	0.6931471805599453	3.258096538021482	0.0	0.6931471805599453	0.0	0.0	0.0	0.0	1.6094379124341003	3.258096538021482	0.0	0.0	3.4657359027997265	0.0	0.0	0.0	0.0	0.0	0.6931471805599453	0.0	0.0	4.143134726391533
SRR23478215	0.0	4.406719247264253	0.0	3.258096538021482	0.0	5.634789603169249	0.0	7.557994958530806	6.144185634125646	0.0	0.0	0.0	0.0	0.0	0.0	0.0	0.0	0.0	0.0	2.3978952727983707	1.3862943611198906	5.153291594497779	0.6931471805599453	5.641907070938114	0.0	0.6931471805599453	4.07753744390572	6.100318952020064	3.4011973816621555	0.0	3.044522437723423	0.0	0.0	0.0	2.995732273553991	0.0	0.0	0.0	0.0	4.07753744390572	0.0	0.0	0.0	0.0	0.0	1.0986122886681098	5.5093883366279774	5.501258210544727	0.0	0.0	5.0238805208462765	0.0	0.0	0.0	0.0	2.1972245773362196	6.236369590203704	0.0	0.0	1.9459101490553132	0.0	4.795790545596741	3.58351893845611	1.0986122886681098	1.3862943611198906	0.0	1.9459101490553132	0.6931471805599453	4.060443010546419	0.0	2.70805020110221	2.833213344056216	1.0986122886681098	0.0	0.6931471805599453	3.1354942159291497	0.0	0.0	0.0	0.0	0.0	1.0986122886681098	0.0	0.0	0.0	1.9459101490553132	0.0	0.0	1.6094379124341003	1.3862943611198906	0.0	0.0	0.0	0.0	0.0	1.0986122886681098	1.6094379124341003	0.0	1.3862943611198906	0.0	0.0	1.0986122886681098	0.0	0.0	0.0	2.5649493574615367	4.477336814478207	0.0	3.6888794541139363	0.0	4.919980925828125	2.772588722239781	2.833213344056216	0.0	1.9459101490553132	0.0	0.0	0.0	0.0	0.0	0.0	0.0	0.0	2.3978952727983707	0.0	0.0	0.0	1.3862943611198906	0.0	0.0	0.0	0.0	2.5649493574615367	0.0	0.0	0.0	0.0	0.0	0.0	0.0	0.0	0.6931471805599453	0.0	0.0	3.1354942159291497	0.0	0.0	0.0	0.0	5.459585514144159	0.0	0.0	0.0	1.0986122886681098	0.0	0.0	0.6931471805599453	0.0	3.8501476017100584	0.0	1.6094379124341003	5.062595033026967	0.0	0.0	0.0	0.0	1.0986122886681098	0.0	0.0	0.0	0.0	1.6094379124341003	0.0	0.0	0.0	0.0	0.0	2.70805020110221	1.6094379124341003	0.0	0.0	0.0	4.174387269895637	0.6931471805599453	0.0	0.0	0.0	0.0	1.0986122886681098
SRR23478216	0.0	2.0794415416798357	0.0	5.365976015021851	0.0	1.9459101490553132	0.0	8.09162741160107	0.0	0.0	0.0	0.0	0.0	0.0	0.0	0.0	0.0	1.3862943611198906	0.0	1.0986122886681098	1.0986122886681098	4.276666119016055	0.0	2.1972245773362196	0.0	0.0	0.0	0.0	0.0	1.791759469228055	5.579729825986222	6.2324480165505225	0.0	0.0	2.833213344056216	0.0	1.0986122886681098	0.0	0.0	0.0	0.0	0.0	0.0	0.0	0.0	3.828641396489095	3.1354942159291497	4.574710978503383	0.0	0.0	5.111987788356544	0.0	0.0	0.6931471805599453	0.0	0.0	1.3862943611198906	0.0	0.0	0.0	1.3862943611198906	0.0	0.0	2.4849066497880004	0.0	0.0	0.0	0.0	5.733341276897746	1.0986122886681098	2.0794415416798357	0.0	1.791759469228055	0.0	0.0	0.0	0.0	0.0	0.0	0.0	0.0	0.0	0.0	0.0	0.0	3.6109179126442243	0.0	0.0	5.087596335232384	3.091042453358316	2.1972245773362196	1.0986122886681098	0.0	3.8918202981106265	0.0	0.0	0.0	0.0	3.9889840465642745	0.0	0.0	2.3978952727983707	0.0	1.0986122886681098	0.0	2.995732273553991	2.8903717578961645	0.0	0.0	0.0	4.30406509320417	0.0	2.8903717578961645	0.0	0.0	5.62040086571715	0.0	2.70805020110221	0.0	1.3862943611198906	0.0	0.0	0.0	0.0	2.0794415416798357	0.0	0.0	0.0	0.0	0.0	0.0	0.0	1.0986122886681098	2.3978952727983707	0.0	0.0	0.0	5.730099782973574	0.0	0.0	3.332204510175204	0.0	0.6931471805599453	0.0	2.4849066497880004	0.0	0.0	0.0	0.0	1.6094379124341003	0.0	0.0	0.0	0.0	0.0	2.0794415416798357	0.0	0.0	0.0	0.0	0.0	2.0794415416798357	0.0	0.0	0.0	0.0	0.0	0.0	0.6931471805599453	0.0	0.0	0.6931471805599453	0.0	0.0	0.0	2.3978952727983707	0.0	0.0	0.0	2.70805020110221	0.0	0.0	1.0986122886681098	0.0	0.0	0.0	0.6931471805599453	1.9459101490553132	3.4965075614664802
SRR23478217	0.0	0.6931471805599453	0.0	1.6094379124341003	0.0	3.6888794541139363	0.0	7.664346632098617	6.082218910376446	0.0	0.0	0.0	0.0	0.0	0.0	0.0	0.6931471805599453	1.3862943611198906	0.0	2.4849066497880004	1.0986122886681098	5.575949103146316	0.0	1.6094379124341003	0.6931471805599453	0.0	0.0	6.858565034791365	3.6375861597263857	0.0	1.6094379124341003	0.0	0.0	0.0	4.290459441148391	0.0	0.6931471805599453	0.0	0.0	1.791759469228055	0.0	0.0	1.3862943611198906	0.0	0.0	5.236441962829949	2.302585092994046	2.4849066497880004	0.0	0.0	6.923628628138427	0.0	0.0	0.0	0.0	0.0	4.882801922586371	0.0	0.0	0.0	2.302585092994046	0.0	1.0986122886681098	0.0	0.0	0.0	3.4657359027997265	0.0	5.017279836814924	0.0	3.1780538303479458	0.0	1.6094379124341003	0.0	0.0	0.6931471805599453	0.0	0.0	0.0	0.0	0.0	0.0	0.0	0.0	0.0	0.0	0.0	0.0	4.553876891600541	0.0	0.0	0.0	0.0	0.0	0.0	0.0	1.0986122886681098	0.0	3.1780538303479458	0.0	0.0	0.0	0.0	0.0	3.5553480614894135	3.5263605246161616	4.672828834461906	0.0	3.332204510175204	0.0	1.0986122886681098	0.0	0.0	0.0	0.0	0.0	0.0	0.0	0.0	0.0	0.0	0.0	0.0	0.0	0.0	0.0	0.0	0.0	0.0	0.0	0.0	0.6931471805599453	2.1972245773362196	0.0	0.0	1.3862943611198906	0.0	1.0986122886681098	0.0	1.3862943611198906	0.0	0.0	0.0	0.0	5.733341276897746	0.0	0.0	0.0	0.0	2.833213344056216	0.0	0.0	0.0	0.0	0.0	0.0	0.0	0.0	0.0	0.0	0.0	0.0	0.0	0.0	0.0	0.0	0.0	0.0	0.6931471805599453	0.0	0.0	0.0	0.0	0.0	0.0	1.3862943611198906	0.0	0.0	0.0	2.4849066497880004	0.0	0.0	2.1972245773362196	0.0	0.0	0.0	0.0	0.0	0.0
SRR23478218	0.0	1.3862943611198906	0.0	5.823045895483019	0.0	0.6931471805599453	0.0	7.05444965813294	2.3978952727983707	0.6931471805599453	0.0	0.0	0.0	0.0	0.0	0.0	2.0794415416798357	2.0794415416798357	0.0	1.0986122886681098	0.6931471805599453	4.174387269895637	0.0	0.0	0.0	0.0	3.6109179126442243	5.337538079701318	2.0794415416798357	0.0	6.841615476477592	6.20455776256869	1.0986122886681098	1.0986122886681098	4.51085950651685	0.0	0.6931471805599453	0.0	0.0	2.302585092994046	0.0	0.6931471805599453	0.0	0.6931471805599453	0.0	4.77912349311153	6.56244409369372	3.2188758248682006	0.0	0.0	6.222576268071369	0.0	2.833213344056216	0.0	0.0	0.0	1.0986122886681098	0.0	0.0	0.0	1.0986122886681098	0.0	0.0	0.0	0.0	0.0	1.0986122886681098	0.0	4.77912349311153	0.0	3.1780538303479458	0.0	1.0986122886681098	0.0	0.6931471805599453	0.0	0.0	0.0	2.3978952727983707	0.0	1.791759469228055	2.0794415416798357	3.1354942159291497	0.0	0.0	4.867534450455582	0.0	0.0	5.556828061699537	2.1972245773362196	1.6094379124341003	0.0	0.0	0.0	0.0	0.0	0.0	0.0	3.367295829986474	0.6931471805599453	2.1972245773362196	3.6109179126442243	0.0	0.0	2.5649493574615367	3.295836866004329	4.672828834461906	0.0	0.0	0.6931471805599453	0.0	2.1972245773362196	0.0	0.0	0.0	0.0	0.0	0.0	0.0	0.0	0.0	0.0	0.0	0.0	2.833213344056216	0.0	0.0	1.3862943611198906	0.0	0.0	0.0	0.0	2.8903717578961645	0.0	0.0	1.0986122886681098	0.0	6.375024819828097	0.0	0.0	0.0	0.0	0.0	0.0	2.0794415416798357	0.0	0.0	2.0794415416798357	0.0	2.0794415416798357	0.0	0.0	0.0	0.0	0.0	1.3862943611198906	0.0	0.0	0.0	1.3862943611198906	0.0	0.0	0.0	0.0	0.0	0.0	0.0	0.0	0.0	0.0	0.0	0.0	0.0	0.0	0.0	0.0	0.0	0.0	0.0	2.302585092994046	0.0	0.0	0.0	0.0	0.0	0.0	1.3862943611198906	0.0	3.1354942159291497
SRR23478220	0.0	1.3862943611198906	0.0	4.430816798843313	5.459585514144159	3.713572066704308	0.0	4.394449154672439	4.804021044733257	0.0	1.3862943611198906	0.0	0.0	0.0	0.0	4.060443010546419	0.0	0.0	1.6094379124341003	1.0986122886681098	0.0	2.772588722239781	0.0	1.6094379124341003	0.0	0.0	0.0	4.189654742026425	0.6931471805599453	1.0986122886681098	6.945051063725834	3.784189633918261	0.0	0.0	0.0	0.0	0.0	0.0	0.0	3.2188758248682006	6.77078942390898	0.0	0.0	0.0	0.0	0.0	2.70805020110221	4.718498871295094	0.0	0.0	3.58351893845611	5.991464547107982	0.0	4.430816798843313	3.367295829986474	0.0	2.772588722239781	0.0	3.8066624897703196	0.0	0.0	5.662960480135946	3.9318256327243257	4.174387269895637	1.6094379124341003	3.828641396489095	0.0	0.0	0.0	1.3862943611198906	3.295836866004329	0.0	0.0	0.0	0.0	0.0	0.6931471805599453	0.0	1.0986122886681098	1.0986122886681098	0.0	2.833213344056216	3.7612001156935624	0.6931471805599453	2.1972245773362196	2.302585092994046	3.044522437723423	0.6931471805599453	3.4011973816621555	2.302585092994046	2.9444389791664403	0.0	0.6931471805599453	2.5649493574615367	0.0	0.0	0.0	0.0	3.784189633918261	0.0	1.6094379124341003	2.0794415416798357	0.0	0.0	1.3862943611198906	1.9459101490553132	0.6931471805599453	2.5649493574615367	1.3862943611198906	0.0	6.804614520062624	3.784189633918261	1.0986122886681098	0.0	0.0	5.407171771460119	0.0	0.0	0.0	0.0	2.3978952727983707	0.0	1.6094379124341003	6.028278520230698	0.0	3.1780538303479458	0.6931471805599453	0.0	0.0	1.791759469228055	0.0	0.0	0.0	0.0	1.3862943611198906	0.0	0.0	2.4849066497880004	0.0	0.0	1.6094379124341003	0.0	0.0	0.0	0.0	0.0	0.0	0.6931471805599453	1.9459101490553132	2.995732273553991	0.0	2.4849066497880004	1.0986122886681098	1.9459101490553132	0.0	0.0	0.6931471805599453	2.0794415416798357	1.6094379124341003	0.0	2.302585092994046	1.0986122886681098	0.0	0.0	0.0	2.3978952727983707	0.0	3.871201010907891	1.3862943611198906	0.0	2.70805020110221	0.6931471805599453	2.4849066497880004	2.6390573296152584	0.0	2.4849066497880004	0.0	0.0	0.0	0.0	1.0986122886681098	0.0	0.6931471805599453	0.0	0.0	0.0	0.0	0.0	1.0986122886681098
SRR23478227	0.0	8.069655306886165	0.0	0.0	0.0	2.9444389791664403	0.0	2.4849066497880004	0.0	0.0	0.0	0.0	0.0	0.0	0.0	0.0	0.0	0.0	0.0	0.0	0.0	0.6931471805599453	0.0	2.833213344056216	0.0	0.0	0.0	0.0	0.0	0.0	2.4849066497880004	0.0	0.0	0.6931471805599453	0.0	0.0	0.0	0.0	0.0	0.0	0.0	0.0	0.0	0.0	0.0	1.791759469228055	7.965198290612176	0.0	0.0	0.0	2.0794415416798357	0.0	0.0	0.0	0.0	0.0	2.9444389791664403	0.0	0.0	0.0	0.0	0.0	0.0	0.0	0.0	0.0	0.0	0.0	2.3978952727983707	0.0	0.0	0.0	0.0	0.0	0.0	4.418840607796598	0.0	0.0	0.0	0.0	0.0	1.3862943611198906	1.0986122886681098	0.0	0.0	0.0	0.0	0.0	0.0	1.9459101490553132	0.6931471805599453	0.0	0.0	0.0	0.0	0.0	0.6931471805599453	0.0	1.0986122886681098	0.0	0.0	0.0	0.0	0.0	0.0	0.6931471805599453	0.0	0.0	0.0	1.0986122886681098	0.0	0.6931471805599453	0.0	0.0	0.0	0.0	0.0	0.0	0.0	0.0	0.0	0.0	0.0	0.0	0.0	0.0	0.0	0.0	0.0	0.0	0.0	0.0	0.0	0.0	0.0	0.0	0.0	0.0	0.0	0.0	0.0	0.0	0.0	0.0	0.0	0.0	0.0	0.0	0.0	0.0	0.0	0.0	0.0	0.0	0.0	0.0	0.0	0.0	0.0	0.0	0.0	0.0	0.0	0.0	0.0	0.0	0.0	0.0	0.0	0.0	0.0	0.0	0.0	0.0	0.0	1.3862943611198906	1.0986122886681098	0.0	0.0	0.0	0.0	0.0	0.0	0.0	0.0	0.0	0.0	0.0	0.0
SRR23478228	0.0	2.3978952727983707	0.0	0.0	0.0	4.143134726391533	0.0	7.510977752014095	0.0	0.0	0.0	0.0	0.0	0.0	0.0	3.044522437723423	0.0	1.3862943611198906	0.0	3.912023005428146	2.70805020110221	3.9318256327243257	0.0	3.6888794541139363	2.6390573296152584	0.0	0.0	1.0986122886681098	0.0	0.0	1.791759469228055	0.0	3.1354942159291497	2.6390573296152584	4.007333185232471	0.0	1.791759469228055	0.0	0.0	4.787491742782046	0.0	0.0	0.6931471805599453	0.6931471805599453	0.0	6.025865973825314	0.0	6.577861357721047	0.0	0.0	7.00850518208228	0.0	0.0	0.0	0.0	0.0	4.672828834461906	0.0	0.0	0.0	0.0	0.0	0.0	0.0	0.0	0.0	1.791759469228055	0.0	4.189654742026425	1.6094379124341003	4.343805421853684	2.70805020110221	3.044522437723423	1.9459101490553132	0.0	6.38856140554563	0.0	0.0	0.0	0.0	0.0	3.258096538021482	0.0	0.0	0.0	1.0986122886681098	0.0	0.0	0.0	1.0986122886681098	0.0	0.0	3.4657359027997265	0.0	0.0	0.0	2.0794415416798357	0.0	3.7376696182833684	0.0	0.0	1.0986122886681098	0.0	2.8903717578961645	0.0	0.0	3.367295829986474	0.0	2.1972245773362196	0.6931471805599453	0.0	0.0	0.0	0.0	1.6094379124341003	0.0	0.0	1.791759469228055	0.0	0.0	0.0	0.0	0.0	5.4116460518550396	0.0	0.0	0.0	3.871201010907891	1.6094379124341003	0.6931471805599453	0.0	0.0	3.8066624897703196	0.0	0.0	0.0	0.0	3.4339872044851463	2.3978952727983707	0.0	0.0	0.0	1.3862943611198906	0.0	3.8918202981106265	0.0	0.0	0.0	0.0	0.0	0.0	0.0	0.0	0.0	0.0	0.0	1.9459101490553132	0.0	0.0	0.0	3.295836866004329	2.302585092994046	0.0	0.0	0.0	0.0	3.091042453358316	0.0	0.0	0.0	0.0	0.0	0.0	0.0	0.0	0.0	0.0	0.0	0.0	3.713572066704308	0.0	0.0	4.912654885736052	0.0	0.0	0.0	0.0	0.0	1.3862943611198906
SRR23478229	0.0	3.6109179126442243	0.0	6.369900982828227	0.0	3.1780538303479458	0.0	6.508769136971682	0.0	0.0	0.0	0.0	0.0	0.0	0.0	0.0	0.0	1.0986122886681098	0.0	3.4011973816621555	3.4011973816621555	6.782192056006791	0.0	0.0	0.0	2.302585092994046	0.0	6.100318952020064	2.5649493574615367	0.0	0.0	5.91350300563827	0.0	0.0	0.0	0.0	3.091042453358316	0.0	0.0	0.0	0.0	0.0	0.0	0.0	0.0	3.8066624897703196	0.6931471805599453	5.62040086571715	0.0	0.0	5.771441123130016	0.0	0.0	0.0	0.0	0.0	2.995732273553991	0.0	0.0	0.0	4.564348191467836	0.0	0.0	0.0	0.0	0.0	0.0	0.0	4.820281565605037	4.276666119016055	5.043425116919247	0.0	3.2188758248682006	0.0	0.6931471805599453	0.0	2.70805020110221	0.0	0.0	0.0	0.0	0.0	0.0	0.0	0.0	3.044522437723423	0.0	0.0	5.996452088619021	0.0	0.0	0.0	0.6931471805599453	0.0	0.0	0.0	0.0	0.0	5.846438775057725	0.0	0.0	4.74493212836325	0.0	4.143134726391533	2.833213344056216	4.990432586778736	2.5649493574615367	0.0	1.0986122886681098	0.0	4.59511985013459	2.995732273553991	0.0	0.0	0.0	0.0	0.0	0.0	0.6931471805599453	3.58351893845611	0.0	0.0	0.0	0.0	0.0	0.0	1.9459101490553132	0.0	0.0	0.0	1.0986122886681098	0.0	0.0	2.1972245773362196	0.0	0.0	0.0	5.950642552587727	0.0	0.0	0.0	0.0	0.0	0.0	3.970291913552122	4.430816798843313	0.0	1.3862943611198906	0.0	1.6094379124341003	0.0	0.0	0.0	0.0	0.0	0.0	0.0	0.0	0.0	0.0	4.672828834461906	0.0	0.0	0.0	0.0	0.0	0.0	0.0	0.0	0.0	0.0	0.0	0.0	0.0	0.0	0.0	0.0	0.0	0.0	0.0	0.0	0.0	1.9459101490553132	0.0	0.0	0.0	0.0	0.0	0.0
SRR23478230	0.0	2.6390573296152584	0.0	7.071573364211532	0.0	2.6390573296152584	0.0	7.069023426578259	7.520234556474628	0.0	0.0	0.0	0.0	0.0	0.0	0.0	0.0	1.9459101490553132	0.0	0.6931471805599453	1.3862943611198906	4.653960350157523	1.3862943611198906	2.5649493574615367	2.1972245773362196	0.0	0.0	3.5553480614894135	0.0	0.0	2.995732273553991	0.0	2.3978952727983707	0.0	4.04305126783455	0.0	1.9459101490553132	0.0	0.0	0.0	0.0	2.0794415416798357	0.0	0.0	0.0	5.594711379601839	6.3561076606958915	2.5649493574615367	0.0	0.0	6.364750756851911	0.0	0.0	0.0	0.0	0.0	1.3862943611198906	0.0	0.0	0.0	2.772588722239781	0.0	0.0	0.0	0.0	1.0986122886681098	0.0	0.0	1.3862943611198906	0.6931471805599453	0.0	0.0	1.3862943611198906	1.0986122886681098	0.0	2.302585092994046	0.0	0.0	0.0	0.0	0.0	0.0	0.0	0.0	0.0	0.0	0.0	0.0	0.0	3.091042453358316	0.0	0.0	0.0	0.0	0.0	0.0	0.0	0.0	1.3862943611198906	0.0	0.0	2.3978952727983707	0.0	0.0	0.0	0.0	0.0	0.0	0.0	2.3978952727983707	0.0	0.0	0.0	0.0	0.0	0.0	0.0	0.0	0.0	2.5649493574615367	0.0	0.0	0.0	0.0	0.6931471805599453	0.0	0.0	0.0	0.0	0.0	0.6931471805599453	0.0	2.4849066497880004	0.0	1.9459101490553132	0.0	0.0	0.6931471805599453	0.0	0.0	2.833213344056216	0.0	0.0	0.0	1.3862943611198906	2.1972245773362196	0.0	0.0	0.0	1.3862943611198906	0.0	0.0	0.0	0.0	0.0	0.0	0.0	2.9444389791664403	0.0	0.0	1.6094379124341003	0.0	0.0	0.0	0.0	0.0	0.0	0.0	0.6931471805599453	0.0	2.0794415416798357	0.0	0.0	0.0	0.0	0.0	0.0	3.367295829986474	2.995732273553991	3.1354942159291497	0.0	0.0	0.0	0.0	0.0	0.0	2.8903717578961645	3.6888794541139363	0.6931471805599453
SRR23478231	0.0	1.0986122886681098	0.0	4.290459441148391	0.0	3.332204510175204	0.0	7.179307969504034	0.0	0.0	0.0	0.0	0.0	0.0	0.0	1.9459101490553132	0.0	0.0	0.0	0.6931471805599453	0.0	3.4011973816621555	0.6931471805599453	1.6094379124341003	0.0	0.0	0.0	3.5553480614894135	0.0	0.0	2.70805020110221	4.0943445622221	0.0	0.0	2.70805020110221	0.0	1.0986122886681098	0.0	0.0	2.302585092994046	0.0	0.0	0.0	0.0	0.6931471805599453	2.772588722239781	7.490529402060711	4.382026634673881	0.0	0.0	5.517452896464707	0.0	0.0	0.0	0.0	0.0	2.772588722239781	0.0	0.0	0.0	1.6094379124341003	0.0	0.0	1.6094379124341003	1.9459101490553132	0.0	1.3862943611198906	0.0	4.77912349311153	0.6931471805599453	1.9459101490553132	0.0	0.0	0.6931471805599453	0.0	5.746203190540153	0.0	1.0986122886681098	0.0	0.0	0.0	0.0	0.0	2.833213344056216	0.0	3.4657359027997265	0.0	0.0	6.680854678790215	3.1354942159291497	0.0	0.0	0.0	0.0	0.0	0.0	3.5553480614894135	0.0	3.6635616461296463	0.0	0.0	4.04305126783455	0.0	1.9459101490553132	2.0794415416798357	3.2188758248682006	6.522092798170152	0.0	2.4849066497880004	2.302585092994046	4.74493212836325	2.5649493574615367	1.3862943611198906	0.0	0.0	0.0	0.0	0.0	0.0	2.0794415416798357	0.0	0.0	0.0	4.0943445622221	0.0	0.0	0.0	0.0	0.0	0.6931471805599453	0.0	0.0	0.0	0.0	1.3862943611198906	0.0	1.791759469228055	3.4339872044851463	0.0	0.0	0.0	0.0	0.0	0.0	1.0986122886681098	1.791759469228055	0.6931471805599453	2.5649493574615367	0.0	1.9459101490553132	0.0	0.0	0.0	0.0	0.0	0.0	1.6094379124341003	0.0	0.0	0.0	1.6094379124341003	0.0	1.791759469228055	0.6931471805599453	0.0	0.0	0.0	0.0	0.0	0.0	0.0	0.0	0.0	0.0	0.0	3.332204510175204	0.0	0.0	0.0	2.302585092994046	0.0	0.0	0.0	0.0	1.0986122886681098	0.0	0.0	0.0	0.0
SRR23478232	0.0	0.6931471805599453	0.0	5.10594547390058	0.0	2.1972245773362196	0.0	7.1204443723924875	0.0	0.0	0.0	0.0	0.0	0.0	0.0	1.0986122886681098	0.0	0.6931471805599453	0.0	0.6931471805599453	1.6094379124341003	4.543294782270004	0.0	1.6094379124341003	0.6931471805599453	0.0	0.0	0.0	1.6094379124341003	0.0	3.828641396489095	6.673297967767654	2.1972245773362196	0.0	4.0943445622221	0.0	0.6931471805599453	0.0	0.0	0.0	0.0	0.0	0.6931471805599453	0.0	0.0	4.61512051684126	7.896924656268864	4.189654742026425	0.0	0.0	5.081404364984463	0.0	0.0	0.0	0.0	0.0	2.1972245773362196	0.6931471805599453	0.0	0.0	1.3862943611198906	0.0	0.0	0.0	0.0	0.0	0.0	0.0	5.662960480135946	1.6094379124341003	0.0	0.0	0.6931471805599453	0.0	0.0	0.0	0.0	0.0	3.044522437723423	0.0	1.3862943611198906	0.0	3.7376696182833684	0.0	0.0	4.6913478822291435	0.0	0.0	4.976733742420574	2.0794415416798357	0.0	0.0	0.0	0.0	0.0	0.0	0.6931471805599453	0.0	2.0794415416798357	0.0	0.0	2.302585092994046	0.0	0.0	0.0	1.3862943611198906	2.995732273553991	0.0	0.0	0.0	0.0	3.5263605246161616	0.0	0.0	0.0	0.0	0.0	1.3862943611198906	0.0	0.0	0.0	0.0	0.0	0.0	0.6931471805599453	0.6931471805599453	0.0	0.0	2.6390573296152584	0.0	0.0	0.0	0.0	2.302585092994046	0.6931471805599453	0.0	0.0	3.4657359027997265	0.0	0.0	0.0	0.0	0.0	0.0	3.6375861597263857	0.0	0.0	0.0	0.0	0.0	0.0	0.0	0.0	0.0	0.6931471805599453	1.791759469228055	0.0	0.0	0.0	0.0	2.5649493574615367	0.6931471805599453	0.0	0.0	0.0	0.0	0.0	0.0	0.0	0.0	0.0	1.3862943611198906	0.0	0.0	0.0	2.5649493574615367	0.0	0.0	0.0	1.9459101490553132	0.0	0.0	1.6094379124341003	0.0	0.0	0.0	0.0	0.0	0.0
SRR23478233	0.0	2.3978952727983707	0.0	1.6094379124341003	0.0	0.6931471805599453	0.0	6.354370040797351	0.0	5.752572638825633	0.0	0.0	0.0	0.0	0.0	4.7535901911063645	0.0	5.541263545158426	1.0986122886681098	3.2188758248682006	1.6094379124341003	5.5053315359323625	0.0	1.6094379124341003	0.0	1.3862943611198906	0.0	0.0	0.6931471805599453	0.0	1.0986122886681098	6.543911845564792	1.6094379124341003	0.0	6.2422232654551655	0.0	1.3862943611198906	0.0	1.9459101490553132	0.0	0.0	0.0	0.0	0.0	0.0	4.07753744390572	0.0	3.58351893845611	0.0	0.0	7.368970402194793	0.0	0.0	0.0	0.0	0.0	0.0	0.0	0.0	0.0	1.9459101490553132	0.6931471805599453	0.0	0.0	0.0	0.0	2.1972245773362196	0.0	6.675823221634848	0.0	1.9459101490553132	0.0	0.6931471805599453	1.791759469228055	0.0	0.0	0.0	0.0	0.0	0.0	0.0	0.0	0.0	0.0	0.0	5.37989735354046	0.0	0.0	0.0	0.6931471805599453	0.0	0.0	0.0	0.0	0.0	0.0	0.0	0.0	2.4849066497880004	0.0	0.0	0.0	0.0	0.0	0.0	3.6375861597263857	0.0	0.0	0.0	0.0	0.0	0.0	0.0	0.0	0.0	0.0	0.0	0.0	0.0	1.6094379124341003	0.0	0.0	0.6931471805599453	0.0	0.0	0.0	0.0	0.0	0.0	1.0986122886681098	0.0	0.0	4.634728988229636	0.0	0.0	0.0	2.0794415416798357	0.6931471805599453	3.1780538303479458	6.131226489483141	0.0	1.0986122886681098	0.0	0.0	4.219507705176107	1.0986122886681098	0.0	0.0	0.0	0.0	0.0	0.0	0.0	0.0	0.0	0.0	0.0	0.0	0.0	1.6094379124341003	0.0	0.0	0.0	0.0	0.6931471805599453	0.0	0.0	0.0	0.0	0.0	0.0	0.0	0.0	0.0	0.0	0.0	0.0	0.0	0.0	0.0	0.0	0.0	0.0	0.0	0.0	0.0	0.0	0.0	0.0
SRR23478234	1.3862943611198906	0.0	0.0	5.236441962829949	0.0	7.68017564043659	0.0	3.8501476017100584	0.0	0.0	0.6931471805599453	1.0986122886681098	0.0	0.0	0.0	1.6094379124341003	0.0	0.0	0.0	0.0	0.0	0.0	0.6931471805599453	0.0	0.0	0.0	1.0986122886681098	3.044522437723423	3.1780538303479458	0.6931471805599453	0.0	0.0	0.0	0.0	1.3862943611198906	1.9459101490553132	0.0	0.0	0.0	6.0473721790462776	0.0	0.0	0.6931471805599453	0.0	0.0	1.9459101490553132	0.0	4.174387269895637	0.0	0.6931471805599453	3.6635616461296463	0.0	0.0	0.0	0.0	1.6094379124341003	6.131226489483141	0.0	0.0	0.0	0.0	0.0	6.240275845170769	2.995732273553991	5.541263545158426	0.0	3.4011973816621555	2.3978952727983707	3.1780538303479458	1.0986122886681098	4.248495242049359	5.214935757608986	0.0	0.0	0.0	1.3862943611198906	0.0	3.4657359027997265	0.0	3.2188758248682006	0.0	4.477336814478207	0.0	0.0	1.6094379124341003	1.0986122886681098	0.6931471805599453	0.0	1.0986122886681098	3.044522437723423	3.044522437723423	2.1972245773362196	0.0	0.0	0.0	0.0	0.0	0.0	4.110873864173311	0.0	4.9344739331306915	1.791759469228055	2.0794415416798357	0.0	4.709530201312334	5.673323267171493	0.0	0.0	3.091042453358316	2.995732273553991	0.0	3.4965075614664802	0.0	0.0	2.4849066497880004	0.0	0.0	0.0	0.0	1.3862943611198906	0.0	0.0	3.871201010907891	2.4849066497880004	0.0	2.70805020110221	0.0	2.0794415416798357	0.0	3.871201010907891	0.0	0.0	1.6094379124341003	0.0	1.3862943611198906	0.0	0.0	4.6443908991413725	0.0	2.1972245773362196	0.0	0.0	0.0	0.0	1.3862943611198906	0.0	1.9459101490553132	0.0	0.0	3.4339872044851463	0.0	0.0	0.0	0.0	0.0	0.0	0.0	0.0	0.0	0.0	0.6931471805599453	0.0	3.4965075614664802	0.0	1.0986122886681098	0.0	0.0	3.8918202981106265	0.0	0.0	0.0	2.4849066497880004	0.0	0.0	0.0	3.367295829986474	0.0	0.0	0.0	0.0	4.477336814478207	0.0	2.9444389791664403	1.0986122886681098	0.0	1.791759469228055	0.6931471805599453	0.0	0.0
SRR23478235	2.4849066497880004	3.4011973816621555	0.0	5.755742213586912	0.0	6.131226489483141	0.0	5.342334251964811	0.0	0.0	2.6390573296152584	0.0	0.0	1.0986122886681098	0.0	1.0986122886681098	0.0	0.0	0.0	1.791759469228055	0.0	3.6109179126442243	0.0	3.713572066704308	1.0986122886681098	0.0	0.0	3.970291913552122	2.4849066497880004	1.3862943611198906	4.919980925828125	3.4011973816621555	0.0	0.0	0.0	0.0	0.0	0.0	0.0	4.709530201312334	5.54907608489522	0.0	0.0	0.0	0.6931471805599453	0.0	6.246106765481563	6.230481447578482	1.0986122886681098	0.0	4.110873864173311	0.0	0.0	0.0	4.406719247264253	1.0986122886681098	6.152732694704104	1.791759469228055	0.0	1.6094379124341003	1.9459101490553132	1.6094379124341003	3.6888794541139363	2.5649493574615367	4.948759890378168	2.0794415416798357	0.0	3.044522437723423	2.5649493574615367	2.302585092994046	2.995732273553991	0.0	0.6931471805599453	1.0986122886681098	0.0	0.0	0.0	1.6094379124341003	0.0	1.0986122886681098	0.0	4.90527477843843	2.3978952727983707	0.0	0.0	2.70805020110221	0.0	0.0	4.1588830833596715	3.58351893845611	3.6635616461296463	0.0	3.4965075614664802	1.3862943611198906	0.0	0.0	0.0	0.0	4.90527477843843	0.0	1.3862943611198906	3.871201010907891	0.6931471805599453	1.3862943611198906	0.6931471805599453	2.1972245773362196	3.1780538303479458	0.0	0.0	2.8903717578961645	6.843749949006225	4.1588830833596715	3.784189633918261	0.0	0.0	0.0	0.0	0.0	0.0	0.0	0.0	0.0	2.3978952727983707	5.746203190540153	1.6094379124341003	3.258096538021482	0.6931471805599453	0.0	0.0	2.8903717578961645	0.0	0.0	0.0	1.0986122886681098	1.3862943611198906	0.0	0.0	4.574710978503383	0.0	3.1780538303479458	0.0	0.0	0.0	0.0	1.0986122886681098	0.0	1.3862943611198906	2.302585092994046	0.0	2.995732273553991	0.0	0.0	1.791759469228055	4.663439094112067	3.2188758248682006	1.791759469228055	1.9459101490553132	2.1972245773362196	0.0	0.0	2.70805020110221	0.0	0.0	0.0	1.6094379124341003	0.0	3.5553480614894135	1.3862943611198906	3.6109179126442243	0.6931471805599453	0.6931471805599453	1.0986122886681098	0.0	0.0	0.0	2.5649493574615367	0.0	0.0	1.0986122886681098	1.791759469228055	2.5649493574615367	0.0	3.6109179126442243	0.0	0.0	1.3862943611198906	1.6094379124341003	2.302585092994046	2.833213344056216
SRR23478236	0.0	1.0986122886681098	0.0	0.0	0.0	2.302585092994046	0.0	5.572154032177765	0.0	2.4849066497880004	0.0	0.0	0.0	0.0	0.0	2.302585092994046	0.0	0.0	0.0	0.0	0.0	1.6094379124341003	0.0	0.6931471805599453	0.0	0.0	0.0	4.867534450455582	0.0	2.995732273553991	3.9318256327243257	4.983606621708336	0.0	0.0	1.6094379124341003	0.0	0.6931471805599453	0.0	0.0	0.0	0.0	0.0	0.0	0.6931471805599453	0.0	4.6913478822291435	8.293549515060345	5.8664680569332965	0.0	0.0	4.90527477843843	0.0	0.0	0.0	0.0	0.0	4.248495242049359	0.0	1.0986122886681098	0.0	2.1972245773362196	0.0	2.302585092994046	0.0	0.0	0.0	1.0986122886681098	0.0	5.556828061699537	2.70805020110221	0.0	2.302585092994046	1.0986122886681098	1.791759469228055	0.0	3.295836866004329	0.0	0.0	0.0	0.0	0.0	0.0	4.48863636973214	0.0	0.0	4.060443010546419	0.0	0.0	0.0	0.6931471805599453	3.1354942159291497	0.0	0.0	0.0	0.0	0.0	1.6094379124341003	0.0	1.791759469228055	0.0	0.0	0.0	0.0	0.0	0.0	0.6931471805599453	2.70805020110221	0.0	0.0	1.6094379124341003	2.1972245773362196	0.0	0.0	0.0	0.0	0.0	0.0	2.0794415416798357	0.0	0.0	0.0	0.0	0.0	0.0	0.0	0.0	0.0	0.0	0.0	0.0	0.0	0.0	0.6931471805599453	0.0	2.0794415416798357	0.0	1.9459101490553132	1.0986122886681098	0.0	1.3862943611198906	0.0	1.0986122886681098	0.0	0.0	5.10594547390058	1.791759469228055	0.0	0.0	0.0	1.6094379124341003	0.0	0.0	0.0	0.0	0.0	0.0	0.0	0.0	0.0	1.0986122886681098	5.0689042022202315	0.0	0.0	0.0	0.0	0.0	0.0	0.0	0.0	0.0	0.0	1.3862943611198906	0.0	0.0	0.0	0.0	0.0	2.833213344056216	1.3862943611198906	1.9459101490553132	0.0	0.0	0.6931471805599453	0.0	0.0	0.0	0.0	0.0	0.0
SRR23478237	0.0	1.6094379124341003	0.0	5.2574953720277815	0.0	1.0986122886681098	0.0	6.306275286948016	0.6931471805599453	1.791759469228055	0.0	0.0	0.0	0.0	0.0	0.0	0.0	0.0	3.6109179126442243	1.0986122886681098	0.0	6.621405651764134	0.0	1.0986122886681098	0.0	1.6094379124341003	0.0	4.499809670330265	2.6390573296152584	2.1972245773362196	2.772588722239781	5.58724865840025	0.0	0.0	2.302585092994046	0.0	1.3862943611198906	0.0	0.0	1.791759469228055	0.0	0.0	0.6931471805599453	0.0	0.0	7.0317412587631285	7.364547014255642	4.59511985013459	0.0	0.0	5.043425116919247	0.0	0.0	0.0	0.0	0.0	1.791759469228055	0.0	2.302585092994046	0.0	2.0794415416798357	0.0	0.0	0.0	0.0	0.0	2.1972245773362196	0.0	3.332204510175204	0.0	3.713572066704308	0.0	2.0794415416798357	0.0	1.3862943611198906	0.0	2.772588722239781	0.0	0.0	0.0	0.0	0.0	5.384495062789089	0.0	0.0	3.2188758248682006	0.0	0.0	6.056784013228625	1.3862943611198906	0.0	0.0	0.0	0.0	0.0	0.6931471805599453	0.0	0.0	4.060443010546419	0.0	1.0986122886681098	3.713572066704308	0.0	1.791759469228055	1.6094379124341003	3.2188758248682006	3.4657359027997265	0.0	0.0	1.0986122886681098	2.5649493574615367	1.3862943611198906	0.0	0.0	0.0	0.0	0.0	0.0	1.0986122886681098	0.0	0.0	0.0	0.0	0.0	1.0986122886681098	0.0	0.0	0.0	1.9459101490553132	0.0	1.0986122886681098	0.0	0.6931471805599453	0.0	2.1972245773362196	0.0	1.3862943611198906	5.420534999272286	0.0	0.0	0.0	0.0	0.0	0.0	2.3978952727983707	0.0	0.0	0.0	0.0	0.6931471805599453	0.0	0.0	0.0	0.0	0.0	0.0	1.9459101490553132	0.0	0.0	0.0	0.6931471805599453	1.3862943611198906	0.0	0.0	0.0	0.0	0.0	0.0	0.0	0.0	0.0	1.6094379124341003	0.0	0.0	0.0	0.0	0.0	0.0	4.430816798843313	2.1972245773362196	0.0	0.0	1.3862943611198906	0.0	0.0	0.0	0.0	0.6931471805599453	0.0
SRR23478238	0.0	5.356586274672012	0.0	6.928537818164665	0.0	1.0986122886681098	0.0	5.6240175061873385	0.0	0.0	0.6931471805599453	0.0	0.0	0.0	0.0	0.0	0.0	0.0	1.3862943611198906	4.04305126783455	4.02535169073515	7.894318063841624	0.0	1.791759469228055	2.302585092994046	0.6931471805599453	0.0	6.023447592961033	3.871201010907891	1.6094379124341003	3.8066624897703196	0.0	0.0	0.0	3.6888794541139363	0.0	1.0986122886681098	0.0	0.0	1.791759469228055	0.0	0.0	1.791759469228055	0.0	0.6931471805599453	2.8903717578961645	2.0794415416798357	4.276666119016055	0.0	0.0	5.003946305945459	0.0	0.0	0.0	0.0	0.0	1.0986122886681098	0.0	2.4849066497880004	0.0	2.6390573296152584	0.0	0.0	0.0	0.0	0.0	1.3862943611198906	0.0	2.4849066497880004	0.0	3.2188758248682006	0.0	4.6913478822291435	2.9444389791664403	2.1972245773362196	4.007333185232471	0.6931471805599453	0.0	0.0	0.0	0.0	1.0986122886681098	0.0	0.0	0.0	1.6094379124341003	0.0	0.0	2.995732273553991	0.0	0.6931471805599453	0.0	2.4849066497880004	0.6931471805599453	0.0	0.0	0.0	0.0	5.25227342804663	0.0	0.0	2.302585092994046	0.0	1.3862943611198906	2.5649493574615367	3.9889840465642745	2.302585092994046	0.0	0.0	4.174387269895637	0.6931471805599453	1.6094379124341003	0.0	0.0	0.0	0.0	1.0986122886681098	0.0	0.0	1.0986122886681098	0.0	0.0	0.0	0.0	1.6094379124341003	0.0	0.0	0.0	0.0	0.0	0.0	0.6931471805599453	0.6931471805599453	0.0	0.0	0.0	0.0	3.58351893845611	0.0	0.0	2.0794415416798357	0.0	2.4849066497880004	0.0	0.6931471805599453	0.0	0.0	0.0	0.0	0.0	0.0	0.0	0.0	0.0	0.0	0.0	3.58351893845611	0.0	4.553876891600541	1.791759469228055	4.962844630259907	1.0986122886681098	0.0	0.0	0.0	0.0	0.0	0.0	0.0	0.0	0.0	0.0	0.0	0.0	0.0	0.0	1.3862943611198906	4.343805421853684	3.5553480614894135	1.3862943611198906	0.0	0.0	1.0986122886681098	0.0	0.0	0.0	0.0	0.0	0.0
SRR23478239	0.0	6.052089168924417	0.0	1.791759469228055	0.0	7.204892510204673	0.0	6.054439346269371	0.0	1.0986122886681098	0.0	0.0	0.0	0.0	0.0	1.0986122886681098	0.0	0.0	0.0	0.6931471805599453	2.302585092994046	5.0238805208462765	0.0	0.0	0.0	0.0	0.0	0.0	3.258096538021482	1.3862943611198906	0.0	0.0	0.0	2.0794415416798357	3.6109179126442243	1.6094379124341003	0.0	1.3862943611198906	0.0	3.4965075614664802	0.0	0.0	1.0986122886681098	0.0	1.0986122886681098	4.330733340286331	2.5649493574615367	5.170483995038151	0.0	0.0	5.634789603169249	0.0	0.0	0.0	0.0	0.0	7.550661243105336	0.0	5.049856007249537	0.0	1.3862943611198906	1.6094379124341003	0.0	0.0	0.0	0.0	3.5263605246161616	0.0	2.995732273553991	0.6931471805599453	3.5553480614894135	0.0	2.302585092994046	0.0	0.0	3.5553480614894135	0.6931471805599453	2.0794415416798357	0.0	2.4849066497880004	0.0	2.0794415416798357	0.0	0.0	0.0	3.091042453358316	1.0986122886681098	0.0	3.6888794541139363	4.060443010546419	1.3862943611198906	0.0	0.0	2.302585092994046	0.0	0.0	2.1972245773362196	0.0	4.31748811353631	0.0	4.990432586778736	5.147494476813453	0.0	0.0	2.70805020110221	3.367295829986474	3.2188758248682006	0.0	1.791759469228055	2.8903717578961645	2.4849066497880004	0.6931471805599453	0.0	0.0	0.6931471805599453	0.0	0.0	0.6931471805599453	0.0	0.0	0.0	0.0	2.833213344056216	0.0	1.791759469228055	1.9459101490553132	0.0	0.0	0.0	0.0	0.0	0.0	1.791759469228055	0.0	3.9318256327243257	1.0986122886681098	0.0	3.332204510175204	0.0	0.0	0.0	0.0	1.0986122886681098	0.0	2.772588722239781	2.0794415416798357	0.0	0.0	1.791759469228055	4.0943445622221	0.0	0.0	0.0	1.6094379124341003	0.0	3.4965075614664802	1.9459101490553132	0.0	0.0	1.0986122886681098	2.1972245773362196	0.0	3.044522437723423	0.0	0.0	0.0	0.0	0.0	0.0	0.0	0.0	0.0	0.0	0.0	0.0	3.1354942159291497	3.713572066704308	0.0	0.0	2.1972245773362196	2.0794415416798357	0.0	2.0794415416798357	1.3862943611198906	0.0	1.3862943611198906	0.0	0.0	1.0986122886681098
SRR23478240	0.0	1.3862943611198906	0.0	7.862497197230545	0.0	2.5649493574615367	0.0	5.726847747587197	0.0	0.0	2.0794415416798357	1.3862943611198906	0.0	0.0	0.0	0.0	0.0	0.0	0.0	0.0	0.0	2.8903717578961645	0.0	0.0	0.0	0.0	0.0	5.049856007249537	2.833213344056216	1.791759469228055	5.375278407684165	4.394449154672439	1.3862943611198906	0.0	2.5649493574615367	0.0	0.6931471805599453	0.0	0.0	1.0986122886681098	0.0	0.0	0.0	0.0	0.0	1.0986122886681098	6.838405200847344	5.0238805208462765	0.0	0.0	5.267858159063328	0.0	0.0	0.0	2.70805020110221	0.0	2.0794415416798357	0.0	0.0	0.0	0.0	0.0	0.0	2.0794415416798357	0.0	4.51085950651685	0.0	0.0	3.6635616461296463	1.6094379124341003	2.70805020110221	0.0	0.6931471805599453	0.0	0.0	0.0	0.0	1.6094379124341003	2.70805020110221	0.0	1.0986122886681098	0.0	3.4011973816621555	1.0986122886681098	1.0986122886681098	4.787491742782046	0.0	0.0	4.248495242049359	3.5553480614894135	0.6931471805599453	0.0	2.3978952727983707	0.0	0.0	0.6931471805599453	0.0	0.0	2.995732273553991	0.0	1.6094379124341003	2.6390573296152584	0.0	2.70805020110221	1.791759469228055	4.290459441148391	5.099866427824199	0.0	0.0	0.0	3.4011973816621555	0.0	1.791759469228055	0.0	0.0	0.0	0.0	0.0	0.0	0.0	0.0	0.0	0.0	5.765191102784844	0.6931471805599453	1.3862943611198906	0.0	0.0	0.0	1.791759469228055	0.0	0.0	2.0794415416798357	0.0	2.5649493574615367	0.0	0.0	2.995732273553991	0.0	0.6931471805599453	0.0	0.0	0.0	0.0	3.871201010907891	0.0	4.219507705176107	0.0	1.0986122886681098	1.6094379124341003	0.0	3.1354942159291497	1.9459101490553132	3.4339872044851463	2.302585092994046	1.0986122886681098	1.0986122886681098	0.0	0.0	0.0	0.0	0.0	0.0	0.0	0.0	0.0	0.0	1.0986122886681098	3.044522437723423	0.0	4.634728988229636	2.9444389791664403	0.0	2.6390573296152584	1.3862943611198906	1.3862943611198906	0.0	1.6094379124341003	1.791759469228055	1.0986122886681098	0.0	0.0	1.3862943611198906	0.0	0.6931471805599453	0.0	2.70805020110221	0.0	0.6931471805599453
SRR23478241	0.0	3.9889840465642745	0.0	6.93537044601511	0.0	3.044522437723423	0.0	6.530877627725885	0.0	0.0	0.0	0.0	0.0	2.9444389791664403	0.6931471805599453	0.0	0.0	0.0	0.0	0.0	1.9459101490553132	5.4680601411351315	0.0	2.6390573296152584	0.0	0.0	0.0	4.941642422609304	4.248495242049359	2.1972245773362196	0.6931471805599453	5.3230099791384085	1.9459101490553132	0.0	0.0	0.0	3.4011973816621555	0.0	2.3978952727983707	0.6931471805599453	0.0	2.70805020110221	0.0	0.0	0.0	2.995732273553991	4.07753744390572	4.2626798770413155	0.0	0.0	7.029087564149662	1.791759469228055	0.0	1.0986122886681098	0.0	0.0	1.3862943611198906	0.0	0.0	0.0	2.6390573296152584	0.0	0.0	0.0	0.0	0.0	1.6094379124341003	0.0	5.765191102784844	0.0	4.0943445622221	0.0	1.9459101490553132	0.0	0.0	1.791759469228055	0.0	0.0	0.0	0.0	0.0	0.0	4.343805421853684	0.0	0.0	4.564348191467836	0.0	0.0	6.008813185442595	0.0	0.0	0.0	3.8066624897703196	0.0	0.0	0.0	1.0986122886681098	0.0	4.219507705176107	0.0	0.0	3.044522437723423	0.0	3.5553480614894135	5.247024072160486	4.07753744390572	6.0112671744041615	0.0	0.0	0.0	3.58351893845611	0.0	3.4965075614664802	1.6094379124341003	0.0	4.5217885770490405	0.0	0.0	0.0	2.995732273553991	0.0	0.0	0.0	0.0	0.0	0.0	1.0986122886681098	0.0	0.0	0.0	0.0	0.0	1.0986122886681098	0.0	1.0986122886681098	0.0	0.0	5.594711379601839	0.0	0.0	4.204692619390966	0.0	0.0	0.0	0.0	2.8903717578961645	0.0	0.0	0.0	0.0	0.0	0.0	0.0	2.0794415416798357	0.0	0.0	2.833213344056216	0.0	0.0	0.0	1.3862943611198906	2.0794415416798357	2.6390573296152584	0.0	1.791759469228055	0.0	0.0	0.0	0.0	0.0	0.6931471805599453	0.0	0.0	0.0	0.0	0.0	0.0	0.0	2.302585092994046	0.0	0.0	0.0	1.6094379124341003	0.0	0.0	0.0	0.0	0.0	0.0
SRR23478242	0.0	2.4849066497880004	0.0	5.53338948872752	0.0	6.115892125483034	0.0	5.733341276897746	0.0	0.0	3.9889840465642745	3.58351893845611	0.0	0.0	0.0	2.0794415416798357	0.0	0.0	0.0	0.6931471805599453	1.3862943611198906	3.58351893845611	0.0	2.4849066497880004	0.0	0.0	0.0	4.6913478822291435	2.833213344056216	0.0	6.028278520230698	2.833213344056216	0.0	0.0	1.6094379124341003	0.0	0.0	0.0	0.0	4.762173934797756	0.0	0.0	0.0	0.0	0.0	0.0	6.561030665896573	4.663439094112067	0.0	0.0	6.3473892096560105	5.648974238161206	0.0	6.028278520230698	2.772588722239781	0.0	3.1354942159291497	0.0	0.0	0.0	0.0	1.3862943611198906	0.0	2.0794415416798357	1.791759469228055	0.6931471805599453	0.0	0.6931471805599453	1.791759469228055	3.091042453358316	2.1972245773362196	3.295836866004329	0.0	1.6094379124341003	0.0	1.791759469228055	0.0	1.9459101490553132	0.6931471805599453	1.0986122886681098	0.0	1.9459101490553132	2.302585092994046	0.0	0.0	1.6094379124341003	0.0	0.0	3.58351893845611	2.995732273553991	2.833213344056216	0.0	3.332204510175204	0.0	0.0	0.0	1.0986122886681098	0.0	3.258096538021482	0.0	0.6931471805599453	2.5649493574615367	0.6931471805599453	0.0	1.0986122886681098	1.3862943611198906	1.0986122886681098	0.0	0.0	2.0794415416798357	4.605170185988092	1.9459101490553132	0.0	0.0	0.0	0.0	0.0	0.0	0.0	0.0	1.0986122886681098	0.0	0.0	7.3277805384216315	0.0	0.0	1.0986122886681098	0.0	0.0	1.0986122886681098	0.0	0.0	0.0	0.0	0.0	0.0	0.0	2.70805020110221	0.0	0.0	2.1972245773362196	0.0	2.0794415416798357	0.0	0.0	1.3862943611198906	2.5649493574615367	0.0	0.6931471805599453	3.2188758248682006	0.0	3.6109179126442243	0.0	2.0794415416798357	3.713572066704308	0.0	0.6931471805599453	0.0	0.0	0.0	3.5263605246161616	0.0	0.6931471805599453	0.0	0.0	0.0	0.0	1.9459101490553132	1.6094379124341003	1.3862943611198906	1.0986122886681098	0.0	0.0	0.0	0.0	1.3862943611198906	0.0	3.258096538021482	1.3862943611198906	0.6931471805599453	1.0986122886681098	0.0	3.1780538303479458	0.0	0.0	0.0	0.6931471805599453	2.9444389791664403	3.7612001156935624
SRR23478243	0.6931471805599453	4.762173934797756	0.0	7.029972911706386	0.0	1.3862943611198906	0.0	5.521460917862246	5.303304908059076	0.0	0.0	0.0	3.6109179126442243	0.0	0.0	1.6094379124341003	0.0	0.0	0.0	2.9444389791664403	1.0986122886681098	6.4692503167957724	0.0	0.0	0.0	1.791759469228055	0.0	5.480638923341991	1.9459101490553132	1.0986122886681098	6.2166061010848646	4.77912349311153	0.0	0.0	2.1972245773362196	0.0	2.4849066497880004	0.0	0.0	1.0986122886681098	0.0	0.0	1.791759469228055	0.0	0.0	1.9459101490553132	5.4638318050256105	4.795790545596741	0.0	0.0	5.673323267171493	1.3862943611198906	0.0	0.0	1.0986122886681098	0.0	0.6931471805599453	0.0	0.0	0.6931471805599453	1.6094379124341003	0.0	1.0986122886681098	0.0	0.0	2.4849066497880004	0.0	0.0	4.1588830833596715	2.1972245773362196	5.726847747587197	0.6931471805599453	1.3862943611198906	0.0	0.6931471805599453	0.0	2.6390573296152584	0.0	0.0	0.6931471805599453	0.0	0.0	3.8501476017100584	0.0	0.0	3.1354942159291497	0.6931471805599453	0.0	5.579729825986222	2.6390573296152584	1.0986122886681098	1.3862943611198906	3.6375861597263857	2.302585092994046	0.0	0.0	0.0	0.0	5.7745515455444085	0.0	2.5649493574615367	4.543294782270004	1.0986122886681098	2.3978952727983707	4.07753744390572	4.997212273764115	3.4011973816621555	0.0	0.0	0.0	3.2188758248682006	1.9459101490553132	4.804021044733257	0.0	0.0	5.442417710521793	0.0	2.4849066497880004	0.0	0.0	0.0	0.0	0.0	0.0	1.6094379124341003	0.0	2.0794415416798357	0.0	0.0	0.0	0.0	0.0	0.0	1.0986122886681098	2.5649493574615367	2.1972245773362196	0.0	3.367295829986474	2.6390573296152584	2.8903717578961645	3.091042453358316	0.0	0.0	0.0	0.0	0.0	0.0	1.0986122886681098	0.0	1.9459101490553132	0.0	0.0	1.6094379124341003	0.0	1.9459101490553132	0.6931471805599453	1.0986122886681098	3.091042453358316	0.0	0.0	2.4849066497880004	0.0	0.0	0.0	0.6931471805599453	0.0	1.0986122886681098	0.0	2.3978952727983707	1.6094379124341003	3.8918202981106265	0.0	0.6931471805599453	0.0	0.6931471805599453	2.302585092994046	0.0	3.1354942159291497	2.772588722239781	0.6931471805599453	0.0	0.0	1.9459101490553132	0.0	0.0	0.0	1.791759469228055	3.8501476017100584	0.0
SRR23478244	1.6094379124341003	5.187385805840755	0.0	4.919980925828125	0.0	7.186901020411631	0.0	6.270988431858299	0.0	0.0	0.0	2.1972245773362196	3.4339872044851463	0.0	0.0	2.1972245773362196	0.0	0.0	0.0	0.0	0.0	4.836281906951478	0.6931471805599453	0.6931471805599453	0.0	0.0	0.0	2.995732273553991	1.6094379124341003	1.0986122886681098	3.1354942159291497	0.0	0.0	0.6931471805599453	2.5649493574615367	2.70805020110221	0.0	0.0	0.0	5.43372200355424	0.0	0.0	0.0	0.0	0.0	0.6931471805599453	7.105786129481271	3.6888794541139363	0.0	0.6931471805599453	3.091042453358316	0.0	0.0	0.0	5.236441962829949	0.6931471805599453	6.249975242259483	2.3978952727983707	2.5649493574615367	0.0	0.0	1.0986122886681098	3.091042453358316	2.3978952727983707	3.4339872044851463	3.4011973816621555	0.0	0.0	1.6094379124341003	1.0986122886681098	0.6931471805599453	3.332204510175204	0.0	0.0	0.0	0.0	0.0	2.302585092994046	0.0	2.1972245773362196	1.6094379124341003	5.537334267018537	1.791759469228055	1.791759469228055	3.5263605246161616	2.0794415416798357	0.0	0.0	2.833213344056216	5.337538079701318	0.6931471805599453	1.0986122886681098	0.6931471805599453	0.0	0.0	0.0	0.0	0.0	1.3862943611198906	0.0	2.70805020110221	1.9459101490553132	0.6931471805599453	0.0	0.0	1.9459101490553132	0.0	0.0	3.4657359027997265	2.0794415416798357	3.2188758248682006	0.6931471805599453	1.3862943611198906	0.0	0.6931471805599453	3.6635616461296463	0.0	0.0	0.0	0.6931471805599453	2.8903717578961645	0.0	0.6931471805599453	0.0	0.0	0.6931471805599453	0.0	0.6931471805599453	0.0	2.6390573296152584	0.0	0.0	0.0	0.0	2.5649493574615367	0.0	0.0	2.1972245773362196	2.302585092994046	4.672828834461906	0.0	0.0	0.0	0.0	2.0794415416798357	0.0	2.9444389791664403	0.0	0.0	5.337538079701318	0.0	0.6931471805599453	0.0	0.0	3.4339872044851463	0.6931471805599453	1.0986122886681098	0.0	0.0	0.0	1.6094379124341003	0.0	1.791759469228055	0.0	1.6094379124341003	0.0	3.9512437185814275	1.0986122886681098	2.995732273553991	2.1972245773362196	1.3862943611198906	0.6931471805599453	0.0	3.258096538021482	0.6931471805599453	0.6931471805599453	0.0	1.6094379124341003	0.0	1.6094379124341003	3.4339872044851463	0.0	3.258096538021482	0.0	2.302585092994046	2.3978952727983707	0.0	3.912023005428146	0.6931471805599453
SRR23478245	0.0	2.5649493574615367	0.0	4.394449154672439	0.0	6.2285110035911835	0.0	3.871201010907891	0.0	0.0	2.0794415416798357	4.3694478524670215	5.41610040220442	2.302585092994046	0.0	0.0	0.0	0.0	0.0	1.0986122886681098	1.6094379124341003	3.295836866004329	0.0	0.6931471805599453	0.6931471805599453	0.0	0.0	1.0986122886681098	0.0	0.0	0.0	1.3862943611198906	0.0	0.0	0.0	0.0	1.3862943611198906	0.0	0.0	6.661854740545311	0.0	0.0	0.0	1.9459101490553132	0.0	2.302585092994046	7.1204443723924875	3.044522437723423	0.0	0.0	4.290459441148391	0.0	0.0	2.995732273553991	0.0	0.0	3.970291913552122	0.0	0.0	0.0	2.3978952727983707	5.8971538676367405	0.0	6.621405651764134	1.9459101490553132	3.044522437723423	0.0	0.0	3.6635616461296463	0.0	1.0986122886681098	0.0	0.0	0.0	0.0	0.0	0.0	4.6443908991413725	1.3862943611198906	1.6094379124341003	0.0	0.0	0.0	0.0	0.0	1.3862943611198906	0.0	0.0	3.258096538021482	3.295836866004329	2.1972245773362196	1.3862943611198906	1.6094379124341003	0.0	0.0	0.0	1.791759469228055	0.0	0.0	0.0	2.0794415416798357	2.1972245773362196	0.0	0.0	2.302585092994046	1.6094379124341003	0.0	0.0	0.0	4.3694478524670215	2.1972245773362196	0.0	1.791759469228055	0.0	0.0	0.0	0.0	0.0	0.0	1.3862943611198906	1.0986122886681098	0.0	0.6931471805599453	6.284134161070802	0.0	0.0	0.0	0.0	0.0	0.0	0.0	0.0	0.0	0.0	0.0	0.0	0.0	2.772588722239781	0.0	0.0	0.0	0.0	0.0	0.0	0.0	0.0	0.0	0.0	5.214935757608986	2.302585092994046	0.0	0.6931471805599453	0.0	0.0	4.143134726391533	1.6094379124341003	0.0	0.6931471805599453	0.0	0.0	1.0986122886681098	1.3862943611198906	0.0	0.0	1.791759469228055	0.0	0.0	3.713572066704308	3.871201010907891	0.0	0.0	0.0	0.0	0.0	0.0	0.0	0.0	2.1972245773362196	0.0	0.0	0.0	0.0	2.70805020110221	3.1354942159291497	0.0	0.0	0.0	0.0	3.9318256327243257
SRR23478246	0.0	4.867534450455582	0.0	6.202535517187923	0.0	2.6390573296152584	0.0	4.787491742782046	0.0	0.0	3.8918202981106265	0.0	0.0	0.0	0.0	0.0	0.0	0.0	0.0	1.791759469228055	1.791759469228055	4.276666119016055	0.0	7.466799475018602	1.9459101490553132	0.0	0.0	4.983606621708336	3.6109179126442243	0.0	2.995732273553991	4.442651256490317	0.0	2.0794415416798357	0.0	0.0	0.0	0.0	0.0	2.772588722239781	0.0	0.0	0.0	1.3862943611198906	1.791759469228055	1.791759469228055	7.071573364211532	5.918893854273146	0.0	0.0	5.017279836814924	0.0	0.0	0.0	0.0	0.0	3.8501476017100584	0.0	3.6888794541139363	0.0	0.0	5.298317366548036	0.0	2.4849066497880004	0.0	0.0	0.0	0.0	4.8283137373023015	4.219507705176107	2.6390573296152584	0.0	0.0	0.0	0.0	0.0	0.0	0.0	0.0	0.0	0.0	2.833213344056216	3.2188758248682006	0.0	0.0	2.3978952727983707	0.0	0.0	4.442651256490317	0.0	2.3978952727983707	0.0	1.3862943611198906	0.0	0.0	0.0	0.0	0.0	0.0	0.0	0.0	0.0	0.0	0.0	3.332204510175204	0.0	0.0	0.0	2.0794415416798357	4.127134385045092	3.8066624897703196	4.812184355372417	0.0	1.3862943611198906	0.0	0.0	0.0	0.0	0.0	0.0	0.0	0.0	1.0986122886681098	0.0	0.0	0.0	2.0794415416798357	0.0	0.0	0.0	0.0	0.0	0.0	0.0	0.0	0.0	3.6375861597263857	4.553876891600541	0.0	0.0	0.0	0.0	0.0	0.0	0.0	0.0	0.0	0.0	0.0	4.02535169073515	0.0	0.0	0.0	0.0	0.0	3.044522437723423	2.9444389791664403	0.0	0.0	1.0986122886681098	2.1972245773362196	5.0106352940962555	0.0	0.0	0.0	0.0	0.0	0.0	2.0794415416798357	0.0	0.0	0.0	0.0	0.0	0.0	0.0	0.0	4.30406509320417	0.0	0.0	0.0	0.0	3.5263605246161616	0.0	0.0	0.0	0.0	0.0	0.0
SRR23478247	0.6931471805599453	5.564520407322694	0.0	3.295836866004329	0.0	2.8903717578961645	0.0	6.655440350367647	0.0	0.0	0.0	0.0	0.0	1.0986122886681098	0.0	1.0986122886681098	0.0	0.6931471805599453	2.4849066497880004	1.3862943611198906	0.6931471805599453	4.343805421853684	0.0	2.70805020110221	1.6094379124341003	0.0	0.0	4.897839799950911	3.044522437723423	1.6094379124341003	6.436150368369428	6.807934943699926	2.772588722239781	0.0	0.6931471805599453	0.0	0.6931471805599453	0.0	0.0	2.0794415416798357	0.0	0.0	0.0	0.0	0.0	4.418840607796598	6.891625897052253	4.007333185232471	0.0	0.0	5.872117789475416	0.0	0.0	0.0	0.0	0.0	2.1972245773362196	0.0	2.772588722239781	1.3862943611198906	2.302585092994046	0.6931471805599453	0.0	0.0	0.0	0.0	1.9459101490553132	0.0	2.5649493574615367	2.70805020110221	1.791759469228055	0.0	1.6094379124341003	0.0	0.0	5.3706380281276624	0.0	0.0	0.0	0.0	0.0	0.0	2.6390573296152584	2.5649493574615367	0.0	4.248495242049359	0.0	0.0	5.278114659230517	3.4657359027997265	0.0	0.6931471805599453	0.0	0.0	1.3862943611198906	0.0	2.1972245773362196	0.0	4.882801922586371	0.0	1.0986122886681098	3.1354942159291497	0.0	0.0	0.0	4.290459441148391	3.6888794541139363	0.0	0.0	0.0	6.364750756851911	2.8903717578961645	1.791759469228055	1.0986122886681098	0.0	0.0	0.6931471805599453	2.833213344056216	0.0	2.1972245773362196	0.0	0.0	0.0	0.0	1.6094379124341003	0.0	0.0	0.0	0.0	0.0	0.0	0.6931471805599453	1.0986122886681098	0.0	0.0	0.0	0.0	1.791759469228055	0.0	1.791759469228055	2.70805020110221	0.0	4.663439094112067	1.0986122886681098	2.995732273553991	0.6931471805599453	0.0	0.0	0.0	0.6931471805599453	1.0986122886681098	0.0	0.0	0.0	0.0	0.0	0.6931471805599453	0.0	0.0	0.6931471805599453	4.442651256490317	0.0	0.0	0.0	1.0986122886681098	0.0	0.0	1.3862943611198906	0.0	0.0	1.6094379124341003	1.0986122886681098	0.0	0.0	0.0	1.0986122886681098	0.0	0.0	3.970291913552122	1.6094379124341003	0.0	0.0	3.091042453358316	0.0	0.0	0.0	0.6931471805599453	2.5649493574615367	0.0
SRR23478248	0.0	0.0	0.0	7.388946097618437	0.0	2.0794415416798357	0.0	6.489204931325317	0.0	0.0	1.0986122886681098	0.0	2.3978952727983707	1.3862943611198906	0.0	0.0	0.0	0.0	1.0986122886681098	1.0986122886681098	0.0	5.438079308923196	1.3862943611198906	2.6390573296152584	0.0	0.0	0.0	5.081404364984463	0.6931471805599453	1.0986122886681098	5.556828061699537	4.127134385045092	0.0	0.0	0.6931471805599453	0.0	0.6931471805599453	0.0	0.0	1.791759469228055	0.0	0.0	0.0	0.0	0.6931471805599453	0.0	6.186208623900494	4.867534450455582	0.0	0.0	5.921578419643816	3.6375861597263857	2.772588722239781	2.5649493574615367	2.6390573296152584	0.0	0.6931471805599453	0.0	1.6094379124341003	0.0	1.3862943611198906	0.0	0.6931471805599453	3.044522437723423	0.6931471805599453	2.6390573296152584	1.3862943611198906	0.0	6.721425700790643	3.044522437723423	4.418840607796598	2.302585092994046	0.0	0.0	0.0	2.302585092994046	0.0	1.791759469228055	1.791759469228055	0.0	0.0	0.6931471805599453	3.8066624897703196	0.0	0.0	3.1354942159291497	0.0	2.70805020110221	4.969813299576001	3.4011973816621555	1.3862943611198906	1.6094379124341003	0.0	2.1972245773362196	0.0	0.0	0.0	0.0	1.3862943611198906	0.0	0.6931471805599453	4.189654742026425	0.0	0.0	1.3862943611198906	2.1972245773362196	2.995732273553991	0.0	0.0	0.0	2.8903717578961645	2.4849066497880004	2.5649493574615367	0.0	0.0	0.0	0.0	0.0	0.0	0.0	0.0	0.0	0.0	0.0	1.6094379124341003	0.0	1.3862943611198906	0.0	0.0	0.0	0.0	0.0	0.0	1.3862943611198906	1.6094379124341003	0.0	0.0	4.74493212836325	0.0	0.0	2.1972245773362196	0.0	0.0	0.0	0.0	0.0	0.0	0.0	1.6094379124341003	3.044522437723423	2.0794415416798357	4.7535901911063645	3.6888794541139363	0.0	0.0	2.1972245773362196	0.0	0.0	3.7376696182833684	0.0	4.02535169073515	0.0	0.0	0.0	0.0	0.0	0.0	3.5553480614894135	1.9459101490553132	0.0	3.871201010907891	1.9459101490553132	1.6094379124341003	0.0	0.0	3.2188758248682006	0.0	3.258096538021482	0.0	1.0986122886681098	0.0	0.0	2.772588722239781	0.0	0.0	0.0	1.791759469228055	0.0	1.0986122886681098
SRR23478249	0.0	2.8903717578961645	0.0	4.219507705176107	0.0	5.351858133476067	0.0	2.8903717578961645	0.0	0.0	0.0	0.0	1.6094379124341003	0.0	0.0	0.0	0.0	0.0	0.0	0.0	0.0	2.0794415416798357	0.0	0.0	0.0	0.0	0.0	0.6931471805599453	0.0	0.0	0.0	0.0	0.0	0.0	0.0	0.0	0.0	0.0	0.0	1.791759469228055	0.0	0.0	0.0	0.0	0.0	0.6931471805599453	8.656085190282855	2.70805020110221	0.0	0.0	2.1972245773362196	0.0	0.0	0.0	0.6931471805599453	0.0	3.044522437723423	0.0	3.6375861597263857	0.6931471805599453	0.0	0.6931471805599453	1.6094379124341003	1.0986122886681098	1.0986122886681098	2.302585092994046	0.0	0.0	1.0986122886681098	0.0	1.0986122886681098	0.0	0.0	0.0	0.0	0.0	0.0	0.6931471805599453	0.0	0.0	0.0	0.0	0.6931471805599453	0.0	0.0	1.0986122886681098	0.0	0.0	0.0	0.6931471805599453	0.6931471805599453	0.0	0.0	0.0	0.0	1.3862943611198906	0.0	0.0	0.0	0.0	0.0	1.0986122886681098	0.0	0.0	0.0	1.3862943611198906	0.0	0.0	0.0	0.0	1.9459101490553132	1.0986122886681098	0.6931471805599453	0.0	0.0	0.0	0.0	0.0	0.0	0.0	0.0	0.0	0.0	0.0	0.0	1.0986122886681098	0.0	0.0	0.0	0.6931471805599453	0.0	0.0	0.0	0.0	0.0	0.0	0.0	2.0794415416798357	0.0	0.0	0.0	0.0	0.0	0.0	0.6931471805599453	0.0	0.0	0.0	0.0	1.9459101490553132	0.0	1.3862943611198906	0.0	0.0	0.6931471805599453	0.0	0.0	0.6931471805599453	0.0	0.0	0.6931471805599453	0.0	0.0	0.0	0.0	0.0	0.0	0.0	2.3978952727983707	1.0986122886681098	1.0986122886681098	1.0986122886681098	0.0	0.6931471805599453	0.0	1.0986122886681098	0.0	0.0	0.0	0.0	0.0	1.0986122886681098	0.0	0.0	0.0	0.0	0.0	0.6931471805599453	0.6931471805599453
SRR23478250	0.0	0.0	0.0	3.713572066704308	0.0	2.4849066497880004	0.0	7.321849713788356	1.3862943611198906	0.6931471805599453	3.8066624897703196	1.3862943611198906	1.0986122886681098	0.6931471805599453	0.0	0.0	4.248495242049359	1.3862943611198906	0.0	0.6931471805599453	0.6931471805599453	5.25227342804663	0.0	0.0	2.1972245773362196	0.0	0.0	6.082218910376446	2.302585092994046	2.70805020110221	6.7912214627261855	4.30406509320417	1.791759469228055	0.0	4.532599493153256	0.0	0.0	0.0	2.5649493574615367	0.0	0.0	1.3862943611198906	0.6931471805599453	0.0	0.0	2.3978952727983707	6.274762021241939	2.6390573296152584	0.0	0.0	5.945420608606575	0.0	0.0	0.0	0.6931471805599453	0.0	2.772588722239781	0.0	0.6931471805599453	0.0	2.0794415416798357	0.0	0.0	4.624972813284271	0.0	0.0	2.70805020110221	0.0	4.770684624465665	0.0	3.9318256327243257	0.0	0.6931471805599453	0.6931471805599453	0.0	0.0	2.6390573296152584	0.0	0.0	0.0	0.0	0.0	1.6094379124341003	0.0	0.0	5.303304908059076	0.0	0.0	5.303304908059076	0.0	1.9459101490553132	0.6931471805599453	1.0986122886681098	1.6094379124341003	0.0	0.0	0.0	0.0	4.532599493153256	0.0	2.302585092994046	3.7612001156935624	0.0	2.9444389791664403	1.6094379124341003	2.9444389791664403	4.07753744390572	0.0	0.0	0.0	5.666426688112432	0.6931471805599453	1.0986122886681098	0.0	0.0	0.0	0.0	0.6931471805599453	1.3862943611198906	1.3862943611198906	0.6931471805599453	0.0	0.0	0.0	1.791759469228055	0.0	1.6094379124341003	0.0	0.0	0.0	0.0	0.0	3.2188758248682006	3.044522437723423	0.0	1.3862943611198906	2.3978952727983707	5.429345628954441	0.0	4.07753744390572	0.0	0.0	0.0	0.0	0.6931471805599453	0.0	0.6931471805599453	2.1972245773362196	0.0	0.0	0.0	0.0	0.0	1.9459101490553132	0.6931471805599453	0.0	1.3862943611198906	0.6931471805599453	0.0	0.6931471805599453	0.6931471805599453	0.0	0.0	0.0	0.0	0.0	0.0	0.0	0.0	0.6931471805599453	3.295836866004329	0.6931471805599453	0.0	0.0	0.0	5.093750200806762	0.0	0.0	3.2188758248682006	2.302585092994046	0.0	0.0	1.6094379124341003	0.6931471805599453	0.0	0.0	2.5649493574615367	0.6931471805599453	0.0
SRR23478251	0.0	1.0986122886681098	0.0	7.38025578842646	5.755742213586912	1.0986122886681098	0.0	7.004881989712859	1.3862943611198906	0.0	0.0	0.0	1.3862943611198906	1.0986122886681098	0.0	0.0	0.0	0.0	0.0	0.0	0.0	4.356708826689592	0.0	0.0	0.0	0.0	0.0	4.844187086458591	3.044522437723423	1.791759469228055	6.2324480165505225	3.828641396489095	0.0	0.0	0.0	0.0	1.3862943611198906	0.0	0.0	0.0	0.0	0.0	0.0	1.6094379124341003	0.0	2.6390573296152584	7.275172319452771	3.6375861597263857	0.0	0.0	4.406719247264253	0.0	0.0	0.0	1.3862943611198906	0.0	0.6931471805599453	0.0	3.871201010907891	0.0	2.302585092994046	0.0	0.0	1.3862943611198906	0.6931471805599453	2.6390573296152584	0.0	0.0	3.332204510175204	1.0986122886681098	3.970291913552122	0.0	0.0	0.6931471805599453	0.0	0.6931471805599453	1.0986122886681098	0.0	1.6094379124341003	0.0	0.0	0.0	4.174387269895637	0.0	0.0	1.3862943611198906	1.3862943611198906	0.0	4.276666119016055	3.1780538303479458	0.0	0.0	3.4011973816621555	0.0	0.0	0.0	0.0	0.0	4.442651256490317	0.0	1.791759469228055	3.912023005428146	0.6931471805599453	0.6931471805599453	2.833213344056216	3.9512437185814275	0.0	0.0	0.0	0.0	3.58351893845611	1.0986122886681098	1.0986122886681098	0.0	0.0	1.6094379124341003	0.0	0.0	0.0	0.0	2.772588722239781	0.0	0.0	0.0	3.4011973816621555	0.0	0.6931471805599453	0.0	0.0	0.0	0.0	0.0	0.0	2.0794415416798357	2.0794415416798357	0.0	0.0	2.8903717578961645	0.0	0.0	2.8903717578961645	0.0	0.0	0.0	2.9444389791664403	2.302585092994046	0.0	0.0	0.0	0.0	0.0	0.0	0.0	0.0	0.6931471805599453	0.0	1.0986122886681098	0.0	0.0	0.0	0.0	0.0	0.0	0.0	0.6931471805599453	0.0	0.0	2.0794415416798357	1.3862943611198906	1.0986122886681098	3.091042453358316	1.791759469228055	0.0	0.0	0.0	1.3862943611198906	0.0	3.8066624897703196	2.3978952727983707	3.044522437723423	0.0	0.0	1.0986122886681098	0.0	0.6931471805599453	0.0	0.0	0.0	1.0986122886681098
SRR23478252	0.0	3.258096538021482	0.0	3.6635616461296463	0.0	3.6635616461296463	0.0	6.073044534100405	0.0	0.0	0.0	0.0	0.0	0.0	0.0	0.0	0.0	0.0	0.0	1.3862943611198906	0.0	4.465908118654584	0.0	0.0	0.0	3.2188758248682006	0.0	4.653960350157523	1.0986122886681098	0.0	4.127134385045092	3.6109179126442243	0.0	0.0	0.6931471805599453	0.0	0.0	0.0	0.0	2.302585092994046	0.0	0.0	0.0	0.0	0.0	2.6390573296152584	8.34687925374656	4.02535169073515	0.0	0.0	5.840641657373398	0.0	0.0	0.0	0.6931471805599453	0.6931471805599453	0.6931471805599453	0.0	0.0	0.0	1.3862943611198906	0.0	1.0986122886681098	1.9459101490553132	0.0	0.0	0.0	0.0	5.351858133476067	0.0	3.044522437723423	0.6931471805599453	1.0986122886681098	0.0	0.0	2.3978952727983707	2.302585092994046	0.0	0.0	0.0	0.0	0.0	0.0	0.0	0.0	3.7612001156935624	0.0	0.0	4.174387269895637	1.6094379124341003	0.0	0.0	2.5649493574615367	0.0	0.0	0.0	0.0	0.0	2.1972245773362196	0.0	0.0	2.70805020110221	0.0	0.0	0.0	3.1780538303479458	2.995732273553991	0.0	0.0	0.0	3.9318256327243257	2.6390573296152584	4.477336814478207	0.0	0.0	4.663439094112067	0.0	0.0	0.0	0.0	0.0	0.0	0.0	0.0	1.9459101490553132	0.0	0.0	0.0	0.0	0.0	0.0	0.0	1.0986122886681098	0.0	2.0794415416798357	0.0	0.0	3.7376696182833684	0.0	0.0	0.0	0.0	0.0	0.0	0.0	0.0	0.0	0.0	0.0	2.302585092994046	0.0	1.0986122886681098	0.0	0.0	0.0	0.0	0.0	0.0	0.0	0.0	0.0	0.0	0.0	0.0	0.0	0.0	0.0	0.0	0.6931471805599453	0.0	0.0	0.0	0.0	0.0	0.0	0.0	0.0	0.0	0.0	0.6931471805599453	0.0	0.0	0.6931471805599453	0.6931471805599453	0.0	0.0	0.0	0.0	0.0
SRR23478253	0.0	0.0	2.1972245773362196	4.859812404361672	0.0	6.025865973825314	0.6931471805599453	4.1588830833596715	0.0	0.0	1.9459101490553132	0.6931471805599453	2.772588722239781	1.0986122886681098	0.0	1.0986122886681098	0.0	0.0	0.0	0.0	0.0	1.0986122886681098	0.0	1.9459101490553132	0.0	0.0	0.0	3.2188758248682006	0.0	0.6931471805599453	1.6094379124341003	0.0	0.0	0.0	0.0	0.0	0.0	0.0	0.0	5.958424693029782	0.0	0.0	0.0	0.0	0.0	0.0	7.890582534656536	4.394449154672439	0.0	0.0	1.0986122886681098	4.634728988229636	0.0	0.0	3.6635616461296463	2.3978952727983707	7.3537223303996315	0.6931471805599453	2.833213344056216	1.0986122886681098	0.0	3.7612001156935624	4.406719247264253	1.6094379124341003	3.5553480614894135	1.791759469228055	0.0	3.784189633918261	0.0	0.0	0.0	4.61512051684126	0.6931471805599453	0.0	0.0	0.0	0.0	1.3862943611198906	0.0	0.0	0.0	3.9889840465642745	2.302585092994046	1.3862943611198906	1.3862943611198906	0.0	0.0	0.6931471805599453	2.5649493574615367	1.3862943611198906	2.0794415416798357	0.0	0.0	2.6390573296152584	0.0	0.6931471805599453	0.0	0.0	0.0	0.0	0.0	0.0	0.0	0.0	0.0	0.0	0.6931471805599453	0.0	0.0	0.0	1.6094379124341003	2.0794415416798357	1.0986122886681098	0.0	0.0	0.0	0.0	0.0	0.0	0.0	0.6931471805599453	0.6931471805599453	0.6931471805599453	0.0	0.0	3.4339872044851463	0.0	0.0	0.0	2.6390573296152584	0.0	0.0	0.0	0.0	0.0	0.0	0.0	2.3978952727983707	0.6931471805599453	0.0	0.0	0.0	1.0986122886681098	0.0	1.0986122886681098	0.0	0.0	0.0	0.0	0.0	0.0	0.0	0.0	2.772588722239781	1.9459101490553132	0.0	0.6931471805599453	0.0	0.0	0.0	1.0986122886681098	0.0	0.0	0.0	0.0	0.0	0.6931471805599453	0.0	4.624972813284271	1.3862943611198906	1.791759469228055	0.0	0.6931471805599453	0.0	0.0	0.0	0.6931471805599453	0.0	0.0	0.0	0.6931471805599453	1.0986122886681098	1.3862943611198906	0.0	0.0	0.6931471805599453	0.0	0.0	2.3978952727983707
SRR23478254	0.0	5.342334251964811	2.833213344056216	2.833213344056216	0.0	8.31115254800169	0.0	2.3978952727983707	0.0	0.0	0.0	0.0	0.0	0.0	0.0	0.0	0.0	0.6931471805599453	0.0	0.0	0.0	0.0	0.0	1.791759469228055	0.0	0.0	0.0	0.0	1.3862943611198906	0.0	5.111987788356544	0.0	0.0	1.0986122886681098	0.0	2.302585092994046	0.0	0.6931471805599453	0.0	4.007333185232471	0.0	0.0	0.0	0.0	0.0	0.0	6.954638864880987	4.442651256490317	0.0	0.0	2.302585092994046	0.0	0.0	0.0	0.0	0.0	5.921578419643816	0.0	0.0	1.0986122886681098	0.0	2.5649493574615367	0.0	1.3862943611198906	0.0	0.0	0.0	0.0	0.0	0.6931471805599453	0.0	0.0	0.0	0.0	0.0	0.0	0.0	1.0986122886681098	0.0	0.6931471805599453	0.6931471805599453	2.5649493574615367	1.0986122886681098	0.0	1.3862943611198906	1.6094379124341003	0.0	0.0	0.0	2.3978952727983707	0.0	0.0	2.1972245773362196	0.0	0.0	0.0	0.0	0.0	0.6931471805599453	1.0986122886681098	0.0	1.3862943611198906	0.0	0.0	2.0794415416798357	1.791759469228055	1.0986122886681098	0.0	2.0794415416798357	1.3862943611198906	1.3862943611198906	1.9459101490553132	0.0	0.0	1.0986122886681098	0.0	0.0	0.0	0.0	0.0	0.0	0.0	1.9459101490553132	3.58351893845611	1.0986122886681098	0.6931471805599453	0.0	1.3862943611198906	0.0	0.0	0.0	0.0	0.0	0.0	0.0	0.0	1.3862943611198906	3.4657359027997265	0.0	0.0	0.0	0.0	1.0986122886681098	0.0	1.0986122886681098	0.0	0.0	0.0	0.0	2.0794415416798357	1.3862943611198906	0.0	0.0	0.0	0.0	0.0	0.0	0.0	0.0	0.0	0.0	0.0	0.0	0.0	0.0	0.0	1.0986122886681098	0.0	0.0	0.0	1.0986122886681098	0.0	0.0	0.0	0.0	0.6931471805599453	0.0	0.0	0.0	0.0	1.6094379124341003	0.0	0.0	0.0	0.0	0.6931471805599453	0.0	0.0	0.0
SRR23478255	0.0	5.655991810819852	0.0	5.062595033026967	0.0	6.996681488176539	2.0794415416798357	4.02535169073515	0.0	2.995732273553991	1.791759469228055	0.0	0.0	0.0	0.0	1.791759469228055	0.0	1.0986122886681098	0.0	1.6094379124341003	1.3862943611198906	4.430816798843313	0.0	2.833213344056216	2.4849066497880004	1.0986122886681098	0.0	1.3862943611198906	4.219507705176107	0.0	2.1972245773362196	5.241747015059643	1.0986122886681098	1.6094379124341003	4.941642422609304	0.0	0.0	0.0	0.0	4.174387269895637	0.0	0.0	0.0	1.0986122886681098	0.6931471805599453	4.276666119016055	0.0	6.900730664045173	0.0	1.0986122886681098	6.208590026096629	0.0	0.0	0.0	0.0	1.791759469228055	6.602587892189336	2.302585092994046	5.318119993844216	0.0	0.0	1.3862943611198906	0.0	2.302585092994046	0.0	0.0	0.0	0.0	3.258096538021482	2.9444389791664403	2.4849066497880004	4.477336814478207	0.6931471805599453	0.0	0.0	0.0	0.0	1.3862943611198906	0.0	0.6931471805599453	0.0	1.0986122886681098	1.6094379124341003	1.3862943611198906	0.0	2.995732273553991	0.0	0.0	4.912654885736052	0.0	3.4657359027997265	0.0	3.912023005428146	0.0	0.0	0.0	0.0	0.0	4.02535169073515	0.0	3.091042453358316	1.791759469228055	0.0	0.0	0.0	2.5649493574615367	2.1972245773362196	0.0	2.4849066497880004	2.1972245773362196	6.253828811575473	2.4849066497880004	0.0	0.0	0.0	0.0	0.0	1.3862943611198906	0.0	0.0	0.0	1.3862943611198906	0.0	4.605170185988092	0.0	0.0	0.0	1.9459101490553132	0.0	0.0	0.0	1.6094379124341003	0.0	0.0	0.0	0.0	0.0	3.044522437723423	0.0	0.0	0.0	0.0	0.0	0.0	3.713572066704308	0.0	0.0	4.060443010546419	0.0	0.0	2.9444389791664403	0.0	0.0	0.0	1.6094379124341003	0.0	0.0	0.0	0.0	0.0	4.859812404361672	3.4011973816621555	0.0	0.0	1.3862943611198906	0.0	0.0	0.0	0.0	0.0	0.0	0.0	0.0	0.0	0.0	2.6390573296152584	0.0	0.0	0.0	0.0	0.0	0.0	2.995732273553991	0.0	0.0	0.0	1.0986122886681098	0.0	0.0
SRR23478256	2.1972245773362196	5.351858133476067	0.0	5.849324779946859	0.0	7.102499355774649	0.0	0.6931471805599453	0.0	0.0	1.791759469228055	0.6931471805599453	0.0	1.3862943611198906	0.0	0.0	0.0	0.0	0.0	0.0	0.6931471805599453	1.3862943611198906	0.0	0.0	1.3862943611198906	0.0	0.0	0.0	0.6931471805599453	0.0	4.007333185232471	1.3862943611198906	0.0	1.791759469228055	2.4849066497880004	2.3978952727983707	0.0	0.0	0.0	6.2324480165505225	0.0	0.0	0.0	2.302585092994046	0.0	0.0	0.0	5.030437921392435	0.0	0.0	3.091042453358316	0.0	0.0	0.0	0.0	2.5649493574615367	7.520776415062797	1.3862943611198906	5.2574953720277815	0.0	0.0	0.0	4.997212273764115	2.4849066497880004	0.0	2.6390573296152584	0.0	0.0	0.0	0.0	1.0986122886681098	0.0	0.0	0.0	0.0	2.9444389791664403	0.0	2.1972245773362196	0.6931471805599453	2.995732273553991	1.3862943611198906	5.075173815233827	1.0986122886681098	0.0	0.0	0.6931471805599453	0.0	0.0	1.6094379124341003	4.532599493153256	2.0794415416798357	2.833213344056216	5.834810737062605	0.0	0.0	0.0	0.6931471805599453	0.0	1.0986122886681098	0.0	4.6443908991413725	0.0	0.0	0.0	0.0	2.302585092994046	2.0794415416798357	0.0	2.0794415416798357	3.091042453358316	4.852030263919617	0.0	0.0	0.0	0.0	0.0	0.0	0.0	0.0	0.0	0.6931471805599453	0.0	0.0	0.0	0.0	1.9459101490553132	0.0	0.6931471805599453	0.0	3.258096538021482	0.0	0.0	0.0	0.0	0.0	0.0	0.0	5.003946305945459	0.0	2.0794415416798357	0.0	0.0	0.0	0.0	1.0986122886681098	0.0	0.0	1.0986122886681098	4.02535169073515	2.0794415416798357	0.0	0.0	0.0	0.0	3.5553480614894135	1.791759469228055	0.6931471805599453	0.0	0.0	0.0	0.0	0.0	0.0	0.0	0.0	0.0	3.258096538021482	1.3862943611198906	4.653960350157523	0.0	2.995732273553991	0.6931471805599453	0.0	0.0	1.9459101490553132	1.0986122886681098	0.0	0.0	0.0	1.6094379124341003	2.4849066497880004	0.0	2.995732273553991	1.3862943611198906	0.0	0.0	0.0	2.995732273553991	0.0
SRR23478257	0.0	0.0	0.6931471805599453	3.332204510175204	0.0	6.68586094706836	0.0	2.995732273553991	0.0	0.0	2.833213344056216	0.0	0.0	0.0	0.0	0.6931471805599453	0.0	0.0	0.0	1.3862943611198906	0.0	0.0	0.6931471805599453	0.6931471805599453	0.0	0.0	0.0	1.0986122886681098	0.0	0.0	5.966146739123692	0.6931471805599453	0.0	0.0	3.2188758248682006	0.0	0.0	0.0	0.0	7.496652438168283	0.0	0.0	0.0	0.0	0.0	0.0	0.6931471805599453	4.51085950651685	0.0	0.0	2.0794415416798357	1.791759469228055	1.6094379124341003	1.0986122886681098	0.0	2.1972245773362196	4.7535901911063645	1.3862943611198906	0.0	0.0	0.0	0.0	6.315358001522335	7.395107546562485	4.290459441148391	0.6931471805599453	0.0	0.0	0.6931471805599453	1.3862943611198906	0.0	5.459585514144159	0.0	0.0	0.0	0.0	0.0	2.302585092994046	0.6931471805599453	0.6931471805599453	0.0	3.367295829986474	0.0	0.0	1.0986122886681098	0.6931471805599453	0.0	0.0	1.791759469228055	1.3862943611198906	0.6931471805599453	0.0	2.6390573296152584	0.0	0.0	0.0	0.0	0.0	0.6931471805599453	0.0	0.0	0.0	0.0	0.0	0.0	1.0986122886681098	0.0	0.0	0.0	2.1972245773362196	5.5134287461649825	0.0	0.0	0.0	0.0	0.0	0.0	0.0	0.0	0.0	0.0	0.0	0.6931471805599453	4.0943445622221	0.0	0.6931471805599453	0.0	0.0	0.0	2.0794415416798357	0.0	0.0	0.0	0.0	0.0	0.0	0.0	1.3862943611198906	0.0	0.6931471805599453	0.0	0.0	0.0	0.0	0.0	0.6931471805599453	0.0	0.0	0.0	0.6931471805599453	0.0	0.0	0.0	0.0	0.0	0.0	3.091042453358316	0.0	0.0	0.0	0.6931471805599453	0.0	0.0	0.0	0.0	0.0	1.3862943611198906	0.0	3.1780538303479458	0.0	0.0	0.6931471805599453	0.0	0.0	0.0	0.0	0.0	0.0	0.0	0.0	1.0986122886681098	0.0	0.6931471805599453	0.6931471805599453	2.0794415416798357	0.0	0.0	0.0	0.6931471805599453
SRR23478258	2.0794415416798357	5.043425116919247	1.0986122886681098	4.574710978503383	0.6931471805599453	7.580189417944541	0.0	3.912023005428146	0.0	0.0	3.912023005428146	0.0	0.0	0.0	0.6931471805599453	0.0	0.0	0.0	0.0	0.0	2.1972245773362196	3.58351893845611	0.0	4.5217885770490405	0.0	0.0	1.6094379124341003	2.5649493574615367	0.0	0.0	0.0	3.6375861597263857	0.6931471805599453	1.0986122886681098	0.0	1.3862943611198906	0.0	1.9459101490553132	0.0	6.126869184114185	0.0	0.0	0.0	0.6931471805599453	0.0	2.772588722239781	1.6094379124341003	6.76849321164863	0.0	0.0	4.02535169073515	3.1780538303479458	3.4011973816621555	0.0	0.0	4.465908118654584	6.876264611890766	1.0986122886681098	0.0	0.0	0.0	1.3862943611198906	4.962844630259907	3.4965075614664802	1.0986122886681098	0.0	0.0	0.0	2.6390573296152584	4.007333185232471	0.0	4.174387269895637	1.9459101490553132	0.0	0.0	0.0	0.0	0.0	0.0	0.0	0.0	4.219507705176107	0.0	0.0	2.995732273553991	1.3862943611198906	0.0	0.0	4.110873864173311	1.9459101490553132	2.833213344056216	1.0986122886681098	2.995732273553991	0.0	0.0	0.0	0.0	0.0	0.6931471805599453	0.0	0.0	1.791759469228055	0.0	1.3862943611198906	0.0	0.0	2.6390573296152584	0.0	3.2188758248682006	0.0	5.214935757608986	4.356708826689592	1.3862943611198906	0.0	0.0	0.0	0.0	0.0	0.6931471805599453	0.0	0.0	3.4965075614664802	1.3862943611198906	0.0	0.0	1.791759469228055	1.3862943611198906	2.70805020110221	0.0	2.833213344056216	0.0	0.0	0.0	0.0	1.791759469228055	0.6931471805599453	0.0	4.634728988229636	2.772588722239781	0.0	1.0986122886681098	0.0	0.0	0.0	0.0	0.0	0.0	0.0	0.0	2.6390573296152584	0.0	0.0	0.0	0.0	0.0	0.0	0.0	0.0	0.0	0.0	2.302585092994046	0.0	0.0	0.0	0.0	0.0	0.0	0.0	0.0	0.0	0.0	0.0	0.0	0.0	0.0	0.0	0.0	0.0	0.0	0.0	0.6931471805599453	0.0	3.970291913552122	0.6931471805599453	0.0	0.0	0.6931471805599453	0.0	0.0
SRR23478259	0.0	2.995732273553991	2.995732273553991	4.204692619390966	0.0	8.082402253926244	0.0	1.0986122886681098	0.0	0.0	2.8903717578961645	2.1972245773362196	0.0	1.0986122886681098	0.0	0.6931471805599453	0.0	0.0	0.0	0.0	0.0	2.6390573296152584	0.6931471805599453	5.910796644040527	0.0	0.0	0.0	2.302585092994046	0.0	0.0	2.6390573296152584	2.8903717578961645	0.6931471805599453	1.0986122886681098	0.0	1.3862943611198906	0.0	0.0	0.0	5.480638923341991	0.0	0.0	0.0	0.0	0.0	0.0	5.4638318050256105	5.393627546352362	0.0	0.0	3.5553480614894135	0.0	0.0	2.772588722239781	2.995732273553991	3.6635616461296463	6.79346613258001	1.0986122886681098	3.6109179126442243	0.0	0.0	1.3862943611198906	2.995732273553991	1.3862943611198906	2.995732273553991	0.6931471805599453	1.0986122886681098	0.0	1.791759469228055	3.367295829986474	1.791759469228055	0.0	0.0	0.0	0.0	0.0	0.6931471805599453	1.791759469228055	0.0	2.302585092994046	0.0	2.995732273553991	3.4339872044851463	0.6931471805599453	1.9459101490553132	1.3862943611198906	0.0	0.0	3.091042453358316	1.9459101490553132	2.995732273553991	0.6931471805599453	0.0	0.0	0.6931471805599453	0.6931471805599453	0.0	0.0	2.1972245773362196	0.6931471805599453	1.6094379124341003	0.6931471805599453	0.6931471805599453	1.6094379124341003	0.0	0.6931471805599453	1.6094379124341003	0.0	1.791759469228055	0.0	4.890349128221754	4.356708826689592	1.791759469228055	0.0	0.0	0.0	0.0	0.0	0.0	0.0	0.6931471805599453	1.6094379124341003	1.791759469228055	2.995732273553991	0.6931471805599453	1.9459101490553132	0.0	1.791759469228055	0.0	2.302585092994046	0.6931471805599453	0.0	0.0	2.3978952727983707	0.0	1.0986122886681098	0.0	3.871201010907891	2.3978952727983707	0.0	2.302585092994046	0.0	0.0	0.0	0.0	0.0	0.0	1.6094379124341003	0.0	3.6375861597263857	1.0986122886681098	0.0	0.0	2.302585092994046	1.791759469228055	0.0	0.0	0.0	2.833213344056216	0.0	1.6094379124341003	0.0	0.0	0.0	0.0	1.3862943611198906	1.0986122886681098	0.0	3.295836866004329	0.0	0.6931471805599453	0.6931471805599453	0.0	0.0	0.0	1.6094379124341003	0.0	0.0	0.0	0.0	0.0	0.0	2.9444389791664403	0.0	0.0	0.0	1.3862943611198906	0.0	0.0
SRR23478260	0.0	3.4011973816621555	0.0	4.248495242049359	0.0	0.6931471805599453	0.0	7.065613363597717	1.0986122886681098	0.0	0.0	0.0	0.0	1.0986122886681098	1.0986122886681098	0.0	0.0	0.6931471805599453	0.0	0.0	0.0	4.969813299576001	0.0	0.0	0.0	0.0	0.0	4.204692619390966	5.214935757608986	1.0986122886681098	3.5263605246161616	1.0986122886681098	0.0	0.0	0.0	0.0	0.0	0.0	0.0	2.833213344056216	7.295735072749282	0.0	0.0	1.9459101490553132	1.0986122886681098	1.9459101490553132	5.10594547390058	4.532599493153256	2.302585092994046	0.0	4.382026634673881	0.0	0.0	1.0986122886681098	0.6931471805599453	0.0	1.9459101490553132	0.0	3.1354942159291497	0.0	2.0794415416798357	1.791759469228055	3.2188758248682006	3.9889840465642745	0.6931471805599453	0.0	2.5649493574615367	0.0	2.0794415416798357	0.0	6.375024819828097	1.3862943611198906	1.6094379124341003	0.0	0.0	5.278114659230517	1.6094379124341003	2.0794415416798357	1.791759469228055	0.0	0.0	1.791759469228055	1.3862943611198906	0.0	0.0	4.04305126783455	0.0	0.0	2.772588722239781	4.418840607796598	0.6931471805599453	0.0	2.3978952727983707	0.0	0.0	0.0	2.1972245773362196	0.0	6.052089168924417	0.0	1.9459101490553132	4.442651256490317	0.0	1.0986122886681098	5.19295685089021	5.863631175598097	0.0	0.0	0.0	0.0	1.0986122886681098	1.3862943611198906	0.0	0.0	0.0	3.7376696182833684	0.0	0.0	1.3862943611198906	0.0	0.0	0.0	0.0	0.0	0.0	1.6094379124341003	0.0	0.0	0.0	0.0	0.0	0.0	0.0	2.833213344056216	0.6931471805599453	1.6094379124341003	0.0	3.091042453358316	0.0	1.3862943611198906	1.3862943611198906	0.0	0.6931471805599453	0.0	0.0	1.6094379124341003	0.0	1.6094379124341003	0.0	0.6931471805599453	0.0	0.0	0.0	1.0986122886681098	0.0	2.6390573296152584	2.0794415416798357	0.0	3.2188758248682006	0.0	0.0	0.0	0.0	0.0	2.0794415416798357	0.0	1.6094379124341003	2.3978952727983707	3.091042453358316	0.0	1.0986122886681098	2.5649493574615367	0.0	0.0	0.0	3.258096538021482	0.0	0.0	0.0	1.0986122886681098	0.0	0.0	0.0	2.3978952727983707	0.0	0.0	1.6094379124341003	0.0	4.0943445622221
SRR23478261	0.0	1.0986122886681098	0.0	4.48863636973214	6.063785208687608	2.4849066497880004	0.0	6.163314804034641	0.0	0.0	2.995732273553991	0.0	0.0	0.0	1.0986122886681098	2.9444389791664403	1.791759469228055	0.0	0.0	0.0	1.3862943611198906	4.553876891600541	0.6931471805599453	0.0	0.0	0.0	0.0	2.6390573296152584	1.0986122886681098	1.0986122886681098	4.532599493153256	3.9318256327243257	0.0	0.0	0.0	0.0	0.6931471805599453	0.0	1.0986122886681098	2.3978952727983707	0.0	0.0	0.0	0.0	0.0	0.0	7.534762657037537	6.588926477533519	0.0	0.0	5.056245805348308	0.0	0.0	0.0	0.0	0.0	3.295836866004329	0.6931471805599453	0.6931471805599453	0.0	1.6094379124341003	3.4339872044851463	2.0794415416798357	2.9444389791664403	2.8903717578961645	1.0986122886681098	0.0	0.0	3.5553480614894135	2.4849066497880004	2.70805020110221	2.0794415416798357	1.3862943611198906	0.0	0.0	1.0986122886681098	5.393627546352362	0.0	1.6094379124341003	1.6094379124341003	0.0	2.1972245773362196	2.772588722239781	1.9459101490553132	1.6094379124341003	2.772588722239781	0.0	1.0986122886681098	4.143134726391533	3.1354942159291497	2.995732273553991	0.6931471805599453	1.6094379124341003	1.6094379124341003	0.0	0.6931471805599453	0.0	0.0	3.5553480614894135	0.0	1.9459101490553132	3.1780538303479458	3.58351893845611	1.3862943611198906	1.0986122886681098	2.0794415416798357	2.3978952727983707	2.995732273553991	3.4339872044851463	2.302585092994046	4.605170185988092	2.772588722239781	2.772588722239781	0.0	0.0	6.327936783729195	0.0	0.0	0.0	0.0	0.0	1.3862943611198906	0.0	0.0	1.791759469228055	1.0986122886681098	2.0794415416798357	1.791759469228055	0.0	1.0986122886681098	0.6931471805599453	0.0	0.0	0.6931471805599453	1.0986122886681098	0.0	0.0	4.804021044733257	0.6931471805599453	0.0	2.5649493574615367	0.0	0.0	0.0	1.791759469228055	0.0	0.0	1.791759469228055	1.6094379124341003	5.187385805840755	2.70805020110221	0.0	1.791759469228055	4.02535169073515	0.0	0.0	0.0	0.0	0.0	0.0	3.784189633918261	0.0	1.0986122886681098	0.0	0.0	0.0	0.0	3.6635616461296463	2.772588722239781	0.6931471805599453	2.0794415416798357	0.6931471805599453	1.3862943611198906	1.0986122886681098	0.0	2.0794415416798357	0.0	1.6094379124341003	0.6931471805599453	1.3862943611198906	1.9459101490553132	0.0	0.6931471805599453	0.0	0.0	0.0	1.6094379124341003	4.356708826689592	0.0
SRR23478262	1.3862943611198906	5.288267030694535	0.0	6.111467339502679	4.356708826689592	6.0473721790462776	0.0	7.234177179749849	2.8903717578961645	0.0	0.0	0.0	0.0	0.0	0.0	2.6390573296152584	0.0	2.772588722239781	0.0	0.6931471805599453	3.1780538303479458	4.5217885770490405	0.0	0.6931471805599453	0.0	0.0	0.0	3.4657359027997265	4.07753744390572	1.9459101490553132	5.043425116919247	5.241747015059643	0.6931471805599453	0.6931471805599453	1.0986122886681098	1.0986122886681098	1.0986122886681098	0.0	0.0	2.0794415416798357	0.0	0.0	0.0	1.0986122886681098	0.0	5.10594547390058	4.812184355372417	4.941642422609304	2.5649493574615367	0.0	6.570882962339584	0.0	0.0	2.9444389791664403	0.0	1.0986122886681098	4.77912349311153	0.0	0.0	0.0	3.258096538021482	0.6931471805599453	5.030437921392435	0.6931471805599453	0.0	2.70805020110221	0.0	0.0	5.683579767338681	3.5263605246161616	4.204692619390966	0.0	1.791759469228055	0.0	0.0	3.1354942159291497	0.0	0.0	0.0	0.0	0.0	0.6931471805599453	3.1780538303479458	0.0	0.0	5.135798437050262	0.0	0.0	4.6913478822291435	4.248495242049359	2.0794415416798357	0.0	3.7376696182833684	0.0	1.6094379124341003	0.0	1.0986122886681098	0.0	3.091042453358316	0.0	0.0	3.4339872044851463	0.0	0.0	4.189654742026425	4.174387269895637	3.970291913552122	0.0	3.044522437723423	1.0986122886681098	4.290459441148391	3.1354942159291497	3.4657359027997265	0.0	0.0	3.4339872044851463	0.0	0.0	0.6931471805599453	2.6390573296152584	0.0	0.0	0.0	0.0	0.0	2.3978952727983707	0.0	1.0986122886681098	0.0	0.0	0.0	0.0	0.6931471805599453	3.367295829986474	3.4011973816621555	0.0	0.0	4.7535901911063645	1.3862943611198906	0.0	0.0	0.0	0.0	0.0	2.995732273553991	2.1972245773362196	0.0	0.0	0.0	0.0	0.0	0.0	0.0	0.0	0.0	0.0	2.0794415416798357	0.0	0.0	0.0	3.9512437185814275	0.6931471805599453	1.3862943611198906	0.0	0.0	0.0	0.0	0.0	1.0986122886681098	0.0	0.0	0.0	0.0	0.0	0.0	0.0	0.0	0.0	0.0	0.6931471805599453	0.0	0.0	1.0986122886681098	0.0	0.0	0.0	0.0	0.0	0.0
SRR23478263	0.0	3.713572066704308	0.0	5.82600010738045	0.0	3.4657359027997265	0.0	6.593044534142437	0.0	0.0	3.091042453358316	0.0	0.0	1.0986122886681098	0.0	2.0794415416798357	0.0	0.0	0.0	0.6931471805599453	0.6931471805599453	3.8501476017100584	0.0	1.0986122886681098	0.0	0.0	0.0	4.553876891600541	3.2188758248682006	1.791759469228055	0.0	4.718498871295094	0.0	0.0	4.499809670330265	0.0	0.0	0.0	0.0	1.6094379124341003	0.0	1.6094379124341003	0.0	0.0	0.0	2.6390573296152584	0.0	7.4949862339505335	0.0	0.0	6.612041034833092	0.0	0.0	1.9459101490553132	3.6109179126442243	1.791759469228055	3.713572066704308	0.0	3.258096538021482	0.0	1.0986122886681098	0.0	2.4849066497880004	0.6931471805599453	0.0	0.0	0.0	0.0	5.556828061699537	3.4011973816621555	4.0943445622221	0.0	0.0	0.0	0.0	2.5649493574615367	0.0	0.0	0.0	0.0	0.0	0.0	3.9889840465642745	0.0	0.0	4.07753744390572	0.0	0.0	5.2574953720277815	2.3978952727983707	2.3978952727983707	0.0	6.152732694704104	0.0	0.0	0.0	0.6931471805599453	0.0	3.4965075614664802	0.0	0.0	3.4657359027997265	0.6931471805599453	3.58351893845611	3.367295829986474	3.4657359027997265	4.61512051684126	0.0	0.0	0.0	3.4657359027997265	3.8066624897703196	3.6109179126442243	0.0	0.0	0.0	0.0	0.0	0.0	1.3862943611198906	0.0	1.0986122886681098	0.0	0.0	0.0	0.0	0.0	0.0	0.0	0.0	0.0	0.0	1.6094379124341003	0.0	0.6931471805599453	0.0	0.0	4.584967478670572	0.0	0.0	3.58351893845611	0.0	0.0	0.0	0.0	0.0	0.0	0.6931471805599453	0.0	4.110873864173311	0.0	0.0	0.0	0.0	3.6109179126442243	1.0986122886681098	0.0	0.0	0.0	1.6094379124341003	4.276666119016055	0.0	0.0	0.0	1.3862943611198906	0.0	0.0	1.0986122886681098	0.0	0.0	0.0	0.6931471805599453	0.0	0.0	0.0	1.791759469228055	0.0	5.030437921392435	1.9459101490553132	0.0	0.0	0.0	2.8903717578961645	0.0	0.0	0.0	0.0	1.3862943611198906	0.0
SRR23478264	0.0	0.0	1.0986122886681098	2.9444389791664403	1.9459101490553132	6.023447592961033	0.0	4.007333185232471	0.0	0.0	0.6931471805599453	1.0986122886681098	0.0	0.0	0.0	1.0986122886681098	0.0	0.0	0.0	0.0	0.0	1.0986122886681098	0.6931471805599453	0.0	0.0	0.0	0.0	1.791759469228055	0.6931471805599453	0.0	2.995732273553991	0.0	0.0	0.0	0.0	0.0	0.0	2.0794415416798357	0.0	6.0063531596017325	0.0	0.0	0.0	0.0	0.0	0.6931471805599453	8.123854263105914	3.6888794541139363	0.0	0.0	0.0	3.4657359027997265	0.0	2.995732273553991	4.356708826689592	3.044522437723423	6.240275845170769	1.3862943611198906	1.6094379124341003	0.0	0.0	0.0	4.2626798770413155	5.537334267018537	3.7612001156935624	3.4965075614664802	0.6931471805599453	3.784189633918261	1.3862943611198906	0.6931471805599453	0.0	5.560681631015528	0.0	0.6931471805599453	0.0	0.0	0.0	1.9459101490553132	0.0	1.3862943611198906	0.0	3.8066624897703196	0.0	1.9459101490553132	1.791759469228055	0.0	4.343805421853684	0.6931471805599453	1.6094379124341003	1.791759469228055	0.0	0.0	0.0	0.0	0.0	0.0	0.0	0.0	0.0	0.0	0.0	0.6931471805599453	1.3862943611198906	0.0	0.0	0.6931471805599453	0.6931471805599453	3.6888794541139363	1.0986122886681098	0.0	2.1972245773362196	0.0	0.0	0.0	0.6931471805599453	0.0	0.0	0.0	0.0	0.0	1.0986122886681098	0.0	0.0	0.0	0.0	0.0	0.0	0.0	0.0	2.0794415416798357	0.0	0.0	0.0	0.0	0.0	0.6931471805599453	0.0	0.6931471805599453	0.0	0.0	0.0	0.0	0.0	0.0	0.0	0.0	0.0	0.0	0.0	0.0	0.0	0.0	0.0	1.0986122886681098	1.9459101490553132	1.0986122886681098	0.0	3.4339872044851463	0.0	0.0	1.6094379124341003	0.0	0.0	0.0	0.0	0.6931471805599453	0.6931471805599453	1.0986122886681098	4.406719247264253	0.6931471805599453	1.9459101490553132	0.0	1.0986122886681098	0.0	0.0	0.0	0.0	0.0	0.6931471805599453	0.0	0.0	1.3862943611198906	0.6931471805599453	0.0	0.0	1.791759469228055	0.0	0.0	0.0
SRR23478265	0.0	0.0	1.3862943611198906	4.248495242049359	0.0	6.688354713946762	0.0	1.3862943611198906	0.6931471805599453	0.0	3.1354942159291497	1.6094379124341003	1.0986122886681098	0.0	0.0	0.0	0.0	0.0	0.0	0.0	0.0	0.0	0.0	1.3862943611198906	0.0	0.0	0.0	1.0986122886681098	0.0	0.0	4.867534450455582	0.0	0.0	0.0	0.6931471805599453	0.6931471805599453	0.0	0.0	0.0	7.365180126021013	0.0	0.0	0.0	0.6931471805599453	0.6931471805599453	0.0	5.66988092298052	5.480638923341991	0.0	0.0	2.302585092994046	0.0	2.995732273553991	4.1588830833596715	3.5553480614894135	2.70805020110221	7.506591780070841	0.6931471805599453	5.762051382780177	0.0	0.0	2.1972245773362196	0.0	4.465908118654584	3.044522437723423	0.0	0.0	0.0	0.6931471805599453	1.0986122886681098	0.0	5.075173815233827	0.0	0.0	0.0	0.0	0.0	2.302585092994046	0.6931471805599453	0.0	1.0986122886681098	1.791759469228055	0.0	0.6931471805599453	0.0	1.0986122886681098	0.0	0.0	1.6094379124341003	0.6931471805599453	3.091042453358316	0.6931471805599453	3.367295829986474	1.3862943611198906	0.0	0.0	0.0	0.0	1.3862943611198906	0.0	0.0	0.6931471805599453	0.0	0.0	0.0	0.0	1.3862943611198906	0.0	0.0	3.4965075614664802	3.091042453358316	1.3862943611198906	2.8903717578961645	0.0	0.0	0.0	0.0	0.0	0.0	0.0	0.0	0.0	0.0	0.0	0.0	1.6094379124341003	0.0	0.0	0.0	0.0	0.0	0.0	0.0	0.0	0.0	0.0	0.0	2.0794415416798357	0.6931471805599453	0.0	0.0	0.0	0.0	0.0	0.0	0.0	0.0	0.0	0.0	2.3978952727983707	0.0	0.6931471805599453	0.6931471805599453	0.6931471805599453	3.044522437723423	0.0	1.3862943611198906	0.0	0.0	0.0	1.791759469228055	0.0	0.0	0.0	0.0	0.0	0.0	3.258096538021482	3.828641396489095	2.5649493574615367	0.0	0.0	0.6931471805599453	0.0	1.0986122886681098	0.0	0.0	0.0	0.0	0.0	0.0	1.3862943611198906	0.0	0.0	0.0	0.0	0.0	0.0	1.9459101490553132
SRR23478266	0.0	4.812184355372417	0.0	6.272877006546167	0.0	0.6931471805599453	0.0	6.133398042996649	0.0	0.0	0.0	0.0	0.0	0.0	0.0	0.0	0.0	0.0	0.0	0.0	4.23410650459726	5.056245805348308	0.0	3.332204510175204	0.0	0.0	0.0	0.0	0.0	0.0	2.995732273553991	5.0689042022202315	0.0	0.0	3.7376696182833684	0.0	0.0	0.0	0.0	0.0	0.0	0.0	0.0	0.0	0.0	0.0	0.0	5.43372200355424	0.0	0.0	4.574710978503383	0.0	0.0	0.0	0.0	0.0	3.1354942159291497	0.0	6.16541785423142	0.0	1.9459101490553132	0.0	0.0	2.8903717578961645	0.0	0.0	0.0	0.0	5.493061443340548	0.0	5.645446897643238	0.0	0.0	0.0	0.0	0.0	0.0	0.0	0.0	0.0	0.0	0.0	0.0	0.0	1.0986122886681098	4.110873864173311	0.0	0.0	5.598421958998375	1.791759469228055	0.0	0.0	4.204692619390966	0.0	0.0	0.0	0.0	0.0	7.121252453244542	0.0	0.0	4.060443010546419	0.0	0.0	1.3862943611198906	4.290459441148391	4.624972813284271	0.0	3.044522437723423	0.0	2.3978952727983707	4.060443010546419	0.0	0.0	0.0	0.0	0.0	0.0	0.0	0.0	0.0	0.0	0.0	0.0	0.0	0.0	0.0	2.6390573296152584	0.0	0.0	0.0	0.0	0.0	0.0	0.0	0.0	0.0	5.147494476813453	2.4849066497880004	0.0	0.0	0.0	0.0	0.0	0.0	0.0	0.0	2.8903717578961645	0.0	0.0	0.0	0.0	0.0	0.0	0.0	0.0	1.6094379124341003	0.0	0.0	0.0	6.943122422819428	0.0	0.0	0.0	2.1972245773362196	0.0	0.0	0.0	0.0	0.0	0.0	0.0	0.0	0.0	0.0	0.0	0.0	0.0	0.0	1.0986122886681098	0.0	0.0	0.0	0.0	0.0	0.0	0.6931471805599453	3.8918202981106265	0.0
SRR23478267	0.0	2.995732273553991	0.0	6.028278520230698	0.0	2.3978952727983707	0.0	6.720220155135295	0.0	0.0	2.5649493574615367	0.6931471805599453	0.0	0.0	0.0	2.1972245773362196	0.0	0.0	0.0	2.302585092994046	2.302585092994046	5.25227342804663	0.0	1.0986122886681098	0.0	0.0	0.0	4.90527477843843	4.61512051684126	0.0	4.927253685157205	2.8903717578961645	1.0986122886681098	1.0986122886681098	0.0	0.0	0.0	0.0	0.0	1.3862943611198906	0.0	0.0	2.302585092994046	0.0	0.0	0.0	0.0	4.23410650459726	0.0	0.0	5.958424693029782	0.0	0.0	0.0	1.6094379124341003	0.0	1.9459101490553132	0.0	0.0	0.0	0.0	0.0	0.0	0.0	1.0986122886681098	4.1588830833596715	1.0986122886681098	0.0	2.3978952727983707	3.295836866004329	4.04305126783455	0.0	0.0	2.302585092994046	0.0	0.0	0.0	0.0	1.0986122886681098	0.0	0.0	0.6931471805599453	4.477336814478207	1.0986122886681098	0.0	3.295836866004329	0.0	1.791759469228055	3.6109179126442243	1.3862943611198906	0.6931471805599453	0.0	0.6931471805599453	0.0	0.0	0.0	0.0	0.0	4.31748811353631	0.0	1.791759469228055	4.07753744390572	0.0	3.6109179126442243	1.9459101490553132	2.995732273553991	2.3978952727983707	0.0	0.0	0.0	4.59511985013459	2.70805020110221	2.772588722239781	0.0	0.0	0.0	0.0	0.0	0.0	1.791759469228055	0.6931471805599453	0.0	0.0	4.867534450455582	1.9459101490553132	0.0	0.0	0.0	0.0	0.0	0.0	0.0	0.0	3.1780538303479458	5.666426688112432	0.0	2.9444389791664403	2.1972245773362196	0.0	2.0794415416798357	0.0	1.0986122886681098	0.0	1.0986122886681098	1.9459101490553132	0.6931471805599453	3.332204510175204	2.0794415416798357	0.6931471805599453	1.791759469228055	0.0	0.0	4.127134385045092	0.0	0.0	2.4849066497880004	1.3862943611198906	0.0	0.0	0.0	6.373319789577012	0.0	0.0	0.0	1.3862943611198906	0.0	0.0	0.0	1.0986122886681098	0.0	2.995732273553991	0.0	0.0	0.0	0.0	0.0	0.0	0.0	1.0986122886681098	3.912023005428146	1.3862943611198906	0.0	0.0	0.0	0.6931471805599453	0.0	0.0	7.571473648851271	0.0
SRR23478268	0.0	2.0794415416798357	0.0	6.7912214627261855	0.0	4.356708826689592	0.0	5.869296913133774	0.0	1.3862943611198906	3.258096538021482	0.0	0.0	0.0	0.0	0.6931471805599453	0.6931471805599453	1.3862943611198906	0.0	0.0	1.3862943611198906	4.897839799950911	0.0	1.6094379124341003	0.0	0.0	0.0	0.0	2.995732273553991	1.3862943611198906	6.5722825426940075	4.762173934797756	1.3862943611198906	0.0	2.6390573296152584	0.0	0.0	0.0	1.3862943611198906	0.6931471805599453	0.0	0.6931471805599453	0.0	0.6931471805599453	0.0	2.833213344056216	2.1972245773362196	6.956545443151569	0.0	0.0	5.493061443340548	0.0	0.0	0.0	1.9459101490553132	0.0	3.2188758248682006	0.0	6.651571873589727	0.6931471805599453	2.4849066497880004	0.0	2.1972245773362196	1.0986122886681098	1.791759469228055	2.1972245773362196	1.3862943611198906	0.0	4.418840607796598	2.5649493574615367	2.1972245773362196	0.0	0.6931471805599453	0.0	1.0986122886681098	0.0	2.0794415416798357	1.0986122886681098	0.0	0.6931471805599453	0.0	1.6094379124341003	0.0	0.0	0.0	3.367295829986474	0.0	0.0	5.493061443340548	3.6635616461296463	0.6931471805599453	0.0	1.6094379124341003	0.0	0.0	0.0	0.0	0.0	4.219507705176107	0.0	1.0986122886681098	3.6888794541139363	2.302585092994046	2.6390573296152584	3.5553480614894135	5.2832037287379885	3.8066624897703196	0.0	0.6931471805599453	4.343805421853684	5.099866427824199	4.02535169073515	3.4965075614664802	0.6931471805599453	0.0	0.0	1.3862943611198906	0.0	0.0	1.0986122886681098	0.0	0.0	0.0	1.9459101490553132	0.6931471805599453	0.0	2.6390573296152584	0.0	0.0	0.0	0.0	0.0	0.0	0.0	2.3978952727983707	0.0	0.0	4.74493212836325	3.258096538021482	0.0	2.833213344056216	0.0	0.0	0.0	2.1972245773362196	2.0794415416798357	1.6094379124341003	2.302585092994046	0.0	4.174387269895637	0.0	2.1972245773362196	3.7376696182833684	0.0	1.6094379124341003	2.9444389791664403	3.295836866004329	0.0	0.0	0.0	1.6094379124341003	0.6931471805599453	3.4657359027997265	0.0	0.0	0.0	0.0	0.0	0.0	0.0	1.9459101490553132	1.9459101490553132	0.0	0.0	0.0	1.9459101490553132	0.0	1.0986122886681098	2.6390573296152584	2.4849066497880004	0.6931471805599453	0.0	2.4849066497880004	0.0	0.0	0.0	0.6931471805599453	4.356708826689592	0.0
SRR23478269	1.0986122886681098	6.522092798170152	0.0	1.3862943611198906	5.568344503761097	0.0	0.0	4.804021044733257	0.0	0.0	0.0	0.0	0.0	0.0	0.0	3.912023005428146	0.0	4.060443010546419	0.0	0.0	0.0	0.0	0.0	0.0	0.0	0.0	4.584967478670572	6.285998094508865	0.0	0.0	0.0	0.0	2.833213344056216	0.0	3.295836866004329	2.3978952727983707	1.791759469228055	0.0	0.0	0.0	0.0	0.0	0.0	0.0	0.6931471805599453	4.382026634673881	4.04305126783455	0.0	0.0	0.0	7.433666540166168	0.0	0.0	0.0	0.0	0.0	0.0	0.0	0.0	0.0	3.5263605246161616	0.0	0.0	0.0	0.0	0.0	0.0	0.0	0.0	0.0	5.0106352940962555	0.0	0.0	1.3862943611198906	0.0	0.0	0.0	0.0	4.532599493153256	0.0	1.0986122886681098	0.6931471805599453	0.0	0.0	0.0	0.0	0.0	0.0	0.0	0.0	0.0	0.0	0.0	0.0	0.0	0.0	0.0	0.0	1.9459101490553132	0.0	0.0	0.0	0.0	0.0	0.0	3.367295829986474	0.0	0.0	2.6390573296152584	4.672828834461906	0.0	0.6931471805599453	0.0	2.6390573296152584	0.0	0.0	7.048386408721883	0.0	0.0	0.0	0.0	0.0	0.0	0.0	2.302585092994046	1.791759469228055	0.0	0.0	0.0	1.3862943611198906	1.3862943611198906	0.0	0.0	0.0	0.0	2.4849066497880004	4.060443010546419	5.541263545158426	0.0	0.0	0.0	0.0	0.0	2.4849066497880004	0.0	0.0	5.955837369464831	0.0	0.0	0.0	0.0	0.0	0.0	0.0	0.0	0.0	0.0	0.0	0.6931471805599453	0.0	3.828641396489095	0.0	0.0	0.0	0.0	0.0	0.0	0.0	0.0	0.0	0.0	3.1354942159291497	0.0	0.0	0.0	1.0986122886681098	0.0	0.0	0.0	0.0	0.0	0.0	0.0	0.0	0.0	0.0	0.0	0.0	0.0
SRR23478270	0.0	1.3862943611198906	0.0	5.786897381366708	0.0	6.900730664045173	0.6931471805599453	2.8903717578961645	0.0	0.0	3.9512437185814275	1.0986122886681098	0.0	0.6931471805599453	0.0	0.0	0.0	0.0	0.0	0.0	0.6931471805599453	1.3862943611198906	0.6931471805599453	4.442651256490317	0.0	0.0	0.0	1.791759469228055	0.0	0.0	3.4965075614664802	1.3862943611198906	0.0	0.0	2.0794415416798357	1.0986122886681098	0.0	0.0	0.6931471805599453	5.91350300563827	0.0	0.0	0.0	0.0	0.6931471805599453	0.6931471805599453	1.3862943611198906	5.44673737166631	0.0	0.0	2.1972245773362196	0.0	1.0986122886681098	5.3981627015177525	2.6390573296152584	1.791759469228055	7.469083884921234	2.5649493574615367	6.313548046277095	0.0	0.0	0.6931471805599453	2.6390573296152584	2.5649493574615367	2.6390573296152584	0.6931471805599453	0.0	0.6931471805599453	1.791759469228055	1.791759469228055	0.0	0.0	1.0986122886681098	0.0	0.0	0.6931471805599453	0.0	1.3862943611198906	0.0	0.0	1.0986122886681098	4.007333185232471	0.0	1.791759469228055	3.828641396489095	0.6931471805599453	0.0	1.0986122886681098	0.6931471805599453	1.0986122886681098	4.204692619390966	0.0	5.298317366548036	0.0	0.0	0.0	0.0	0.0	0.0	0.0	0.6931471805599453	2.1972245773362196	2.1972245773362196	0.0	0.0	0.6931471805599453	1.0986122886681098	0.0	0.6931471805599453	3.784189633918261	5.953243334287785	5.948034989180646	2.302585092994046	0.0	0.0	0.0	0.0	0.0	0.0	0.0	0.0	1.0986122886681098	0.0	0.0	0.6931471805599453	3.713572066704308	1.0986122886681098	1.0986122886681098	0.0	2.833213344056216	0.0	0.0	0.0	0.0	0.0	0.0	0.0	1.3862943611198906	1.0986122886681098	0.0	0.0	0.0	0.0	0.0	0.0	0.0	0.0	0.6931471805599453	0.0	2.6390573296152584	1.0986122886681098	1.6094379124341003	0.0	0.0	4.90527477843843	0.0	2.70805020110221	0.0	0.0	0.0	3.332204510175204	0.0	0.0	0.0	0.0	0.6931471805599453	0.0	0.0	2.1972245773362196	0.0	0.0	0.0	0.0	0.0	0.0	0.6931471805599453	0.0	0.0	0.0	0.0	0.0	0.0	2.0794415416798357	1.6094379124341003	1.0986122886681098	0.0	0.6931471805599453	0.0	0.6931471805599453
SRR23478271	0.0	2.833213344056216	0.0	6.642486801367256	0.0	6.725033642166843	0.0	4.941642422609304	0.0	1.0986122886681098	0.6931471805599453	0.0	0.0	0.0	0.0	0.0	0.0	1.3862943611198906	0.0	1.3862943611198906	0.0	3.1780538303479458	0.0	1.0986122886681098	0.0	0.0	0.0	4.343805421853684	2.6390573296152584	0.0	3.4011973816621555	2.3978952727983707	0.0	0.0	1.3862943611198906	0.0	0.0	0.0	0.0	1.0986122886681098	0.0	0.0	0.0	0.0	0.0	2.772588722239781	2.3978952727983707	6.302618975744905	0.0	1.9459101490553132	4.48863636973214	0.0	0.0	0.0	0.0	0.0	5.262690188904886	0.0	0.0	0.0	1.3862943611198906	0.0	1.0986122886681098	4.007333185232471	0.6931471805599453	0.0	0.0	0.0	1.791759469228055	1.0986122886681098	4.584967478670572	0.0	2.3978952727983707	0.0	0.0	0.0	0.0	0.0	0.0	0.0	0.0	1.0986122886681098	5.318119993844216	0.0	3.7376696182833684	2.5649493574615367	0.0	0.0	3.332204510175204	4.762173934797756	1.6094379124341003	1.6094379124341003	3.1354942159291497	0.0	0.0	0.0	0.0	0.0	4.663439094112067	0.0	3.9889840465642745	4.663439094112067	0.0	1.0986122886681098	4.31748811353631	5.342334251964811	3.367295829986474	0.0	1.6094379124341003	2.772588722239781	3.4011973816621555	4.189654742026425	2.5649493574615367	0.0	1.0986122886681098	0.0	3.713572066704308	0.0	0.0	0.0	0.0	0.0	0.0	7.430114138561801	0.0	0.6931471805599453	0.0	1.0986122886681098	0.0	1.0986122886681098	1.3862943611198906	0.0	0.0	0.0	0.0	1.3862943611198906	1.791759469228055	5.332718793265369	0.0	0.0	2.3978952727983707	0.0	0.0	0.0	0.0	0.0	0.0	0.0	0.0	3.58351893845611	0.0	0.0	0.0	0.0	2.1972245773362196	3.367295829986474	1.9459101490553132	0.0	3.4339872044851463	0.0	0.0	0.0	2.70805020110221	0.0	0.0	0.0	0.0	0.0	0.0	0.0	0.0	0.0	0.0	0.0	0.0	0.0	4.406719247264253	0.0	2.302585092994046	1.3862943611198906	0.0	0.0	1.0986122886681098	0.0	0.0	0.0	0.0	0.6931471805599453	0.0
SRR23478272	0.6931471805599453	4.2626798770413155	0.0	3.9318256327243257	1.0986122886681098	6.79794041297493	0.0	3.367295829986474	0.0	0.0	1.0986122886681098	3.7612001156935624	1.3862943611198906	0.0	0.0	0.6931471805599453	0.0	0.0	0.0	0.0	0.0	0.6931471805599453	1.3862943611198906	0.0	0.0	0.0	0.0	1.0986122886681098	0.0	0.0	3.9889840465642745	0.0	0.0	0.0	1.0986122886681098	0.0	0.0	0.0	0.0	6.380122536899765	0.0	0.0	0.0	0.6931471805599453	0.0	0.0	7.761319180947987	4.23410650459726	0.0	0.0	0.0	0.0	0.0	1.3862943611198906	2.772588722239781	3.1354942159291497	4.948759890378168	0.0	1.3862943611198906	0.6931471805599453	0.0	0.0	5.056245805348308	3.6109179126442243	3.7376696182833684	2.5649493574615367	0.0	1.6094379124341003	0.0	1.0986122886681098	0.0	6.3784261836515865	0.0	0.0	0.0	0.0	0.0	2.3978952727983707	0.0	1.3862943611198906	0.0	3.332204510175204	0.0	1.0986122886681098	1.6094379124341003	0.0	3.1780538303479458	3.7376696182833684	1.0986122886681098	1.3862943611198906	2.995732273553991	0.0	1.0986122886681098	1.6094379124341003	0.0	0.6931471805599453	0.0	0.0	0.0	0.0	0.0	1.0986122886681098	1.791759469228055	0.0	0.0	0.0	0.0	4.859812404361672	0.0	0.0	0.0	1.0986122886681098	1.0986122886681098	0.0	0.0	0.0	0.0	0.0	0.0	0.0	2.302585092994046	0.0	0.6931471805599453	0.0	0.0	1.0986122886681098	0.0	0.0	0.0	1.0986122886681098	0.0	0.0	0.0	0.0	0.0	0.0	0.0	2.3978952727983707	0.0	2.6390573296152584	0.0	0.0	0.0	0.0	0.0	0.0	0.0	0.0	1.3862943611198906	1.0986122886681098	0.0	0.0	0.0	3.4657359027997265	2.833213344056216	0.0	0.0	3.4011973816621555	0.0	0.0	1.9459101490553132	0.0	0.6931471805599453	0.0	0.0	2.70805020110221	0.6931471805599453	1.0986122886681098	4.330733340286331	1.3862943611198906	1.6094379124341003	0.0	1.9459101490553132	1.0986122886681098	0.0	0.0	0.0	0.6931471805599453	1.0986122886681098	0.0	1.3862943611198906	1.3862943611198906	1.6094379124341003	0.0	0.0	2.302585092994046	0.0	0.0	0.0
SRR23478273	0.0	0.0	0.0	1.791759469228055	0.0	6.302618975744905	0.0	2.0794415416798357	0.0	0.0	0.6931471805599453	0.6931471805599453	1.0986122886681098	0.0	0.0	0.0	0.0	0.0	0.0	0.0	0.0	0.0	0.6931471805599453	0.0	0.0	0.0	0.0	1.0986122886681098	0.0	0.0	0.0	0.0	0.0	0.0	1.0986122886681098	0.0	0.0	0.0	0.0	6.478509642208569	0.0	0.0	0.0	0.0	0.0	0.0	7.736743682453495	3.1780538303479458	0.0	0.0	0.0	4.634728988229636	0.0	1.9459101490553132	4.553876891600541	2.772588722239781	6.008813185442595	0.6931471805599453	0.0	0.0	0.0	6.530877627725885	4.700480365792417	4.6443908991413725	3.9889840465642745	2.0794415416798357	0.0	4.007333185232471	0.0	0.6931471805599453	0.0	5.58724865840025	0.0	0.0	0.0	0.0	0.0	2.0794415416798357	0.6931471805599453	1.0986122886681098	0.0	2.302585092994046	0.0	1.3862943611198906	1.9459101490553132	0.0	0.0	1.0986122886681098	0.6931471805599453	0.0	1.791759469228055	0.0	4.709530201312334	0.0	0.0	0.0	0.0	0.0	0.0	0.0	0.6931471805599453	0.0	1.0986122886681098	0.0	0.0	0.0	1.791759469228055	5.5093883366279774	0.0	1.6094379124341003	3.5553480614894135	0.0	0.6931471805599453	0.0	0.0	0.0	0.0	0.0	0.0	0.0	1.9459101490553132	0.0	0.0	0.0	0.0	3.1780538303479458	0.0	0.0	0.0	2.3978952727983707	0.0	0.0	0.0	0.0	0.0	0.0	0.6931471805599453	2.6390573296152584	0.0	0.0	0.0	0.0	0.0	0.0	0.0	0.0	0.0	0.0	0.0	1.9459101490553132	1.0986122886681098	0.0	0.6931471805599453	1.0986122886681098	3.828641396489095	0.0	0.0	0.6931471805599453	0.0	0.0	1.3862943611198906	0.0	0.0	0.0	0.0	3.5553480614894135	1.3862943611198906	0.6931471805599453	3.6888794541139363	0.6931471805599453	1.0986122886681098	0.0	3.6635616461296463	1.6094379124341003	0.0	0.0	0.0	0.0	0.0	0.0	0.0	0.6931471805599453	0.6931471805599453	0.0	0.0	2.1972245773362196	0.0	0.0	2.302585092994046
SRR23478274	0.0	7.25063551189868	1.0986122886681098	2.70805020110221	0.0	5.0106352940962555	0.0	2.9444389791664403	1.0986122886681098	0.0	1.0986122886681098	0.0	1.3862943611198906	0.6931471805599453	0.0	0.0	0.0	0.0	0.0	0.0	0.0	2.4849066497880004	0.0	1.0986122886681098	0.0	0.0	0.6931471805599453	2.5649493574615367	0.0	0.0	5.225746673713202	1.9459101490553132	0.0	0.6931471805599453	1.0986122886681098	0.0	0.0	0.0	0.0	4.997212273764115	0.0	0.0	0.0	0.0	0.0	0.0	7.699842407396986	3.4011973816621555	0.0	0.0	1.9459101490553132	0.0	0.0	2.70805020110221	2.0794415416798357	2.833213344056216	5.442417710521793	0.0	0.0	0.0	0.6931471805599453	0.0	3.6109179126442243	4.060443010546419	2.302585092994046	1.6094379124341003	0.0	0.6931471805599453	0.6931471805599453	0.0	2.4849066497880004	3.6375861597263857	0.0	0.0	0.0	0.0	0.0	0.0	0.0	0.6931471805599453	0.0	3.4657359027997265	0.0	0.0	0.0	0.0	1.0986122886681098	0.0	2.302585092994046	2.0794415416798357	1.791759469228055	0.0	0.0	2.8903717578961645	0.0	0.0	0.0	0.0	1.6094379124341003	0.0	0.6931471805599453	0.6931471805599453	0.0	0.0	1.6094379124341003	0.0	0.6931471805599453	0.0	0.6931471805599453	0.0	0.0	0.0	1.6094379124341003	0.0	0.0	3.295836866004329	0.0	0.0	0.0	0.0	0.0	0.0	0.0	0.0	0.0	1.0986122886681098	0.0	0.0	0.0	1.0986122886681098	0.0	0.0	0.0	0.0	0.0	0.0	0.0	1.791759469228055	0.0	0.0	0.0	0.0	0.0	0.0	0.0	0.6931471805599453	0.0	0.0	1.3862943611198906	0.0	0.6931471805599453	0.0	0.6931471805599453	1.3862943611198906	1.0986122886681098	0.0	0.0	0.6931471805599453	0.6931471805599453	0.0	0.0	0.0	0.0	0.0	0.0	1.3862943611198906	1.0986122886681098	0.0	2.833213344056216	0.0	1.3862943611198906	0.0	2.4849066497880004	1.0986122886681098	0.0	1.3862943611198906	0.0	0.0	0.0	0.6931471805599453	0.6931471805599453	2.0794415416798357	2.1972245773362196	0.0	0.6931471805599453	2.0794415416798357	0.0	0.0	0.0
SRR23478275	0.6931471805599453	1.9459101490553132	0.0	4.700480365792417	5.545177444479562	2.3978952727983707	0.0	5.932245187448011	0.6931471805599453	0.0	2.9444389791664403	1.0986122886681098	1.3862943611198906	1.0986122886681098	0.0	0.0	0.0	0.0	0.0	0.0	0.0	4.0943445622221	0.0	0.6931471805599453	0.0	0.0	0.0	4.430816798843313	3.9318256327243257	1.6094379124341003	4.174387269895637	1.0986122886681098	0.6931471805599453	0.0	0.0	0.0	0.0	0.0	0.0	0.0	0.0	0.0	0.0	0.0	0.0	0.0	8.236685322712457	3.784189633918261	0.0	0.0	4.174387269895637	0.0	0.0	0.0	2.772588722239781	0.0	0.6931471805599453	0.0	5.236441962829949	0.0	1.3862943611198906	1.6094379124341003	0.6931471805599453	1.6094379124341003	0.6931471805599453	4.976733742420574	0.0	0.0	2.833213344056216	0.0	2.0794415416798357	0.0	0.0	0.0	0.0	0.0	1.0986122886681098	0.0	0.0	0.0	0.0	1.0986122886681098	1.9459101490553132	0.0	0.0	1.9459101490553132	0.0	0.0	3.6888794541139363	0.0	0.6931471805599453	0.0	0.0	0.6931471805599453	0.0	0.0	0.0	0.0	4.23410650459726	0.0	0.0	2.3978952727983707	0.6931471805599453	1.3862943611198906	1.9459101490553132	1.6094379124341003	0.6931471805599453	0.6931471805599453	0.0	3.5263605246161616	1.9459101490553132	0.0	1.3862943611198906	0.0	0.0	0.0	0.0	0.0	0.0	0.0	0.0	0.0	0.0	0.6931471805599453	0.0	1.3862943611198906	0.0	0.0	0.0	2.1972245773362196	0.0	0.0	0.0	0.0	0.0	0.0	0.0	2.5649493574615367	1.791759469228055	1.3862943611198906	0.0	0.0	0.0	0.0	0.0	0.0	0.0	0.6931471805599453	0.6931471805599453	1.6094379124341003	0.0	2.995732273553991	1.3862943611198906	0.6931471805599453	0.0	2.0794415416798357	0.0	1.0986122886681098	0.0	0.0	1.0986122886681098	0.0	0.0	0.0	0.0	1.0986122886681098	0.6931471805599453	2.3978952727983707	2.4849066497880004	1.0986122886681098	3.1780538303479458	0.0	1.0986122886681098	2.1972245773362196	0.6931471805599453	1.3862943611198906	0.0	1.9459101490553132	1.9459101490553132	0.0	0.0	0.0	1.0986122886681098	0.0	0.0	0.0	0.6931471805599453	2.0794415416798357	0.0
SRR23478276	0.0	3.9889840465642745	0.0	4.477336814478207	0.0	4.68213122712422	0.0	2.8903717578961645	0.0	0.0	2.70805020110221	2.1972245773362196	0.6931471805599453	0.6931471805599453	0.0	2.772588722239781	0.0	0.0	0.0	0.0	0.0	1.3862943611198906	1.0986122886681098	5.634789603169249	0.0	0.0	0.0	1.6094379124341003	0.0	0.6931471805599453	3.2188758248682006	1.9459101490553132	0.0	1.0986122886681098	1.791759469228055	0.0	0.0	0.0	1.6094379124341003	3.9512437185814275	0.0	0.6931471805599453	0.0	0.0	0.0	0.0	6.738152494595957	5.062595033026967	0.0	0.0	3.4657359027997265	5.730099782973574	1.6094379124341003	3.091042453358316	5.69035945432406	1.3862943611198906	4.820281565605037	1.3862943611198906	0.0	1.6094379124341003	0.0	6.095824562432225	3.8918202981106265	4.77912349311153	2.995732273553991	1.9459101490553132	0.0	0.6931471805599453	0.6931471805599453	2.8903717578961645	1.791759469228055	4.406719247264253	0.0	0.0	0.0	0.0	0.6931471805599453	1.9459101490553132	2.302585092994046	1.3862943611198906	0.0	3.4965075614664802	1.3862943611198906	1.3862943611198906	2.6390573296152584	1.0986122886681098	0.0	3.4657359027997265	3.332204510175204	2.70805020110221	3.295836866004329	1.3862943611198906	3.8066624897703196	0.0	0.0	0.0	0.0	0.0	0.6931471805599453	0.0	1.0986122886681098	2.772588722239781	1.0986122886681098	1.6094379124341003	1.0986122886681098	2.833213344056216	1.6094379124341003	5.117993812416755	1.0986122886681098	1.791759469228055	2.8903717578961645	5.648974238161206	2.5649493574615367	0.0	0.0	6.184148890937483	0.0	1.0986122886681098	0.0	0.0	2.5649493574615367	1.0986122886681098	0.0	0.0	0.0	5.342334251964811	0.0	1.3862943611198906	0.0	2.1972245773362196	0.0	0.0	0.0	0.0	0.0	0.6931471805599453	0.0	4.875197323201151	2.3978952727983707	0.0	0.0	0.0	1.0986122886681098	0.0	1.9459101490553132	0.0	0.6931471805599453	1.6094379124341003	1.0986122886681098	3.1354942159291497	0.6931471805599453	0.0	0.6931471805599453	4.04305126783455	3.295836866004329	1.3862943611198906	2.5649493574615367	3.7612001156935624	0.0	0.0	3.258096538021482	0.6931471805599453	0.0	0.0	0.0	4.060443010546419	0.6931471805599453	2.0794415416798357	4.356708826689592	0.6931471805599453	2.995732273553991	0.0	1.9459101490553132	1.791759469228055	1.0986122886681098	0.0	0.0	0.0	1.3862943611198906	0.6931471805599453	1.9459101490553132	0.0	3.5553480614894135	0.0	1.3862943611198906	0.0	0.0	0.0	0.0
SRR23478277	0.0	2.9444389791664403	0.0	2.0794415416798357	0.0	4.605170185988092	0.0	4.276666119016055	0.0	0.0	0.0	2.0794415416798357	0.0	0.6931471805599453	0.0	0.0	0.0	0.0	0.0	0.0	0.0	1.791759469228055	0.0	0.6931471805599453	0.6931471805599453	0.0	0.0	2.6390573296152584	0.0	0.0	3.784189633918261	0.0	0.0	0.6931471805599453	0.0	0.0	0.0	0.0	0.0	2.4849066497880004	1.6094379124341003	0.0	0.0	0.0	0.0	0.0	8.039802343736485	3.1354942159291497	0.0	0.0	1.0986122886681098	7.10085190894405	0.0	0.0	4.477336814478207	1.6094379124341003	4.394449154672439	0.0	2.5649493574615367	4.02535169073515	0.0	3.295836866004329	2.3978952727983707	3.4965075614664802	0.0	3.6375861597263857	0.0	0.0	1.3862943611198906	0.0	0.0	0.6931471805599453	0.0	0.6931471805599453	0.0	0.0	0.0	1.9459101490553132	0.0	0.6931471805599453	0.0	1.9459101490553132	1.6094379124341003	0.0	1.9459101490553132	0.0	0.0	3.58351893845611	0.6931471805599453	2.772588722239781	0.0	0.6931471805599453	1.0986122886681098	0.0	0.0	1.0986122886681098	0.0	0.0	0.0	0.0	2.0794415416798357	1.9459101490553132	1.3862943611198906	0.0	0.0	0.0	0.0	6.699500340161678	0.0	0.0	1.0986122886681098	0.0	1.3862943611198906	0.0	0.0	0.0	0.0	0.0	0.0	0.0	0.6931471805599453	0.0	0.0	0.0	0.0	1.6094379124341003	0.0	0.0	0.0	1.791759469228055	0.0	0.0	0.0	0.0	0.0	0.0	0.0	3.295836866004329	0.0	1.9459101490553132	0.0	0.0	4.1588830833596715	0.0	0.0	0.0	0.0	0.0	0.0	0.0	0.0	0.0	0.0	1.3862943611198906	0.0	0.0	0.0	1.0986122886681098	0.0	0.0	0.0	0.0	1.0986122886681098	0.0	0.0	0.0	1.3862943611198906	2.772588722239781	4.189654742026425	2.3978952727983707	0.0	0.6931471805599453	1.0986122886681098	1.3862943611198906	0.0	1.0986122886681098	0.0	0.0	0.0	0.0	0.0	0.0	2.302585092994046	0.0	0.0	0.6931471805599453	0.6931471805599453	0.0	0.0
SRR23478278	0.0	4.343805421853684	0.0	6.159095388491933	1.0986122886681098	5.537334267018537	0.0	5.905361848054571	3.4339872044851463	0.0	2.772588722239781	0.6931471805599453	0.0	0.6931471805599453	0.0	1.791759469228055	0.0	0.0	0.0	0.6931471805599453	0.0	3.295836866004329	0.0	0.6931471805599453	0.0	0.0	0.0	4.343805421853684	1.9459101490553132	1.0986122886681098	5.0238805208462765	1.6094379124341003	0.0	0.0	2.1972245773362196	0.0	0.0	0.0	0.0	2.5649493574615367	0.0	0.0	0.0	0.0	0.0	1.0986122886681098	6.230481447578482	7.888334500738654	0.0	0.6931471805599453	4.718498871295094	0.0	5.638354669333745	0.0	0.0	0.0	5.545177444479562	0.0	4.23410650459726	0.6931471805599453	1.0986122886681098	2.0794415416798357	3.9318256327243257	0.6931471805599453	0.0	0.0	0.0	0.0	2.8903717578961645	2.4849066497880004	3.258096538021482	0.0	0.0	0.0	0.0	0.0	0.0	1.0986122886681098	0.0	0.6931471805599453	1.3862943611198906	3.4965075614664802	3.784189633918261	0.0	1.3862943611198906	3.332204510175204	0.0	0.0	3.4965075614664802	1.791759469228055	1.6094379124341003	0.0	2.6390573296152584	0.0	0.0	1.0986122886681098	0.0	0.0	3.4965075614664802	0.0	2.302585092994046	3.4657359027997265	1.9459101490553132	1.6094379124341003	4.174387269895637	5.356586274672012	3.332204510175204	0.0	1.791759469228055	0.0	2.8903717578961645	0.0	0.0	0.0	0.0	0.0	0.0	0.0	0.0	0.0	0.0	0.0	0.0	0.0	1.9459101490553132	0.0	0.0	0.6931471805599453	0.0	1.6094379124341003	0.0	0.0	0.6931471805599453	0.0	2.302585092994046	0.0	3.2188758248682006	3.044522437723423	0.0	0.0	0.0	1.0986122886681098	0.0	0.0	0.6931471805599453	1.0986122886681098	3.1354942159291497	0.0	0.6931471805599453	2.4849066497880004	0.6931471805599453	0.0	0.0	2.1972245773362196	0.0	1.0986122886681098	2.0794415416798357	0.0	0.0	0.0	1.6094379124341003	0.0	0.0	0.0	0.0	0.0	0.0	0.0	1.6094379124341003	0.0	1.0986122886681098	1.0986122886681098	0.0	0.0	0.0	2.3978952727983707	0.0	2.5649493574615367	1.791759469228055	0.0	0.0	0.0	2.1972245773362196	0.0	0.0	0.0	0.6931471805599453	2.302585092994046	0.0
SRR23478279	1.6094379124341003	1.0986122886681098	0.0	4.189654742026425	5.720311776607412	6.135564891081739	0.0	4.709530201312334	0.0	0.0	2.302585092994046	3.970291913552122	1.0986122886681098	0.0	1.0986122886681098	1.3862943611198906	1.0986122886681098	0.0	0.0	0.0	1.3862943611198906	2.5649493574615367	0.0	3.295836866004329	0.0	0.0	0.0	3.8066624897703196	1.6094379124341003	0.0	3.970291913552122	0.6931471805599453	0.0	0.6931471805599453	0.0	0.0	0.0	0.0	0.0	4.189654742026425	0.0	0.0	0.0	0.0	0.0	0.0	3.6375861597263857	4.605170185988092	0.0	0.0	3.2188758248682006	6.311734809152915	0.0	0.0	4.394449154672439	0.6931471805599453	6.309918278226516	1.9459101490553132	0.0	0.0	0.0	6.274762021241939	7.501634457883413	3.044522437723423	2.70805020110221	0.0	0.0	0.6931471805599453	1.3862943611198906	3.332204510175204	1.3862943611198906	1.0986122886681098	0.0	0.0	0.0	0.0	1.3862943611198906	3.367295829986474	0.0	0.6931471805599453	0.0	4.174387269895637	2.5649493574615367	0.6931471805599453	3.4965075614664802	0.6931471805599453	1.6094379124341003	0.0	0.6931471805599453	2.6390573296152584	4.394449154672439	1.0986122886681098	4.90527477843843	0.0	0.0	0.0	0.0	0.0	3.4657359027997265	0.0	0.0	1.9459101490553132	0.6931471805599453	0.0	1.0986122886681098	2.0794415416798357	0.6931471805599453	5.69035945432406	0.6931471805599453	1.0986122886681098	3.367295829986474	3.8066624897703196	0.0	0.0	0.0	0.0	0.0	0.6931471805599453	0.0	0.0	2.302585092994046	0.0	0.0	1.0986122886681098	1.3862943611198906	0.0	0.0	0.0	0.6931471805599453	2.833213344056216	0.0	0.0	0.6931471805599453	0.6931471805599453	2.9444389791664403	0.0	0.6931471805599453	1.0986122886681098	0.0	0.0	0.0	0.0	0.0	0.0	0.0	0.0	0.0	0.0	1.0986122886681098	1.6094379124341003	0.0	0.0	0.0	0.0	1.0986122886681098	2.1972245773362196	1.6094379124341003	3.091042453358316	2.302585092994046	0.0	2.5649493574615367	1.3862943611198906	0.0	0.0	0.0	0.0	0.0	2.8903717578961645	0.0	2.4849066497880004	0.0	0.0	0.0	0.0	1.791759469228055	1.0986122886681098	0.0	1.0986122886681098	0.6931471805599453	0.0	4.330733340286331	3.7612001156935624	3.091042453358316	1.0986122886681098	2.302585092994046	2.302585092994046	2.6390573296152584	0.0	0.0
SRR23478280	0.0	8.208764045819667	0.0	3.6375861597263857	1.9459101490553132	5.303304908059076	0.0	5.929589143389895	0.0	0.0	0.0	0.0	0.0	0.6931471805599453	0.0	0.0	0.0	0.0	0.0	0.0	0.0	1.6094379124341003	0.0	0.0	0.0	0.0	0.0	6.244166900663736	1.0986122886681098	1.0986122886681098	4.787491742782046	2.833213344056216	0.0	0.0	3.295836866004329	0.0	0.0	0.0	0.0	1.3862943611198906	0.0	0.0	0.0	0.0	0.0	0.0	5.14166355650266	2.995732273553991	0.0	0.0	2.9444389791664403	0.0	0.0	0.0	0.0	0.0	2.772588722239781	0.0	0.0	1.0986122886681098	0.0	1.3862943611198906	2.0794415416798357	1.791759469228055	1.791759469228055	1.3862943611198906	0.0	0.6931471805599453	3.1354942159291497	0.0	0.6931471805599453	1.9459101490553132	0.6931471805599453	0.0	0.0	0.0	0.0	0.0	0.0	0.0	0.0	0.6931471805599453	0.0	0.0	0.0	2.0794415416798357	0.6931471805599453	0.0	3.1354942159291497	2.1972245773362196	0.0	0.0	0.0	0.0	0.0	0.0	0.0	0.0	3.091042453358316	0.0	0.0	2.9444389791664403	0.0	0.6931471805599453	1.9459101490553132	2.302585092994046	1.791759469228055	0.0	1.3862943611198906	0.0	2.1972245773362196	0.0	0.0	0.0	0.0	6.144185634125646	0.0	0.0	0.0	0.0	0.0	0.0	0.0	0.6931471805599453	0.0	0.0	0.0	0.0	0.0	0.0	0.0	0.0	0.0	0.0	0.0	0.0	0.0	1.0986122886681098	0.0	0.0	1.0986122886681098	0.0	0.0	0.0	0.0	0.0	0.0	0.0	0.6931471805599453	2.0794415416798357	0.0	0.6931471805599453	0.0	0.0	0.0	0.0	0.0	0.6931471805599453	0.0	0.0	1.791759469228055	0.0	0.0	0.0	0.0	0.0	0.0	3.1354942159291497	0.6931471805599453	1.0986122886681098	1.0986122886681098	1.0986122886681098	0.0	0.0	0.0	1.0986122886681098	0.0	2.302585092994046	0.0	2.8903717578961645	0.0	0.0	1.9459101490553132	0.0	0.0	0.0	0.0	2.70805020110221	0.6931471805599453
SRR23478281	1.0986122886681098	7.543802867501509	1.3862943611198906	4.394449154672439	0.0	6.651571873589727	0.0	3.9889840465642745	1.3862943611198906	0.0	2.302585092994046	1.0986122886681098	0.0	0.0	0.0	1.3862943611198906	0.0	0.0	0.0	0.0	0.6931471805599453	0.0	1.3862943611198906	1.3862943611198906	0.0	0.0	0.0	2.3978952727983707	0.6931471805599453	0.0	2.833213344056216	2.0794415416798357	0.0	0.0	1.791759469228055	0.0	0.0	0.0	0.0	5.602118820879701	0.0	0.0	0.0	0.0	0.0	0.0	6.948897222313312	4.543294782270004	0.0	0.0	2.1972245773362196	0.0	3.9318256327243257	3.871201010907891	3.970291913552122	1.791759469228055	6.71295620067707	1.6094379124341003	0.0	0.0	0.0	0.0	5.204006687076795	2.995732273553991	3.4011973816621555	0.6931471805599453	0.0	0.0	2.1972245773362196	1.791759469228055	0.0	5.616771097666572	0.0	0.0	0.0	0.0	0.6931471805599453	2.302585092994046	0.0	1.0986122886681098	0.0	4.663439094112067	0.6931471805599453	1.9459101490553132	2.1972245773362196	1.791759469228055	0.0	0.0	1.0986122886681098	2.302585092994046	1.6094379124341003	0.0	1.0986122886681098	0.0	0.0	0.0	0.0	0.0	0.0	0.0	0.0	0.0	0.0	1.0986122886681098	0.0	0.6931471805599453	2.1972245773362196	3.7376696182833684	0.0	1.0986122886681098	2.0794415416798357	0.0	0.0	0.0	1.0986122886681098	0.0	0.0	0.0	0.0	0.0	1.0986122886681098	0.0	1.0986122886681098	0.0	0.0	2.833213344056216	1.3862943611198906	0.0	0.0	2.3978952727983707	0.0	0.0	0.0	0.0	0.0	1.3862943611198906	0.0	1.6094379124341003	0.6931471805599453	0.0	0.0	0.0	0.0	0.0	1.0986122886681098	0.0	0.0	0.0	1.0986122886681098	2.833213344056216	1.3862943611198906	0.6931471805599453	0.6931471805599453	0.0	4.653960350157523	0.0	0.0	0.0	0.0	0.0	1.9459101490553132	0.0	0.0	0.0	0.0	0.0	0.6931471805599453	1.0986122886681098	3.1780538303479458	0.0	0.0	0.0	0.0	0.0	0.0	1.0986122886681098	0.0	0.0	0.0	0.0	1.791759469228055	0.0	1.9459101490553132	0.0	0.0	0.0	0.0	1.0986122886681098	3.9318256327243257
SRR23478282	0.0	0.0	0.0	6.669498089857879	0.0	5.497168225293202	0.0	5.905361848054571	0.0	0.0	1.3862943611198906	0.0	0.0	0.0	0.6931471805599453	0.0	1.3862943611198906	0.0	0.0	2.0794415416798357	0.0	5.2574953720277815	1.0986122886681098	0.0	0.0	0.0	0.0	6.322565239927284	1.3862943611198906	0.6931471805599453	5.402677381872279	4.290459441148391	0.0	0.0	1.3862943611198906	0.0	0.6931471805599453	0.0	0.0	0.6931471805599453	0.0	0.0	0.0	0.0	0.6931471805599453	1.6094379124341003	1.9459101490553132	5.683579767338681	0.0	0.0	5.4680601411351315	0.0	0.0	0.0	2.5649493574615367	0.0	4.110873864173311	0.0	5.8916442118257715	0.0	2.0794415416798357	4.48863636973214	1.6094379124341003	2.833213344056216	0.0	0.0	1.3862943611198906	0.0	4.574710978503383	2.4849066497880004	4.02535169073515	0.0	1.6094379124341003	0.6931471805599453	0.0	0.0	1.6094379124341003	0.0	0.6931471805599453	0.0	0.0	0.0	3.367295829986474	1.0986122886681098	0.0	3.7376696182833684	0.0	0.0	5.517452896464707	2.5649493574615367	1.6094379124341003	0.0	0.0	0.0	0.0	0.0	0.0	0.0	4.912654885736052	0.0	1.0986122886681098	6.144185634125646	0.0	1.3862943611198906	2.1972245773362196	6.3473892096560105	2.9444389791664403	1.6094379124341003	0.0	2.1972245773362196	1.6094379124341003	0.0	2.3978952727983707	0.0	0.0	0.0	0.0	0.0	0.0	0.0	0.0	0.0	0.0	0.0	1.791759469228055	1.0986122886681098	1.6094379124341003	0.6931471805599453	0.6931471805599453	0.0	0.6931471805599453	0.0	0.0	0.0	3.258096538021482	0.0	0.0	6.641182169740591	2.70805020110221	0.0	0.0	0.0	0.0	0.0	2.302585092994046	0.0	0.0	1.6094379124341003	2.0794415416798357	0.0	0.0	0.6931471805599453	1.6094379124341003	3.1780538303479458	0.0	1.3862943611198906	0.6931471805599453	0.0	2.833213344056216	0.6931471805599453	2.772588722239781	0.0	0.0	0.0	0.0	0.0	0.0	0.0	1.0986122886681098	0.0	2.70805020110221	0.0	0.0	0.0	0.6931471805599453	2.1972245773362196	0.0	0.0	2.3978952727983707	2.6390573296152584	0.0	0.0	0.6931471805599453	0.0	0.0	0.0	0.0	0.0	0.0
SRR23478283	0.0	2.70805020110221	0.0	5.351858133476067	0.0	5.14166355650266	0.0	4.574710978503383	2.5649493574615367	0.0	3.5553480614894135	0.0	2.1972245773362196	0.0	0.0	0.0	0.0	0.0	0.0	0.0	0.0	1.3862943611198906	0.0	3.1354942159291497	0.0	0.0	0.0	4.430816798843313	1.791759469228055	0.0	3.7376696182833684	2.4849066497880004	0.0	0.0	2.3978952727983707	0.0	0.0	0.0	0.0	2.4849066497880004	0.0	0.0	0.0	0.0	0.0	0.0	7.701200180857446	6.111467339502679	0.0	0.0	5.4680601411351315	0.0	0.0	4.90527477843843	1.6094379124341003	0.0	3.8501476017100584	0.0	6.169610732491456	0.0	0.0	5.723585101952381	0.0	2.4849066497880004	1.9459101490553132	2.772588722239781	0.0	0.0	3.091042453358316	2.70805020110221	1.791759469228055	1.3862943611198906	1.6094379124341003	0.0	0.0	0.0	0.0	0.0	1.3862943611198906	1.0986122886681098	0.0	2.995732273553991	0.0	0.0	2.3978952727983707	3.332204510175204	0.0	0.0	2.995732273553991	2.772588722239781	3.2188758248682006	0.0	4.2626798770413155	0.0	0.0	0.0	0.0	0.0	4.219507705176107	0.0	1.6094379124341003	3.8918202981106265	0.0	1.3862943611198906	0.0	4.406719247264253	2.1972245773362196	4.406719247264253	0.0	5.552959584921617	3.828641396489095	5.1647859739235145	0.0	0.0	0.0	0.0	0.0	0.0	0.0	0.0	0.0	0.0	0.0	0.0	1.0986122886681098	2.70805020110221	2.6390573296152584	0.0	0.0	0.0	0.0	0.0	0.0	0.0	2.772588722239781	0.0	0.0	4.77912349311153	0.0	0.0	0.0	0.0	1.0986122886681098	0.0	0.0	0.0	0.0	0.0	1.6094379124341003	3.4965075614664802	0.0	0.0	2.0794415416798357	5.0689042022202315	2.302585092994046	2.995732273553991	3.713572066704308	0.0	0.0	0.0	3.6375861597263857	0.0	0.0	0.0	0.0	0.0	0.0	3.091042453358316	3.58351893845611	0.0	2.1972245773362196	0.0	0.0	0.0	0.0	0.0	0.0	0.0	0.0	0.0	0.0	1.6094379124341003	1.9459101490553132	0.0	0.0	1.6094379124341003	1.0986122886681098	4.31748811353631	0.0
SRR23478284	0.0	4.77912349311153	0.0	3.5263605246161616	0.0	7.395721608602045	0.0	3.784189633918261	0.0	0.0	2.8903717578961645	0.6931471805599453	0.0	0.6931471805599453	0.0	0.0	0.0	0.0	0.0	0.0	0.0	1.6094379124341003	0.6931471805599453	2.6390573296152584	0.0	0.0	0.0	2.302585092994046	0.0	0.0	5.662960480135946	0.0	0.0	0.0	2.6390573296152584	2.0794415416798357	0.0	0.0	0.0	5.3612921657094255	0.0	0.0	0.0	0.0	0.0	0.0	5.924255797414532	4.31748811353631	0.0	0.0	1.6094379124341003	0.0	0.0	0.0	1.6094379124341003	2.995732273553991	7.309212365692763	0.0	0.0	1.0986122886681098	0.0	0.0	1.6094379124341003	1.6094379124341003	1.0986122886681098	0.0	0.0	2.0794415416798357	0.0	0.6931471805599453	2.5649493574615367	7.261927092702751	0.6931471805599453	0.0	0.0	0.0	0.0	5.081404364984463	0.0	0.6931471805599453	0.0	2.1972245773362196	0.0	0.0	2.3978952727983707	1.791759469228055	0.0	0.0	1.3862943611198906	0.6931471805599453	1.6094379124341003	0.0	3.044522437723423	0.0	0.0	0.6931471805599453	0.0	0.0	1.3862943611198906	0.0	1.0986122886681098	0.6931471805599453	0.0	0.0	0.6931471805599453	2.3978952727983707	1.0986122886681098	0.0	0.6931471805599453	2.5649493574615367	4.04305126783455	1.3862943611198906	0.6931471805599453	0.0	0.0	0.0	0.0	0.0	0.0	0.0	1.3862943611198906	0.0	0.0	2.772588722239781	0.0	1.791759469228055	0.0	0.0	0.0	1.9459101490553132	0.0	0.0	0.6931471805599453	0.0	0.6931471805599453	0.0	0.6931471805599453	2.70805020110221	0.0	0.0	0.0	0.0	0.0	0.6931471805599453	1.9459101490553132	0.0	0.0	0.6931471805599453	1.0986122886681098	0.6931471805599453	0.0	0.0	0.0	0.0	3.784189633918261	0.0	1.0986122886681098	0.0	0.0	0.0	1.0986122886681098	1.0986122886681098	0.0	0.0	0.0	0.0	0.0	0.6931471805599453	0.6931471805599453	0.0	1.0986122886681098	0.0	0.0	0.0	0.0	0.0	0.0	0.0	0.0	0.0	3.6888794541139363	0.0	1.3862943611198906	0.6931471805599453	0.6931471805599453	0.0	1.3862943611198906	0.0	0.0
SRR23478285	1.791759469228055	7.337587743538596	0.0	6.405228458030842	1.791759469228055	4.31748811353631	0.0	6.51025834052315	4.770684624465665	0.6931471805599453	0.6931471805599453	0.6931471805599453	0.0	1.3862943611198906	0.0	1.3862943611198906	0.0	0.0	1.0986122886681098	1.3862943611198906	1.3862943611198906	5.0238805208462765	1.791759469228055	1.791759469228055	0.0	0.0	3.1354942159291497	2.5649493574615367	4.31748811353631	0.6931471805599453	6.3578422665081	3.7376696182833684	2.70805020110221	0.0	2.70805020110221	0.0	0.6931471805599453	0.0	0.0	3.295836866004329	0.0	0.0	4.454347296253507	0.0	0.0	2.9444389791664403	3.6375861597263857	5.537334267018537	1.3862943611198906	0.0	4.948759890378168	0.0	0.0	0.0	0.6931471805599453	0.0	4.897839799950911	1.9459101490553132	0.0	0.0	1.6094379124341003	1.791759469228055	2.772588722239781	2.302585092994046	0.6931471805599453	1.3862943611198906	0.0	0.0	4.543294782270004	1.0986122886681098	5.955837369464831	0.0	1.6094379124341003	1.6094379124341003	1.0986122886681098	0.0	1.6094379124341003	0.6931471805599453	0.6931471805599453	0.0	0.0	2.3978952727983707	3.258096538021482	2.3978952727983707	0.0	4.90527477843843	0.0	0.6931471805599453	4.248495242049359	4.382026634673881	1.3862943611198906	0.6931471805599453	2.1972245773362196	0.0	0.0	0.0	0.0	0.0	5.356586274672012	0.0	2.3978952727983707	3.9889840465642745	1.0986122886681098	1.6094379124341003	5.003946305945459	4.3694478524670215	1.9459101490553132	0.0	2.0794415416798357	0.0	2.833213344056216	0.0	1.0986122886681098	0.0	0.0	0.6931471805599453	2.833213344056216	0.6931471805599453	0.0	0.0	0.0	0.0	0.0	0.0	0.0	0.0	1.0986122886681098	0.0	0.0	1.6094379124341003	0.0	0.0	0.0	0.0	1.791759469228055	1.0986122886681098	4.02535169073515	2.6390573296152584	1.0986122886681098	0.0	1.6094379124341003	0.0	0.0	0.0	1.3862943611198906	1.0986122886681098	0.6931471805599453	0.0	0.0	1.3862943611198906	0.0	0.0	0.0	1.9459101490553132	1.0986122886681098	0.0	0.0	0.0	0.0	0.6931471805599453	0.0	0.0	0.0	0.0	0.0	0.0	0.0	0.6931471805599453	1.0986122886681098	1.0986122886681098	2.3978952727983707	0.0	0.0	0.0	0.0	1.9459101490553132	0.0	1.9459101490553132	2.1972245773362196	1.791759469228055	0.0	0.0	2.3978952727983707	0.0	0.0	0.0	1.6094379124341003	0.0	0.0
SRR23478286	3.4011973816621555	4.897839799950911	1.6094379124341003	6.156978985585555	0.0	7.791522819150732	0.0	5.231108616854587	0.0	0.0	2.302585092994046	1.9459101490553132	1.791759469228055	0.0	0.0	0.0	0.0	0.0	1.0986122886681098	0.6931471805599453	0.0	3.7612001156935624	0.0	1.3862943611198906	0.6931471805599453	0.0	0.0	3.871201010907891	1.9459101490553132	2.4849066497880004	5.652489180268651	2.5649493574615367	0.0	0.0	0.6931471805599453	3.044522437723423	0.0	0.0	1.3862943611198906	3.091042453358316	0.0	0.0	1.0986122886681098	0.6931471805599453	0.0	2.70805020110221	5.568344503761097	3.9318256327243257	0.0	0.0	4.1588830833596715	0.0	0.0	0.0	3.091042453358316	0.0	4.672828834461906	0.0	0.0	5.37989735354046	2.3978952727983707	3.5263605246161616	3.332204510175204	3.8501476017100584	1.6094379124341003	2.70805020110221	0.0	2.70805020110221	2.9444389791664403	0.0	3.7376696182833684	1.6094379124341003	0.0	0.0	0.0	0.0	1.9459101490553132	0.0	1.6094379124341003	0.0	0.0	3.4339872044851463	3.091042453358316	0.0	0.0	3.4339872044851463	0.0	0.0	1.3862943611198906	2.833213344056216	1.0986122886681098	1.791759469228055	2.4849066497880004	2.772588722239781	2.0794415416798357	4.543294782270004	0.0	0.0	3.6109179126442243	2.833213344056216	1.791759469228055	2.1972245773362196	0.0	2.995732273553991	2.833213344056216	3.367295829986474	1.9459101490553132	0.0	5.204006687076795	2.3978952727983707	3.5263605246161616	2.9444389791664403	1.9459101490553132	0.0	0.0	0.0	0.0	0.0	0.6931471805599453	1.3862943611198906	0.0	0.0	1.0986122886681098	3.091042453358316	0.0	3.1780538303479458	1.9459101490553132	0.0	0.0	0.6931471805599453	1.791759469228055	0.0	1.0986122886681098	2.5649493574615367	3.5263605246161616	1.0986122886681098	2.995732273553991	3.5553480614894135	0.0	3.828641396489095	0.0	0.0	5.209486152841421	0.0	1.9459101490553132	0.0	3.1354942159291497	0.0	1.791759469228055	4.07753744390572	0.0	1.6094379124341003	2.302585092994046	2.70805020110221	3.4339872044851463	2.772588722239781	0.0	0.0	2.1972245773362196	0.0	1.791759469228055	0.0	0.0	0.0	0.0	1.0986122886681098	2.1972245773362196	2.9444389791664403	3.9512437185814275	0.6931471805599453	3.784189633918261	0.0	0.6931471805599453	2.3978952727983707	1.0986122886681098	2.3978952727983707	2.5649493574615367	0.0	0.0	2.995732273553991	1.3862943611198906	0.0	1.6094379124341003	0.0	0.0	0.0	1.0986122886681098	0.0	1.3862943611198906
SRR23478287	0.0	0.6931471805599453	1.0986122886681098	3.6888794541139363	0.0	7.457609289715606	0.0	2.6390573296152584	0.0	0.0	0.0	3.091042453358316	0.0	0.6931471805599453	0.0	1.0986122886681098	0.0	0.0	0.0	0.0	0.0	0.0	0.0	1.791759469228055	0.0	0.0	0.0	1.0986122886681098	0.0	0.0	0.6931471805599453	0.0	0.0	0.0	0.0	0.0	0.0	0.0	0.0	6.517671272912275	1.3862943611198906	0.0	0.0	0.0	0.0	0.0	4.653960350157523	3.5263605246161616	0.0	0.0	0.6931471805599453	1.0986122886681098	1.791759469228055	0.0	3.9512437185814275	2.302585092994046	7.559038255443384	0.6931471805599453	0.0	0.6931471805599453	0.0	1.791759469228055	5.313205979041787	3.6635616461296463	4.02535169073515	0.0	0.0	2.833213344056216	0.6931471805599453	0.0	0.0	6.90875477931522	0.0	0.0	0.0	0.0	0.0	2.0794415416798357	0.0	0.6931471805599453	0.0	2.302585092994046	1.3862943611198906	0.0	1.0986122886681098	0.0	0.6931471805599453	4.07753744390572	1.3862943611198906	0.6931471805599453	0.0	0.0	1.6094379124341003	0.0	0.0	1.0986122886681098	0.0	0.0	1.0986122886681098	0.0	0.0	0.0	1.0986122886681098	0.0	0.0	0.0	0.0	0.0	0.0	2.772588722239781	4.0943445622221	0.0	0.6931471805599453	0.0	0.0	4.02535169073515	0.0	0.0	0.0	0.0	0.0	0.6931471805599453	0.0	0.0	0.0	2.1972245773362196	0.0	0.0	0.0	0.0	0.0	0.0	0.0	0.0	0.0	0.0	0.0	0.6931471805599453	0.0	0.0	0.0	0.0	0.0	0.0	0.0	0.0	0.0	0.0	0.6931471805599453	0.0	0.0	0.0	0.0	0.0	1.3862943611198906	0.0	1.6094379124341003	0.0	0.0	0.0	1.0986122886681098	0.0	0.0	0.0	0.0	0.0	1.6094379124341003	0.0	4.442651256490317	0.0	0.0	0.6931471805599453	0.0	0.0	0.0	0.0	0.0	0.0	0.0	0.0	0.0	0.0	0.6931471805599453	0.0	0.0	0.0	0.0	0.0	1.3862943611198906
SRR23478288	1.9459101490553132	6.677083461247136	0.0	5.438079308923196	7.282761179605593	6.311734809152915	0.0	4.143134726391533	0.0	0.0	1.0986122886681098	1.3862943611198906	2.70805020110221	0.0	0.0	0.0	1.9459101490553132	1.3862943611198906	0.0	0.6931471805599453	0.0	2.4849066497880004	1.3862943611198906	0.0	0.0	0.0	0.0	2.3978952727983707	0.0	1.3862943611198906	0.0	0.0	0.6931471805599453	1.0986122886681098	0.0	0.0	0.0	0.0	0.0	4.787491742782046	3.367295829986474	0.0	0.0	0.0	0.0	0.0	2.70805020110221	3.784189633918261	0.0	0.0	4.532599493153256	5.598421958998375	1.3862943611198906	3.8501476017100584	3.828641396489095	0.0	7.0925737159746784	1.9459101490553132	0.0	0.0	0.6931471805599453	0.0	2.3978952727983707	1.9459101490553132	1.9459101490553132	2.995732273553991	0.0	2.3978952727983707	2.9444389791664403	3.2188758248682006	1.9459101490553132	2.70805020110221	0.6931471805599453	0.0	0.0	0.0	1.0986122886681098	0.6931471805599453	2.4849066497880004	1.3862943611198906	0.0	4.02535169073515	1.6094379124341003	0.0	3.4011973816621555	3.5263605246161616	0.0	0.0	2.833213344056216	5.14166355650266	0.6931471805599453	0.0	0.6931471805599453	0.0	0.0	0.0	0.0	0.0	3.4011973816621555	0.0	1.791759469228055	2.9444389791664403	0.6931471805599453	1.0986122886681098	0.0	0.6931471805599453	1.0986122886681098	4.189654742026425	0.0	0.0	2.5649493574615367	0.0	1.3862943611198906	0.0	2.302585092994046	0.0	0.0	0.0	0.0	0.0	0.0	1.3862943611198906	1.6094379124341003	0.0	0.0	2.0794415416798357	0.0	0.0	0.0	1.6094379124341003	0.6931471805599453	0.0	0.0	0.0	0.0	0.0	0.0	2.772588722239781	0.0	3.713572066704308	0.0	0.0	1.0986122886681098	0.0	0.0	0.0	3.295836866004329	0.0	2.833213344056216	1.0986122886681098	0.0	0.0	2.0794415416798357	1.9459101490553132	0.0	1.3862943611198906	0.0	0.0	0.0	0.0	0.0	0.0	4.634728988229636	0.0	1.0986122886681098	1.0986122886681098	1.3862943611198906	2.1972245773362196	3.7376696182833684	2.1972245773362196	1.9459101490553132	1.9459101490553132	0.0	1.0986122886681098	0.0	2.3978952727983707	0.0	2.1972245773362196	0.0	0.0	0.6931471805599453	2.772588722239781	0.0	0.0	1.0986122886681098	1.0986122886681098	0.6931471805599453	0.0	0.0
SRR23478289	3.091042453358316	3.58351893845611	0.0	6.161207321695077	5.293304824724492	3.295836866004329	0.0	5.598421958998375	0.0	0.0	3.6375861597263857	0.0	1.3862943611198906	0.0	1.3862943611198906	3.5553480614894135	0.0	0.0	0.0	2.4849066497880004	0.0	3.784189633918261	3.091042453358316	3.044522437723423	0.0	0.0	0.0	4.174387269895637	4.276666119016055	0.0	7.270312886079025	3.6635616461296463	0.0	0.0	3.8918202981106265	0.0	0.0	0.0	0.0	1.9459101490553132	2.8903717578961645	0.0	1.3862943611198906	0.0	0.0	0.0	5.424950017481403	7.20414929203594	2.9444389791664403	0.0	4.990432586778736	4.0943445622221	4.820281565605037	3.8501476017100584	0.0	0.0	4.882801922586371	0.0	2.1972245773362196	0.0	0.6931471805599453	0.0	3.7612001156935624	1.3862943611198906	0.0	3.8918202981106265	0.0	0.0	2.6390573296152584	2.3978952727983707	3.044522437723423	1.9459101490553132	0.0	0.6931471805599453	0.0	0.0	0.0	0.0	0.6931471805599453	0.0	0.0	0.0	2.1972245773362196	0.0	0.6931471805599453	3.1780538303479458	2.70805020110221	0.0	2.9444389791664403	0.0	0.0	1.3862943611198906	4.955827057601261	0.0	0.0	0.0	0.0	0.0	4.990432586778736	0.0	1.3862943611198906	1.9459101490553132	0.0	0.0	3.1354942159291497	3.871201010907891	2.1972245773362196	4.30406509320417	0.0	1.9459101490553132	5.568344503761097	2.6390573296152584	2.995732273553991	0.0	0.0	2.5649493574615367	0.0	0.0	0.0	2.1972245773362196	0.0	0.0	0.0	0.0	0.0	0.0	0.0	0.0	0.0	0.0	0.0	1.791759469228055	0.0	0.0	0.0	2.6390573296152584	0.0	3.5263605246161616	0.0	0.0	2.4849066497880004	0.0	0.0	0.0	2.1972245773362196	0.0	0.0	0.0	0.0	0.0	0.0	0.0	0.0	0.0	0.0	0.6931471805599453	1.0986122886681098	0.0	0.0	0.0	3.4965075614664802	0.0	2.995732273553991	0.0	0.0	0.0	0.0	0.0	2.833213344056216	4.1588830833596715	0.0	0.0	0.0	0.0	0.0	0.0	0.0	0.0	0.0	0.0	0.6931471805599453	0.0	0.0	0.0	0.6931471805599453	0.0	0.0	0.0	1.0986122886681098
SRR23478290	3.1354942159291497	5.749392985908253	0.0	6.630683385642372	0.0	5.117993812416755	0.0	6.244166900663736	0.0	0.0	2.5649493574615367	0.6931471805599453	0.0	0.0	0.0	2.0794415416798357	0.0	0.0	0.0	1.9459101490553132	1.3862943611198906	3.784189633918261	2.0794415416798357	2.0794415416798357	0.0	0.0	0.0	4.948759890378168	4.07753744390572	0.0	6.037870919922137	2.1972245773362196	0.0	0.6931471805599453	1.6094379124341003	1.3862943611198906	0.0	0.0	0.0	3.6635616461296463	0.0	0.0	1.3862943611198906	0.0	0.0	1.791759469228055	5.746203190540153	6.295266001439646	0.6931471805599453	1.0986122886681098	4.867534450455582	0.0	3.4657359027997265	2.995732273553991	1.791759469228055	2.0794415416798357	5.641907070938114	0.0	5.313205979041787	0.0	1.0986122886681098	1.791759469228055	2.6390573296152584	4.290459441148391	0.0	3.4011973816621555	0.0	0.0	3.784189633918261	1.6094379124341003	4.174387269895637	0.0	1.3862943611198906	0.0	0.0	0.0	1.791759469228055	1.3862943611198906	0.0	0.6931471805599453	0.0	3.1780538303479458	3.295836866004329	0.6931471805599453	3.8501476017100584	1.9459101490553132	0.0	0.6931471805599453	4.700480365792417	3.9512437185814275	0.6931471805599453	0.0	2.1972245773362196	0.0	0.0	0.0	0.0	0.0	5.680172609017068	0.0	0.0	4.276666119016055	1.0986122886681098	1.6094379124341003	3.5263605246161616	4.59511985013459	1.9459101490553132	0.0	2.833213344056216	1.0986122886681098	5.37989735354046	2.772588722239781	2.1972245773362196	0.0	0.0	0.0	0.0	0.0	0.0	0.0	3.7612001156935624	0.0	2.302585092994046	0.0	1.791759469228055	2.1972245773362196	0.0	1.3862943611198906	0.0	0.6931471805599453	1.3862943611198906	0.0	0.0	0.6931471805599453	1.6094379124341003	1.0986122886681098	0.0	3.9318256327243257	0.0	0.0	1.3862943611198906	1.9459101490553132	0.0	1.3862943611198906	0.6931471805599453	2.0794415416798357	0.0	0.0	2.9444389791664403	2.1972245773362196	0.0	0.0	5.5254529391317835	0.6931471805599453	1.791759469228055	4.04305126783455	2.302585092994046	0.0	0.0	0.6931471805599453	5.117993812416755	0.6931471805599453	0.6931471805599453	0.0	0.0	0.0	0.0	1.3862943611198906	3.8918202981106265	0.0	4.663439094112067	0.0	0.0	1.6094379124341003	0.6931471805599453	1.3862943611198906	0.6931471805599453	0.0	1.9459101490553132	0.0	0.0	0.0	0.0	0.0	0.6931471805599453	0.6931471805599453	0.0	0.0	0.0
SRR23478291	0.0	0.0	0.0	6.680854678790215	0.0	5.655991810819852	1.0986122886681098	5.8289456176102075	0.0	0.0	1.9459101490553132	1.9459101490553132	0.0	0.0	0.0	2.0794415416798357	0.0	0.0	0.0	0.0	0.6931471805599453	2.4849066497880004	0.6931471805599453	1.3862943611198906	0.0	0.0	0.0	5.3706380281276624	0.0	0.0	5.442417710521793	3.4011973816621555	0.0	1.3862943611198906	0.0	0.0	1.0986122886681098	0.0	0.0	4.859812404361672	0.0	0.0	0.0	0.0	0.0	0.0	7.023758954738443	4.406719247264253	0.0	0.0	4.574710978503383	0.0	0.0	0.0	4.852030263919617	0.0	4.110873864173311	0.6931471805599453	4.948759890378168	0.0	0.6931471805599453	0.0	0.6931471805599453	1.0986122886681098	3.1780538303479458	5.198497031265826	0.0	0.0	2.0794415416798357	1.3862943611198906	0.0	3.8066624897703196	0.6931471805599453	0.0	0.0	0.0	0.6931471805599453	5.0689042022202315	0.0	2.3978952727983707	1.3862943611198906	2.8903717578961645	0.0	2.0794415416798357	1.3862943611198906	2.70805020110221	0.0	0.0	2.995732273553991	3.7612001156935624	0.6931471805599453	0.0	5.905361848054571	0.0	0.0	0.0	0.0	0.0	1.6094379124341003	0.0	2.1972245773362196	1.9459101490553132	0.0	1.0986122886681098	0.0	1.6094379124341003	3.1780538303479458	0.0	0.0	0.0	5.176149732573829	1.6094379124341003	1.6094379124341003	0.0	0.0	0.0	0.0	0.0	0.6931471805599453	0.0	1.791759469228055	0.0	1.0986122886681098	6.48768401848461	0.0	1.9459101490553132	0.0	0.6931471805599453	0.0	3.9512437185814275	0.0	0.0	0.0	0.0	0.6931471805599453	0.0	0.0	2.6390573296152584	0.0	0.0	0.0	0.0	0.6931471805599453	0.0	0.6931471805599453	0.0	1.791759469228055	0.0	1.3862943611198906	1.3862943611198906	0.0	0.0	2.302585092994046	2.0794415416798357	3.332204510175204	1.791759469228055	1.6094379124341003	0.0	0.6931471805599453	0.0	2.70805020110221	0.0	0.0	0.0	0.0	0.6931471805599453	2.302585092994046	0.6931471805599453	5.159055299214529	5.10594547390058	3.6635616461296463	1.0986122886681098	0.0	4.2626798770413155	0.6931471805599453	0.6931471805599453	2.6390573296152584	0.0	0.0	2.302585092994046	2.1972245773362196	0.0	1.9459101490553132	0.0	0.0	0.0	0.0	1.3862943611198906	3.9318256327243257
SRR23478292	0.0	6.12029741895095	1.791759469228055	4.418840607796598	0.0	6.745236349484363	0.6931471805599453	3.295836866004329	0.0	0.0	2.5649493574615367	1.9459101490553132	0.0	0.0	0.0	0.0	0.0	0.0	0.0	1.0986122886681098	0.0	2.5649493574615367	0.6931471805599453	2.9444389791664403	0.0	0.0	0.0	3.1780538303479458	0.6931471805599453	0.0	5.37989735354046	2.4849066497880004	0.0	0.6931471805599453	1.0986122886681098	0.0	0.0	0.6931471805599453	0.0	5.7745515455444085	0.0	0.0	0.0	0.0	0.0	0.6931471805599453	0.6931471805599453	6.077642243349034	0.0	0.0	3.5553480614894135	0.0	0.0	0.0	5.062595033026967	3.4657359027997265	5.313205979041787	1.3862943611198906	0.0	0.0	1.3862943611198906	7.155396301896734	0.0	2.995732273553991	5.0238805208462765	0.0	0.0	0.0	3.871201010907891	1.6094379124341003	0.0	0.0	1.0986122886681098	0.0	0.0	0.0	0.0	2.0794415416798357	0.0	1.0986122886681098	0.0	4.2626798770413155	3.5263605246161616	1.0986122886681098	2.833213344056216	1.9459101490553132	0.0	0.0	2.5649493574615367	2.5649493574615367	2.302585092994046	0.0	0.0	0.0	0.0	0.0	0.0	0.0	2.5649493574615367	0.0	2.6390573296152584	1.6094379124341003	0.0	0.6931471805599453	0.0	1.0986122886681098	1.3862943611198906	0.0	3.295836866004329	4.875197323201151	3.044522437723423	2.772588722239781	2.1972245773362196	0.0	0.0	0.0	0.0	0.0	0.0	0.6931471805599453	0.0	2.3978952727983707	0.6931471805599453	6.594413459749778	0.0	2.772588722239781	0.0	2.1972245773362196	0.0	2.995732273553991	0.0	0.0	0.0	0.0	1.0986122886681098	1.0986122886681098	0.0	1.0986122886681098	0.0	0.0	0.0	0.0	0.0	0.0	0.0	0.0	0.0	0.0	0.0	1.0986122886681098	1.3862943611198906	0.0	0.0	0.0	0.0	0.6931471805599453	0.0	0.0	0.0	0.0	0.0	1.0986122886681098	1.0986122886681098	0.0	0.0	0.0	1.6094379124341003	2.5649493574615367	3.2188758248682006	0.0	0.0	0.0	0.0	0.0	0.0	3.2188758248682006	0.0	0.0	0.0	0.0	1.3862943611198906	1.0986122886681098	2.3978952727983707	0.0	0.0	1.3862943611198906	0.0	0.0	0.6931471805599453
SRR23478293	1.3862943611198906	6.52795791762255	0.6931471805599453	3.5553480614894135	3.4339872044851463	7.4073177104694174	0.0	4.07753744390572	0.0	0.0	1.0986122886681098	4.060443010546419	3.4011973816621555	0.0	0.0	0.0	0.0	0.0	0.0	0.0	0.0	0.6931471805599453	1.0986122886681098	1.6094379124341003	0.0	0.0	0.0	1.9459101490553132	0.6931471805599453	0.0	2.4849066497880004	0.6931471805599453	0.0	0.6931471805599453	1.0986122886681098	2.4849066497880004	0.0	2.70805020110221	1.6094379124341003	5.476463551931511	3.091042453358316	0.0	0.0	0.0	0.0	0.0	5.720311776607412	4.477336814478207	0.0	0.0	2.1972245773362196	3.1354942159291497	2.995732273553991	4.927253685157205	5.147494476813453	3.6888794541139363	6.612041034833092	1.0986122886681098	2.4849066497880004	0.0	0.6931471805599453	1.0986122886681098	5.717027701406222	5.365976015021851	2.70805020110221	1.0986122886681098	0.0	3.7612001156935624	1.6094379124341003	0.0	0.0	6.008813185442595	0.0	0.0	0.0	0.0	0.0	3.1780538303479458	0.6931471805599453	2.772588722239781	0.0	3.4011973816621555	1.3862943611198906	1.791759469228055	2.0794415416798357	0.0	1.0986122886681098	0.0	2.4849066497880004	3.258096538021482	1.3862943611198906	1.0986122886681098	1.6094379124341003	0.0	0.0	0.0	0.0	0.0	0.0	0.0	0.0	1.0986122886681098	0.0	0.0	0.0	0.0	1.9459101490553132	0.6931471805599453	1.6094379124341003	2.3978952727983707	1.791759469228055	2.4849066497880004	0.6931471805599453	0.0	1.6094379124341003	0.0	0.0	0.0	0.0	0.0	0.0	0.0	0.0	3.912023005428146	0.0	2.302585092994046	0.0	0.0	0.0	2.4849066497880004	0.6931471805599453	0.0	0.0	0.0	0.0	0.0	1.0986122886681098	2.302585092994046	0.0	4.454347296253507	0.0	0.0	0.0	0.0	0.0	0.0	0.0	0.6931471805599453	1.0986122886681098	2.0794415416798357	0.0	0.0	0.6931471805599453	1.791759469228055	1.6094379124341003	0.0	0.6931471805599453	4.276666119016055	0.0	0.0	0.0	0.0	2.0794415416798357	0.0	0.0	0.0	1.0986122886681098	2.9444389791664403	4.110873864173311	2.995732273553991	2.3978952727983707	0.0	1.9459101490553132	1.3862943611198906	0.0	0.6931471805599453	0.0	0.0	0.0	0.0	2.3978952727983707	3.5263605246161616	1.3862943611198906	1.3862943611198906	1.9459101490553132	1.3862943611198906	0.0	0.6931471805599453	0.0
SRR23478294	1.0986122886681098	1.791759469228055	0.0	6.999422467507961	0.0	4.912654885736052	0.0	6.313548046277095	0.0	0.0	0.0	0.0	0.0	2.3978952727983707	0.0	0.0	0.0	0.0	0.0	0.0	0.0	2.6390573296152584	0.0	3.8066624897703196	0.0	0.0	0.0	5.153291594497779	4.30406509320417	0.0	0.0	1.791759469228055	0.0	0.0	0.0	2.3978952727983707	0.0	0.0	0.0	3.784189633918261	0.0	0.0	0.0	0.0	0.0	0.6931471805599453	4.574710978503383	4.795790545596741	3.044522437723423	0.0	5.225746673713202	0.0	4.007333185232471	0.0	3.6109179126442243	3.091042453358316	4.74493212836325	0.0	0.0	0.0	0.6931471805599453	1.791759469228055	0.0	3.6375861597263857	0.0	0.0	0.0	0.0	3.6109179126442243	0.0	4.174387269895637	1.6094379124341003	0.0	0.0	0.0	0.0	0.0	4.07753744390572	0.0	0.0	0.0	0.0	2.1972245773362196	0.0	2.772588722239781	3.091042453358316	0.0	0.0	3.58351893845611	3.044522437723423	0.0	0.0	6.897704943128636	0.0	0.0	0.0	0.0	0.0	5.204006687076795	0.0	0.0	4.060443010546419	0.0	1.0986122886681098	4.330733340286331	6.361302477572996	2.772588722239781	1.3862943611198906	0.0	0.0	3.332204510175204	3.332204510175204	4.442651256490317	0.0	0.0	0.0	0.0	0.0	0.0	0.0	0.0	0.0	0.0	4.477336814478207	1.0986122886681098	1.3862943611198906	2.1972245773362196	0.0	0.0	0.0	0.0	0.0	0.0	0.0	0.0	0.0	0.0	3.1780538303479458	0.0	0.0	2.0794415416798357	0.0	0.0	0.0	2.5649493574615367	0.0	0.0	0.0	0.0	1.9459101490553132	0.0	0.0	0.0	3.6888794541139363	3.4011973816621555	0.0	4.584967478670572	0.0	0.0	0.0	0.0	1.9459101490553132	0.0	0.0	0.0	0.0	0.0	2.5649493574615367	4.127134385045092	0.0	1.791759469228055	0.0	0.0	0.0	3.2188758248682006	1.3862943611198906	2.4849066497880004	2.0794415416798357	0.0	0.0	0.0	0.0	0.0	0.0	0.0	0.0	3.2188758248682006	0.0	0.0
SRR23492483	0.0	7.728855823852543	1.0986122886681098	4.844187086458591	1.3862943611198906	3.044522437723423	0.0	4.962844630259907	0.0	0.0	4.5217885770490405	0.0	0.0	0.0	5.752572638825633	1.6094379124341003	0.0	0.6931471805599453	0.0	0.0	0.0	3.258096538021482	0.0	0.0	0.0	0.0	0.0	5.69035945432406	1.6094379124341003	1.791759469228055	1.0986122886681098	3.784189633918261	0.0	0.0	0.0	0.0	0.0	0.0	0.0	0.0	5.521460917862246	0.0	0.0	0.0	0.0	0.6931471805599453	2.8903717578961645	7.393263094763838	1.0986122886681098	0.0	5.003946305945459	0.0	0.0	1.0986122886681098	0.0	0.0	3.8066624897703196	0.0	0.0	0.0	1.3862943611198906	5.3230099791384085	1.0986122886681098	0.6931471805599453	0.0	0.0	0.0	0.0	3.1354942159291497	4.2626798770413155	0.6931471805599453	0.0	0.0	0.0	0.0	0.0	0.0	0.0	0.0	0.0	1.6094379124341003	0.6931471805599453	4.31748811353631	0.0	0.0	2.772588722239781	0.0	0.0	4.51085950651685	1.9459101490553132	0.0	0.0	0.0	0.0	0.0	0.0	0.0	0.0	3.258096538021482	0.0	0.0	2.6390573296152584	0.0	0.0	2.302585092994046	1.6094379124341003	1.791759469228055	0.0	0.0	3.4965075614664802	2.302585092994046	2.70805020110221	2.833213344056216	0.6931471805599453	0.0	0.0	0.0	0.0	0.0	0.0	0.0	0.0	0.0	0.6931471805599453	0.0	0.6931471805599453	1.0986122886681098	1.0986122886681098	0.0	0.0	0.0	0.0	0.0	0.0	0.6931471805599453	0.0	0.0	4.59511985013459	1.0986122886681098	0.0	0.0	0.0	0.0	0.0	3.091042453358316	0.0	0.0	1.6094379124341003	0.0	1.9459101490553132	0.0	0.0	0.0	0.0	0.0	0.0	0.0	0.0	0.0	2.1972245773362196	0.0	0.0	0.0	0.0	0.0	0.0	0.0	0.0	0.0	0.0	0.0	0.0	0.0	0.0	0.0	0.0	1.0986122886681098	1.0986122886681098	0.0	0.0	0.0	0.0	1.3862943611198906	0.0	0.0	0.0	0.0	0.0	0.0
SRR23492508	0.0	7.206377291472252	0.0	1.3862943611198906	0.0	0.6931471805599453	0.0	5.817111159963204	5.501258210544727	3.6375861597263857	0.0	0.0	0.0	0.0	4.672828834461906	4.543294782270004	1.6094379124341003	4.23410650459726	1.0986122886681098	1.3862943611198906	0.0	6.1092475827643655	0.0	3.4011973816621555	0.0	0.0	1.0986122886681098	0.0	0.0	0.0	0.0	0.0	0.0	0.0	4.6443908991413725	0.0	0.6931471805599453	0.0	0.0	0.0	0.0	0.0	0.0	0.0	0.0	0.0	1.791759469228055	0.0	0.0	0.0	1.6094379124341003	0.0	0.0	0.0	0.0	0.0	0.0	0.0	0.0	0.0	0.0	0.0	0.0	0.0	0.0	0.0	5.726847747587197	0.0	2.833213344056216	0.0	4.700480365792417	0.0	1.3862943611198906	0.0	0.0	0.0	0.0	0.0	0.0	0.0	0.0	0.0	0.0	0.0	0.0	0.0	0.0	0.0	0.0	0.0	0.0	0.0	1.791759469228055	0.0	0.0	0.0	0.0	0.0	1.791759469228055	0.0	0.0	0.0	0.0	0.0	0.0	3.5553480614894135	0.0	0.0	5.375278407684165	0.0	1.0986122886681098	4.795790545596741	0.0	0.0	3.5553480614894135	0.0	0.0	0.0	0.0	0.0	0.0	0.0	0.0	0.0	0.0	0.6931471805599453	0.0	0.0	0.0	0.0	0.0	0.0	0.0	0.0	0.0	0.0	0.0	0.0	0.0	5.123963979403259	0.0	0.0	0.0	0.0	5.170483995038151	0.0	0.0	0.0	0.0	0.0	0.0	0.0	0.0	0.0	1.3862943611198906	0.0	0.0	0.0	0.0	0.0	0.0	6.663132695990803	2.772588722239781	0.0	0.0	0.0	0.0	0.0	0.0	0.0	0.0	0.0	0.0	0.0	0.0	0.0	0.0	0.0	0.0	0.0	0.0	0.0	0.0	0.0	0.0	0.0	0.0	0.0	0.0
SRR23492516	0.0	8.397508348470257	0.0	0.6931471805599453	0.0	4.127134385045092	0.0	1.0986122886681098	0.0	0.0	0.0	0.0	0.0	0.0	0.0	0.0	0.0	0.0	0.0	5.10594547390058	0.0	1.6094379124341003	0.0	2.0794415416798357	2.0794415416798357	0.0	0.0	0.0	0.0	0.0	0.0	2.1972245773362196	0.0	0.0	0.0	0.0	0.0	0.0	0.0	2.70805020110221	0.0	0.0	0.0	0.0	0.0	0.0	3.4657359027997265	3.1354942159291497	0.0	0.0	2.3978952727983707	0.0	0.0	0.0	1.3862943611198906	0.0	0.0	0.0	2.1972245773362196	0.0	0.0	0.0	0.0	0.0	0.0	0.0	0.0	0.0	0.0	0.0	0.0	0.0	0.0	0.0	0.0	0.0	0.0	0.0	0.0	0.0	0.0	0.0	0.0	0.0	0.0	0.0	0.0	0.0	0.0	0.0	0.0	0.0	0.0	0.0	1.0986122886681098	0.0	0.0	0.0	0.0	0.0	0.0	0.0	0.0	0.0	0.0	0.0	0.0	0.0	0.0	0.0	0.0	0.0	0.0	0.0	0.0	0.0	0.0	0.0	0.0	0.0	0.0	0.0	0.0	1.0986122886681098	0.0	0.0	0.0	0.0	1.791759469228055	0.0	0.0	0.0	0.0	0.0	0.0	0.0	0.0	0.0	0.0	0.0	0.0	0.0	0.0	0.0	0.0	0.0	0.0	0.0	0.0	0.0	0.0	0.0	0.0	0.0	0.0	0.0	0.0	0.0	0.0	0.0	0.0	0.0	0.0	0.0	0.0	0.0	0.0	0.0	0.0	0.0	0.0	0.0	0.0	0.0	0.0	0.0	0.0	0.0	0.0	0.0	0.0	0.0	0.0	0.0	0.0	0.0	0.0	0.0	0.0
SRR23492517	0.6931471805599453	6.710523109452428	3.091042453358316	1.9459101490553132	0.0	4.844187086458591	0.0	3.367295829986474	4.02535169073515	1.0986122886681098	1.0986122886681098	0.0	0.0	0.0	0.0	3.091042453358316	0.0	0.0	2.1972245773362196	2.1972245773362196	1.6094379124341003	3.5263605246161616	0.0	2.5649493574615367	2.302585092994046	0.0	0.0	2.9444389791664403	0.0	0.0	0.0	0.0	0.0	0.0	2.5649493574615367	0.0	1.3862943611198906	0.0	0.0	0.0	1.791759469228055	0.0	2.3978952727983707	0.0	0.0	0.6931471805599453	1.0986122886681098	3.713572066704308	0.0	0.0	3.9318256327243257	0.0	0.0	0.0	0.0	0.0	5.099866427824199	0.0	0.0	2.70805020110221	0.0	6.82001636467413	1.9459101490553132	0.0	0.0	0.0	0.0	0.0	2.6390573296152584	1.0986122886681098	7.814803429489359	0.0	0.0	0.0	0.0	0.0	0.0	0.0	0.0	0.0	0.0	1.6094379124341003	1.791759469228055	0.0	1.6094379124341003	0.6931471805599453	0.0	0.0	2.833213344056216	1.6094379124341003	0.0	0.0	0.0	0.0	3.295836866004329	2.833213344056216	0.0	0.0	4.0943445622221	2.302585092994046	0.0	0.0	0.0	0.0	2.995732273553991	4.663439094112067	2.302585092994046	0.0	2.1972245773362196	1.3862943611198906	1.0986122886681098	3.2188758248682006	0.0	0.0	1.0986122886681098	0.0	0.0	1.0986122886681098	0.0	0.0	0.0	0.0	0.0	0.0	0.0	0.6931471805599453	0.0	1.791759469228055	2.9444389791664403	0.6931471805599453	1.0986122886681098	2.1972245773362196	0.0	0.0	0.0	0.0	0.0	0.0	0.0	0.0	2.1972245773362196	0.0	0.0	0.0	3.9318256327243257	0.0	0.0	0.0	0.0	1.0986122886681098	0.0	0.0	0.0	0.0	0.0	0.0	0.0	0.0	1.0986122886681098	0.0	0.0	0.0	1.791759469228055	0.0	0.0	0.0	0.0	0.0	0.0	0.0	0.0	0.0	0.0	0.0	0.0	0.0	0.0	0.0	0.6931471805599453	0.0	0.0	0.0	0.0	0.0	0.0	0.0	0.0	0.0	0.0
SRR23492518	0.0	2.8903717578961645	0.0	6.186208623900494	0.0	8.002359546252707	0.0	0.0	1.6094379124341003	0.0	0.6931471805599453	2.0794415416798357	0.0	0.0	0.0	0.6931471805599453	0.0	0.0	0.0	0.6931471805599453	0.0	2.4849066497880004	0.0	0.6931471805599453	0.0	0.0	0.0	2.8903717578961645	4.30406509320417	0.6931471805599453	0.0	0.6931471805599453	0.0	0.0	0.0	0.0	0.0	0.6931471805599453	0.6931471805599453	6.021023349349527	4.532599493153256	0.0	0.0	0.0	0.0	0.0	0.0	6.925595197110468	0.0	0.0	5.135798437050262	2.8903717578961645	0.0	2.4849066497880004	2.3978952727983707	3.332204510175204	5.313205979041787	0.0	1.3862943611198906	0.0	0.0	0.6931471805599453	3.1354942159291497	1.3862943611198906	2.995732273553991	0.0	0.0	0.0	1.9459101490553132	1.9459101490553132	1.791759469228055	0.0	0.0	0.0	0.0	0.0	1.3862943611198906	0.0	1.0986122886681098	0.6931471805599453	0.0	3.4657359027997265	3.5553480614894135	0.0	0.6931471805599453	1.3862943611198906	0.0	0.0	2.0794415416798357	1.9459101490553132	2.302585092994046	2.6390573296152584	2.5649493574615367	0.0	0.0	0.0	0.0	0.0	2.4849066497880004	0.0	0.0	0.6931471805599453	0.0	1.9459101490553132	3.1354942159291497	0.0	0.0	0.0	0.0	0.0	2.0794415416798357	2.995732273553991	4.143134726391533	0.0	0.0	0.0	0.0	0.0	0.0	0.0	0.0	1.791759469228055	2.3978952727983707	0.0	0.0	0.0	1.3862943611198906	1.3862943611198906	1.0986122886681098	2.302585092994046	0.0	0.0	0.0	0.0	0.0	0.0	0.0	3.044522437723423	0.0	0.0	2.0794415416798357	0.0	0.0	0.0	1.0986122886681098	0.0	0.0	0.0	0.0	5.087596335232384	0.0	0.0	0.0	0.0	2.833213344056216	1.9459101490553132	0.0	0.0	0.0	0.6931471805599453	0.6931471805599453	0.0	0.0	0.0	0.0	0.0	0.6931471805599453	0.0	2.6390573296152584	0.0	0.0	0.0	0.0	0.0	0.0	1.3862943611198906	0.0	0.0	1.6094379124341003	0.0	4.248495242049359	0.0	1.3862943611198906	0.0	0.0	0.0	0.0	0.0	0.0
SRR23492520	0.0	4.127134385045092	0.0	0.0	0.0	7.597897950521784	0.0	5.19295685089021	0.0	0.0	2.772588722239781	0.0	0.0	0.0	0.6931471805599453	0.0	0.0	0.0	0.0	1.3862943611198906	0.0	2.0794415416798357	0.0	3.6888794541139363	1.3862943611198906	0.0	1.3862943611198906	3.2188758248682006	2.302585092994046	0.0	0.0	0.0	0.0	0.0	1.3862943611198906	0.0	0.0	0.0	0.0	3.044522437723423	0.0	0.0	1.791759469228055	0.0	0.0	1.0986122886681098	0.0	6.60934924316738	0.0	0.0	4.219507705176107	0.0	0.0	0.0	0.0	1.3862943611198906	7.138866999945524	1.791759469228055	0.0	0.0	0.0	0.0	0.0	0.0	0.0	0.0	0.0	0.0	2.4849066497880004	3.713572066704308	2.8903717578961645	3.5263605246161616	0.0	0.0	0.0	0.6931471805599453	0.0	0.0	0.6931471805599453	0.6931471805599453	1.3862943611198906	2.8903717578961645	1.6094379124341003	0.0	1.0986122886681098	0.0	0.0	0.0	4.219507705176107	2.9444389791664403	1.791759469228055	0.0	1.6094379124341003	0.0	0.6931471805599453	0.0	0.0	0.0	3.9512437185814275	1.791759469228055	0.0	0.0	0.0	1.0986122886681098	3.2188758248682006	2.5649493574615367	0.0	0.0	3.258096538021482	3.332204510175204	4.343805421853684	3.9318256327243257	0.0	0.0	1.791759469228055	0.0	0.0	0.0	0.0	0.0	0.0	4.859812404361672	0.0	0.0	0.0	0.0	1.0986122886681098	4.382026634673881	1.0986122886681098	2.833213344056216	0.0	0.0	0.0	0.0	0.0	2.0794415416798357	0.0	1.6094379124341003	2.3978952727983707	0.0	0.0	0.0	0.0	0.0	2.302585092994046	0.0	0.0	1.791759469228055	0.0	3.713572066704308	0.0	0.0	0.0	0.0	0.0	0.6931471805599453	0.0	0.0	0.0	0.0	0.0	3.784189633918261	1.3862943611198906	0.0	0.0	0.0	1.3862943611198906	0.0	0.0	0.0	0.0	0.0	0.0	0.0	0.0	0.0	0.0	0.0	0.0	0.0	6.630683385642372	0.0	3.713572066704308	0.0	2.0794415416798357	1.3862943611198906	0.0	0.0	0.0
SRR23492521	0.0	3.2188758248682006	0.0	2.772588722239781	0.0	7.579167967396076	0.0	6.144185634125646	0.0	0.0	1.6094379124341003	1.3862943611198906	1.0986122886681098	0.0	0.0	0.0	0.0	0.0	0.0	0.0	0.0	0.0	0.0	1.0986122886681098	3.258096538021482	0.0	0.0	0.0	2.3978952727983707	0.0	7.585281078639126	1.3862943611198906	0.0	0.0	1.0986122886681098	1.6094379124341003	0.0	0.0	0.0	6.267200548541362	0.0	0.0	0.0	0.0	0.0	0.0	4.3694478524670215	4.927253685157205	0.0	0.0	2.6390573296152584	0.0	0.0	0.0	5.117993812416755	0.0	0.0	0.0	2.833213344056216	0.0	0.0	0.6931471805599453	0.0	3.6375861597263857	0.0	0.0	0.0	0.0	1.0986122886681098	0.0	2.302585092994046	0.0	0.0	0.0	0.0	0.0	0.0	2.0794415416798357	0.0	1.0986122886681098	1.0986122886681098	3.4011973816621555	0.0	1.3862943611198906	0.6931471805599453	0.0	0.0	0.0	2.772588722239781	2.1972245773362196	0.0	0.0	1.9459101490553132	0.0	0.0	0.0	0.0	0.0	2.1972245773362196	0.0	0.0	1.0986122886681098	0.0	0.0	1.9459101490553132	2.70805020110221	2.0794415416798357	4.532599493153256	1.3862943611198906	0.0	2.8903717578961645	0.0	0.0	0.0	0.0	0.0	0.0	0.0	0.0	0.0	0.6931471805599453	0.0	1.0986122886681098	0.0	0.0	0.0	0.0	1.9459101490553132	0.0	2.1972245773362196	0.0	0.0	0.6931471805599453	0.0	1.0986122886681098	0.0	0.0	1.3862943611198906	0.0	1.0986122886681098	0.0	0.0	0.0	0.0	1.0986122886681098	0.0	1.3862943611198906	0.0	1.0986122886681098	3.6635616461296463	0.0	0.0	0.0	0.0	2.4849066497880004	0.0	2.70805020110221	0.0	0.0	0.0	2.302585092994046	0.0	1.0986122886681098	0.0	0.0	0.0	0.0	0.0	2.772588722239781	0.0	1.9459101490553132	0.0	0.0	0.0	0.0	0.0	0.0	0.0	0.0	0.0	0.0	0.0	1.0986122886681098	0.6931471805599453	0.0	0.0	1.9459101490553132	0.0	3.295836866004329
SRR23492522	0.0	2.4849066497880004	1.6094379124341003	0.0	0.0	8.136810863675537	0.0	6.424869023905388	1.3862943611198906	2.5649493574615367	2.6390573296152584	1.0986122886681098	0.0	0.0	0.0	1.9459101490553132	0.0	2.5649493574615367	0.0	1.791759469228055	0.0	4.290459441148391	0.0	0.0	3.1780538303479458	0.0	0.0	4.634728988229636	1.0986122886681098	0.0	0.6931471805599453	3.871201010907891	0.0	1.3862943611198906	1.0986122886681098	3.4011973816621555	0.0	0.0	1.791759469228055	0.0	0.0	0.0	0.0	0.0	0.0	2.5649493574615367	0.0	5.537334267018537	0.0	0.0	5.568344503761097	0.0	0.0	0.0	0.0	2.772588722239781	5.82600010738045	0.0	0.0	0.0	0.0	0.0	4.74493212836325	0.0	0.0	0.0	0.6931471805599453	0.0	5.37989735354046	1.0986122886681098	1.0986122886681098	0.0	0.0	0.0	0.0	0.0	0.0	0.0	0.0	1.9459101490553132	0.0	3.6635616461296463	0.0	0.0	1.6094379124341003	2.833213344056216	0.0	0.0	3.6109179126442243	3.7376696182833684	2.4849066497880004	0.0	3.6375861597263857	0.0	0.0	0.0	0.0	0.0	1.3862943611198906	0.0	0.0	1.9459101490553132	0.0	0.0	1.791759469228055	2.5649493574615367	0.0	0.0	2.995732273553991	1.0986122886681098	0.0	5.0689042022202315	0.0	0.0	1.6094379124341003	4.290459441148391	0.0	1.0986122886681098	0.0	0.0	0.0	3.4339872044851463	0.0	0.0	0.0	1.6094379124341003	0.0	2.1972245773362196	1.6094379124341003	2.0794415416798357	0.0	0.0	1.0986122886681098	0.0	1.3862943611198906	0.0	2.0794415416798357	0.0	1.791759469228055	3.367295829986474	0.0	0.0	0.0	0.0	1.6094379124341003	0.6931471805599453	0.0	0.0	0.0	2.995732273553991	0.0	0.0	0.0	0.0	0.0	0.0	0.0	0.0	0.0	0.0	0.0	0.0	1.0986122886681098	0.0	0.0	0.0	0.0	0.0	0.0	0.0	0.0	0.0	0.0	0.0	0.0	0.0	0.0	0.0	0.0	0.0	0.0	0.0	1.9459101490553132	0.0	0.0	0.0	0.0	0.0	0.0
SRR23492523	0.0	2.70805020110221	0.0	0.0	0.0	0.0	0.0	6.385194398997726	2.0794415416798357	1.3862943611198906	0.0	0.0	0.0	0.0	8.491875383431948	0.0	3.1354942159291497	2.3978952727983707	0.0	1.9459101490553132	0.0	1.791759469228055	0.0	1.791759469228055	2.995732273553991	0.0	0.6931471805599453	0.0	0.6931471805599453	0.0	0.0	0.0	0.0	0.0	1.0986122886681098	0.0	0.0	0.0	0.0	0.0	0.0	0.0	0.0	0.0	0.0	0.0	0.0	4.343805421853684	0.0	0.0	5.817111159963204	0.0	0.0	0.0	0.0	0.0	0.0	0.0	0.0	0.6931471805599453	1.0986122886681098	2.302585092994046	0.0	0.0	0.0	0.0	0.0	0.0	0.0	0.0	1.6094379124341003	0.0	1.0986122886681098	0.6931471805599453	0.0	0.0	0.0	0.0	2.6390573296152584	0.0	0.0	0.0	1.0986122886681098	0.0	0.0	0.0	0.0	0.0	4.356708826689592	0.0	0.0	0.0	0.0	0.0	0.0	0.0	0.0	0.0	2.302585092994046	0.0	0.0	0.0	0.0	0.0	0.0	3.091042453358316	0.0	0.0	0.6931471805599453	0.0	0.0	0.6931471805599453	0.0	0.0	0.0	0.0	0.0	0.0	0.0	0.0	0.0	0.0	0.0	0.0	0.0	0.0	0.0	0.0	0.0	2.3978952727983707	0.0	1.3862943611198906	0.0	0.0	0.0	0.0	0.0	0.0	0.0	0.0	0.0	0.0	0.0	0.0	2.9444389791664403	0.0	0.0	0.0	0.0	0.0	0.0	0.0	0.0	0.0	1.6094379124341003	0.0	0.0	0.0	0.0	0.0	0.0	0.6931471805599453	0.0	0.0	0.0	0.0	0.0	0.0	0.0	0.0	0.0	0.0	0.0	0.0	0.0	0.0	0.0	0.0	0.0	0.0	0.0	0.0	2.4849066497880004	0.0	0.0	0.0	0.0	0.0	0.0
SRR23492524	0.6931471805599453	2.833213344056216	2.995732273553991	0.0	0.0	1.0986122886681098	0.0	6.455198563340122	0.0	2.772588722239781	0.0	0.0	0.0	0.0	3.9512437185814275	0.0	0.0	0.0	0.0	1.3862943611198906	2.4849066497880004	6.932447891572509	0.0	6.810142450115136	2.302585092994046	0.0	0.0	6.815639990074331	2.3978952727983707	0.6931471805599453	0.0	0.0	0.0	0.0	0.6931471805599453	0.0	0.0	0.0	0.0	0.0	0.0	0.0	0.0	0.0	0.0	4.653960350157523	0.6931471805599453	6.811244378601294	0.0	0.0	6.049733455231958	0.0	0.0	0.0	0.0	0.0	0.6931471805599453	0.0	0.0	0.0	1.791759469228055	1.0986122886681098	0.0	0.0	0.0	0.0	3.8066624897703196	0.0	3.258096538021482	2.6390573296152584	1.791759469228055	0.0	1.9459101490553132	0.0	0.0	0.0	0.0	0.0	0.0	0.0	0.0	1.3862943611198906	6.212606095751519	0.0	0.6931471805599453	3.4339872044851463	0.0	0.0	0.0	0.0	0.0	0.0	0.0	0.0	0.0	0.0	0.6931471805599453	0.0	4.477336814478207	0.0	0.0	0.0	0.0	0.0	0.0	1.3862943611198906	0.0	0.0	0.0	0.0	0.0	1.6094379124341003	0.0	0.0	0.0	0.0	0.0	0.0	0.0	0.0	0.0	0.0	0.0	0.0	0.0	0.0	0.0	0.0	0.0	0.0	1.0986122886681098	0.0	3.1780538303479458	0.0	1.3862943611198906	0.0	0.0	0.0	0.0	0.0	0.0	0.6931471805599453	0.0	0.0	3.5263605246161616	0.6931471805599453	0.0	0.0	0.0	0.0	0.0	0.0	0.0	0.0	0.0	2.6390573296152584	0.0	0.0	0.0	2.1972245773362196	0.6931471805599453	5.0369526024136295	0.0	0.0	0.0	0.0	0.0	0.0	0.0	0.0	0.0	0.0	0.0	0.0	0.0	0.0	0.0	0.0	0.0	0.0	0.0	0.0	2.772588722239781	0.0	1.0986122886681098	0.0	0.0	0.0	0.0
SRR23492525	2.6390573296152584	7.671826797878781	0.0	4.430816798843313	0.0	4.553876891600541	0.0	4.919980925828125	1.9459101490553132	0.0	2.1972245773362196	1.0986122886681098	0.6931471805599453	0.0	0.0	2.1972245773362196	0.0	0.0	0.0	0.6931471805599453	0.0	4.248495242049359	1.0986122886681098	0.6931471805599453	0.0	0.0	0.6931471805599453	3.4657359027997265	2.3978952727983707	0.0	5.652489180268651	2.995732273553991	0.0	0.0	0.0	0.0	1.3862943611198906	0.0	0.0	4.969813299576001	7.051855622955894	0.0	0.0	0.0	0.0	0.0	5.236441962829949	6.840546529288687	0.6931471805599453	0.0	3.258096538021482	2.0794415416798357	1.3862943611198906	3.5263605246161616	2.70805020110221	1.0986122886681098	5.44673737166631	0.0	0.0	0.0	0.6931471805599453	3.912023005428146	2.4849066497880004	1.0986122886681098	3.332204510175204	3.8918202981106265	0.0	1.3862943611198906	1.3862943611198906	1.0986122886681098	2.6390573296152584	4.890349128221754	0.0	0.0	0.0	0.0	0.6931471805599453	0.6931471805599453	0.0	0.0	0.0	0.0	0.6931471805599453	1.9459101490553132	2.0794415416798357	2.4849066497880004	0.0	0.0	2.1972245773362196	2.1972245773362196	0.6931471805599453	0.0	0.0	0.0	1.791759469228055	0.0	0.0	0.0	2.8903717578961645	1.3862943611198906	0.0	1.0986122886681098	0.0	0.0	0.0	0.6931471805599453	1.6094379124341003	1.9459101490553132	1.6094379124341003	0.0	3.044522437723423	2.0794415416798357	0.0	0.0	0.0	0.0	0.0	0.0	0.0	0.0	1.0986122886681098	0.0	0.6931471805599453	0.0	0.0	1.3862943611198906	0.0	0.0	0.0	0.0	1.0986122886681098	0.0	0.0	0.0	0.6931471805599453	0.0	0.0	2.3978952727983707	0.6931471805599453	0.0	0.0	0.0	0.0	0.0	0.0	1.6094379124341003	0.6931471805599453	0.0	0.6931471805599453	0.6931471805599453	0.0	0.0	2.1972245773362196	2.3978952727983707	1.791759469228055	1.3862943611198906	1.0986122886681098	0.0	0.0	0.0	2.1972245773362196	1.791759469228055	0.0	0.0	1.3862943611198906	0.6931471805599453	0.0	0.6931471805599453	0.6931471805599453	0.0	1.6094379124341003	0.0	0.0	0.6931471805599453	0.0	0.6931471805599453	0.0	1.3862943611198906	0.0	0.0	0.0	0.6931471805599453	3.1354942159291497	0.0	0.0	0.0	0.6931471805599453	0.0	1.3862943611198906
SRR23492530	0.0	2.5649493574615367	4.882801922586371	0.6931471805599453	0.0	7.164720378771857	0.0	4.8283137373023015	3.367295829986474	0.0	0.0	0.0	0.0	0.0	0.0	0.0	0.0	0.0	0.0	5.717027701406222	2.0794415416798357	2.9444389791664403	0.0	2.0794415416798357	2.4849066497880004	0.0	0.0	0.0	1.0986122886681098	0.0	0.0	0.6931471805599453	0.0	0.0	1.791759469228055	0.0	0.0	0.0	1.6094379124341003	1.0986122886681098	0.0	0.0	0.0	0.0	0.0	2.0794415416798357	0.0	7.656810091480378	0.0	0.6931471805599453	4.07753744390572	0.0	0.0	0.0	0.6931471805599453	0.0	7.407924322559599	0.0	0.0	1.0986122886681098	0.0	1.0986122886681098	0.0	0.0	0.0	0.0	0.0	0.0	2.302585092994046	0.6931471805599453	0.6931471805599453	0.0	0.0	0.0	0.0	0.0	0.0	0.0	1.0986122886681098	0.0	1.9459101490553132	2.772588722239781	0.0	0.0	0.0	1.3862943611198906	0.0	0.0	3.044522437723423	0.0	3.9512437185814275	0.0	1.6094379124341003	0.0	0.0	0.0	0.0	0.0	0.6931471805599453	0.0	0.0	0.0	0.0	0.0	0.0	0.6931471805599453	0.0	0.0	0.6931471805599453	0.0	0.0	0.0	0.0	0.0	0.0	0.0	0.0	0.0	0.0	0.0	0.0	0.0	0.0	0.0	0.0	0.0	0.0	3.970291913552122	0.0	0.0	3.4339872044851463	0.0	0.0	0.0	1.791759469228055	0.0	0.0	2.3978952727983707	0.0	0.0	0.0	0.0	0.0	1.791759469228055	1.3862943611198906	0.0	1.0986122886681098	3.044522437723423	0.0	0.0	0.0	0.0	0.0	0.0	0.0	0.0	0.0	0.0	0.0	0.0	0.0	5.181783550292085	0.0	0.0	0.0	0.0	0.0	0.0	0.0	0.0	0.0	0.0	0.0	0.0	0.0	0.0	0.0	0.0	0.6931471805599453	0.0	0.0	0.0	1.791759469228055	0.0	1.6094379124341003	0.0	0.0	0.0	0.0
SRR23492531	0.0	3.4339872044851463	0.6931471805599453	5.480638923341991	1.0986122886681098	5.537334267018537	0.0	7.231287004327616	3.4657359027997265	0.0	1.3862943611198906	0.0	0.0	0.0	3.58351893845611	1.791759469228055	2.1972245773362196	0.6931471805599453	0.0	0.0	0.0	4.804021044733257	0.0	2.3978952727983707	0.0	1.3862943611198906	4.543294782270004	5.402677381872279	1.3862943611198906	0.0	0.0	2.4849066497880004	2.1972245773362196	0.0	2.8903717578961645	0.0	1.0986122886681098	0.0	0.0	5.424950017481403	0.0	0.0	0.0	0.0	0.0	4.23410650459726	0.0	3.5553480614894135	1.3862943611198906	0.0	5.648974238161206	0.0	0.0	0.0	0.0	1.3862943611198906	3.784189633918261	1.3862943611198906	0.0	0.0	0.0	1.0986122886681098	0.0	2.1972245773362196	0.0	0.0	1.6094379124341003	0.0	5.187385805840755	3.4657359027997265	2.302585092994046	0.0	0.0	0.0	0.0	4.02535169073515	1.9459101490553132	0.0	0.0	0.0	0.6931471805599453	3.2188758248682006	4.343805421853684	0.0	0.6931471805599453	2.70805020110221	0.0	0.0	6.040254711277414	4.07753744390572	0.0	0.0	0.0	0.0	0.0	0.0	1.0986122886681098	0.0	2.5649493574615367	0.0	0.0	4.276666119016055	0.0	1.0986122886681098	2.4849066497880004	1.3862943611198906	1.791759469228055	0.0	0.0	0.0	6.1903154058531475	0.0	1.6094379124341003	0.0	0.0	7.113142108707088	0.0	0.0	0.0	0.0	0.0	0.0	0.0	0.0	0.0	0.0	0.0	0.0	0.0	0.0	0.0	0.0	2.302585092994046	1.791759469228055	1.0986122886681098	0.0	1.3862943611198906	4.465908118654584	0.0	0.0	0.0	0.0	0.6931471805599453	0.0	1.9459101490553132	1.3862943611198906	0.0	2.4849066497880004	0.0	1.3862943611198906	0.0	0.0	0.0	0.0	0.0	2.0794415416798357	0.0	0.0	0.0	0.0	2.5649493574615367	0.0	0.0	0.0	0.0	0.0	0.0	0.0	0.0	0.0	0.0	3.044522437723423	0.0	0.0	0.0	3.044522437723423	1.0986122886681098	0.0	0.0	1.6094379124341003	0.0	0.0	1.0986122886681098	0.0	0.0	0.0	0.0	1.0986122886681098	0.0
SRR23492532	0.0	1.0986122886681098	0.0	1.9459101490553132	0.0	3.258096538021482	0.0	6.656726524178391	5.560681631015528	4.127134385045092	0.0	0.0	0.0	0.0	0.0	3.4657359027997265	0.0	2.772588722239781	0.0	0.6931471805599453	1.3862943611198906	6.452048954437226	0.0	2.6390573296152584	0.0	0.0	0.0	0.0	4.3694478524670215	0.0	0.0	6.037870919922137	0.0	0.0	3.912023005428146	0.0	0.0	0.0	0.0	0.0	0.0	0.0	3.58351893845611	1.3862943611198906	0.0	5.389071729816501	3.4965075614664802	3.258096538021482	3.1780538303479458	0.0	6.70073110954781	3.4657359027997265	0.0	0.0	0.0	0.0	0.0	0.0	0.0	1.0986122886681098	1.6094379124341003	2.3978952727983707	0.0	0.0	0.0	1.9459101490553132	5.123963979403259	0.0	5.796057750765372	3.784189633918261	6.202535517187923	0.0	1.791759469228055	0.0	0.0	1.9459101490553132	0.0	0.0	0.0	0.0	0.0	0.6931471805599453	0.0	0.0	0.0	0.0	0.0	0.0	1.3862943611198906	2.0794415416798357	0.0	0.0	0.0	0.0	0.0	0.0	0.0	0.0	6.70808408385307	0.0	0.0	0.0	0.0	1.791759469228055	0.0	4.736198448394496	0.0	0.0	0.0	0.0	2.70805020110221	1.791759469228055	0.0	0.0	0.0	0.0	0.0	0.0	0.0	0.0	0.0	0.0	1.0986122886681098	0.0	0.0	0.0	0.0	1.791759469228055	3.044522437723423	0.0	0.0	0.0	5.855071922202427	0.0	3.6635616461296463	0.0	0.0	0.0	0.0	0.0	0.0	0.0	0.0	0.0	2.0794415416798357	3.912023005428146	1.3862943611198906	0.0	0.0	0.0	0.0	0.0	0.0	0.0	0.0	3.4339872044851463	0.0	0.0	0.0	2.302585092994046	0.0	2.9444389791664403	0.0	0.0	0.0	0.0	0.0	0.0	0.0	0.0	0.0	0.0	0.0	0.0	0.0	0.0	0.0	0.0	2.6390573296152584	2.4849066497880004	0.0	0.0	0.0	0.0	1.6094379124341003	0.0	0.0	0.0	0.0
SRR23492534	0.0	6.135564891081739	0.0	7.472500744737558	0.0	0.0	0.0	4.23410650459726	0.0	4.709530201312334	0.0	0.0	0.0	0.0	0.6931471805599453	5.2832037287379885	0.0	0.0	0.0	0.0	2.4849066497880004	4.61512051684126	0.0	2.6390573296152584	0.0	0.0	0.0	0.0	6.20455776256869	0.0	0.0	0.0	1.0986122886681098	0.0	3.2188758248682006	0.0	0.6931471805599453	0.0	0.0	0.0	0.0	0.6931471805599453	0.0	0.0	0.0	4.804021044733257	0.0	0.0	0.0	0.0	7.562681246721884	0.0	0.0	0.0	0.0	0.0	0.0	0.0	0.0	0.0	2.0794415416798357	0.0	0.0	0.0	0.0	0.0	0.0	0.0	0.6931471805599453	1.6094379124341003	4.997212273764115	0.0	0.6931471805599453	0.0	0.0	0.0	0.0	0.0	0.0	0.0	0.0	0.0	0.0	0.0	0.0	0.0	0.0	0.0	0.0	0.0	1.3862943611198906	0.0	0.6931471805599453	0.0	0.0	0.0	0.6931471805599453	0.0	5.0369526024136295	0.0	0.0	0.0	0.0	0.0	2.4849066497880004	3.871201010907891	0.0	0.0	2.1972245773362196	0.0	0.0	0.0	0.0	0.0	1.3862943611198906	0.0	0.0	3.7376696182833684	0.0	0.0	0.0	0.0	0.0	0.0	0.0	0.0	0.0	2.0794415416798357	0.0	0.0	0.0	1.0986122886681098	3.4339872044851463	0.0	2.995732273553991	0.0	0.0	5.568344503761097	0.0	2.4849066497880004	0.0	0.0	3.1354942159291497	0.0	5.111987788356544	1.9459101490553132	0.0	0.0	0.0	0.0	0.0	0.0	0.0	0.0	0.0	0.0	0.0	0.0	0.0	0.0	0.0	0.0	0.0	0.0	0.0	0.0	0.0	0.0	0.0	0.0	0.0	0.0	0.0	0.0	0.0	0.0	0.0	0.0	0.0	0.0	0.0	0.0	1.791759469228055	0.0	0.0	0.0	0.0	0.0	0.0
SRR23492545	2.6390573296152584	5.303304908059076	0.0	7.636752112435779	0.0	2.772588722239781	0.0	4.442651256490317	0.0	0.0	2.1972245773362196	0.6931471805599453	0.0	0.0	0.6931471805599453	1.791759469228055	0.0	0.0	0.0	0.0	0.0	2.0794415416798357	2.3978952727983707	1.6094379124341003	0.0	0.0	0.0	3.6109179126442243	0.6931471805599453	0.0	5.342334251964811	0.6931471805599453	0.0	0.0	0.0	0.0	0.0	0.0	0.0	1.3862943611198906	0.0	0.0	0.0	0.0	0.0	0.0	0.6931471805599453	8.051340933292979	0.0	0.0	4.174387269895637	0.0	0.0	0.0	3.044522437723423	0.0	2.302585092994046	0.0	4.23410650459726	0.0	0.0	0.0	0.0	0.6931471805599453	0.0	0.0	0.0	0.0	1.0986122886681098	3.9512437185814275	0.6931471805599453	0.0	0.0	0.0	0.0	0.0	0.0	0.0	0.0	1.0986122886681098	1.0986122886681098	1.0986122886681098	2.4849066497880004	0.0	1.6094379124341003	0.0	0.0	0.0	3.1780538303479458	1.6094379124341003	1.3862943611198906	0.0	1.6094379124341003	0.0	0.0	0.0	0.0	0.0	2.3978952727983707	1.6094379124341003	1.3862943611198906	2.5649493574615367	0.0	0.0	0.0	0.0	0.6931471805599453	0.0	0.0	2.4849066497880004	2.0794415416798357	0.0	1.6094379124341003	0.0	0.0	0.0	0.0	0.0	0.0	0.0	0.0	0.0	0.0	0.0	0.6931471805599453	0.0	0.0	0.0	0.0	0.0	0.0	0.0	0.0	0.0	1.3862943611198906	0.0	3.295836866004329	3.332204510175204	0.0	0.0	0.0	0.0	0.0	1.0986122886681098	0.6931471805599453	0.0	0.0	0.0	0.0	1.3862943611198906	0.0	0.0	0.0	0.0	0.0	0.0	0.6931471805599453	0.0	0.0	0.0	2.1972245773362196	1.3862943611198906	0.0	0.0	0.0	0.0	0.0	3.091042453358316	0.0	0.0	0.0	0.0	0.0	0.0	0.0	0.0	0.0	0.0	0.0	1.0986122886681098	0.0	0.0	1.0986122886681098	0.0	1.3862943611198906	0.6931471805599453	0.0	0.0	0.0
SRR23492546	0.0	3.4965075614664802	1.791759469228055	0.6931471805599453	0.0	4.624972813284271	0.0	5.6240175061873385	1.9459101490553132	0.0	4.143134726391533	2.1972245773362196	0.0	0.0	0.0	1.6094379124341003	0.0	1.0986122886681098	0.0	1.3862943611198906	1.6094379124341003	4.248495242049359	0.6931471805599453	3.9318256327243257	0.6931471805599453	0.0	0.0	4.59511985013459	0.6931471805599453	0.0	6.396929655216146	4.584967478670572	0.0	0.0	5.318119993844216	0.0	0.0	0.0	0.0	2.833213344056216	0.0	0.0	0.0	0.0	0.0	2.9444389791664403	1.791759469228055	7.8961806086154915	1.9459101490553132	3.044522437723423	5.966146739123692	0.0	0.0	4.532599493153256	0.0	2.302585092994046	4.624972813284271	0.0	0.0	0.0	0.0	0.0	1.0986122886681098	1.6094379124341003	0.0	0.0	0.0	0.0	4.060443010546419	3.4011973816621555	1.3862943611198906	0.0	0.0	1.0986122886681098	0.0	0.0	0.0	0.0	0.6931471805599453	0.0	0.0	1.0986122886681098	0.0	0.0	1.6094379124341003	4.727387818712341	0.0	0.0	5.66988092298052	2.772588722239781	1.791759469228055	0.0	2.4849066497880004	0.0	0.0	0.0	0.0	0.0	2.3978952727983707	0.0	0.0	0.0	0.0	0.0	3.9512437185814275	2.772588722239781	2.9444389791664403	0.0	0.0	2.995732273553991	4.700480365792417	1.0986122886681098	3.713572066704308	0.0	0.0	5.313205979041787	0.0	0.0	0.0	0.0	0.0	2.302585092994046	0.0	0.0	0.0	0.0	0.0	0.0	0.0	0.0	0.0	0.0	3.091042453358316	0.0	0.0	0.0	0.0	3.713572066704308	0.0	0.0	3.4011973816621555	0.0	0.0	0.0	1.6094379124341003	0.0	0.0	0.0	0.0	1.6094379124341003	0.0	0.0	0.0	0.0	2.1972245773362196	1.6094379124341003	0.0	0.0	2.4849066497880004	0.0	0.0	4.812184355372417	0.0	0.0	0.0	0.0	0.6931471805599453	0.0	0.0	0.0	0.0	0.0	0.0	0.0	0.0	0.0	1.6094379124341003	0.0	0.0	0.0	0.0	0.0	2.0794415416798357	0.0	0.0	0.0	0.0	0.0	0.0
SRR23492547	0.0	4.0943445622221	0.0	0.0	0.0	6.684611727667927	0.0	7.653020413804189	0.6931471805599453	5.860786223465865	0.0	0.0	0.0	0.0	0.0	1.791759469228055	1.0986122886681098	1.3862943611198906	0.6931471805599453	0.0	0.0	3.295836866004329	0.0	1.0986122886681098	1.0986122886681098	0.0	0.0	0.0	0.0	0.0	0.0	5.303304908059076	0.0	0.0	0.0	0.0	0.6931471805599453	0.0	0.0	0.0	0.0	0.0	0.0	0.0	0.0	7.188412736496954	0.0	5.908082938168931	0.6931471805599453	0.0	5.846438775057725	0.0	0.0	0.0	0.0	0.0	1.6094379124341003	0.0	0.0	0.0	0.0	0.6931471805599453	0.0	0.0	0.0	0.0	5.181783550292085	0.0	4.663439094112067	0.0	0.0	2.3978952727983707	1.791759469228055	0.0	0.0	0.0	0.0	0.0	0.0	0.0	0.0	0.0	0.0	0.0	0.0	0.0	0.0	0.0	0.0	0.0	0.0	0.0	0.0	0.0	0.0	2.302585092994046	0.0	0.0	1.0986122886681098	0.0	0.0	0.0	0.0	0.0	0.0	3.044522437723423	0.0	0.0	4.2626798770413155	0.0	0.0	0.0	0.0	0.0	0.6931471805599453	0.0	0.0	0.0	0.0	1.0986122886681098	0.0	0.0	0.0	0.0	0.0	0.0	0.0	0.0	0.0	1.0986122886681098	0.0	1.6094379124341003	4.969813299576001	0.0	0.0	0.0	0.0	0.0	0.0	0.0	0.0	0.0	0.0	0.0	1.791759469228055	0.0	0.0	0.0	0.0	0.0	0.0	0.0	0.0	0.0	0.0	0.0	0.0	0.0	0.0	0.0	0.0	0.0	0.0	0.0	0.0	0.0	0.0	0.0	0.0	0.0	0.0	0.0	0.0	0.0	0.0	0.0	0.0	0.0	0.0	0.0	0.0	0.0	3.1780538303479458	0.0	0.0	0.0	0.0	0.0	0.0
SRR23492549	1.0986122886681098	5.953243334287785	0.0	0.0	0.0	2.5649493574615367	0.0	3.4965075614664802	3.1354942159291497	5.926926025970411	0.0	0.0	0.0	0.0	0.0	2.9444389791664403	1.6094379124341003	5.786897381366708	0.0	1.9459101490553132	3.4011973816621555	5.3471075307174685	0.0	4.804021044733257	0.0	0.0	0.0	0.0	0.0	0.0	0.0	0.0	0.0	0.0	4.59511985013459	0.0	1.3862943611198906	0.0	0.0	0.0	0.0	0.0	1.0986122886681098	0.0	0.0	0.0	0.0	0.0	0.0	0.0	6.131226489483141	0.0	0.0	0.0	0.0	0.0	0.0	0.0	0.0	0.0	1.9459101490553132	3.367295829986474	2.70805020110221	0.0	0.0	0.0	0.0	0.0	2.1972245773362196	0.0	1.9459101490553132	0.0	2.1972245773362196	0.0	0.0	0.0	0.0	0.0	0.6931471805599453	0.6931471805599453	2.3978952727983707	0.0	0.0	1.791759469228055	0.0	0.0	0.0	0.0	0.0	0.0	0.6931471805599453	0.0	3.332204510175204	0.0	0.0	0.0	0.0	0.0	4.04305126783455	0.0	0.0	0.0	0.0	0.0	0.0	1.3862943611198906	0.0	0.0	5.937536205082426	3.784189633918261	0.0	0.0	0.0	0.0	2.995732273553991	0.0	3.044522437723423	0.0	0.0	0.0	0.0	0.0	0.0	0.0	0.0	0.0	0.0	0.0	0.0	0.0	0.0	0.0	0.0	0.0	0.0	0.0	0.0	0.0	0.0	3.5553480614894135	0.0	1.791759469228055	0.0	0.0	5.575949103146316	0.0	0.0	0.0	0.0	0.0	0.0	0.0	0.0	0.0	0.0	0.0	0.0	0.0	0.0	0.0	0.0	7.115582126184454	4.465908118654584	0.0	0.0	0.0	0.0	0.0	0.0	0.0	0.0	0.0	0.0	0.0	0.0	0.0	0.0	0.0	0.0	0.0	0.0	0.0	1.3862943611198906	3.784189633918261	0.0	0.0	0.0	0.0	0.0
SRR23492550	4.762173934797756	5.54907608489522	0.0	6.863803391452954	0.0	3.5263605246161616	0.0	6.198478716492308	2.4849066497880004	0.0	2.995732273553991	0.0	0.0	0.0	0.0	2.0794415416798357	0.0	0.0	0.0	5.568344503761097	1.3862943611198906	4.465908118654584	0.0	0.6931471805599453	0.0	0.0	0.0	6.456769655572163	4.31748811353631	3.367295829986474	2.6390573296152584	1.3862943611198906	0.0	0.0	2.5649493574615367	0.0	1.0986122886681098	0.0	1.0986122886681098	2.4849066497880004	5.572154032177765	0.0	0.6931471805599453	0.0	0.0	3.332204510175204	2.833213344056216	4.672828834461906	1.791759469228055	0.0	5.267858159063328	3.2188758248682006	0.0	1.6094379124341003	0.6931471805599453	1.6094379124341003	3.8066624897703196	0.0	0.0	0.0	2.0794415416798357	4.836281906951478	2.302585092994046	2.8903717578961645	1.6094379124341003	0.0	0.0	0.0	0.6931471805599453	0.6931471805599453	5.241747015059643	0.6931471805599453	1.0986122886681098	0.0	0.0	0.0	1.0986122886681098	0.6931471805599453	0.0	0.0	0.6931471805599453	0.0	4.143134726391533	0.0	0.6931471805599453	1.6094379124341003	0.6931471805599453	0.6931471805599453	5.840641657373398	4.736198448394496	0.0	0.0	1.3862943611198906	0.0	0.0	0.6931471805599453	0.0	0.0	5.049856007249537	4.174387269895637	1.3862943611198906	5.641907070938114	0.0	1.791759469228055	4.204692619390966	6.102558594613569	1.0986122886681098	2.9444389791664403	0.0	0.0	1.3862943611198906	2.1972245773362196	4.499809670330265	0.0	0.0	0.0	0.0	0.0	1.0986122886681098	0.0	0.0	0.0	0.0	4.663439094112067	4.454347296253507	1.0986122886681098	0.0	0.0	1.9459101490553132	0.0	0.0	0.0	0.0	3.6888794541139363	1.0986122886681098	0.6931471805599453	2.9444389791664403	2.70805020110221	0.0	0.0	0.6931471805599453	0.0	1.0986122886681098	0.0	2.1972245773362196	0.6931471805599453	3.871201010907891	0.0	0.6931471805599453	0.0	0.0	0.0	0.0	1.3862943611198906	0.6931471805599453	3.295836866004329	0.0	0.0	0.0	0.6931471805599453	2.4849066497880004	0.0	0.0	0.0	0.0	1.3862943611198906	0.0	2.5649493574615367	3.7376696182833684	0.0	0.0	1.3862943611198906	0.0	0.0	0.0	2.1972245773362196	0.0	0.0	1.9459101490553132	1.3862943611198906	0.0	0.0	2.3978952727983707	1.3862943611198906	1.6094379124341003	0.0	0.0	0.0	0.6931471805599453
SRR23492551	0.0	4.356708826689592	0.0	4.110873864173311	0.0	3.784189633918261	0.0	7.636752112435779	0.0	0.0	3.1780538303479458	0.0	0.0	0.0	2.772588722239781	2.772588722239781	0.6931471805599453	0.0	0.0	0.0	0.0	2.1972245773362196	0.0	0.0	0.0	0.0	0.0	7.157735484249907	2.302585092994046	0.0	0.0	1.3862943611198906	0.0	0.6931471805599453	0.0	0.0	0.6931471805599453	0.6931471805599453	0.0	2.1972245773362196	5.267858159063328	0.0	0.0	0.0	0.0	2.6390573296152584	0.0	6.410174881966167	0.0	0.0	5.176149732573829	0.0	0.0	0.0	0.0	0.0	2.8903717578961645	0.0	5.501258210544727	0.0	0.0	2.1972245773362196	0.6931471805599453	0.0	0.0	0.0	0.0	0.0	2.9444389791664403	4.418840607796598	0.0	0.0	0.6931471805599453	0.0	0.0	0.0	0.0	0.0	0.0	0.0	3.784189633918261	2.833213344056216	1.3862943611198906	0.0	2.302585092994046	2.4849066497880004	0.0	0.0	6.238324625039508	4.927253685157205	0.0	0.0	0.0	0.0	0.0	0.0	0.0	0.0	4.04305126783455	0.0	0.0	2.70805020110221	0.0	0.0	0.0	1.791759469228055	1.3862943611198906	0.0	2.1972245773362196	2.1972245773362196	1.3862943611198906	3.6635616461296463	0.0	0.0	0.0	0.0	0.0	2.1972245773362196	0.0	0.0	0.0	0.0	0.0	0.0	0.0	0.0	0.0	0.0	0.0	1.0986122886681098	0.0	0.0	0.0	0.0	4.007333185232471	0.0	0.0	2.4849066497880004	0.0	0.0	0.0	0.0	0.0	0.0	0.0	0.0	1.9459101490553132	1.791759469228055	0.0	1.6094379124341003	0.0	0.0	0.0	0.0	0.0	2.70805020110221	0.0	0.0	0.0	0.6931471805599453	3.6888794541139363	0.0	0.0	0.0	0.0	0.0	0.6931471805599453	0.0	0.0	0.0	0.0	0.6931471805599453	0.0	0.0	0.0	0.0	0.6931471805599453	2.0794415416798357	1.0986122886681098	3.4657359027997265	1.3862943611198906	0.0	3.4339872044851463	1.0986122886681098	0.6931471805599453	1.6094379124341003	0.0	0.0	0.0
SRR23492553	0.0	2.8903717578961645	0.0	0.0	0.0	2.302585092994046	0.0	6.779921907472252	0.0	5.58724865840025	1.6094379124341003	0.0	0.0	0.0	1.9459101490553132	2.70805020110221	0.0	1.6094379124341003	0.0	2.1972245773362196	4.962844630259907	5.075173815233827	0.0	1.0986122886681098	0.0	0.0	0.0	5.3981627015177525	3.091042453358316	0.0	1.6094379124341003	0.0	0.0	0.0	4.812184355372417	0.0	1.0986122886681098	0.0	0.0	0.6931471805599453	6.6895992691789665	1.6094379124341003	1.3862943611198906	0.0	0.0	0.0	1.791759469228055	6.113682179832232	0.6931471805599453	0.0	6.408528791059498	0.0	0.0	0.0	0.0	0.0	2.3978952727983707	0.0	0.0	0.0	1.9459101490553132	0.0	0.0	0.0	0.0	0.0	2.1972245773362196	0.0	5.771441123130016	3.044522437723423	2.1972245773362196	0.0	1.791759469228055	3.367295829986474	0.0	0.0	0.0	0.0	0.0	0.0	0.0	2.3978952727983707	0.0	0.0	0.0	3.6635616461296463	0.0	0.0	3.258096538021482	1.0986122886681098	1.9459101490553132	0.0	0.0	0.0	0.0	0.0	0.0	0.0	4.68213122712422	0.0	0.0	0.0	0.0	2.4849066497880004	2.5649493574615367	3.4011973816621555	0.0	0.0	2.70805020110221	0.0	5.726847747587197	2.995732273553991	0.0	0.0	0.0	0.0	0.0	0.0	0.0	0.0	0.0	0.0	0.0	0.0	0.0	0.0	0.0	0.0	0.0	0.0	1.3862943611198906	0.0	3.5263605246161616	0.0	4.700480365792417	0.0	3.784189633918261	6.875232087276577	0.0	0.0	5.3471075307174685	1.0986122886681098	0.0	0.0	1.6094379124341003	2.995732273553991	0.0	0.0	0.0	0.0	0.0	0.0	0.0	0.0	0.0	0.0	0.0	0.0	0.0	0.6931471805599453	4.1588830833596715	0.6931471805599453	0.0	0.0	0.0	0.0	0.0	1.3862943611198906	1.0986122886681098	0.0	0.0	0.0	0.0	0.0	0.0	0.0	0.0	0.0	1.6094379124341003	0.0	0.0	0.0	2.3978952727983707	0.0	2.3978952727983707	0.0	0.0	0.0	0.0
SRR23492554	0.0	4.867534450455582	0.0	1.0986122886681098	0.0	6.643789733147672	0.0	7.170888478512505	0.0	0.0	0.0	0.0	0.0	0.0	0.0	2.6390573296152584	0.0	3.713572066704308	0.0	0.0	0.6931471805599453	4.127134385045092	0.0	0.6931471805599453	0.0	0.0	0.0	2.995732273553991	0.0	0.0	0.0	0.0	0.0	1.0986122886681098	3.091042453358316	0.0	1.3862943611198906	0.0	0.0	5.730099782973574	0.0	0.0	0.0	0.0	0.6931471805599453	3.5553480614894135	0.6931471805599453	5.19295685089021	3.912023005428146	5.19295685089021	5.488937726156687	0.0	0.0	0.0	3.5263605246161616	3.2188758248682006	3.1354942159291497	0.0	4.852030263919617	0.0	2.1972245773362196	1.6094379124341003	6.51471269087253	0.0	0.0	0.0	3.6109179126442243	0.0	3.091042453358316	0.0	0.0	0.0	2.4849066497880004	0.0	0.0	0.0	0.0	1.791759469228055	0.0	2.4849066497880004	0.0	1.791759469228055	0.0	0.0	0.0	0.0	0.0	0.0	3.367295829986474	4.852030263919617	4.418840607796598	1.6094379124341003	4.844187086458591	0.0	3.7612001156935624	0.0	0.0	0.0	1.0986122886681098	5.0369526024136295	0.0	5.10594547390058	0.0	2.1972245773362196	2.302585092994046	4.007333185232471	4.532599493153256	0.0	4.343805421853684	0.0	4.30406509320417	0.0	0.0	4.955827057601261	0.0	0.0	0.0	0.0	0.0	0.0	0.0	0.0	0.0	0.0	0.0	2.833213344056216	0.0	0.0	0.0	1.9459101490553132	3.367295829986474	1.791759469228055	2.5649493574615367	0.0	0.0	0.0	0.0	4.574710978503383	0.0	3.784189633918261	0.0	0.0	0.0	2.70805020110221	3.6109179126442243	0.0	0.0	1.3862943611198906	3.713572066704308	0.0	0.0	0.0	0.0	0.0	1.3862943611198906	0.0	4.584967478670572	0.0	0.0	0.0	0.0	0.6931471805599453	0.0	0.0	0.0	0.0	0.0	2.995732273553991	0.0	0.0	0.0	1.9459101490553132	0.0	0.0	0.0	2.1972245773362196	0.0	2.995732273553991	1.6094379124341003	1.0986122886681098	3.295836866004329	0.0	0.6931471805599453	2.0794415416798357	0.0	0.0	0.0	0.0	2.5649493574615367
SRR23492555	1.3862943611198906	4.882801922586371	1.3862943611198906	0.0	0.0	0.0	2.5649493574615367	8.380456667842767	3.7376696182833684	0.0	0.0	0.0	0.0	0.0	0.0	0.0	1.3862943611198906	0.0	0.0	1.0986122886681098	0.6931471805599453	7.187657164114956	0.0	0.0	0.0	0.0	0.6931471805599453	0.0	0.0	0.0	0.0	2.6390573296152584	0.0	0.0	0.0	0.0	0.0	0.0	0.0	0.0	0.0	0.0	0.0	0.0	0.0	0.0	0.0	2.302585092994046	0.0	0.0	2.5649493574615367	0.0	0.0	0.0	0.0	0.0	1.6094379124341003	0.0	0.0	0.0	1.3862943611198906	0.0	0.0	0.0	0.0	0.0	0.0	0.0	0.0	0.0	0.0	0.0	1.6094379124341003	0.0	0.0	1.0986122886681098	0.0	0.0	0.0	0.0	0.0	0.0	0.0	0.0	0.0	2.302585092994046	0.0	0.0	2.1972245773362196	0.0	3.4011973816621555	1.0986122886681098	0.0	0.0	0.0	0.0	0.0	1.6094379124341003	0.0	0.0	0.0	0.0	0.0	0.0	0.0	0.6931471805599453	0.0	0.0	0.0	0.0	0.0	0.0	0.0	0.0	0.0	0.0	0.0	0.0	0.0	0.0	0.0	0.0	0.0	0.0	0.0	0.0	0.0	0.0	0.0	0.0	0.0	0.0	0.0	0.0	0.0	0.0	0.0	0.0	0.0	0.0	0.0	0.0	0.0	0.0	0.0	0.0	0.0	0.0	0.0	0.0	0.0	0.0	0.0	0.0	0.0	0.0	0.0	0.0	0.0	0.0	0.0	5.517452896464707	0.0	3.258096538021482	0.0	0.0	0.0	0.0	0.0	0.0	0.0	0.0	0.0	0.0	0.0	0.0	0.0	0.0	0.0	0.0	0.0	0.0	0.0	0.0	0.0	0.0	0.0	0.0	0.0
SRR23492556	0.6931471805599453	3.7376696182833684	0.0	1.791759469228055	2.5649493574615367	2.5649493574615367	0.0	5.648974238161206	7.042286171939743	0.0	0.0	0.0	0.0	0.0	0.0	2.5649493574615367	0.0	2.4849066497880004	0.0	0.6931471805599453	1.6094379124341003	3.7376696182833684	0.0	6.251903883165888	0.0	0.0	4.927253685157205	1.0986122886681098	3.332204510175204	0.0	1.791759469228055	1.0986122886681098	1.3862943611198906	0.0	4.2626798770413155	0.0	0.0	0.0	0.0	2.1972245773362196	0.0	0.0	3.6888794541139363	0.0	0.0	0.0	3.1780538303479458	3.091042453358316	0.0	0.0	0.6931471805599453	0.6931471805599453	0.0	0.0	2.3978952727983707	0.0	3.6109179126442243	0.0	1.6094379124341003	0.0	2.70805020110221	0.0	0.6931471805599453	0.0	0.0	0.0	0.0	0.6931471805599453	0.6931471805599453	0.0	7.155396301896734	0.0	3.2188758248682006	1.0986122886681098	0.0	0.0	0.0	0.0	1.0986122886681098	0.6931471805599453	0.0	1.0986122886681098	0.0	0.0	0.0	0.0	0.0	0.0	0.0	0.0	0.0	1.0986122886681098	0.0	0.0	0.0	0.0	0.0	0.0	4.02535169073515	0.6931471805599453	0.0	0.0	0.0	0.0	3.6375861597263857	1.6094379124341003	0.0	0.0	0.0	0.0	3.091042453358316	1.3862943611198906	0.0	0.0	0.0	0.0	0.0	0.0	0.0	0.0	0.0	0.0	0.0	0.0	0.0	0.0	0.0	0.0	5.37989735354046	0.0	0.0	0.0	2.302585092994046	0.0	0.0	0.0	0.0	0.6931471805599453	0.0	0.0	0.0	0.0	0.0	0.0	0.0	1.3862943611198906	0.0	0.0	0.0	0.0	0.0	0.0	0.0	0.0	0.0	0.0	1.3862943611198906	0.0	0.0	0.0	0.0	0.0	0.0	0.0	0.0	0.0	0.0	1.3862943611198906	0.6931471805599453	0.0	0.0	0.0	0.0	0.0	0.0	0.0	0.0	0.0	0.6931471805599453	0.0	0.0	0.0	0.6931471805599453	0.0	0.0	0.0	0.0	0.0	0.0
SRR23492560	1.6094379124341003	0.0	0.0	0.0	0.0	0.0	0.0	1.6094379124341003	2.5649493574615367	0.0	0.0	0.0	0.0	0.0	0.0	3.332204510175204	0.0	3.1354942159291497	0.0	1.0986122886681098	6.091309882077698	5.135798437050262	0.0	6.484635235635252	0.0	0.0	3.6888794541139363	0.6931471805599453	1.0986122886681098	0.0	1.3862943611198906	0.0	0.0	0.0	4.465908118654584	0.0	1.0986122886681098	0.0	0.0	0.0	0.0	0.0	1.0986122886681098	0.0	0.0	0.0	0.0	1.6094379124341003	0.0	0.0	3.6375861597263857	0.0	0.0	0.0	0.0	0.0	0.0	0.0	0.0	0.0	0.0	1.6094379124341003	0.0	0.0	0.0	0.0	0.0	0.0	0.0	0.0	1.791759469228055	0.0	0.0	0.0	0.0	0.0	0.0	0.0	0.0	0.0	0.0	0.0	0.0	0.0	0.0	0.0	0.0	0.0	3.295836866004329	1.0986122886681098	0.0	0.0	0.0	0.0	1.0986122886681098	0.0	0.0	0.0	4.04305126783455	0.0	0.0	0.0	0.0	0.0	0.0	0.0	0.0	0.0	4.276666119016055	0.0	0.0	4.553876891600541	0.0	2.0794415416798357	1.6094379124341003	0.0	3.1780538303479458	0.0	0.0	0.0	0.0	0.0	0.0	0.0	0.0	0.0	0.0	2.5649493574615367	4.430816798843313	0.6931471805599453	0.0	3.367295829986474	0.0	0.0	1.6094379124341003	0.0	0.0	0.0	0.0	2.70805020110221	0.0	0.0	0.0	7.959625305098115	4.990432586778736	0.0	0.0	0.0	0.0	0.0	0.0	0.0	0.0	0.0	0.0	0.0	0.0	0.0	0.0	0.0	0.0	5.66988092298052	5.552959584921617	0.0	0.0	0.0	0.0	0.0	0.0	0.0	0.0	0.0	0.0	0.0	0.0	0.0	0.0	0.0	0.0	0.0	0.0	0.0	1.6094379124341003	0.0	0.0	0.0	0.0	0.0	0.0
SRR29856071	0.0	5.424950017481403	0.0	0.0	0.0	8.152774052744075	0.0	1.791759469228055	1.9459101490553132	1.0986122886681098	1.0986122886681098	0.0	0.0	0.0	0.0	2.833213344056216	0.0	1.3862943611198906	0.0	0.0	0.0	4.219507705176107	0.6931471805599453	3.8501476017100584	0.0	0.0	0.0	0.0	1.9459101490553132	0.0	0.0	0.0	0.6931471805599453	0.0	1.6094379124341003	0.0	0.0	0.0	0.0	0.0	0.0	0.0	0.0	0.0	0.0	1.6094379124341003	7.563719668414366	0.0	0.0	0.0	2.9444389791664403	0.0	0.0	0.0	0.0	0.0	4.51085950651685	0.0	0.0	0.0	1.6094379124341003	1.3862943611198906	0.0	0.0	0.0	0.0	0.6931471805599453	0.0	1.0986122886681098	1.791759469228055	0.0	0.0	0.6931471805599453	0.0	0.0	0.0	0.0	0.0	0.0	2.3978952727983707	0.6931471805599453	3.295836866004329	0.0	0.0	0.0	0.0	0.0	0.0	0.0	2.1972245773362196	0.0	0.0	0.0	0.0	0.0	0.0	0.0	0.0	0.6931471805599453	0.0	0.0	0.0	0.0	0.0	0.6931471805599453	2.4849066497880004	0.0	0.0	3.784189633918261	0.0	0.0	3.970291913552122	0.0	0.0	0.6931471805599453	0.0	0.0	0.0	0.0	0.0	0.0	0.0	0.0	0.0	0.0	0.0	0.0	1.0986122886681098	0.0	1.6094379124341003	0.0	0.0	0.0	0.0	3.2188758248682006	0.0	1.0986122886681098	1.0986122886681098	0.0	2.1972245773362196	0.0	0.0	0.0	0.0	4.875197323201151	0.0	0.0	0.0	0.0	0.0	0.0	0.0	0.0	0.0	0.0	0.6931471805599453	0.0	0.0	0.0	0.0	1.0986122886681098	1.3862943611198906	1.0986122886681098	0.0	0.0	0.0	0.0	0.0	0.0	0.0	0.0	0.0	0.0	0.0	0.0	0.0	0.0	0.0	0.0	0.0	0.0	0.0	0.0	0.0	0.0	0.0	0.0	0.0	2.3978952727983707
SRR29856073	0.0	8.101374671228582	0.0	0.6931471805599453	0.0	0.6931471805599453	3.5553480614894135	5.313205979041787	0.0	0.0	0.0	0.0	0.0	0.0	0.0	1.0986122886681098	0.0	2.833213344056216	0.0	1.0986122886681098	2.995732273553991	3.8501476017100584	0.0	5.3230099791384085	0.0	0.0	0.0	0.0	0.0	0.0	6.148468295917647	4.820281565605037	0.0	0.0	3.58351893845611	0.0	0.0	0.0	0.0	0.0	0.0	0.0	0.0	0.0	0.0	2.4849066497880004	1.0986122886681098	5.71042701737487	0.0	2.302585092994046	3.871201010907891	0.0	0.0	0.0	0.0	0.0	2.4849066497880004	0.0	0.0	0.0	0.0	0.0	0.0	0.6931471805599453	0.0	0.0	0.0	0.0	6.373319789577012	0.0	3.044522437723423	0.0	0.0	0.0	0.0	0.0	0.0	0.0	0.0	0.0	0.0	0.0	0.0	0.0	0.0	0.0	0.0	0.0	1.0986122886681098	1.0986122886681098	3.1354942159291497	0.0	2.4849066497880004	0.0	0.0	0.0	0.0	2.0794415416798357	1.9459101490553132	0.0	0.0	0.0	0.0	0.6931471805599453	0.0	4.3694478524670215	0.0	0.0	0.0	3.332204510175204	0.0	2.5649493574615367	0.0	0.0	0.0	0.0	0.0	0.0	0.0	0.0	0.0	0.0	0.0	0.0	0.0	0.0	0.0	0.0	0.0	0.0	0.0	0.0	0.0	0.0	0.0	0.0	0.0	2.0794415416798357	0.0	0.6931471805599453	0.0	0.0	0.0	1.6094379124341003	4.007333185232471	1.3862943611198906	0.0	0.0	0.0	0.0	0.0	0.0	0.0	0.0	3.332204510175204	0.0	0.0	0.0	0.6931471805599453	1.3862943611198906	5.733341276897746	5.332718793265369	0.0	2.0794415416798357	0.0	0.0	0.0	0.0	0.0	0.0	0.0	0.0	0.0	0.0	0.0	0.0	0.0	0.0	0.0	0.0	0.0	0.0	1.791759469228055	0.0	0.0	0.0	0.0	0.0	0.0
SRR29856074	0.0	4.983606621708336	1.791759469228055	3.4657359027997265	0.0	6.09807428216624	0.0	7.362010551259734	2.8903717578961645	0.0	1.6094379124341003	0.0	0.0	0.0	0.0	0.0	0.0	0.0	0.0	2.70805020110221	0.0	5.262690188904886	0.0	0.0	0.0	0.0	4.219507705176107	2.772588722239781	0.6931471805599453	0.0	0.0	0.6931471805599453	0.6931471805599453	0.0	0.0	0.0	0.0	0.0	0.6931471805599453	3.58351893845611	0.0	0.0	0.0	0.0	0.0	0.0	0.6931471805599453	5.768320995793772	0.0	0.0	3.912023005428146	5.267858159063328	1.3862943611198906	0.0	3.912023005428146	3.258096538021482	7.592870287844818	1.0986122886681098	0.0	0.0	0.0	4.356708826689592	5.929589143389895	2.9444389791664403	2.70805020110221	0.0	0.0	3.4011973816621555	0.0	1.3862943611198906	0.0	3.367295829986474	0.0	0.0	0.0	0.0	0.0	0.0	0.0	0.0	0.0	2.8903717578961645	2.0794415416798357	2.70805020110221	2.8903717578961645	1.0986122886681098	0.0	0.0	1.6094379124341003	0.0	0.0	0.0	0.0	0.0	0.0	0.0	0.0	0.0	1.0986122886681098	0.0	1.0986122886681098	1.6094379124341003	0.0	0.0	0.0	0.0	1.0986122886681098	3.7612001156935624	0.0	4.820281565605037	0.0	0.0	1.6094379124341003	0.0	0.0	0.0	0.0	0.0	0.0	0.0	0.6931471805599453	0.0	0.0	0.0	0.0	1.3862943611198906	0.0	0.0	0.0	4.060443010546419	0.0	0.0	0.0	0.0	0.0	0.0	1.3862943611198906	1.3862943611198906	0.0	0.0	0.0	0.0	0.0	0.0	0.0	0.0	2.0794415416798357	0.0	0.0	0.6931471805599453	0.0	0.0	0.0	0.0	2.70805020110221	0.0	0.0	0.0	0.0	0.0	0.0	2.995732273553991	0.0	0.0	1.0986122886681098	1.6094379124341003	0.0	3.044522437723423	3.091042453358316	0.6931471805599453	0.0	0.0	0.0	0.0	0.0	2.5649493574615367	0.0	0.0	0.0	0.0	2.5649493574615367	1.6094379124341003	1.3862943611198906	0.0	1.6094379124341003	0.0	0.0	0.0	0.0
SRR29856077	3.295836866004329	6.8690144506657065	0.0	5.655991810819852	0.0	5.802118375377063	0.0	5.4638318050256105	0.0	2.1972245773362196	1.3862943611198906	0.0	0.0	0.0	0.0	1.3862943611198906	0.0	1.0986122886681098	0.0	3.044522437723423	0.0	2.4849066497880004	0.6931471805599453	2.772588722239781	0.0	0.0	0.0	4.867534450455582	0.0	0.0	5.82600010738045	1.6094379124341003	0.0	1.0986122886681098	2.0794415416798357	0.0	0.0	0.0	0.0	1.3862943611198906	0.0	0.0	0.0	0.0	0.0	0.6931471805599453	0.0	7.109062135687172	0.0	2.1972245773362196	3.6888794541139363	0.0	0.0	0.0	0.6931471805599453	0.0	6.349138991379798	0.0	0.0	0.0	0.6931471805599453	0.0	1.9459101490553132	2.3978952727983707	0.0	0.0	0.0	0.0	1.3862943611198906	4.919980925828125	0.0	0.6931471805599453	0.6931471805599453	0.0	0.0	0.0	1.0986122886681098	0.0	0.0	0.0	1.791759469228055	0.0	4.997212273764115	2.833213344056216	1.791759469228055	0.6931471805599453	0.0	0.0	4.969813299576001	1.6094379124341003	1.3862943611198906	0.0	0.0	0.0	0.0	0.0	0.0	0.0	3.332204510175204	4.6913478822291435	0.0	1.9459101490553132	0.0	0.0	0.0	0.0	2.302585092994046	0.0	3.4965075614664802	4.394449154672439	4.718498871295094	0.0	3.912023005428146	0.0	0.0	0.0	0.0	0.0	0.0	0.0	0.0	1.0986122886681098	0.0	0.0	0.0	0.0	0.0	3.58351893845611	0.0	0.6931471805599453	0.0	0.0	1.3862943611198906	0.0	1.3862943611198906	0.0	0.0	3.9889840465642745	0.0	0.0	0.0	0.0	0.0	0.0	0.6931471805599453	0.0	0.0	1.9459101490553132	0.0	5.420534999272286	2.0794415416798357	0.0	0.0	0.0	1.791759469228055	0.0	0.0	0.0	0.0	0.0	3.044522437723423	2.302585092994046	0.0	0.0	1.0986122886681098	0.0	0.0	0.0	1.0986122886681098	0.0	0.0	0.0	0.0	0.0	0.0	3.2188758248682006	0.0	0.6931471805599453	0.0	0.0	6.5722825426940075	0.0	2.772588722239781	0.0	0.0	0.0	0.0	2.302585092994046	0.0
SRR29856079	0.0	5.937536205082426	0.0	2.1972245773362196	0.0	5.37989735354046	0.0	2.302585092994046	0.0	0.0	0.0	0.0	0.0	0.0	0.0	0.0	3.7376696182833684	3.044522437723423	0.0	2.302585092994046	1.9459101490553132	6.690842277418564	0.0	0.0	2.0794415416798357	0.0	0.0	6.3080984415095305	2.1972245773362196	0.0	0.0	0.0	0.0	0.0	4.48863636973214	0.0	0.0	0.0	0.0	3.784189633918261	0.0	4.882801922586371	0.0	0.0	0.0	4.68213122712422	0.0	0.0	0.0	0.0	6.716594773520978	0.0	0.0	0.0	0.0	0.0	0.0	0.0	0.0	0.0	5.14166355650266	0.0	0.0	1.6094379124341003	0.0	0.0	0.0	0.0	5.87493073085203	1.0986122886681098	0.0	3.2188758248682006	2.5649493574615367	0.0	0.0	0.0	0.0	0.0	0.0	0.0	0.0	0.0	6.829793737512425	0.0	0.0	1.0986122886681098	0.0	0.0	4.867534450455582	0.0	0.0	0.0	0.0	0.0	0.0	0.0	0.0	0.0	3.6888794541139363	0.0	0.0	0.0	0.0	0.0	0.0	0.0	0.0	0.0	3.713572066704308	0.0	0.0	1.9459101490553132	0.0	0.0	0.0	0.0	0.0	0.0	1.9459101490553132	0.0	0.0	0.0	0.0	0.0	0.0	0.0	0.0	0.0	0.0	0.0	0.0	0.0	0.0	3.295836866004329	2.6390573296152584	0.0	0.0	0.0	0.0	0.0	0.0	0.0	0.0	0.0	6.51471269087253	4.736198448394496	0.0	0.0	0.0	3.1354942159291497	0.0	0.0	0.0	0.0	0.0	0.0	0.0	0.0	0.0	0.0	0.0	0.0	0.0	0.0	0.0	0.0	0.0	0.0	0.0	0.0	0.0	0.0	0.0	0.0	0.0	0.0	0.0	0.0	0.0	2.8903717578961645	4.532599493153256	0.0	5.231108616854587	0.0	0.0	0.0	0.0	0.0	0.0
SRR29856080	2.9444389791664403	8.42989086301344	0.0	0.0	0.0	0.6931471805599453	0.0	0.0	4.990432586778736	0.0	0.0	0.0	0.0	0.0	0.0	0.0	0.0	0.0	0.0	5.087596335232384	3.1354942159291497	4.23410650459726	0.0	6.9167150203536085	0.0	0.0	1.0986122886681098	0.0	1.6094379124341003	0.0	0.0	0.0	0.0	0.0	0.0	0.0	0.0	0.0	0.0	0.0	0.0	0.0	0.0	0.0	0.0	0.0	0.0	1.0986122886681098	0.0	3.4657359027997265	0.0	0.0	0.0	0.0	0.0	0.0	3.367295829986474	0.0	0.0	0.0	0.0	0.0	0.0	0.0	0.0	0.0	0.0	0.0	0.0	0.0	0.0	0.0	0.0	0.0	0.0	0.0	0.0	0.0	0.0	0.0	0.0	0.0	0.6931471805599453	0.0	0.0	0.0	0.0	0.0	0.6931471805599453	0.0	0.0	0.0	0.0	0.0	0.0	0.0	0.0	1.3862943611198906	0.0	0.0	0.0	0.0	0.0	0.0	0.0	0.0	0.0	0.0	0.0	0.0	1.0986122886681098	0.0	0.0	0.0	0.0	0.0	0.0	0.0	0.0	0.0	0.0	0.0	0.0	0.0	0.0	0.0	0.0	0.0	0.0	0.0	0.0	0.0	0.0	0.0	0.0	0.0	0.0	0.0	0.0	0.0	0.0	0.0	0.0	3.044522437723423	0.0	0.0	0.0	0.0	0.0	0.0	0.0	0.0	0.0	0.0	0.0	0.0	0.0	0.0	0.0	0.0	0.0	4.77912349311153	0.0	1.3862943611198906	0.0	0.0	0.0	0.0	0.0	0.0	0.0	0.0	0.0	0.0	0.0	0.0	0.0	0.0	0.0	0.0	1.0986122886681098	0.0	0.0	0.0	0.0	0.0	0.0	0.0	0.0
SRR29856082	0.0	3.1354942159291497	0.6931471805599453	3.091042453358316	0.0	6.184148890937483	1.9459101490553132	6.171700597410915	0.6931471805599453	4.770684624465665	0.0	0.0	0.0	0.0	0.0	2.4849066497880004	0.6931471805599453	2.833213344056216	0.0	0.0	0.0	2.833213344056216	0.0	1.0986122886681098	0.0	0.0	0.0	4.0943445622221	2.302585092994046	0.0	0.0	0.0	1.791759469228055	3.9318256327243257	4.672828834461906	0.0	0.0	4.663439094112067	3.5553480614894135	4.5217885770490405	0.0	1.3862943611198906	0.0	0.0	0.0	3.091042453358316	0.0	7.56164174558878	0.0	0.0	5.4116460518550396	0.0	0.0	0.0	0.0	0.0	6.2766434893416445	0.0	0.0	0.0	0.0	0.0	4.330733340286331	0.0	0.0	0.0	0.0	0.0	4.727387818712341	1.791759469228055	1.0986122886681098	0.0	0.0	0.0	0.0	0.0	0.0	0.0	0.0	0.0	3.091042453358316	0.6931471805599453	0.0	0.0	4.1588830833596715	2.4849066497880004	0.0	0.0	6.523562306149512	3.367295829986474	3.7376696182833684	0.0	3.1780538303479458	0.0	0.0	0.0	0.0	1.3862943611198906	1.0986122886681098	0.0	0.0	0.0	0.0	0.0	0.0	3.091042453358316	0.0	0.0	4.430816798843313	4.406719247264253	4.574710978503383	1.791759469228055	0.0	0.0	2.4849066497880004	0.0	0.0	0.0	0.0	0.0	0.0	0.0	0.0	0.0	0.0	0.0	1.6094379124341003	0.0	0.0	0.0	0.0	0.0	3.4339872044851463	0.0	1.0986122886681098	2.8903717578961645	0.0	3.7612001156935624	0.0	0.0	0.0	0.0	0.0	0.0	4.48863636973214	0.6931471805599453	0.0	0.0	0.0	0.0	0.0	0.0	0.0	0.0	0.0	2.3978952727983707	0.0	0.0	0.0	0.6931471805599453	5.117993812416755	2.1972245773362196	0.6931471805599453	1.791759469228055	0.0	0.0	0.0	0.0	0.0	0.0	0.0	0.0	0.0	0.0	0.0	0.0	0.0	0.6931471805599453	0.0	1.6094379124341003	3.7376696182833684	0.0	1.0986122886681098	0.0	0.0	0.0	2.4849066497880004	0.0	0.0
SRR29856083	0.0	8.140315540159985	0.0	0.0	0.0	0.0	1.9459101490553132	5.998936561946683	7.647308832356238	0.0	0.0	0.0	0.0	0.0	0.0	0.0	0.0	0.0	0.6931471805599453	1.0986122886681098	1.6094379124341003	3.784189633918261	0.0	0.0	0.0	1.0986122886681098	5.170483995038151	0.0	0.0	0.0	0.0	0.0	0.0	0.0	0.0	0.0	0.0	0.0	0.0	0.0	0.0	0.0	0.0	0.0	0.0	0.0	0.0	0.0	0.0	0.0	0.0	0.0	0.0	0.0	0.0	0.0	0.0	0.0	0.0	0.0	2.302585092994046	0.0	0.0	0.0	0.0	0.0	0.0	0.0	0.0	0.0	0.0	0.0	0.0	0.0	0.0	0.0	0.0	0.0	0.0	0.0	0.0	0.0	0.0	0.0	0.0	0.0	0.0	0.0	0.0	0.0	0.0	0.0	0.0	0.0	0.0	0.0	0.0	2.1972245773362196	0.0	0.0	0.0	0.0	0.0	0.0	0.0	0.0	0.0	0.0	0.0	0.0	0.0	0.0	0.0	0.0	0.0	0.0	0.0	0.0	0.0	0.0	0.0	0.0	0.0	0.0	0.0	0.0	0.0	0.0	0.0	0.0	0.0	0.0	0.0	0.0	0.0	0.0	0.0	0.0	0.0	0.0	0.0	0.0	0.0	0.0	0.0	0.0	0.0	0.0	0.0	0.0	0.0	0.0	0.0	0.0	0.0	0.0	0.0	0.0	0.0	0.0	0.0	1.3862943611198906	0.0	2.70805020110221	0.0	0.0	0.0	0.0	0.0	0.0	0.0	0.0	0.0	0.0	0.0	0.0	0.0	0.0	0.0	0.0	0.0	0.0	0.0	0.0	0.0	0.0	0.0	0.0	0.0
SRR29856085	0.0	5.717027701406222	0.0	0.0	0.0	7.1891677384203225	1.791759469228055	5.278114659230517	1.791759469228055	2.5649493574615367	0.0	0.0	0.0	0.0	0.0	0.0	0.0	0.6931471805599453	0.0	0.0	1.791759469228055	3.4339872044851463	0.0	4.248495242049359	0.0	0.0	1.3862943611198906	0.0	2.8903717578961645	0.0	0.0	2.772588722239781	1.0986122886681098	2.6390573296152584	2.6390573296152584	2.1972245773362196	1.9459101490553132	2.3978952727983707	0.0	4.5217885770490405	0.0	0.0	1.3862943611198906	0.0	0.0	3.258096538021482	0.0	6.568077911411976	0.0	0.0	4.343805421853684	0.0	0.0	0.0	0.0	2.8903717578961645	6.875232087276577	1.3862943611198906	0.0	1.3862943611198906	0.6931471805599453	0.0	4.442651256490317	0.0	0.0	0.0	2.6390573296152584	0.0	3.912023005428146	3.4339872044851463	1.9459101490553132	0.0	0.6931471805599453	0.0	0.0	0.0	0.0	0.0	2.302585092994046	2.3978952727983707	0.0	3.295836866004329	0.0	0.0	3.1780538303479458	3.091042453358316	0.0	0.0	3.5553480614894135	3.8066624897703196	0.6931471805599453	0.0	0.0	0.0	0.0	0.0	0.0	1.9459101490553132	2.302585092994046	0.6931471805599453	0.0	3.6109179126442243	0.0	0.0	0.0	1.791759469228055	0.6931471805599453	0.0	5.53338948872752	4.532599493153256	4.709530201312334	6.444131256700441	0.0	1.0986122886681098	2.4849066497880004	0.0	0.0	1.0986122886681098	0.0	0.0	0.0	0.0	0.0	0.0	0.0	0.0	0.0	3.58351893845611	0.0	3.6888794541139363	0.0	0.0	0.0	0.0	1.0986122886681098	1.3862943611198906	0.0	5.111987788356544	0.0	2.70805020110221	0.0	0.0	0.0	0.0	3.8501476017100584	2.1972245773362196	0.0	0.0	0.0	3.4965075614664802	5.214935757608986	0.0	0.0	0.0	0.0	1.9459101490553132	0.0	0.0	0.0	0.0	1.3862943611198906	2.1972245773362196	1.3862943611198906	1.3862943611198906	0.6931471805599453	0.0	2.3978952727983707	0.0	0.0	0.0	0.0	0.0	0.0	0.0	0.0	0.0	0.0	0.0	0.0	1.0986122886681098	0.0	0.0	3.6635616461296463	0.0	0.0	0.0	0.0	0.0	0.0
SRR29856086	0.0	4.382026634673881	1.6094379124341003	0.0	0.0	7.651595573857601	1.3862943611198906	4.189654742026425	1.3862943611198906	0.0	0.0	0.0	0.0	0.0	0.0	0.0	0.0	0.0	0.0	0.0	0.0	3.044522437723423	0.0	2.4849066497880004	0.0	0.0	0.0	0.6931471805599453	0.0	0.0	1.0986122886681098	3.713572066704308	0.0	0.0	0.0	0.0	0.0	0.0	0.0	5.8522024797744745	0.0	0.0	0.0	0.0	0.0	0.0	0.6931471805599453	6.608000625296087	0.0	0.6931471805599453	2.772588722239781	0.0	0.0	0.0	0.0	3.6635616461296463	6.546785410760524	1.0986122886681098	0.0	0.0	0.0	0.0	5.5909869805108565	2.302585092994046	0.0	0.0	1.6094379124341003	2.5649493574615367	3.295836866004329	1.3862943611198906	0.0	5.2574953720277815	0.0	0.0	0.0	0.0	0.0	0.0	0.0	2.1972245773362196	0.0	4.430816798843313	0.0	0.0	1.791759469228055	0.0	0.0	0.0	2.5649493574615367	3.2188758248682006	0.6931471805599453	0.0	0.0	0.0	0.0	0.0	0.0	0.6931471805599453	0.0	0.0	1.791759469228055	1.0986122886681098	0.0	0.0	0.0	1.9459101490553132	0.0	0.0	1.3862943611198906	6.899723107284872	0.0	0.0	0.0	0.0	0.0	0.0	0.0	0.0	0.0	0.0	0.0	0.0	1.791759469228055	0.0	0.0	0.0	0.0	0.0	1.0986122886681098	0.0	0.0	0.0	0.0	0.0	0.0	0.0	0.0	4.248495242049359	0.0	0.0	0.0	0.0	0.0	0.0	2.302585092994046	0.0	0.0	0.0	0.0	0.0	0.0	0.0	0.0	0.0	0.0	1.9459101490553132	4.624972813284271	0.0	0.0	0.0	0.0	0.0	0.6931471805599453	0.6931471805599453	0.0	0.0	0.0	0.0	0.0	0.0	0.0	0.0	0.0	0.0	0.0	1.791759469228055	5.517452896464707	0.0	0.0	0.0	0.0	0.0	0.6931471805599453	1.0986122886681098	0.0	0.0	0.0	0.0	0.0
SRR29856087	0.0	5.805134968916488	0.6931471805599453	6.704414354964107	0.0	6.206575926724928	1.0986122886681098	3.713572066704308	1.3862943611198906	1.0986122886681098	5.003946305945459	0.0	0.0	0.0	0.0	4.465908118654584	0.0	0.6931471805599453	0.0	1.0986122886681098	0.0	2.0794415416798357	2.1972245773362196	1.3862943611198906	0.0	0.0	0.0	5.75890177387728	0.6931471805599453	0.0	4.852030263919617	2.772588722239781	0.0	0.0	1.791759469228055	0.0	0.0	0.0	0.0	0.0	0.0	0.0	0.0	0.0	0.0	2.1972245773362196	0.0	5.805134968916488	0.0	0.0	2.1972245773362196	0.0	0.0	0.0	0.0	0.0	7.628031126930335	0.0	0.0	0.0	1.3862943611198906	1.3862943611198906	0.0	0.0	0.0	0.0	0.0	0.0	2.0794415416798357	2.0794415416798357	1.9459101490553132	0.0	0.0	0.0	0.0	0.0	0.6931471805599453	0.0	0.0	2.6390573296152584	3.8501476017100584	4.718498871295094	0.0	0.0	0.0	0.0	0.0	3.258096538021482	4.564348191467836	3.1780538303479458	0.6931471805599453	0.0	0.0	0.0	1.0986122886681098	1.0986122886681098	0.0	1.3862943611198906	3.828641396489095	0.0	0.0	0.0	0.0	0.0	1.6094379124341003	2.4849066497880004	0.0	0.0	2.3978952727983707	5.332718793265369	0.0	5.3230099791384085	0.0	0.0	3.713572066704308	0.0	0.0	0.0	0.0	0.0	0.0	0.0	0.0	0.0	3.4965075614664802	3.258096538021482	0.0	0.0	0.0	2.8903717578961645	0.0	0.0	1.0986122886681098	0.0	3.713572066704308	0.0	1.3862943611198906	3.2188758248682006	0.0	2.1972245773362196	0.6931471805599453	0.0	1.791759469228055	0.6931471805599453	4.23410650459726	0.0	0.6931471805599453	0.0	0.0	0.0	0.6931471805599453	0.0	1.3862943611198906	0.0	0.0	2.4849066497880004	0.0	0.0	0.0	0.0	1.9459101490553132	1.9459101490553132	0.0	0.0	0.0	0.0	0.0	0.0	0.0	0.0	0.0	0.0	0.0	0.0	0.0	0.0	0.0	0.0	0.0	0.0	0.0	0.0	3.044522437723423	0.0	0.0	0.0	0.0	0.0	0.0
SRR29856088	1.0986122886681098	7.8050670442584895	0.0	0.0	0.0	0.0	0.6931471805599453	1.791759469228055	1.0986122886681098	0.0	0.0	0.0	0.0	0.0	0.0	0.0	0.0	0.0	0.0	3.9889840465642745	2.9444389791664403	5.2574953720277815	0.0	5.60947179518496	0.0	0.0	2.1972245773362196	0.0	0.0	0.0	0.0	0.0	0.0	0.0	3.58351893845611	0.0	2.3978952727983707	0.0	0.0	0.0	0.0	0.0	1.3862943611198906	0.0	0.0	4.912654885736052	0.0	0.6931471805599453	0.0	5.659482215759621	3.58351893845611	0.0	0.0	0.0	0.0	0.0	0.0	0.0	0.0	1.0986122886681098	1.9459101490553132	2.70805020110221	0.0	0.0	0.0	0.0	0.0	0.0	2.0794415416798357	0.0	2.302585092994046	0.0	0.0	0.0	1.0986122886681098	0.0	0.0	0.0	0.0	0.0	0.0	0.0	0.0	0.0	0.0	0.0	0.0	0.0	0.0	0.0	0.6931471805599453	0.0	0.0	0.0	0.6931471805599453	0.0	0.0	0.6931471805599453	0.0	4.07753744390572	0.0	0.0	0.0	0.0	0.0	0.0	0.0	0.0	0.0	0.0	0.0	0.0	0.0	0.0	0.6931471805599453	0.0	0.0	0.0	0.0	0.0	0.0	0.0	0.0	0.0	0.0	0.0	0.0	0.0	6.894670039433482	0.0	0.0	0.6931471805599453	0.0	0.0	0.0	0.0	0.0	0.0	0.0	0.0	0.0	1.0986122886681098	0.0	5.537334267018537	6.413458957167357	3.332204510175204	0.0	0.0	0.0	1.0986122886681098	0.0	0.0	0.0	0.0	0.0	0.0	0.0	0.0	0.6931471805599453	0.0	0.0	5.043425116919247	0.0	0.0	0.0	0.0	0.0	0.0	0.0	0.0	0.0	0.0	0.0	0.0	0.0	0.0	0.0	0.0	0.0	0.0	0.0	0.0	0.0	0.0	0.0	0.0	0.0	0.0	0.0
SRR29856090	0.0	2.0794415416798357	0.0	6.410174881966167	0.0	5.220355825078324	2.5649493574615367	5.3981627015177525	0.0	2.70805020110221	0.0	0.0	0.0	0.0	0.0	0.6931471805599453	0.0	0.6931471805599453	0.0	0.0	2.6390573296152584	4.2626798770413155	0.0	4.624972813284271	0.0	0.0	0.0	4.356708826689592	0.0	0.0	0.0	5.988961416889864	0.0	3.1780538303479458	1.3862943611198906	0.0	0.6931471805599453	0.0	0.0	0.0	0.0	0.0	0.0	0.0	0.0	3.1780538303479458	0.0	7.576097340623111	0.0	0.0	5.631211781821365	0.0	0.0	0.0	0.0	0.0	5.53338948872752	0.0	0.0	0.0	1.3862943611198906	0.0	0.0	1.3862943611198906	0.0	0.0	0.0	0.0	3.258096538021482	5.25227342804663	1.9459101490553132	0.0	2.302585092994046	1.0986122886681098	0.0	0.0	0.0	0.0	0.0	0.0	0.0	0.0	5.472270673671475	0.0	0.0	1.6094379124341003	0.0	0.0	4.454347296253507	3.970291913552122	1.0986122886681098	0.0	0.6931471805599453	0.0	0.0	0.0	0.0	1.6094379124341003	2.8903717578961645	0.0	0.0	0.0	0.0	0.0	0.0	1.6094379124341003	1.3862943611198906	0.0	1.3862943611198906	2.8903717578961645	0.6931471805599453	3.4965075614664802	0.0	0.0	0.6931471805599453	0.0	0.0	1.791759469228055	0.0	0.0	0.0	0.0	0.0	0.0	0.0	0.0	0.0	4.736198448394496	0.0	1.791759469228055	0.0	0.0	0.0	0.0	3.1354942159291497	0.6931471805599453	3.912023005428146	3.044522437723423	0.0	0.0	0.0	0.0	0.0	0.0	2.1972245773362196	2.833213344056216	0.0	1.0986122886681098	0.0	0.0	0.0	0.0	0.0	0.0	0.0	0.0	0.0	0.0	0.0	0.0	0.0	5.393627546352362	0.0	2.5649493574615367	0.0	0.0	0.0	0.0	0.0	0.0	0.0	1.791759469228055	0.0	0.0	0.0	0.0	0.0	0.0	0.0	0.0	6.626717749249025	0.0	4.330733340286331	0.0	0.0	0.0	0.0	0.0	0.0
SRR29856091	0.0	2.0794415416798357	0.0	7.80994708647679	0.0	5.6240175061873385	0.6931471805599453	4.189654742026425	0.0	0.0	0.0	0.0	0.0	0.0	0.0	0.6931471805599453	0.0	0.0	0.0	0.6931471805599453	0.0	3.2188758248682006	0.0	1.9459101490553132	0.0	0.0	0.0	0.0	0.0	0.0	4.941642422609304	5.572154032177765	0.0	0.0	2.1972245773362196	0.0	0.0	0.0	0.0	0.6931471805599453	0.0	0.6931471805599453	0.0	0.0	0.0	3.9318256327243257	0.0	6.907755278982137	0.0	1.3862943611198906	4.543294782270004	0.0	0.0	0.0	0.0	0.0	5.420534999272286	1.6094379124341003	0.0	0.0	0.6931471805599453	1.0986122886681098	0.6931471805599453	1.9459101490553132	0.0	0.0	0.0	0.0	2.6390573296152584	4.394449154672439	0.0	0.0	0.0	0.0	0.0	0.0	1.3862943611198906	0.0	0.6931471805599453	0.0	0.0	0.0	4.836281906951478	0.0	0.6931471805599453	2.302585092994046	0.0	0.0	5.389071729816501	0.0	3.295836866004329	0.0	0.0	0.0	0.0	0.0	0.0	1.0986122886681098	2.5649493574615367	0.0	0.0	0.0	0.0	0.0	0.6931471805599453	0.0	2.995732273553991	0.0	1.9459101490553132	0.6931471805599453	5.777652323222656	1.9459101490553132	0.0	0.0	0.0	0.0	0.0	1.0986122886681098	0.0	0.0	0.0	0.0	0.0	0.0	0.0	0.0	0.0	1.0986122886681098	0.0	0.0	0.0	0.0	0.0	0.0	2.9444389791664403	0.0	0.0	5.849324779946859	0.0	0.0	2.995732273553991	0.0	0.6931471805599453	0.0	3.6109179126442243	1.0986122886681098	0.0	2.772588722239781	0.0	4.454347296253507	2.302585092994046	0.0	0.0	0.0	0.0	0.0	0.0	0.0	0.0	0.0	3.970291913552122	1.3862943611198906	0.0	1.3862943611198906	0.0	0.0	0.0	0.0	0.0	0.0	0.0	0.0	0.0	0.0	0.0	2.3978952727983707	3.871201010907891	0.0	0.0	1.0986122886681098	4.574710978503383	0.0	2.772588722239781	0.0	3.1354942159291497	0.0	0.0	0.0	0.0
SRR29856092	0.0	3.970291913552122	1.3862943611198906	5.58724865840025	0.0	7.571473648851271	1.0986122886681098	4.820281565605037	0.0	3.912023005428146	0.0	0.0	0.0	0.0	0.0	0.0	0.0	0.0	0.0	1.0986122886681098	0.0	2.1972245773362196	0.0	1.0986122886681098	0.0	0.0	2.4849066497880004	0.0	0.0	0.0	0.0	0.0	1.6094379124341003	2.772588722239781	2.302585092994046	0.0	0.0	2.0794415416798357	0.0	4.465908118654584	0.0	2.4849066497880004	0.0	0.0	0.0	4.290459441148391	0.0	7.482681828154651	0.0	0.0	5.278114659230517	0.0	0.0	0.0	0.0	0.0	6.887552571664617	0.0	0.0	0.0	0.0	0.0	4.330733340286331	0.0	0.0	0.0	0.0	0.0	3.1354942159291497	2.4849066497880004	0.0	0.0	2.0794415416798357	0.0	0.0	0.0	0.0	0.0	0.0	2.9444389791664403	0.0	0.0	0.0	0.0	3.6109179126442243	2.995732273553991	0.0	0.0	5.017279836814924	2.833213344056216	2.0794415416798357	0.0	0.0	0.0	0.0	0.0	0.0	0.0	2.8903717578961645	0.0	0.0	0.0	0.0	0.0	0.0	2.6390573296152584	0.0	0.0	3.6109179126442243	3.044522437723423	3.258096538021482	0.0	0.0	0.0	0.0	0.0	0.0	0.0	0.0	0.0	0.0	0.0	0.0	0.0	0.0	0.0	0.0	0.0	0.0	0.0	0.0	0.0	0.0	0.0	1.3862943611198906	0.0	0.0	0.0	0.0	0.0	0.0	0.0	0.0	0.0	1.6094379124341003	0.0	0.0	0.0	0.0	0.0	0.0	0.0	0.0	0.0	0.0	1.0986122886681098	0.0	0.0	0.0	2.0794415416798357	4.1588830833596715	2.6390573296152584	2.5649493574615367	0.0	0.0	0.0	0.0	0.0	0.0	0.0	0.0	0.0	0.0	0.0	0.0	0.0	0.0	0.0	0.0	2.302585092994046	3.7376696182833684	0.0	0.0	0.0	0.0	0.0	0.0	0.0	0.0
SRR29856093	0.0	4.143134726391533	0.0	1.791759469228055	0.0	1.0986122886681098	0.0	1.3862943611198906	0.0	0.0	0.0	0.0	0.0	0.0	0.0	0.0	0.0	0.0	0.0	0.6931471805599453	1.0986122886681098	1.3862943611198906	0.0	0.0	0.0	0.0	0.0	2.995732273553991	0.0	0.0	0.0	1.6094379124341003	1.9459101490553132	0.6931471805599453	1.791759469228055	0.0	0.0	0.0	0.0	0.6931471805599453	0.0	0.0	0.0	0.0	0.0	0.0	8.59877317840866	2.0794415416798357	0.0	0.0	3.1354942159291497	0.0	0.0	0.0	0.0	0.0	2.302585092994046	0.0	0.0	0.0	0.0	0.0	0.0	0.0	0.0	0.0	0.6931471805599453	0.0	0.6931471805599453	0.6931471805599453	0.0	0.6931471805599453	0.0	0.0	0.0	0.0	0.0	0.0	0.6931471805599453	0.0	0.0	2.0794415416798357	0.0	0.0	1.3862943611198906	0.0	0.0	0.0	1.6094379124341003	4.867534450455582	0.0	0.0	0.0	0.0	0.0	0.0	0.0	0.6931471805599453	1.3862943611198906	0.0	0.0	1.0986122886681098	0.0	0.0	0.0	0.0	0.0	0.0	0.0	0.0	0.0	1.3862943611198906	0.6931471805599453	0.0	1.6094379124341003	0.0	0.0	0.0	0.0	0.0	0.0	0.0	2.3978952727983707	0.0	0.0	0.0	0.0	0.0	0.0	0.0	0.0	0.0	0.0	0.0	3.332204510175204	1.3862943611198906	0.0	3.9512437185814275	0.0	0.0	0.0	0.0	0.0	0.0	4.48863636973214	0.0	1.3862943611198906	0.0	0.0	0.6931471805599453	0.0	0.0	0.6931471805599453	0.0	0.0	0.0	0.0	0.0	0.0	0.0	0.6931471805599453	0.0	0.0	0.0	0.0	0.0	0.0	0.0	0.0	0.0	0.0	0.0	0.0	0.0	0.0	0.0	0.0	0.0	0.0	0.0	5.7745515455444085	0.0	0.0	0.0	0.0	0.0	0.0	0.0	0.0
SRR29856094	2.3978952727983707	6.340359303727752	0.0	0.0	0.0	4.060443010546419	1.0986122886681098	0.0	0.0	0.0	0.0	0.0	0.0	0.0	0.0	0.0	0.0	0.0	0.0	2.0794415416798357	2.302585092994046	6.842683282238422	0.0	4.30406509320417	3.332204510175204	0.0	1.6094379124341003	0.0	4.584967478670572	0.0	0.0	0.0	0.0	0.0	0.0	0.0	0.0	0.0	0.0	0.0	0.0	0.0	1.0986122886681098	0.0	0.0	0.0	1.0986122886681098	2.6390573296152584	0.0	0.0	0.0	0.0	0.0	0.0	0.0	0.0	2.3978952727983707	0.0	0.0	0.0	2.6390573296152584	1.0986122886681098	0.0	0.0	0.0	0.0	0.0	0.0	0.0	0.0	0.0	0.0	0.0	0.0	0.0	0.0	0.0	0.0	0.0	0.0	0.0	0.0	0.0	0.0	0.0	0.0	0.0	0.0	0.0	0.0	0.0	0.0	0.0	0.0	1.0986122886681098	0.0	0.0	0.6931471805599453	3.6888794541139363	1.6094379124341003	0.0	0.0	0.0	0.0	0.0	0.0	0.0	0.0	0.0	0.0	0.0	0.6931471805599453	0.0	2.4849066497880004	0.0	0.0	1.3862943611198906	0.0	1.791759469228055	0.0	0.0	0.0	0.0	0.0	0.0	0.0	0.0	0.0	0.0	0.0	0.0	1.3862943611198906	0.0	0.0	0.0	0.0	0.0	1.3862943611198906	0.0	0.0	0.0	0.0	0.0	5.883322388488279	0.0	0.6931471805599453	0.0	0.0	0.0	0.0	0.6931471805599453	0.0	0.0	0.0	0.0	0.0	0.0	0.0	0.0	0.0	0.0	7.998671361015776	0.0	2.302585092994046	0.0	0.0	0.0	0.0	0.0	0.0	0.0	0.0	0.0	0.0	0.0	0.0	0.0	0.0	0.0	0.0	0.0	0.0	0.0	0.0	0.0	0.0	0.0	0.0	0.0
SRR29856095	0.0	1.791759469228055	0.0	0.0	0.0	4.912654885736052	0.6931471805599453	3.7376696182833684	0.0	0.6931471805599453	0.0	0.0	0.0	0.6931471805599453	0.0	1.0986122886681098	0.0	1.0986122886681098	0.0	0.6931471805599453	0.6931471805599453	2.833213344056216	0.0	1.6094379124341003	0.0	0.0	0.0	4.007333185232471	0.0	0.0	0.0	0.0	0.0	0.0	0.0	0.0	0.0	0.6931471805599453	0.0	0.0	4.07753744390572	0.0	0.0	0.0	0.0	1.9459101490553132	0.0	7.10002716662926	0.0	0.0	2.833213344056216	0.0	0.0	0.0	1.0986122886681098	0.0	7.343426229147367	2.4849066497880004	7.341483852363161	0.0	0.0	2.5649493574615367	0.0	2.9444389791664403	0.0	0.0	0.0	0.0	3.6375861597263857	3.258096538021482	1.0986122886681098	0.0	0.6931471805599453	0.0	0.0	0.0	0.0	0.0	0.0	0.0	2.6390573296152584	3.713572066704308	5.4116460518550396	0.0	3.258096538021482	0.6931471805599453	0.0	0.0	5.814130531825066	2.0794415416798357	3.091042453358316	0.0	0.0	0.0	0.0	0.0	0.0	1.0986122886681098	2.4849066497880004	0.0	0.0	0.0	0.0	0.0	0.0	0.6931471805599453	0.0	0.0	0.6931471805599453	1.3862943611198906	3.332204510175204	0.0	0.0	0.0	0.0	0.0	0.0	0.0	0.0	0.0	0.0	2.8903717578961645	0.0	1.0986122886681098	0.0	0.0	0.0	0.0	0.0	2.995732273553991	0.0	0.0	0.0	0.0	2.1972245773362196	1.9459101490553132	0.0	1.6094379124341003	0.0	0.0	1.0986122886681098	0.0	1.0986122886681098	0.0	1.6094379124341003	0.0	0.0	0.0	0.0	0.0	0.0	0.0	0.0	0.0	0.0	3.044522437723423	0.0	0.0	0.0	0.0	0.0	1.6094379124341003	0.0	0.6931471805599453	0.0	0.0	0.0	4.110873864173311	0.0	0.0	0.0	0.0	0.0	0.0	0.0	0.0	5.968707559985366	0.0	0.0	0.6931471805599453	0.0	0.0	3.912023005428146	0.0	0.0	0.0	0.0	0.0	0.0
SRR29856096	0.0	1.9459101490553132	0.0	5.0689042022202315	0.0	5.834810737062605	0.0	1.3862943611198906	0.0	0.0	3.9889840465642745	0.0	0.0	0.0	0.0	4.143134726391533	0.0	0.0	0.0	0.0	0.0	1.0986122886681098	0.0	0.6931471805599453	0.0	0.0	0.0	0.6931471805599453	0.0	0.0	4.6913478822291435	0.0	0.0	1.791759469228055	0.0	0.0	0.0	0.0	0.0	5.988961416889864	0.0	0.0	0.0	0.0	0.0	1.6094379124341003	7.130098510125578	7.280697195384741	0.0	0.0	2.302585092994046	0.0	0.0	0.0	2.6390573296152584	3.970291913552122	0.0	1.9459101490553132	0.0	5.1298987149230735	0.0	1.6094379124341003	4.8283137373023015	6.852242569051878	0.0	3.9318256327243257	0.0	0.0	0.6931471805599453	2.302585092994046	1.3862943611198906	0.0	0.0	0.0	0.0	0.0	0.6931471805599453	2.772588722239781	1.791759469228055	5.529429087511423	0.0	3.9889840465642745	3.4965075614664802	2.6390573296152584	2.995732273553991	0.0	0.6931471805599453	0.0	2.3978952727983707	2.0794415416798357	1.791759469228055	0.0	1.6094379124341003	0.0	0.0	0.0	0.0	0.0	0.0	0.0	0.0	1.0986122886681098	3.1780538303479458	0.0	0.0	0.0	1.3862943611198906	0.0	2.772588722239781	3.6375861597263857	0.0	2.0794415416798357	0.0	0.0	1.0986122886681098	0.0	0.0	0.0	0.0	0.0	0.0	3.6888794541139363	2.9444389791664403	4.912654885736052	0.0	2.772588722239781	0.0	1.0986122886681098	0.0	2.302585092994046	0.0	0.0	0.0	0.0	0.0	0.0	0.0	3.713572066704308	0.0	0.0	0.0	0.0	0.0	0.0	0.6931471805599453	0.0	1.6094379124341003	0.0	0.6931471805599453	3.4011973816621555	0.0	0.0	1.3862943611198906	2.6390573296152584	0.0	0.0	1.6094379124341003	0.0	0.0	0.0	2.3978952727983707	0.0	0.0	0.0	0.0	0.0	3.713572066704308	0.0	2.0794415416798357	0.0	2.0794415416798357	1.9459101490553132	0.0	0.0	0.0	3.1354942159291497	0.0	1.6094379124341003	0.0	0.0	0.6931471805599453	2.3978952727983707	2.1972245773362196	0.0	2.0794415416798357	0.0	1.791759469228055	0.0	0.6931471805599453
SRR29856097	0.0	4.77912349311153	0.0	4.820281565605037	0.0	5.855071922202427	0.6931471805599453	4.290459441148391	0.0	2.302585092994046	2.9444389791664403	0.0	0.0	0.0	0.0	2.70805020110221	0.0	0.0	0.0	1.6094379124341003	2.6390573296152584	3.044522437723423	2.0794415416798357	1.3862943611198906	0.6931471805599453	0.0	2.70805020110221	0.0	0.0	0.0	0.0	3.4965075614664802	0.0	1.791759469228055	0.0	0.0	1.3862943611198906	0.0	0.0	2.9444389791664403	0.0	1.0986122886681098	0.0	0.0	0.0	2.772588722239781	6.990256500493881	7.63433723562832	0.0	1.0986122886681098	3.7612001156935624	0.0	0.0	0.0	0.0	0.0	5.877735781779639	0.0	0.0	0.6931471805599453	0.0	4.624972813284271	0.0	0.0	0.0	0.0	0.0	0.0	2.70805020110221	4.204692619390966	1.0986122886681098	0.0	0.6931471805599453	0.0	0.0	0.0	5.564520407322694	1.6094379124341003	0.0	0.0	0.6931471805599453	1.6094379124341003	0.0	0.0	2.8903717578961645	1.791759469228055	0.0	0.0	3.4657359027997265	3.367295829986474	3.4965075614664802	0.0	0.0	0.0	0.0	0.0	0.0	2.3978952727983707	2.6390573296152584	0.0	1.6094379124341003	0.6931471805599453	0.0	0.0	1.0986122886681098	0.0	1.0986122886681098	0.0	5.081404364984463	5.375278407684165	5.2574953720277815	4.127134385045092	0.0	1.791759469228055	1.0986122886681098	0.0	0.0	2.5649493574615367	1.0986122886681098	0.6931471805599453	0.0	0.0	1.6094379124341003	0.0	0.0	1.9459101490553132	0.0	1.0986122886681098	0.0	1.3862943611198906	0.0	0.0	1.6094379124341003	0.0	2.5649493574615367	0.0	0.0	5.459585514144159	0.0	0.0	0.0	2.0794415416798357	1.3862943611198906	0.0	3.4339872044851463	2.1972245773362196	0.0	0.0	1.3862943611198906	4.882801922586371	0.0	0.0	0.0	0.0	0.0	3.828641396489095	0.0	0.0	0.0	1.0986122886681098	3.784189633918261	0.6931471805599453	1.791759469228055	0.6931471805599453	0.0	0.0	1.0986122886681098	0.0	1.6094379124341003	0.0	0.0	0.0	0.0	0.0	1.9459101490553132	2.3978952727983707	0.0	0.0	0.0	0.0	0.0	0.0	1.791759469228055	1.0986122886681098	2.70805020110221	0.0	1.6094379124341003	0.0	0.0
SRR29856098	0.0	3.7612001156935624	0.0	1.0986122886681098	0.0	3.7612001156935624	0.0	5.159055299214529	1.3862943611198906	1.3862943611198906	4.663439094112067	0.0	0.0	0.0	0.0	5.117993812416755	0.0	0.0	0.0	4.07753744390572	3.332204510175204	7.563719668414366	0.0	3.5263605246161616	0.0	0.0	0.0	6.335054251498059	1.0986122886681098	0.0	0.0	0.0	0.0	0.0	2.1972245773362196	1.0986122886681098	1.0986122886681098	0.0	0.0	1.0986122886681098	0.0	0.0	0.0	0.0	0.0	1.791759469228055	0.6931471805599453	0.6931471805599453	0.0	0.0	6.733401891837359	0.0	0.0	0.0	0.0	0.6931471805599453	2.70805020110221	1.0986122886681098	0.0	0.0	2.1972245773362196	0.0	2.6390573296152584	0.0	0.0	0.0	4.867534450455582	0.0	0.0	3.6635616461296463	3.332204510175204	0.0	1.6094379124341003	0.0	1.0986122886681098	0.0	0.0	0.0	0.0	2.302585092994046	0.0	0.6931471805599453	0.0	0.0	0.6931471805599453	0.0	0.0	0.0	0.0	1.791759469228055	0.0	0.0	0.0	0.0	0.0	0.0	0.0	0.0	5.365976015021851	0.6931471805599453	0.0	0.0	0.0	0.0	0.0	2.6390573296152584	0.0	0.0	2.6390573296152584	0.0	0.0	3.9512437185814275	0.0	0.0	1.791759469228055	0.0	0.0	6.159095388491933	0.0	0.0	0.0	0.0	0.0	0.0	0.0	2.70805020110221	0.0	0.0	4.248495242049359	0.0	1.0986122886681098	0.0	3.7612001156935624	0.0	4.770684624465665	0.0	0.0	4.709530201312334	0.0	0.0	0.0	0.6931471805599453	0.0	0.0	6.171700597410915	1.0986122886681098	0.0	0.0	0.0	2.3978952727983707	0.0	0.0	0.0	0.0	0.0	0.0	0.0	0.0	3.044522437723423	1.0986122886681098	0.0	2.9444389791664403	1.3862943611198906	0.0	0.0	0.0	0.0	0.0	0.0	0.0	0.0	0.6931471805599453	0.0	0.0	0.0	0.0	1.3862943611198906	0.0	0.0	1.3862943611198906	3.871201010907891	0.0	2.9444389791664403	0.0	0.0	0.0	0.0	0.0	0.0
SRR29856099	0.0	3.912023005428146	0.0	0.0	0.0	6.842683282238422	1.9459101490553132	5.4116460518550396	2.3978952727983707	0.0	0.0	0.0	0.0	0.0	0.0	3.332204510175204	0.0	1.791759469228055	0.0	0.0	0.0	2.70805020110221	0.0	7.75190533307861	0.0	0.0	0.0	4.867534450455582	0.0	0.0	0.0	0.0	0.0	0.0	2.1972245773362196	0.0	1.0986122886681098	0.0	0.0	1.0986122886681098	0.0	0.0	0.0	0.0	0.0	2.1972245773362196	0.0	6.028278520230698	0.0	0.0	2.0794415416798357	0.0	0.0	0.0	0.0	0.0	4.624972813284271	0.0	1.0986122886681098	0.0	1.0986122886681098	1.3862943611198906	0.0	1.0986122886681098	0.0	0.0	3.295836866004329	0.0	0.0	2.4849066497880004	0.0	0.0	0.0	0.0	0.0	0.0	0.0	0.0	0.0	0.0	0.0	0.6931471805599453	0.0	0.0	0.0	0.0	0.0	0.0	4.290459441148391	0.0	1.3862943611198906	0.0	0.0	0.0	0.0	0.0	0.0	0.0	0.0	0.0	0.0	0.0	0.0	0.0	0.0	0.0	0.0	0.0	2.4849066497880004	0.0	4.248495242049359	0.0	0.0	0.0	0.0	0.0	0.0	0.0	0.0	0.0	0.0	0.0	3.332204510175204	0.0	0.0	0.0	0.0	2.0794415416798357	0.0	1.0986122886681098	0.0	0.0	3.1354942159291497	0.0	1.0986122886681098	0.0	0.0	0.0	0.0	7.15305163493748	0.0	0.0	0.0	0.0	6.100318952020064	0.0	0.0	0.0	0.0	0.0	0.0	0.0	0.0	0.0	0.0	0.0	0.0	0.0	0.0	0.0	2.772588722239781	1.3862943611198906	0.0	0.0	0.0	0.0	0.0	0.0	0.0	0.0	0.0	0.0	0.0	0.0	0.0	0.0	0.0	0.0	0.0	0.0	0.0	0.0	1.791759469228055	1.0986122886681098	0.0	0.0	0.0	0.0	0.0
SRR29856102	0.0	2.8903717578961645	0.6931471805599453	5.389071729816501	0.0	3.8918202981106265	3.4965075614664802	4.430816798843313	6.124683390894205	1.3862943611198906	3.6888794541139363	0.6931471805599453	0.0	0.0	1.0986122886681098	1.9459101490553132	0.0	0.0	1.6094379124341003	1.3862943611198906	0.6931471805599453	5.420534999272286	2.6390573296152584	1.6094379124341003	0.6931471805599453	5.973809611869261	5.3981627015177525	0.0	1.6094379124341003	0.0	0.6931471805599453	6.077642243349034	0.0	1.0986122886681098	2.772588722239781	0.0	1.6094379124341003	2.0794415416798357	1.791759469228055	4.007333185232471	0.0	0.0	0.6931471805599453	0.0	0.6931471805599453	4.700480365792417	0.0	7.5485559791698735	0.0	0.0	5.517452896464707	0.0	0.0	0.0	0.0	0.6931471805599453	4.844187086458591	1.791759469228055	6.0330862217988015	0.0	1.0986122886681098	1.0986122886681098	0.0	0.0	0.0	0.0	0.6931471805599453	0.0	0.0	4.3694478524670215	0.6931471805599453	2.9444389791664403	0.6931471805599453	1.3862943611198906	0.0	0.0	0.0	0.6931471805599453	0.6931471805599453	0.0	1.791759469228055	1.791759469228055	0.0	0.0	1.791759469228055	0.0	0.0	0.0	4.812184355372417	1.6094379124341003	2.0794415416798357	0.6931471805599453	1.791759469228055	0.6931471805599453	0.0	0.0	0.0	2.6390573296152584	2.9444389791664403	0.0	0.0	1.791759469228055	0.0	2.8903717578961645	2.9444389791664403	0.0	2.4849066497880004	0.0	0.0	1.6094379124341003	4.795790545596741	3.295836866004329	4.61512051684126	0.6931471805599453	0.0	0.0	0.0	0.0	0.0	0.0	0.0	0.0	1.0986122886681098	0.0	0.0	0.0	0.0	0.6931471805599453	0.0	2.4849066497880004	0.0	0.0	2.772588722239781	0.0	2.5649493574615367	0.0	0.0	0.0	0.6931471805599453	2.1972245773362196	3.367295829986474	1.0986122886681098	0.6931471805599453	0.0	4.31748811353631	2.995732273553991	0.0	3.4339872044851463	0.0	3.258096538021482	0.0	0.0	0.0	0.0	2.8903717578961645	2.3978952727983707	0.0	0.0	0.0	2.70805020110221	4.219507705176107	1.0986122886681098	0.0	2.772588722239781	0.0	0.0	0.0	0.0	0.0	0.0	0.6931471805599453	0.0	0.0	0.0	0.0	1.0986122886681098	0.0	0.0	0.0	1.6094379124341003	4.143134726391533	0.0	2.70805020110221	0.0	1.3862943611198906	0.0	0.0	0.6931471805599453	0.0
