Eigvals	143
4.737285674832291	4.469961050068091	3.91212603711724	2.758351578077124	2.106588298182892	1.8049546793966678	1.7010387330875318	1.3333452430670123	1.2294275142264277	1.1808470274410283	1.1005923648022584	1.0245001414475492	1.0094853327413669	0.9671932194785534	0.9346490413320953	0.9009530143374235	0.8575138747606453	0.7886879478407425	0.7592878995436276	0.7441410872853284	0.7106081034183844	0.6990602387120071	0.6691588524005939	0.6450771949354474	0.6275300179466352	0.6062370164978769	0.595329640719795	0.5763737238344275	0.5611865151793869	0.5418013160222128	0.5340989683718338	0.5291938600283755	0.5004493557264387	0.48003546223370097	0.47364828536625914	0.4553028566432805	0.4461905142077651	0.4411993106409724	0.4356241508121945	0.4226975744321322	0.40920042018535785	0.398643070491143	0.3943089708444699	0.3887798945374208	0.38095423532565	0.374172055536822	0.36960366025162106	0.3558013677163161	0.3448692971043952	0.34263737174310915	0.3314032869455924	0.32408405376656335	0.31020076615666414	0.3046226884941158	0.29722938451632497	0.2919604936182567	0.28858559472200473	0.27994627392597926	0.26896359501193434	0.26513014453598116	0.25306908569111597	0.24590001876838027	0.24085038621745433	0.23537508390297648	0.22641240846562757	0.2171390207529438	0.20984866188257503	0.20527094126444115	0.20453371037913123	0.1972102171384362	0.1934841880448054	0.19019275817810785	0.18466303877788756	0.17681028309436728	0.17206232826941684	0.16536001496984762	0.16161385349955973	0.15439476955258	0.1451770880209279	0.14104631990304753	0.13923084334621652	0.1374038149033088	0.13311447404336355	0.1282670184184995	0.12594773788260108	0.11771081752837717	0.11632125603044605	0.11359163798294283	0.10844578480568326	0.10276797992007916	0.09876339760733002	0.0955301697251533	0.09228035418503419	0.0872506431028319	0.08472195337493696	0.0793326124119357	0.07704642368357098	0.07252064270213412	0.07003100184249914	0.06538459201543492	0.06214818275917519	0.057992503033299475	0.052743655652724014	0.049904482307136955	0.048162538945870276	0.046266484255127555	0.040391904714913246	0.03714365936705352	0.03371552219283677	0.027891753638960043	0.025849609462287315	0.024055757862199767	0.021961611962903804	0.020522899414373408	0.016146648977111655	0.010861537661473936	0.007678742001269501	0.0046347308969435785	0.002357727182620284	0.0	0.0	0.0	0.0	0.0	0.0	0.0	0.0	0.0	0.0	0.0	0.0	0.0	0.0	0.0	0.0	0.0	0.0	0.0	0.0	0.0	0.0	0.0	0.0

Proportion explained	143
0.08091100510661536	0.07634520402049319	0.06681759798623962	0.04711157695330243	0.03597971248754093	0.030827927067548697	0.02905308293958191	0.022773020496488335	0.02099814592357458	0.020168410019054853	0.018797691454816044	0.017498065741903015	0.017241618622753127	0.016519285703217257	0.015963443741186564	0.01538792864681028	0.014646004961946561	0.013470484778718232	0.012968343337145404	0.012709641648435532	0.012136911267552517	0.011939678209560657	0.011428974108815607	0.011017668723436413	0.010717969734521474	0.010354293514168424	0.010167999759082311	0.009844240038181198	0.00958484839465598	0.009253756698765296	0.009122203583152353	0.009038426231844508	0.00854748122789064	0.00819881983104649	0.00808972932318795	0.007776396503726832	0.0076207612231166295	0.007535513398729256	0.007440291827487954	0.007219510907929982	0.006988984739329396	0.006808669294229881	0.006734644550375488	0.006640210067842332	0.006506550838505559	0.006390713833690081	0.006312687411046059	0.006076949598623212	0.005890234065336669	0.005852113644340315	0.005660239825700023	0.005535230156920466	0.005298108979983857	0.005202837573271505	0.005076562803928411	0.0049865721874400165	0.004928930221011926	0.004781373966855974	0.0045937940633640735	0.004528320213500294	0.004322321998325604	0.0041998771110609845	0.004113631342247609	0.004020115298686934	0.0038670362724561704	0.003708650400866709	0.003584133894099287	0.003505948198379427	0.0034933565803051854	0.0033682741513218167	0.003304635017075848	0.003248418669354352	0.003153973203038831	0.0030198511764560018	0.002938757946396334	0.00282428503029406	0.0027603020428497997	0.002637002884177077	0.00247956845259088	0.002409016532520766	0.002378008895860582	0.0023468039574589578	0.0022735436763518173	0.002190751011155127	0.0021511385975992578	0.002010455187184709	0.0019867220148213935	0.001940101195445019	0.001852212015589324	0.00175523730652035	0.0016868405911442655	0.0016316183107832837	0.0015761127196471858	0.0014902072018062595	0.0014470181603317876	0.0013549703033711403	0.0013159230850752007	0.001238624498239729	0.001196102396315889	0.0011167435155031273	0.001061466898504597	0.000990489497815395	0.0009008412168451703	0.0008523492353960057	0.0008225975172448996	0.0007902136372563791	0.0006898780932754209	0.0006343993204151538	0.0005758480648126407	0.00047638035280493125	0.00044150132096080217	0.0004108630301888757	0.0003750958290567777	0.00035052317577991666	0.00027577851274254375	0.0001855108578024112	0.00013114994026597172	7.915940920824152e-05	4.0269067395803426e-05	0.0	0.0	0.0	0.0	0.0	0.0	0.0	0.0	0.0	0.0	0.0	0.0	0.0	0.0	0.0	0.0	0.0	0.0	0.0	0.0	0.0	0.0	0.0	0.0

Species	0	0

Site	143	143
SRR23478191	-0.0055121761388601505	-0.018409768219264853	-0.12141921697618697	-0.1300392533110102	0.08212926410491893	0.08838979219151648	-0.11861254279385014	-0.037458361552595916	-0.07967008263482782	-0.05621307483337067	0.0363354654098779	-0.05281476020617981	-0.06167101276424189	0.06360659965984161	-0.07868852900585244	-0.03785017678862197	0.20551875069917924	0.05266801648610412	-0.04448297204256875	-0.14801673482095123	-0.034676321565418285	-0.10314027388423842	-0.007386874753752929	0.05514497917438393	0.0018484496186172413	0.07526737680195525	-0.10286703236266607	-0.14447959856528547	0.0954342628118243	0.05361404831190146	0.06532417194484284	-0.12469700510828657	0.16018008890632682	-0.04877609314239898	-0.027362987317640836	0.02722749663081031	0.11134320733403977	-0.06490043890356269	0.009417922370445114	-0.12714295089779556	-0.09577402343425413	0.07134980817623535	0.06824969708404974	-0.10747747708568284	0.0978631743031493	-0.08243643957113629	0.15053067047641092	-0.02917620075666061	0.03327182722119444	-0.045573363248280215	0.02426810599100529	0.04589327473652947	0.10899019936645908	0.06144125851970495	0.035447791859629596	-0.05938792155574317	0.09697199720201784	-0.08068427034202953	0.019838770980635696	-0.019367179940258543	-0.07870169938266926	-0.015773064949270863	0.01036571855874354	0.0336577648243876	-0.039701984851054736	-0.08018111968204661	-0.04780382656556191	0.014346878485360617	0.024918735621799144	0.004632372480540278	0.016162604028930716	-0.06363638196929489	-0.013162643651585326	-0.016872913725393537	0.006690985102777365	-0.06400513992689917	0.012672983089802936	0.00999803907418557	-0.01721108181250038	0.021723822088819185	-0.01439714350513658	0.032126893259391984	0.005902137304255427	4.106939503095872e-05	-0.032855578871686816	-0.030698476094680825	-0.004608315715895007	0.016442731152625862	0.0224188123319552	-0.006637106966024207	-0.03887921438373211	-0.00037093587898978566	0.0003105158560235876	-0.00780476336556378	0.005600852003183016	-0.003309620413308104	0.016915925208069504	0.001008592861209453	-0.011143866805975865	0.0055948685017295895	0.013178484986002591	-0.010060818932251041	0.000979450661067394	-0.006415686601280777	-0.0125253822159892	-0.00040786858813299573	0.0043890242190043425	-0.001987940142041836	0.007625724665159494	0.0037587804765848777	0.005179530019799191	-0.003220676183058253	-0.007313127843274657	-0.0004680839132115562	-0.0008115076504503947	0.009710867809468952	0.005945013222169559	-0.003782559608858413	-0.0018019889942677372	-0.0	0.0	0.0	0.0	0.0	0.0	0.0	0.0	0.0	0.0	0.0	0.0	0.0	0.0	0.0	0.0	0.0	0.0	0.0	0.0	0.0	0.0	0.0	0.0
SRR23478195	-0.03027385307393574	-0.04240535116169154	0.027550687444335673	-0.08661105048724961	-0.015515080324596841	-0.14743235055950116	-0.016789235501034935	-0.08596230451887853	-0.014855391018465627	0.058567316806829195	0.03374831232662487	-0.054845350748720274	0.06228606499186354	0.13040218469522868	-0.22063821184542	-0.053374197289080806	-0.1171445992894424	0.21421586497866305	0.0350533130780423	0.013002873431239622	-0.07956509551742035	0.10591338847488531	0.025804510130740883	0.11300759391065197	-0.12051276211435587	0.13012918662291934	-0.12277070992567268	0.11754060403247263	-0.010650220078000925	0.015832365505580145	-0.016791034931047888	0.04427844389138256	0.19846538061365399	0.012087239216251416	-0.04763534871752991	0.25960564937236613	0.005660647685235562	0.0879277960090524	0.20896936420289308	0.018850028922488278	0.12151068373684351	0.0680471989343891	-0.027060559299075696	0.030388850023416042	0.012475731056042327	0.051608365193334615	-0.009625162394838618	0.053675711323277704	-0.039330343833550524	9.097328078733843e-05	-0.027749557325809072	-0.08427719702373807	0.026385789927408823	-0.06394632972011059	-0.015238200952526171	-0.021361812268307037	0.011969905166112719	0.026385561247777245	-0.020129590803595436	0.007810408169602537	0.09652912385862479	-0.04667555506404138	-0.019459953309836527	0.05392540907771358	0.0039295751209699505	-0.011337033785184282	-0.03516542634518338	-0.03681503209320518	0.009614505266339134	0.020666428377231906	-0.008700130678088891	0.02788866811376698	-0.026959944984343485	-0.04693541058038069	-0.000625796980082874	-0.034949135718216846	-0.012645003867847027	0.015508315486020125	0.010357271488095067	-0.016045651709990838	-0.0025484299143592286	0.011859289946818697	0.007470580112006991	0.002747597836360168	0.024747268514117356	0.03629018257262593	-0.011888317662899701	0.01369085903408911	-0.0038481105640230506	-0.022645868213604755	-0.021919445672759285	-0.003479820097326624	-0.030088964547064726	-0.006196438395815208	-0.0009954499504370821	0.017417144451622162	0.008256749928553042	0.009719690057917412	0.014132716276609177	-0.013232450849555292	0.010819050441963107	-0.003254039059975329	0.0012975446482228325	-0.003392262551604831	0.011031664276122384	-0.005348495414846146	0.009261123929107433	0.006676709024166339	-0.007112281094299715	0.0030855108571983597	0.004236142786347506	-0.005334999812175432	0.005562877906707755	-0.001161620956495311	-0.0063244893024342564	-0.0017071116574237544	-0.0012305468967071516	-0.0011580092559623865	0.0008417188026597084	-0.0	0.0	0.0	0.0	0.0	0.0	0.0	0.0	0.0	0.0	0.0	0.0	0.0	0.0	0.0	0.0	0.0	0.0	0.0	0.0	0.0	0.0	0.0	0.0
SRR23478196	-0.08615147220394366	-0.17312973862533482	0.08241564806119142	-0.24727125124659122	-0.01599368271829887	-0.1286800709316648	-0.14837628678194514	-0.0807793729797799	-0.08563389576540459	0.1172792286795559	0.03999105374455417	0.12485626152695606	-0.05128238700094871	-0.04969192856678951	-0.14163071397064278	-0.0258045964206144	-0.029149919028987288	-0.11875041464753872	-0.03496571041221085	0.0878965782804404	0.13012433243775975	-0.02133021573341106	0.0951923849602582	-0.036659613630996804	0.07737099812873156	-0.007034744764925943	0.035774395077654356	0.036309093660333476	0.07447104985176962	0.08613803375700212	0.007589009306128111	0.0792307382618226	0.07681589772310396	0.0012519597676504076	0.045006539371602795	0.05910581680253888	-0.05632443031921942	0.05609322702093788	-0.1305891321966267	0.016629360050182448	-0.059880884540083494	0.016979242659573332	-0.09431625409840907	-0.04868568589978387	-0.02130976075564051	-0.010146724446437223	0.0005023035633991598	0.014959924753554604	0.14076938919217827	0.058605731722493726	0.04349696511553514	0.02196807577750462	-0.04340261978915976	0.0066543524517664165	-0.0016881206734477186	0.0643069217734631	-0.06456631412820779	0.029355090449828886	0.0056071445665852185	-0.12086999960712728	0.006057337242652806	-0.055965105500145745	-0.034759395174936036	-0.0032173616354451776	-0.03329057316801159	-0.028440718189314176	-0.01200497335313095	0.0206816928618113	0.02620303396167488	0.09366352768703984	0.03833196864493813	0.037878732448165996	0.06502431424634918	-0.09516055251965949	-0.04246843743621469	0.011056703679153733	-0.0022063090410627414	0.01924625097684837	-0.05756333342398533	0.02607844514322204	0.02767026756065808	-0.004021010431258579	0.009215705474896486	0.06421239893835523	0.04666162795396851	-0.05872845542062308	0.022153409363409097	0.053382929377866754	0.00847802650717102	0.028191404142631073	-0.014590347474350696	-0.01502282206965912	-0.005327022045466516	0.034417144760131045	-0.002341853893198682	-0.004170441859880898	0.0011604361956180577	0.013505666852117917	-0.006842480317676656	0.003341398262622902	0.027679079946459066	0.0013989038490134164	-0.004749837834826362	0.012215939666541132	-0.016844211500057632	-0.017055035579530458	0.019508560626369173	-0.008058519821944327	-0.006070508231159636	0.012622666898169007	-0.005319655047452113	0.002534852001960103	-0.008394068694588584	0.0012023944461140175	-0.01874920700351882	0.004037663306981832	0.001882555864777783	-0.0026457531552886064	0.004072198725522592	-0.0	0.0	0.0	0.0	0.0	0.0	0.0	0.0	0.0	0.0	0.0	0.0	0.0	0.0	0.0	0.0	0.0	0.0	0.0	0.0	0.0	0.0	0.0	0.0
SRR23478197	-0.02818623281444199	-0.07001696544979312	-0.004114792758091519	-0.24200818861841278	0.011022732403130573	-0.04575028649890923	-0.14246988886304646	-0.017214068276053342	-0.055228632002331066	-0.01044030142614269	0.051566632765277544	0.005026737763202204	-0.0672147865825281	-0.03018447931678471	-0.06504805917635445	-0.020503293236366987	0.0436936264299896	-0.07965556121865647	-0.11741629358539066	-0.05353117736543932	0.07592439039967916	-0.004711844040834143	-0.10494736931297245	0.05264913428404556	0.026042562920481654	0.12197819709607692	0.02042832310992103	-0.19735764652181534	0.05895732722183775	0.0121296974216885	-0.1488161562952528	0.15717513796520874	0.044683068040497195	0.1652136942745528	-0.1602974319912653	-0.04845732391835518	0.028867050371807985	-0.07156655457742106	0.09247996753887047	0.07743182528085044	0.10945177325333433	0.10881061403656196	0.05851771932627863	-0.022228329866483158	-0.02237512849635486	-0.1143443642563147	-0.11042499188665131	-0.030316870195174324	-0.05860768012097427	-0.031524656343064214	0.08957148724078134	0.10792020283853374	-0.13357196189944862	-0.08159181909520527	0.09540101680208381	0.13143058292426538	-0.033103384925160996	-0.055025499180451305	-0.0018955945397404574	0.05986132000318445	-0.03580465502444228	0.026716064507141205	-0.013738195483014722	0.027711581193056087	0.04813131769056861	0.0036538236065838557	0.028351647277999114	-0.030605690481487566	-0.013038484161260388	-0.01295377332866818	0.002932438544142112	0.018826526247091004	-0.013786604885435667	0.024294955410703634	-0.019773577733106725	-0.008060548690198233	0.04083264429245843	-0.0013466613069237196	0.0012917309879396902	-0.008420377553115947	-0.013891444628470808	-0.012378309125060166	-0.021047580914157787	-0.010593607553797851	0.014402909348705948	-0.0033087078086241504	-0.0017905043603158584	0.02124349922133796	-0.019226134576640522	0.007092499651809706	0.003999062726175248	0.007426776390238956	-0.003271171484168894	-0.005945039204174234	0.013947356287406535	-0.02404636428170143	-0.011602697370905085	0.0010438448637264046	-0.005725710077900215	-0.01243498849041938	-0.008477360933435383	-0.013987713511450029	0.006357529397494826	-0.0040676882330803205	0.004470514591463545	0.0100469373907058	-0.0059726099245893454	-0.004088857683549832	-0.01008950981672108	-0.0019405840123610286	0.002510519310850925	0.0016708455402109164	0.0025528035473172317	0.0005526184364088661	-0.0026521708506442657	0.0054188678678574916	0.0010260339460863776	-0.004303918864537577	-0.0003984482669039333	-0.0	0.0	0.0	0.0	0.0	0.0	0.0	0.0	0.0	0.0	0.0	0.0	0.0	0.0	0.0	0.0	0.0	0.0	0.0	0.0	0.0	0.0	0.0	0.0
SRR23478198	0.034460878507294485	-0.1372671880211797	0.08776456789040704	-0.16274270038544528	-0.03705594834411788	-0.11861782721200048	-0.13091543735617625	-0.08278046247633815	0.010628481988869969	0.07235689141910956	-0.006425152836633616	-0.07785254753443809	-0.05318531519551129	0.07062853489198427	0.047465439208479066	0.05902551232186445	0.042409264225818505	-0.020344286636120465	0.06430537152780114	0.009382538853667091	0.08838859611868546	0.041457328735512555	-0.04888331115197575	-0.07390313066175751	0.01463562662753609	0.10527069406256588	-0.044887192151264466	0.07609336880080651	0.05560588320384948	0.08152730652521863	-0.04127905290216286	0.08605906683317904	0.015906594362089896	0.05873247895086604	0.12818504606562198	-0.0342898012281552	-0.11457755868136368	0.14028635473839188	-0.11421367011955304	0.12666603778707358	-0.09277891467291992	-0.1311579904209291	0.10680744819876016	-0.21753862157392592	0.23812264575140843	0.03837544751303285	-0.05186950824484654	0.10666263211398508	-0.05795314752450838	-0.013903090591051513	-0.0072861745928772875	-0.006058688961337015	0.02811778815076627	-0.07354585854175612	-0.004419236975889202	0.003739450799129295	-0.007988531175016939	-0.0066262816841025475	-0.032125454815991016	-0.029845171747912475	0.014798718043530614	-0.056609942810563633	0.06562472762849891	0.033755744213130226	-0.00669217406681153	-0.0050591321368318775	0.008334731356887639	-0.027259888117939998	-0.020711290972846377	-0.007017073792650405	-0.026890972095517607	-0.031630474765139215	-0.045717111013592625	0.061348470410440954	-0.022054739907639773	-0.014221577443225325	0.035031489647014476	0.03929493895014901	0.02281651041719086	-0.014691723444467255	0.007222347570238313	0.0280839364390173	0.013431127398890167	-0.029179796885766014	-0.026081058032003307	0.009936065890162809	-0.016391051069378028	-0.038736566175380314	0.018461499141485586	-0.012876393797977056	0.01883963018519431	0.001902921983048774	0.004378029577394477	-0.009652581560480053	-0.005871623032238148	-0.009083054708927004	-0.007308142422612756	0.0037585016544130698	-0.002810393431104274	-0.008999938312523815	-0.005454850518223004	-0.0007321499596121284	-0.008551161289452023	-0.011187958918755517	0.02039378341660295	-0.0004644491803476282	-0.006042596414026597	-0.004840359804461501	0.0005636390160232311	-0.0011223843122124804	0.006941653927587674	0.0020467296407994224	-0.0003235375478110759	0.0014359417968357326	0.007212154395568449	0.0027956319157293984	0.000802300294861702	0.0012831601120606197	-0.0029850530521553405	-0.0	0.0	0.0	0.0	0.0	0.0	0.0	0.0	0.0	0.0	0.0	0.0	0.0	0.0	0.0	0.0	0.0	0.0	0.0	0.0	0.0	0.0	0.0	0.0
SRR23478199	-0.41533383331964435	-0.22191746218798752	0.08762889886770875	0.11634456548116408	0.03835500515997903	0.13802060541430594	0.014530214222778387	0.003301298706911903	0.004077174007487762	0.00337431241761932	-0.06104737259218172	-0.14724844375891455	0.09911668244288296	0.04421818081510061	0.011519769328577265	-0.010571819093257571	0.00845010188364015	-0.09970681431466585	-0.024851509029656486	0.01423170494121589	-0.05645751719783484	-0.05431179034305405	-0.0669968925343603	-0.01016356689309256	0.01484116576817533	-0.04833310388156997	0.00015263162533827663	-0.023424662550407625	-0.017950816717204523	0.027595845771621094	-0.005160310701321373	0.024221734729794168	-0.023698582619520125	-0.02136564757512122	0.002828905192604244	0.08520183377638121	-0.033837559099485354	0.006167454512845529	-0.03856363170757347	0.0184716384190792	0.003531933314402989	-0.01107236929380456	0.07569485577382985	-0.000753627285968959	-0.014083293051319645	-0.011424195802420009	0.02012815520349795	0.023125723144830135	0.028802320546303946	-0.026617019659612218	0.020465932234248144	-0.007267808501704952	0.004968567380003007	0.05386216627531741	-0.0064547625791468565	0.007157260623601487	0.013427008343215493	-0.007928504840778458	-0.008274915357223087	-0.0122675856287647	0.05626551109252371	0.05513808152333789	0.010827307000495301	-0.012803776553593417	-0.012383449889663393	-0.005647248190964284	0.02973537530513574	-0.03394845154563128	0.021815114615693368	-0.018570116039170918	-0.0009336829662916367	0.020856450505503724	-0.0412144718076272	0.018688788788679134	0.004125679092648767	-0.021478917683821007	-0.02983210107662433	-0.009031458448493877	-0.004854900656906816	0.006168790053400091	0.03503656143022439	0.03191790214354046	-0.06238398708755779	0.004629504153434649	0.0012554238968249315	-0.0398679076512845	-0.015994331202439916	0.010292280477186713	-0.006039786185253612	0.004331151645413236	0.008815616988699903	0.04834710995882423	-0.02524622402034365	0.02979481869469015	-0.007633356871153967	0.01436722703872655	0.004312880623146171	-0.004590978302028381	0.02002490118737952	0.016588171651741816	0.003013553967798051	-0.03093504375362686	0.02333282524439792	-0.0020759122338661457	0.0004990180044806474	-0.0016443714344256336	0.014347868625989956	-0.03164375681276791	-0.027726053231716945	0.01130658421527581	0.0024492740863838267	-0.011780030392143963	0.03179294863998814	0.026725331006415932	-0.02617937549948097	0.003979838956275333	0.007368664404162215	0.0015933905862121009	0.001369110958082372	-0.0	0.0	0.0	0.0	0.0	0.0	0.0	0.0	0.0	0.0	0.0	0.0	0.0	0.0	0.0	0.0	0.0	0.0	0.0	0.0	0.0	0.0	0.0	0.0
SRR23478200	-0.2104382174729475	-0.20420847060393174	0.17843638833965225	-0.041420017539651355	0.024455304601552486	0.0632925892144925	0.03459291282452819	0.027419828551065447	-0.007897474845933991	0.07035493212194674	-0.055374329648488756	0.09711350189444763	-0.03360837632650023	-0.08596432868799454	0.07179638648409355	-0.07221132455800938	-0.0015130287306855262	-0.035983354592559184	-0.045327522911981735	-0.058014110011767525	0.1000754809733854	0.023493491642821194	-0.1760097653502603	-0.1352941280546375	0.010368482614547965	0.05683187445973932	-0.024571438951895296	-0.1023455657670388	-0.04115451601524585	-0.04305303114320178	-0.03950256851220234	0.02755211287750661	0.04270233566775472	0.05758877690641309	-0.03758462425969617	0.06905002997807785	-0.07557409066836226	-0.04423972836897929	0.10269626172819492	0.057035921903281904	-0.013612387420992439	-0.08391988591477945	0.05990577264818252	0.05811971782967956	-0.04172017199063489	0.07743211792682606	0.011159719942083033	0.04941100584453934	0.10522522735207955	-0.02852672910405442	-0.024568525557291967	-0.0386652034476585	-0.010555268969196268	0.019627765124138604	-0.017901600100117678	-0.005471739083389826	-0.007810612390545118	-0.04342333195692868	0.07790359805912685	0.026912381094486373	0.039423878628892225	-0.021583411173468618	0.01414235290585724	0.049509226954730284	-0.03860757785987063	-0.05903900017209715	0.007012435329643876	0.08155618363706352	0.06680699788125749	-0.03380808140383511	0.008542734027298238	0.002456832653070159	-0.015497616542599048	-0.00197307128016875	0.040173176435159705	0.014086280640624642	-0.023764012839498406	-0.014640819149038288	0.006863827693184357	0.04502389905817151	-0.03661860318612343	0.0008899027113959751	0.03172027156596822	0.0711026379310495	-0.018244663312254137	-0.01102484866595964	-0.017272250363051942	-0.03278134269926935	0.0016992548041425933	0.025305749987306468	0.025807344534533882	-0.00380941700239657	0.003178687478016935	0.009788964442378641	-0.025753286902089872	-0.017141369463470616	-0.0011582930941925129	0.001304505149016135	0.010139362856609681	0.03018577463019726	0.01237250855034833	0.012862459159053645	-0.027567543655119178	-0.010629177430285476	0.0237087265147207	0.016187390796522188	0.027437370353984067	0.021674702921004412	0.011163239731914338	0.00908240335152898	-0.002892344687441561	-0.0012823760726197633	-0.04117281138100601	-0.006650189999660675	0.012964644810097159	-0.014952265842504276	-0.006775966613363172	-0.0015648345294998211	-0.0012587430691293562	-0.0	0.0	0.0	0.0	0.0	0.0	0.0	0.0	0.0	0.0	0.0	0.0	0.0	0.0	0.0	0.0	0.0	0.0	0.0	0.0	0.0	0.0	0.0	0.0
SRR23478201	-0.04851271604055736	-0.18476678687566925	0.1666756141377634	-0.22043408421174665	-0.02211416389193978	0.03462421147156028	-0.003393033579507572	0.053270799640389124	0.049960091262930745	-0.03175265791631357	0.01287733187334623	0.1515230096356629	0.14865873423353454	-0.13302221441891673	0.12597596711998388	-0.16505435490106848	-0.08619779473807786	0.07572248678129057	-0.14413900455252693	-0.0462531327085895	-0.07407654629976218	0.04101417873076244	0.03652526491631468	0.041524543544725435	-6.273309093819751e-05	0.06144884294529734	0.02331346351032097	-0.03956983641021715	-0.022543648668238735	-0.08063747498755422	0.07854187247002813	-0.00811222946605225	-0.046243236529585466	0.08025307909316576	-0.05652823234683082	0.03401124097431788	-0.07935136581839779	0.0014105666192160882	-0.08326929439854078	0.004198234277442631	-0.08206544375959285	-0.03546112288701205	0.04531374075985742	0.008300995141813452	0.06535552411947407	-0.009984530581586949	0.0020738464231577066	0.060427741693594696	-0.012586498681404556	0.13833588372829986	-0.003376827468048153	0.006168468912454538	0.007309771858547148	0.06350138360586963	0.02594129353452239	-0.008683890112207243	0.053414213507995106	0.055396931060513646	0.054206547582624144	0.043910672943297015	0.027984857912908463	-0.02337297391362614	0.008831807990725122	0.017140617158767874	-0.011770178327313486	-0.0073388215903643465	-0.009843373973469478	-0.04173717949235708	0.019379689556506225	-0.009870269862419264	0.03247037540822221	0.025408442377565604	-0.03510776176139992	-0.025489770382303906	-0.056718017781323425	-0.011312207664243576	-0.052644773140811195	0.02076028479244808	0.027523041377168937	0.05891507071901812	-0.04720129799200757	0.011726381806039458	0.011599829359758207	-0.08913694366233038	0.02773620585982809	-0.01609519212538149	-0.0025959310714954217	0.05573313139157123	-0.06942719840335108	-0.013460801076246337	-0.05752133064447944	0.0018450954140238392	-0.008350665709767025	0.019981726283660173	0.040096599716824076	0.017798057157389753	0.01293858566816668	-0.04139419426176005	-0.0075801966934621835	-0.0044785398166427935	-0.00938002963239617	0.02597682905062376	0.02527747214750429	0.004760226954875345	-0.0021778670628469403	0.015799995979359986	-0.03041392022731963	1.766560470433802e-05	-0.018292744103416695	-0.004571870715081465	-0.01688683235425522	-0.009461006594058685	-0.007229342715327536	-0.0022938171868966658	0.011492693547229984	-0.005602533168836172	0.0067336547257755685	0.0015109249731141972	0.003534399789735354	-0.0	0.0	0.0	0.0	0.0	0.0	0.0	0.0	0.0	0.0	0.0	0.0	0.0	0.0	0.0	0.0	0.0	0.0	0.0	0.0	0.0	0.0	0.0	0.0
SRR23478202	0.030285176861804132	0.4468143941628409	0.195900301878084	0.1384445874065245	0.05073716815637442	-0.010493257475005678	-0.1026056280574959	-0.06555067023320518	-0.061722908639214105	-0.01753393284621169	-0.03507284702769775	0.0059243181637182625	0.05597148330178862	0.0061654738768062885	0.011640077843762643	-0.025665655272854287	-0.060195041108867677	-0.02937274554844503	0.02053196367614276	-0.06138803870515428	0.0757023607071773	0.042537246521325074	0.011872054109309837	-0.022252439564802766	-0.00429996297358902	-0.020986622891635092	0.004495677689587103	0.05602616208833459	0.04033688373158526	-0.034462183357911395	0.02126297931174217	-0.027003333154877143	-0.010433932457592093	-0.04716554346460635	-0.03809312997782183	-0.03287258701121538	0.020718274712728118	-0.03896572578566717	0.004436619893531315	0.033827876251515905	0.0006313225601664717	-0.03209865990487334	0.05878969411096191	0.03900864434188975	-0.03381386437342311	0.017285907675658872	0.0064314476460821945	0.002005299085621726	-0.003015666588442973	0.02084378393139512	0.01457445549231296	0.015100697042041943	0.013509085877689815	0.024206720251172913	0.028422928450210085	0.012710799052743926	-0.04932939581557239	0.008855155507664069	-0.0013748027831135146	-0.03070929879828206	0.006562456187344793	-0.01610854573645164	0.03008591188194256	0.024655085934280344	-0.008585538763152309	-0.0198708221709236	-0.045916914090895405	0.014497877460490196	-0.024676708365914717	-0.042206996719272576	-0.007145367351544328	0.04053342256478531	-0.015353088418927074	0.009537190940052849	-0.013114838565748894	-0.029736274621744305	0.025169910209637394	0.047006529118860454	0.006603867042522243	-0.004444575851418902	-0.0017830575030635403	-0.002095564847562578	-0.007296304365865018	0.028787946521907797	-0.019994894050164972	0.009737130767763523	0.0423299476929939	-0.0001784623645490189	-0.025523778189056944	-0.020803801845230105	-0.01209804739728245	0.0024263832865845845	-0.024162234490580064	-0.03737152738119581	0.013314077448929346	0.012547464939460651	0.006145014130760533	0.005949361423036512	-0.019327782441157272	-0.03626955098770721	0.006276556936326906	-0.025438403166823855	-0.02435310659016535	0.013571787953965905	0.0332084280658368	-0.0007731119207378258	0.02017214732422905	-0.03587598746224888	-0.004918682056537222	0.0019440792342722373	-0.00908273717169704	0.010737260212628575	-0.022859799305794896	-0.019391194272123206	0.011777344294068941	-0.013941489409645146	0.012066047054494756	0.003177947256502654	0.01036943900049943	-0.0	0.0	0.0	0.0	0.0	0.0	0.0	0.0	0.0	0.0	0.0	0.0	0.0	0.0	0.0	0.0	0.0	0.0	0.0	0.0	0.0	0.0	0.0	0.0
SRR23478203	0.16574037488135182	-0.1903258123487732	0.24301632601537587	-0.12938286411727776	-0.042058386241466544	0.007789124512328908	0.11340385820339152	-0.021060365621172673	0.02946402506213368	0.14932075729954947	0.03302429072386977	-0.025601414317519552	0.006506248384874629	0.01973892857585233	-0.059700163248034135	-0.0036682096973485708	-0.14611195601850127	0.10258879256190306	-0.03923615437297343	0.025026895756983795	-0.11631314092333074	0.03421122693635034	0.11622726430136121	0.022286774881431687	-0.06672592764259459	-0.05052662805985942	0.10261705738387461	-0.09197602187144398	0.02463443942394955	-0.05468909039948657	0.022166480376860153	-0.033903277588440035	-0.005367172234449181	0.0810421608488761	-0.045803494723011526	0.0006640412015129118	-0.018603784152433484	-0.05695261458424095	-0.041464856597819	-0.039379512398301855	-0.056610929633218475	-0.019026425692658173	0.022412254794866776	0.03405900700798821	-0.004397257255532262	-0.007345079753984685	-0.03442814901004855	-0.025569246228210614	-0.010198797508239635	0.06114415504565456	-0.02370788347176196	0.05893203696021914	0.028288464301879132	0.03554989972412234	0.023107921460300645	0.038365260439674656	0.023138599040307836	-0.05024299638836311	0.009491443642167518	-0.0066591293720983805	0.012944711605003977	-0.0010836628701736677	0.05446889390624119	0.0170284184414001	-0.03015639843697422	-0.015320540050269537	0.01949766330885411	-0.05521235541503824	0.016057947493074643	0.06884796124819981	0.008974056989597043	-0.05225803111380289	-0.009180373457537562	-0.01634113271470157	-0.00014179231092833482	0.015223235628873294	0.059182928023983894	0.042102547888238126	0.026976356029588002	0.0025219223178204677	0.08825112511275161	-0.04742570716689117	-0.05575930879263788	0.04979603955377338	-0.002954921662679493	0.05569647421005847	-0.025624975501276872	-0.0620300408355861	-0.006042814063834386	-0.019685643500769703	-0.01387959807483782	-0.031950731897412876	-0.0006223058701450825	0.002183318434170068	-0.04640616161871065	-0.015977841558426898	0.027659999160047598	-0.01460921027819309	-0.009353227660742479	-0.0002727146576243518	-0.007970086711211704	-0.015045942067789893	-0.032113106038746064	0.013384321895207586	-0.005382758261373201	0.005644748914100896	0.0017353118429648178	0.007625824325539873	0.024027970210969238	-0.023551998389931078	-0.01672031675188964	0.01760811666155212	-0.009993253525600257	0.009244308839906496	-0.015425686716734152	-0.007483661889202859	0.005567571404428881	0.0014379449167148315	-0.009132354092063984	-0.0	0.0	0.0	0.0	0.0	0.0	0.0	0.0	0.0	0.0	0.0	0.0	0.0	0.0	0.0	0.0	0.0	0.0	0.0	0.0	0.0	0.0	0.0	0.0
SRR23478204	0.007347296280391362	-0.0866916605444204	0.053159788173992424	-0.1567408933642352	-0.036688669790077705	-0.04385141818993651	-0.09983992659944428	-0.11599515959981015	-0.001107781289667645	0.02004525230921984	-0.056287243430569456	-9.629009858635012e-05	0.032130821636497456	0.037038929124022256	-0.01859079702067193	-0.10752839513579003	0.0067991202462254026	-0.09153794245153483	-0.11596276342989122	0.03131024371783856	-0.13939496183967107	0.07094174482385933	-0.21251565902299815	-0.08210275128587316	0.0032536769787211094	0.10733954807379903	-0.03438264406008557	-0.008037994660762767	-0.1897162033697511	-0.031033073108714115	-0.09591500896886303	0.0282825893136182	-0.10479737239977321	-0.08941987281542718	-0.17035105203286943	0.08027706993924176	0.005787682161911582	0.12339527633345403	-0.24231254468399585	-0.16673218494789308	-0.024857467457860206	0.059717687172674706	-0.0008345133704644675	0.13101490966442486	0.01815663727246734	-0.11192582720938869	0.0335703507201587	0.05991641267446483	-0.027412362275578542	-0.07098584594178596	-0.08715787650904633	0.011734138792345548	0.007756284804798973	-0.05098266007698033	0.023998251734345624	-0.08051569900370849	-0.03315151132706098	0.023289865735902523	-0.1162077960221349	0.0038902342153490557	-0.017641580916878716	-0.023027441504515727	-0.025953021161641415	0.007348559786417958	-0.006216057839559267	0.0030822479596833443	0.012852537200545341	0.08076099515049835	-0.0560388925898374	0.0061720573589251915	-0.04562006122504398	0.014023571865914724	-0.016104142931393412	-0.030820404473514272	0.010657299216726994	0.00411609292844881	0.01792751611934003	0.009424362812272234	-0.0027403476674985956	-0.026087872868255074	0.010789334023326219	-0.01975821998586907	-0.0024245538362163144	0.005919195884850057	-0.02544608160207387	0.006818750991286069	-0.0008712072978464714	-0.010002392142972707	0.0075797176961762604	-0.0037219699121474304	0.017667698309250864	-0.003025366319063222	0.0026606062922177754	-0.00916413261904081	0.0025057622367791184	-0.009688833937397593	0.003914574330421609	0.011233980369522419	-0.0015415068338846469	0.003121036353695348	0.0063327650373675185	0.003988816674700468	-0.008204198344194788	-0.0038743049943374573	-0.003326334696233577	0.00032291569596121786	0.004356179425935393	0.0009221543149414086	-0.0036566725951844383	-0.0075389801443033685	-0.002598836869563936	0.0010411092023084015	-0.006394980380500187	0.0004267679269682143	-0.0023518677944827154	-0.00044819878977003336	0.0021078319179476846	0.00045410204253920535	-0.0005677795067496588	-0.0	0.0	0.0	0.0	0.0	0.0	0.0	0.0	0.0	0.0	0.0	0.0	0.0	0.0	0.0	0.0	0.0	0.0	0.0	0.0	0.0	0.0	0.0	0.0
SRR23478205	-0.4229825236675676	-0.23993313006228073	0.13476979337731412	0.15594369969478142	0.0739064195231631	-0.01858476531524376	0.08594335854242212	0.026945501171441094	-0.02397482492709329	0.033160754141552694	-0.029755315005073082	-0.11704025230063989	0.03126188931631944	0.12818538904099427	-0.10521745454113997	0.04115305036549083	-0.07951930887074238	0.06305528944174418	0.022628233922605916	-0.028148627265939415	-0.01371243601789512	0.03754828594874269	0.05843021564278443	-0.03840618548086665	-0.025973935683978596	-0.01756979083892569	0.05089041353887926	-0.01233114928444582	0.006854474390082953	0.024350293984648465	-0.01071064705286114	0.0016092733312646373	-0.04192543059583212	0.013334194216398244	-0.02003159877335489	-0.008276376870206732	0.02098839673036022	-0.028194887191949975	-0.011504740234199857	-0.0006181424546822682	-0.04875948749157509	0.006238528551188494	-0.03243184948406217	0.001444866044677987	0.03289862495075125	-0.044633188217997256	-0.02551727878420187	0.003999565462062531	-0.04781728630891536	-0.009895459853876045	0.06661458958994612	0.003932003006713151	-0.002928186938615622	0.033118584538887684	0.038597386498487346	-0.031160820780014184	-0.0014500077476820319	-0.03329107714170495	-0.02581901968958469	0.020774813969298127	0.026924681948201662	0.0013784938611755757	-0.020329511994380503	-0.015433779693574571	-0.01624540484763017	-0.03121978057978365	0.04397798177422631	-0.004055177543036261	0.00029048882610566075	-0.033330792369221776	0.022794762195015965	0.014775194157228139	0.0019335336341653245	-0.010471422627610203	0.027188058455215894	6.027090679175113e-05	0.02356123277750056	-0.014362855465971455	0.028300414207775966	0.029348966257742717	0.022911039257451145	-0.008674058007317902	-0.009547473872060216	-0.0036962295521694812	-0.009554007848728367	-0.009157418092554898	0.022358849010741397	-0.025235386049353506	-0.015218117711793948	-0.029425144122824563	0.0008662602868643854	6.017223737561566e-05	0.0014854669202583998	0.010992131438021135	-0.012160033303599107	-0.02027709443733556	0.00517573784583548	-0.01861721365803668	-0.04328876901346575	0.013016375048367959	0.0053547299910240344	0.0313630404490602	0.011657839343519502	0.006311555845049642	0.016107645376284684	-0.02541066136235128	0.04201323220279967	-0.0034773604891263836	-0.010790345468432189	-0.006302685251049848	-0.007181949166292123	0.010539932177925142	-0.02776714644615235	0.005183410942934723	0.008285887091289374	0.011130627583134017	-0.004594894367105965	0.0009239272216315364	0.00013338525147053818	-0.0	0.0	0.0	0.0	0.0	0.0	0.0	0.0	0.0	0.0	0.0	0.0	0.0	0.0	0.0	0.0	0.0	0.0	0.0	0.0	0.0	0.0	0.0	0.0
SRR23478206	0.06920126086968047	-0.1574416822677123	0.138336780856032	-0.14933741813225987	-0.225012130351783	0.19518008553398583	0.10766348974143913	0.04398097856049725	-0.09963113829195602	0.0904657380233404	0.046752071002729004	0.03692791621687544	-0.1491440291754501	-0.152165849598095	0.017066590371970496	-0.007362020928516999	-0.024804317567080132	-0.054986413846136104	0.046164388243354275	0.003888076792320748	0.08162686567674118	-0.01623687377319968	-0.030683792405176376	0.05354737547927884	-0.03772507118044769	-0.017891240004492135	0.012374062947737	-0.04183088276792258	0.03325469018186962	-0.01209407610284639	-0.012673297305872312	-0.003847061852872714	0.036198312551479504	-0.08193152970254786	-0.04136204213439318	0.09187489792635753	-0.03181979032280664	-0.022245773837674277	0.04790814012722342	0.025776859034016227	-0.062424402160428605	-0.012891047570009482	0.09644009549354021	0.035187755511810755	-0.06063551657599346	0.044349429524770806	-0.004588802618321484	0.011198811394940058	-0.024922535615930583	-0.011595494372793513	0.061451163642436184	-0.06983668738864814	0.02943725056154039	0.017753566772996835	0.030432831760866783	-0.02953802442574964	-0.017124574207437886	-0.018341942916353562	-0.013041782174858626	0.023052794281563135	-0.0048472493544935305	-0.012947832647557134	0.034128612415085316	-0.015501480900511285	0.06543403722257662	-0.015019120701453956	0.03556142102111298	0.02006584731686854	0.00905602438486479	-0.008177089670700261	-0.04182226681589264	-0.005803804157003329	0.013348385371223905	0.01687444848071157	0.01586167304665571	0.05330715344472733	-0.030220156803528166	0.020985814985693713	-0.05286617788246213	0.03688027897341381	0.06301372636257412	0.010843573102250271	0.0077184639903897624	0.004031991587199111	0.00812937981979152	-0.002003247434689717	-0.010131063395382634	-0.043963375902901385	0.037580188399125025	-0.07723939580886396	-0.0174557473880823	-0.036559111517136665	0.033454602628581284	0.023239038611283385	0.025212253679470935	-0.022874571578024656	0.01973121595819712	0.046624593876325726	-0.02492470665927593	-0.002539319199151023	-0.0016012979654791953	0.029550427318344376	-0.014872257930269845	0.0019711477504759517	-0.01673832936783577	-0.016551366927081156	-0.030764391057215682	0.00147060682089277	-0.01094490091643036	-0.00622286501965584	-0.0036995489709486474	0.005033288249497823	0.0303697367296112	0.019159945666692043	-0.003358619254395073	-0.001601083547832523	-0.0017198214859499466	0.013082900687998635	0.001202463548922493	-0.0	0.0	0.0	0.0	0.0	0.0	0.0	0.0	0.0	0.0	0.0	0.0	0.0	0.0	0.0	0.0	0.0	0.0	0.0	0.0	0.0	0.0	0.0	0.0
SRR23478207	0.10646951672177737	-0.14012736526595385	0.1489047371982009	-0.18873124744462064	-0.021609011303005268	-0.01067823620882284	0.013109849135529724	-0.13715214379775958	-0.048662034458463364	-0.06102154341253511	0.06752506056334255	-0.10625196610786326	0.07470532112481164	0.08644269653508685	0.13477524708539082	0.057137686669599536	0.15473063650261956	0.0996989879137753	0.1143564051170611	-0.003514004168432082	0.06201873717893886	-0.10796521924143779	0.0833541883942532	-0.1307961351278944	0.06940250747793371	-0.09345450662385764	-0.002345084212394522	0.06264017284932794	-0.022971670301457813	-0.10911280541263621	0.020458274944682102	0.022350822877891037	0.025393413301112135	-0.054917712317882464	-0.003811449793061148	-0.04016231397598063	-0.004712101743097142	0.03832002035724717	-0.0030437922133205258	-0.11775712997128329	0.036557151896244436	0.03542987990195638	-0.06797054881731936	0.049469132900563206	0.04567221948949943	-0.007287312937454529	-0.04234999541874679	0.017270690458987475	0.010206648188014962	0.05668174646880596	-0.036605082621890744	0.03295227089788301	-0.018388495105353685	-0.030493643735933437	0.035639193905878046	0.06877547552639228	-0.010432972554982711	-0.01145877552747399	0.033427334934535785	0.011860533215982672	0.0060403331113808205	-0.013061648089765707	0.04080326182309711	0.03396347219281851	-0.04844757267452	-0.022028161687871396	0.008790174890821865	0.009140186666964277	-0.004194820320470652	-0.018562503925800614	0.04181366677345276	0.04263620779980141	-0.014288495450174545	0.00772892358002067	0.0985849311911841	-0.05860039104537936	0.05938417508086238	-0.04226209422430275	-0.027385720547677385	-0.033117740321817093	0.012395967597147492	-0.01776432571945467	-0.003955764284994155	-0.0005050226289657658	0.05162412216643693	-0.0020514177149611717	0.01652314667661716	-0.028742149424690954	-0.05198899419351892	0.00903606607910162	-0.006270061950845572	-0.00815697711990779	-0.014228279522132826	0.03583714538823663	0.00914355302247473	0.0025082914494194944	0.03519879380230243	-0.0003057570616332008	-0.011636845048078865	-0.02387785338392472	0.0036944739427266582	0.005267051989618139	0.02099624663477698	-0.003817630648003263	0.01516235694225023	0.013918953974254742	0.003936905067321111	-0.01736280809841533	0.01632922200505188	0.004743093199847493	0.007865441274962335	0.01005949534630909	0.003822993253394594	-0.011256795781525006	-0.0025551747512966697	0.0004096678755329175	-0.018840383267311824	0.0011107074215429564	-0.00029699438908226534	-0.0	0.0	0.0	0.0	0.0	0.0	0.0	0.0	0.0	0.0	0.0	0.0	0.0	0.0	0.0	0.0	0.0	0.0	0.0	0.0	0.0	0.0	0.0	0.0
SRR23478208	-0.07400028496991887	0.4750637117735951	0.1925363147978274	-0.13923718519277653	-0.007612012168566818	0.04832322715249044	-0.1472670205399979	0.08642384986800523	-0.04343558133716186	0.0351689627690797	-0.018305986914562162	-0.060277392721912085	0.002484047366068546	0.06373266790225682	0.04247507663550106	-0.03827571412329109	-0.034143154229376124	-0.04163601213598653	0.0883895393595266	-0.0793259826310914	-0.0058159351403596835	0.04881031665563617	-0.045870801430145776	-0.024907500597851157	-0.015051029799888076	-0.015633162109835536	0.05689319671399279	-0.009385855410997158	0.003876529495407126	-0.017788579753339827	0.015047619214572521	-0.04261995815049248	-0.018887358310873213	-0.020246761312259953	0.010141736541011302	0.05128303361173786	0.002829855898030157	0.01332634770655923	0.023514912410606346	-0.01809138351347187	-0.06869282676182538	-0.024762782744019916	0.06370221217629465	0.0026230849478533357	-0.04829107931958665	0.061504990141067285	-0.02219213513688775	0.020407401291513458	0.05283495571150171	0.013397552026302145	0.018440937391347216	0.014720037311129785	0.01665687274669427	-0.023492793759647794	0.04282569169985072	0.006134098174167956	-0.043037216541335424	-0.0008881181105579886	0.05401233887069425	0.00154619238380849	0.05005337771882967	-0.0019810154577915083	-0.03087293311937997	-0.002200761523629435	0.017063444234552225	-0.028864886323280575	0.014936828135986046	0.014266066909247728	-0.02169895552892902	0.0014936205136470303	-0.0414973910633955	0.00932670197559479	-0.007037545130734438	0.02516844149622361	0.04121212272260761	-0.023531038669586214	0.011703214179435966	-0.013880910774872844	0.00035644439652134937	-0.008973666134611522	0.018213768156806833	0.0007324162520128202	-0.02477765547954172	0.006914016631551478	-0.030824455424775767	0.0019356884358435506	0.041110704060756786	0.008918341161021538	0.01284478137403849	-0.017605624732515944	-0.010725304600501742	0.01205635042536293	-0.041864567014694556	-0.0352435957640129	0.024032655215108178	0.037557302641388096	-0.010375496866605919	0.017590923456951905	-0.056167312051448384	-0.05200865166549918	-0.0003466223609433734	-0.003999767871372885	-0.019558112789899103	0.04125868622846869	-0.013482143961289363	0.023886619241848792	-0.02066753646208663	0.005595416492167494	-0.01013980072753722	0.0008873247922554057	-0.02626073671846672	0.0005857559798970066	0.009692758229812427	0.013678711161386876	0.0007108758138304805	0.027573943035535998	-0.015623654313129771	-0.005502350808838437	0.004497413525115929	-0.0	0.0	0.0	0.0	0.0	0.0	0.0	0.0	0.0	0.0	0.0	0.0	0.0	0.0	0.0	0.0	0.0	0.0	0.0	0.0	0.0	0.0	0.0	0.0
SRR23478209	0.21260850320964395	-0.17994342293420698	0.2636246671120366	-0.13310026649575002	-0.04860373650887869	0.06862564944536775	0.11598277785659065	-0.018591480375849647	-0.008352649259331418	0.1338668555223317	0.002906289433021754	-0.09332284143955233	-0.13073801674835953	0.017484678858909992	-0.03223977851845495	0.04098209364463592	-0.004853589213147043	0.010472243066646693	0.037092816348317584	0.0255808253731387	0.05985542436644714	-0.032957050562229466	-0.06363292336458312	0.06735353097502278	0.023726688455603256	-0.05745720561609733	0.007272088968903576	-0.03805529242876779	-0.06595393163698988	-0.00872640965889478	-0.030115148539987258	-0.017786950403386414	0.045649006139701465	-0.09373021309185496	0.05695704894617386	-0.01843138614107941	0.007154631972684042	0.03478023301074735	-0.0013418191891112232	-0.008858775537547374	0.0019851298876539234	-0.012802597451955245	-0.10889486599174118	0.002992341179512509	0.05268283698874132	0.07684237961227242	-0.05004081698364041	0.036764919846992275	0.01981923696082907	-0.006919323039962211	0.01961256503920817	0.0164210562493142	0.0006862240218003656	-0.010035880362343982	0.07851688630148156	0.04996046172046499	0.04588758387335727	-0.02157390384305197	-0.020509427269144953	0.005187526344651523	-0.04621351451371829	-0.010645124121967602	0.011654113206531444	-0.024754263591504136	0.01896104741173215	-0.018437011845923217	-0.0023233462420554686	0.07509731988169882	-0.014069940942356161	0.031552330022371164	0.008210334678022473	-0.013848447937996534	0.03374545696296839	0.012119428929721596	0.04314251867055422	-0.01047768481070708	0.010899142260893667	-0.04672175387702559	-0.04257156697869441	-0.03069580528377897	-0.1048142861989955	-0.01672285686384438	-0.020318022931192652	-0.06564790664599701	-0.0039050305976848334	-0.013211654753915215	-0.015780673018801192	0.026810342236523715	-0.012386170015050034	0.0026722543924099867	-0.0028336951426511524	-0.006269280417835881	-0.05431821019693909	-0.026977100514383366	0.013832100002008864	-0.009503997115392704	0.007637956950378115	-0.05314370105799561	0.02817282211115897	0.023180299779950196	0.01695820576382157	0.005995860929878315	-0.010090959541260908	-0.012793858388747593	0.026925258350979635	-0.010069630246959735	-0.021119267487269673	0.026742356462798836	-0.004634340405333407	-0.005333287284345923	-0.03291060545680702	-0.011174772313357562	0.011186072845962155	0.02012477784622663	-0.010625015594615895	-0.0060999512044070245	0.00041593963574394045	0.004091239481894454	0.006210567722530819	-0.0	0.0	0.0	0.0	0.0	0.0	0.0	0.0	0.0	0.0	0.0	0.0	0.0	0.0	0.0	0.0	0.0	0.0	0.0	0.0	0.0	0.0	0.0	0.0
SRR23478210	0.1495665021514517	0.020809105423008855	-0.020363139053546996	-0.09528544651777586	-0.01043998640434572	0.18179286121563945	0.23847610046934611	-0.0922841968158899	-0.0991721869994793	0.09560589866955659	-0.14843949321776997	0.0855676056649465	-0.037077602712009126	0.13935987198546645	0.04546142386767228	0.02348720224646497	0.020868028404930683	0.06843578040122814	0.08478967485764323	0.0944743118879376	-0.11154691705587291	0.05509098302044373	-0.01705680228632768	-0.03137491416774354	0.020356694712435917	-0.07927707215631152	-0.13966785297939735	-0.0847031718543448	0.08284551101851947	0.06969854377025844	0.02330261275994301	-0.061223476742160436	-0.039413327404853295	0.013905424142737552	-0.024950718302214077	-0.05359897827252993	-0.024652050806009167	-0.001351088315203542	0.0023297330159913893	-0.001917121651856484	0.029471067758981187	0.007610201654410325	-0.0046039689407878365	0.0038775294017216436	0.0006534676248367636	0.03679972404168208	-0.04621351301801813	0.049222250831509835	-0.021424778775326562	-0.04363584452762315	0.04597155670764751	-0.07516463512790002	-0.059851663899308856	-0.03636815171806132	0.06033165540767955	-0.01409946144400351	-0.024335138742910174	0.018822396629327397	0.010051642552080634	-0.016410157663132023	0.03849793128381788	0.01303541111249604	0.07303399620644384	-0.06155025220373914	-0.048566703254857006	-0.005227953528014817	-0.042612871332015904	-0.0026394768218738008	-0.006191156048148586	-0.017455141237048798	-0.008785170462284785	-0.020079098734486534	-0.06578939221163164	-0.014943126408013107	-0.0400050405401841	0.03444875480894252	0.04109787722078739	0.015761544826433934	-0.01085793315920734	-0.010009416900306297	-0.017220803468713897	-0.05899026584877523	-0.03707450162722596	0.02109388878103982	0.0038215746004500286	-0.001943951405587431	0.06050483091387297	0.03332705557343556	-0.008748087366508053	-0.0055608704733662905	-0.053290267068198456	-0.016912029678088598	0.019748224951045015	0.0023278797828514093	-0.013929139504326378	-0.015139051380059061	-0.014046678031644043	-0.025060754896690553	0.008438829720408141	0.002991062065159001	-0.00197008802963489	0.015153654493965647	-0.009383919624019795	-0.0038503536229426397	-0.021135411102811457	0.027789244440729534	0.02864962428497108	-0.04193509265927362	0.0029382845342124484	0.01673385436982511	0.01318070602599267	-0.022318167844239203	-0.006592417253130937	0.011275603516524513	0.008991730667731573	0.011787108011063129	-0.003519376647806162	-1.548382741585693e-06	0.0007534468272815965	-0.0	0.0	0.0	0.0	0.0	0.0	0.0	0.0	0.0	0.0	0.0	0.0	0.0	0.0	0.0	0.0	0.0	0.0	0.0	0.0	0.0	0.0	0.0	0.0
SRR23478211	-0.4898743497974363	0.24505552214989518	0.3124374740011935	0.10708424232719159	0.02901647989539064	0.08835086403465453	-0.021789689008789918	0.03272154766089581	-0.01944682615706929	-0.014035757467759553	-0.03636660855209619	-0.0472120403323478	0.023682150799336537	0.041355874441550776	-0.006319211735300267	0.006506933992931574	-0.047900916966334306	-0.005016118799510865	0.0013236999063166188	-0.028542375917391914	-0.005273436943364751	0.010750136197296917	0.0025694241607235146	-0.015641576436701145	0.00833162920517095	-0.02236101649819122	0.0005708907224235479	-0.013678074903873395	-0.0023158949123222496	0.035926583837856525	-0.01866012277373352	-0.010767931602938046	-0.013775372737796754	-0.0106306929961547	-0.020501091728192967	-0.0015669329277952873	0.013615006910034743	0.0039030350840969447	0.008859623575210704	0.021098953196958946	0.0153348657982468	-0.015450704294451301	-0.030746743847965687	-0.009162584326339264	-0.006354566723825167	-0.002137011079055148	-0.01787710027006283	0.000643930654178356	-0.015542096588792555	-0.0044901633286178215	0.020650919320585805	0.015609784425375793	0.004721055752959306	-0.0028156695601997067	0.0015412145650642868	-0.012295648737787788	-0.009272288367974195	-0.02341138713286155	-0.0069439481332718815	-0.046279579716442955	0.01576494700197935	0.013238830260954976	0.009165590626843245	-0.003239629655907356	0.012556000267622209	-0.03061955651431545	0.011818721767661638	0.0035061245798050375	0.013887864409531504	-0.0015547356269355365	0.0026752257174767874	-0.000282497396638112	-0.031095159445160822	0.012482862234413814	0.0011020720361077903	-0.009698859147389825	-0.026383396281388617	0.018266591283111443	0.004545148502721906	0.012144594001056414	0.0038611848386611055	0.026611246549447444	0.0017172111531726575	-0.0055305505632450005	-0.0006279936386300143	-0.018170010538978657	0.036059870967880624	0.0021071970118106543	0.003893345795331556	-0.014196761836165974	0.02033550854246111	0.025367575185577126	-0.008606282808124643	-0.03162735605958767	0.003997678756103017	-0.0075899277815768456	0.009009107176881186	-0.022450400999236942	0.005873086740865268	-0.03184369314088968	-0.01229051927971925	0.0064334848628893725	-0.00558685565857368	-0.034217778811416986	-0.009119983418945939	-0.02169930386974895	0.02089599859908553	-0.0029440002844563994	0.005439283097850345	0.0020770749833037764	-0.0068516534352630575	0.008502674582712023	0.000705495924691498	0.006720723929271017	-0.0073273007879405315	-0.012559436407746002	-0.00038532868761264054	0.0028608521536842646	1.1212403506062558e-05	-0.0	0.0	0.0	0.0	0.0	0.0	0.0	0.0	0.0	0.0	0.0	0.0	0.0	0.0	0.0	0.0	0.0	0.0	0.0	0.0	0.0	0.0	0.0	0.0
SRR23478212	-0.10606068931684023	-0.24807079184025616	0.16721129669213	-0.010072614829347983	0.10678320270433367	-0.10649435432353092	-0.04214916341673253	0.1593100551551169	0.08022936662864968	0.1225252017924071	-0.019702470866118458	0.01221552394451159	0.014863799702054578	0.01242194505762967	0.05309602446057043	0.07168295674570706	-0.07792401736649957	-0.04160655840136407	0.09704878550230879	0.0004803893790288887	0.13958754148672864	-0.03304841700168569	-0.033588596891327	-0.05814327099210479	0.0024489687006101655	-0.006975325225549341	-0.0652428649206521	-0.08264703826548901	0.029959290296376218	0.06422102847602706	-0.02594040049953856	0.029214387137783265	-0.006533741386196549	-0.01582904070175449	0.0026482995759857927	-0.04266028531531155	-0.042772883921851905	0.017286995002203143	0.01323161196923863	-0.04431221807290117	0.05355635479069001	0.021310266314184974	-0.05102216069852154	-0.06455593281789487	-0.0184944124756972	-0.06519736965055346	0.017352688994425616	0.040289384508825576	-0.11585945118740247	0.07365210790087187	0.010691325849860734	-0.025414647450784162	0.04434280156150588	0.012655480174626003	-0.0569061938550765	-0.012922093164456637	-0.01255668244048607	0.03024156666008317	-0.011072826616851137	0.07240185645266888	-0.007104054329179511	0.034546445522998404	-0.005439165710381235	-0.0352580754240624	-0.028832564197105916	-0.011340990769738803	0.022098097827422423	0.019659219448521385	-0.0001372586135476523	0.03112903673735625	-0.001258431678741106	-0.029848990935239485	-0.0116387348377458	-0.04080332540989427	0.012629114089968047	-0.011257750464044846	-0.039658961016247885	-0.037192845102837394	0.05849111991832952	-0.013599078454806282	0.00464342060347688	-0.04165997815365953	0.019923032766516947	0.03817469071918181	-0.03564673827064218	0.019034451940330054	0.046631364081686874	0.029698748312324556	-0.01389565499140613	0.006127221554250621	-0.06223957150631831	0.017916333372352298	0.00013431381984753833	0.0013956111730920899	-0.01847844268418127	0.04736675156544947	-0.0235142170869974	0.049136657646851156	-0.01706754798750634	0.025389646187291504	-0.020600131653735906	-0.0049968530051804185	-0.0054638440766839776	0.0034686366703689507	-0.014764485576913686	-0.03017386987912603	-0.022937975912035665	-0.014942098298292045	-0.025340764454848168	-0.02309132780995282	0.004116142463289595	0.014452854278049399	0.0008881874635705833	-0.018081485348704324	-0.008411892772214297	-0.003859028780837563	0.005498407297295353	-0.0032537871482411305	0.0034776080477198993	-0.0	0.0	0.0	0.0	0.0	0.0	0.0	0.0	0.0	0.0	0.0	0.0	0.0	0.0	0.0	0.0	0.0	0.0	0.0	0.0	0.0	0.0	0.0	0.0
SRR23478213	0.05292990178949541	-0.020949858685673298	-0.16789568279818246	0.20862348677952983	-0.4706316239308866	-0.013818998866394637	-0.14183838599524573	0.03980127084085612	0.029765010230872888	-0.021393642752337	-0.06886894029840221	-0.013221988745008588	0.03314821878594522	0.05251017690914726	-0.028069525458444367	-0.049561653810827645	-0.01861480134650815	0.07142081599754536	-0.012404024125556462	0.05709469349445879	-0.006672986871354827	-0.09622624147514784	-0.031698915364480294	-0.026485593381726347	0.045145777412246124	-0.005788717381985448	0.05835879892419779	-0.07691436860006683	0.0132551734784091	-0.056784446749513495	0.016706057818333717	-0.02598785778603606	0.011033480362709477	0.02718178176711197	-0.030431862258594535	-0.0031564656159922804	0.03917618248125075	0.03327710221358898	-0.010964578170766926	0.10159341155072471	0.030541854999486126	0.019519139969322755	0.02268937964612835	-0.021198024134527035	-0.0014045621493095051	0.008432633651174682	0.1054443188951581	-0.09167160312057816	0.059984905425984704	0.06367801372208966	-0.014631906557054519	-0.030307261174098352	-0.004218997905073213	-0.04426392881383535	0.007023276627127697	-0.009568122312761631	-0.031861960319539785	0.059784879740217574	0.0007704017884138367	-0.02489082946928793	-0.001342505153237601	-0.05914839101531055	-0.0024917921590890384	0.004067435736206458	-0.006815474779519825	0.005137108642851376	-0.014615172807448699	-0.025097478336639598	-0.01908773153315831	-0.007071001248596999	-0.009774563431822527	-0.03550531235026019	-0.019820018171188083	-0.020139417321965263	-0.0007501818618040288	0.026254315645697135	0.06562137692788221	-0.029529032987565117	0.0420739634539073	-0.0019179771073099077	-0.00925872706843111	-0.003770819151319372	-0.031214854051482936	-0.0019112581705289125	-0.0008668152469962147	-0.02067606119928096	0.009046919214126016	0.018935006064557208	0.009663014639911283	0.0171718536744726	0.04197809654233957	-0.005650776248830454	-0.01690716351784178	-0.015403174476090497	0.014816685389666693	0.013434766098502304	0.0011335559503040653	0.006269257660961243	0.040941203365251755	-0.014114375380872788	0.005192261995409702	0.021192797882754966	0.0009468550315648888	0.01402521247288873	-0.005135998510074028	-0.0022768250049592397	-0.012696317943396212	0.02098888958758471	0.008032856274665382	0.011219158394961062	0.0020467217307460037	0.02681992405774255	-0.014524614464875638	0.010804324950064935	0.005987548759126061	0.0031142268670253997	-0.0018918646609874395	0.011264635944486385	-1.7162134147158198e-05	-0.0	0.0	0.0	0.0	0.0	0.0	0.0	0.0	0.0	0.0	0.0	0.0	0.0	0.0	0.0	0.0	0.0	0.0	0.0	0.0	0.0	0.0	0.0	0.0
SRR23478214	0.22407941734189807	-0.06794648812185748	0.13753145295904795	0.00664527142774534	-0.06809423068951596	0.08688491133160245	0.22769080277249612	-0.0433321678568482	-0.08848968225862441	0.0394368021622999	0.11209949888846006	-0.05067339326594241	-0.0512533948590734	-0.0162950403321002	-0.12173409306146088	-0.019021882862087842	-0.05978731913210528	-0.09594077225077591	0.031138660064841443	0.015515994573584638	0.13578011603864387	-0.09466996382136324	-0.008176406714393826	0.06814379570573309	0.012212726948715487	0.04561267604783778	-0.012828691681962823	0.07552251464941802	0.021843121373790166	-0.03536967088343718	-0.019711269308386514	-0.025488038647252877	0.02108705132088062	-0.06406357942883635	-0.04965123716693903	0.042681733737473915	0.03679695136133184	-0.021702110729123043	-0.06743151599297323	0.09499055798890631	0.019426142351546515	-0.08133333409128475	0.11062058559368897	0.014557111000223782	0.01807449540944915	-0.05828970882771655	0.028313648418037976	-0.07944866955752725	0.01574336835426365	0.012980274041708647	-0.0017074841288050907	0.08486793355754856	0.021918798866896416	-0.008555030835940109	0.006752556262628885	0.010959449428232772	-0.045274584155732094	0.05768801764623269	-0.02322138305720945	-0.010049989295919244	-0.009272717043281205	-0.03089695596590924	-0.0586656650945572	-0.027826098279035018	-0.04556511123270851	0.00851034510823698	-0.058897700427857684	-0.015165558815044283	-0.03379048494545419	-0.025763919347791975	-0.0005256145052611118	0.019838484341283685	-0.05644283208313928	0.01363335884245599	-0.004289989242676165	-0.009525232337205558	-0.032615504609416306	0.0335030265587551	0.035100170443793106	0.0001964759404447568	-0.059788693672031906	-0.013871955550574	0.01105628991149573	0.00071375396200114	0.03378637981579553	0.028309682123451693	-0.0116652362993239	-0.058829444230326	-0.043347696299106064	0.04077734949890487	0.008243265023247362	0.05016928672521786	0.02583492560374135	0.021569232561785442	-0.04724170632958337	0.05426844939849396	0.019451680995815773	-0.02169338163441275	0.018898433263244543	-0.0009294806256222801	-0.00915312619035015	-0.020507641421010345	0.02483026911942784	0.03997877629928059	-0.044318573520428756	-0.0018486688887194385	0.03340916335524937	0.018080698489013825	0.012290860491808425	-0.0164149037742768	0.007869415370444542	-0.0033007105975626045	0.011697438294893269	0.016891494511316815	-0.0038741363779405185	0.002518094622650519	-0.006141232443575204	-0.005360933670099283	0.0006878975836656049	-0.0	0.0	0.0	0.0	0.0	0.0	0.0	0.0	0.0	0.0	0.0	0.0	0.0	0.0	0.0	0.0	0.0	0.0	0.0	0.0	0.0	0.0	0.0	0.0
SRR23478215	0.16675609044724793	-0.11109080769577984	0.052539609408554865	-0.10798497996500081	-0.05421530529580682	0.15621898948502924	0.09773205527847056	0.09687162062357932	-0.07025332153948499	-0.030335167090700436	0.15449909695068456	-0.06174592568432454	-0.2067587673019074	-0.023185696430616798	0.05180722288061677	0.07783480617947704	0.06496183577735598	-0.02772058995001748	0.12032524205463214	-0.014725017542125303	0.01320393839515615	-0.0387035764875312	0.05819565708330971	-0.02391420753887125	-0.08925096057575176	-0.002866532568223593	0.08123356738868256	-0.012501983011796572	0.03849332988239699	0.010242426099005228	0.0013359714598836377	-0.08035798938228249	0.011889823997923425	-0.06303018928665415	-0.038160214849688213	0.0894866003835202	0.005158560714229271	0.007849566300649381	0.019368000814747738	0.007858786355199208	-0.04320947509757335	-0.050173197895446796	0.047532062538034915	0.009619886766299744	-0.029106655281246036	-0.1095088042509669	0.047947782310278235	0.05117769646852666	-0.032662655405226816	0.026503191820757967	-0.042666328066633584	-0.02842899792508341	0.05119328570097315	-0.02613864883355527	0.008390357997856635	-0.03293459702015687	-0.03139765212579749	-0.017230829839346904	-0.015734372755805165	-0.018988311445215917	0.02431128133464733	-0.011008359769434777	-0.023729617437996946	-0.000575563945824316	0.043447351918524085	0.0731131089578038	-0.00023182171935507323	-0.001410554475726862	-0.002066126395649168	0.012091918589634577	0.04025829232531211	-0.013145405569892283	0.0006293626022856227	0.019481816791290185	0.0010899284413266623	0.06082922347802191	0.01683783646370451	-0.005804814355964635	0.05323472112985842	-0.040034806247912565	-0.004903523914126096	0.012160583174215768	0.020373923718555054	0.016853147494069413	-0.01489565520000175	0.01505943811846509	0.02565914526682514	0.0769006778571024	-0.054486413651945106	0.006372198813509053	-0.00198749178259442	0.021337384916403045	0.02234718176679297	-0.02052136206692162	0.009689832000010048	-0.004495712968835518	-0.021136656036256724	-0.037653993767388816	0.007135403420694829	-0.010290430071481772	-0.008147442769216898	-0.03715781417765063	-0.00889103881679053	-0.007242605517849885	0.003183338808359068	0.021638392390720424	-0.0064212497855978	-0.002683028055872084	-0.013843147820199079	-0.011836823918211217	0.015083350304309701	0.0072066116027925935	-0.023847660461551866	-0.02714138687581164	-0.024673394546767907	-0.005328864042550015	-0.004179180041452343	4.2319555628253516e-05	-0.0015608423640067093	-0.0	0.0	0.0	0.0	0.0	0.0	0.0	0.0	0.0	0.0	0.0	0.0	0.0	0.0	0.0	0.0	0.0	0.0	0.0	0.0	0.0	0.0	0.0	0.0
SRR23478216	0.24939929183010018	-0.08331275619494116	0.19437678894808758	-0.027988040733378957	-0.07918773299471608	0.16592394529175972	0.24395517673816838	0.019343683192275567	-0.06802568827359132	-0.10748692542539175	0.07244806506772257	0.04288973405455438	-0.08557509329543124	-0.03850879196137836	-0.1111390694960173	0.003352458421378422	-0.016748574031607233	-0.10097320597319967	0.014930697348615235	0.04171011946349965	-0.04155161880374904	-0.05674702481166681	-0.051259184247654306	0.10615361847814789	-0.029483662904342258	-0.03862663559557738	0.061486832054356365	0.013559178602462706	0.007123539251467908	-0.05889809628692058	0.0606002375416417	0.0372908016769148	0.10674477609559406	-0.07641508449830858	-0.00673715563152117	-0.07394025836598712	0.02480206735147615	0.020660793242988498	-0.026079490050108102	0.0062393711818793	-0.0015325140457099543	0.03160443019874948	0.021241035543180627	-0.050044657547417735	0.024072983885785194	0.025352884317377734	-0.0915592770648556	-0.08370214869581802	-0.046793788945750835	0.004353176145457725	-0.048987407523220686	-0.07436487794070704	0.0410200845390648	-0.004470038634869472	-0.047671065586350786	0.010587394094174626	-0.04018797570372166	-0.025182931673693246	-0.042781080262950084	0.05858489949405346	0.01890575849495238	-0.0035040323692899318	-0.012615965836874734	0.011938172590411161	0.0031390358339980417	0.027062724548253304	-0.0067841767873034866	0.012445495984046895	0.019063041571965054	-0.047639319786089346	-0.04694298911446897	0.03203450204482807	-0.007220175125061412	0.008775740491733599	0.019704597283770543	-0.03330896349381067	-0.02135775259823536	-0.013235812018179671	0.01666219398796701	0.04192203182419383	-0.044729667781862326	0.021795876434129325	0.0019135721399151631	-0.012000071814348909	-0.035614471384640495	-0.01067885492485563	0.023608628846234474	-0.007878185977027356	0.014671918084957535	0.026015126924270784	0.0036191314537986703	-0.016789773514706008	-0.01806164498183523	0.013500603380179632	-0.008833174534211135	-0.040840859540513794	-0.009717128358941422	0.027897576558879755	-0.011047963504146564	0.00836354941572629	0.015923975499947614	0.030335252986691486	-0.03422288992626651	-0.012302594405039165	-0.016925146989445732	-0.023989465465157116	0.0225224094414084	-0.010067747110828274	-0.013763493513533497	0.0045219280923267935	0.0016251013122697375	-0.0031121449568583402	-0.005126962828264056	-0.016112505860808358	0.0008332571808384471	-0.006417669697255726	-0.0031547054616178787	-0.009161496361507697	0.001544215854136764	-0.0	0.0	0.0	0.0	0.0	0.0	0.0	0.0	0.0	0.0	0.0	0.0	0.0	0.0	0.0	0.0	0.0	0.0	0.0	0.0	0.0	0.0	0.0	0.0
SRR23478217	0.11345144420448199	-0.21124300328218706	0.2016624533745622	-0.26625288008147024	-0.006922395400835149	-0.022865614131543144	-0.09800508266374916	0.07506970009196658	0.08556627305032513	-0.10019438887403441	0.043417106925241714	-0.042637987032116555	0.03445919767324213	-0.0008052680034741972	0.24643726250934833	0.07371286685412819	0.08879331015706758	-0.02391402170609199	0.018436762425028418	-0.06720370511233482	0.03811567946072165	0.00515512900309549	0.014330760633559468	-0.0038212280390825222	0.0066648944043258785	0.00136450902139736	0.008013104421982494	-0.044470506653685356	0.035884539617913186	0.01629811036062494	-0.05583442882130708	-0.0010669479805807977	-0.03616246223414875	-0.05857370745348559	-0.015615893014177021	0.10145270687749328	0.050651933300312056	-0.04045779994076578	0.08764918285586436	0.05968786454260443	0.0015713937342836128	-0.027685770657083622	0.014060925776683891	-0.013935957984844852	-0.09492069319493099	-0.02148955271478754	0.07728654937510561	0.0586309044042056	0.04550474342950525	-0.06689057571656262	0.015548924845108038	-0.043566881019074	0.005260696940326299	-0.013150327516661633	0.009200329448562534	-0.017770040127244383	-0.04407521842259691	0.034012164473863966	-0.000628956320444747	-0.033238889817625634	-0.02314029743469851	-0.042313007939815524	0.025926032386114024	0.011764714662554444	0.01772129046030697	-0.016365033015016003	0.05996825762372617	0.01359888437274652	-0.058018321269691926	-0.02269519745755278	-0.030415692596181907	0.03484368792985621	-0.012873012347737339	0.02830486306401369	0.05348167505426693	-0.005030630561838833	-0.006736280819653861	0.03365711941927242	-0.023105387541393643	0.010819770323441023	-0.04057048203355049	-0.024080922631961574	-0.0062616822707102495	0.0066745906069891675	0.05725695982872335	0.018927330161122864	-0.0029147986855574725	-0.02975969071138342	0.013110583882501135	0.025936993483283908	-0.04338648026647949	-0.03488223476786739	-0.019563972411832695	0.02038578400830595	0.0032004502850703043	0.04553106695921739	-0.02951996887920798	-0.03953321136714339	-0.004667503084586848	0.01585819184287771	0.001090396177746943	0.02604639810601578	0.03817264309049213	-0.02005256196566942	-0.012820962626671392	-0.022530775812671093	0.0141319681570852	-0.009873950769238058	0.02293708947746375	0.0019334929002828175	0.004518564906297235	0.012747414477101239	0.002103085384477645	-0.013921902437229417	0.004792042822449617	0.0027201476232744594	0.012010333746504155	0.009168418086081289	-0.004459793868509751	-0.0	0.0	0.0	0.0	0.0	0.0	0.0	0.0	0.0	0.0	0.0	0.0	0.0	0.0	0.0	0.0	0.0	0.0	0.0	0.0	0.0	0.0	0.0	0.0
SRR23478218	0.25598256223033383	-0.13935028385630266	0.18178110558404473	0.007020999130050018	-0.255888301879867	0.18657746724337	0.0734982314788163	0.07481205673177209	0.053517322867951224	-0.021448370884859343	-0.026302030449534896	-0.049347210135177774	0.01724078588891389	-0.08960630140694717	0.008338709532414182	-0.023213139715205288	0.06100257404582641	-0.028805429608497274	-0.028484235755229324	0.026981906321262895	-0.024602377390589958	-0.002974530941342445	-0.011911064001718753	0.1588307935382909	0.005379836948716332	0.006956813899420489	-0.005966383009554994	-0.020114890974823663	0.040233853893606175	0.03126562346853178	0.039475407481930354	-0.015587306425268621	-0.04349031337310993	0.043375439223816696	0.03472056946188403	-0.02047574068826153	-0.03981347921946995	0.016969093794743536	-0.011537776340213177	-0.030709810207052962	0.04395024216741946	-0.0028827680002808083	-0.0921601432458602	-0.012241925749938352	0.008890340520327212	0.09014434909498618	-0.012567727330495087	0.08866237698111758	-0.004959801040355954	-0.0730361263862384	-0.018163397367029467	0.020925453648161747	-0.024625841986092096	-0.014041897177302608	0.0034680878931714894	-0.0008274117677429978	0.0046575165439375794	-0.04812953742469252	-0.021887016231919514	0.036960854680466636	-0.025425991956612222	0.05875749054725583	-0.008979033080475545	0.04550830680286057	-0.05052258305066255	-0.014567270073103527	0.005491184971757396	-0.041553065799628135	-0.0639620366833098	0.01556403720008588	-0.010036970022073375	-0.02516850635112826	0.012249638132151455	-0.06166644575487218	0.02306144388995468	-0.014396964025138874	-0.0215829108622811	0.019891869338902385	0.05467249890846412	0.04681431649054595	0.018845293064571837	0.03077569866397097	-0.024869670196017393	-0.05269100938625529	0.007907860699636771	-0.0632166345110593	-0.012241785057866121	0.0033135482289663983	-0.04105701869792288	0.04138930510901614	0.04525244360767432	-0.007255571290401881	0.016241797312276512	0.018777936255560703	0.019107813248154023	0.02494410240666345	0.00568572537738399	0.022993559273384836	-0.013486909276093428	-0.02592003156197879	-0.0023255673487108906	0.014482788466891203	-0.006544131951418515	0.02656396094263721	0.006429206659544558	-0.003834130349387899	0.030870478686104284	-0.022735580196263115	-0.0005730337855617491	-0.0013888630467726805	-0.0031612061905282648	-0.0022506866468411826	-0.007348600376599004	-0.016588692127008746	0.0040670054390527085	0.001405629113874624	-3.6093507594163934e-05	0.004956700327728206	-0.0028538636258446026	-0.0	0.0	0.0	0.0	0.0	0.0	0.0	0.0	0.0	0.0	0.0	0.0	0.0	0.0	0.0	0.0	0.0	0.0	0.0	0.0	0.0	0.0	0.0	0.0
SRR23478220	0.05137194834037843	0.02784937716467607	-0.09418030116525952	0.0874895347219377	-0.013913990480108508	-0.10623408474754609	0.09579202414582208	-0.09629491970045471	0.1492264802663787	-0.06928819064961843	0.09699712355289718	0.21211671200858653	-0.1375383112195131	0.2751634354774082	0.0557526812083649	0.020125217879155704	0.13345181292795524	0.10304952568127154	-0.11919471012242784	-0.0016543560540831545	0.003850093989894423	0.09740772503099537	-0.06708773015764545	0.07401483612318062	0.14068279725532487	-0.02046164123035515	0.048365176394182384	0.026626187386814007	-0.0004824416231458595	0.11738857854762814	0.04321791953367933	-0.05193767875611532	0.04561034306139504	-0.013305240316717934	-0.032082086192883	-0.020532650384552802	0.06040557456585495	-0.02101420842642514	-0.07323376899025036	-0.020838852474365233	0.014539239134118025	0.05661001889703537	0.12204709390830776	0.0054357567313824875	-0.03700986609348745	0.01095566165677995	-0.04191346327760394	-0.014178598817423978	0.03626925361212749	-0.008690226336515238	0.0576418339035096	0.027664764955093468	0.005156645206952772	-0.00010857588763665463	-0.016420732818812435	-0.07533897075153426	-0.09027704838038038	0.0739541803353297	0.062231051644734116	0.04308335866646452	0.12016278091497988	0.03617086115069824	0.051281685109930274	-0.010605892098871188	0.019626527581066068	0.025863576265409065	0.045490086239093924	0.016076386960762017	0.06646851358681362	0.053562281708546315	0.02583278779182204	-0.04043981401540215	0.00929370341140668	0.02550125176155322	0.021744325796103647	0.001996005482558843	-0.005628647457035304	0.027212152941028408	0.06976028947848978	-0.03471533408131614	-0.01145543020236316	0.04238837014262148	0.018697167324559987	0.021514246062267855	0.04378209068860969	-0.03443071271984183	-0.0008427641196594402	-0.029037421208900897	-0.014865579099352709	0.05265991277934224	0.028743585368181133	-0.024110559988622438	0.0021668689520789324	-0.012892959818652421	-0.029174222512223718	0.019558668124675667	0.009839597376050759	-0.0011840956309677067	-0.011853804617338069	0.006285844256165988	0.02394188973371172	0.013320053662046298	-0.005328107331446993	-0.021542949022712997	0.015147159852976773	-0.007615028989562866	-0.022471337847509064	-0.01521502832114682	-0.017419176694662267	0.009300313387423655	-0.013167556702262537	0.002494145029236252	0.01480871828625403	-0.005006963598619771	-0.008736519005161193	-0.0006171125835947208	0.005938784606390599	0.0030379518024842753	0.0008665119166038367	-0.0	0.0	0.0	0.0	0.0	0.0	0.0	0.0	0.0	0.0	0.0	0.0	0.0	0.0	0.0	0.0	0.0	0.0	0.0	0.0	0.0	0.0	0.0	0.0
SRR23478227	-0.5006004892090009	-0.18454142284432956	-0.026531117449005236	0.21746897437175639	-0.40080321852084816	0.12074136452166884	-0.06383113651688717	0.06792762783962425	-0.02124037655095585	-0.07184774425719222	-0.04841006694503572	-0.07642533402295154	-0.013083414886935409	0.039355304471754435	-0.013478066983711434	-0.01703040408977883	-0.045688319183905264	0.054561572161057496	0.017117958934018507	0.01996991295398587	-0.041724723287502465	0.008932037379347078	0.013985524492258893	0.0005899269053880255	0.040870539114950935	0.034568883591981535	0.006932656042281353	-0.05082797156665236	-0.008384529093462694	-0.027137192653321967	0.006761472791864571	0.013310705342319604	0.01060647937574709	-0.0011889238210839503	0.013412331020356327	-0.02779941514088118	0.027350377312753617	0.011788916212419048	-0.018149245130790824	0.048719257675986276	0.012887014434259778	0.016170932001112328	-0.015357577104183475	-0.007129862731274036	0.015201269188545198	0.0115466903619498	0.04258431946116511	-0.034742469966152045	0.005856631790417514	0.01897253438792987	0.01798755558615749	-0.008540764357999841	-0.00994352204294007	0.00353490797180566	0.02057239620734886	0.008655950734691147	-0.0035219145418197363	0.020870613199718547	-0.02672105049308068	-0.019246716784915765	-0.0004663076043777214	-0.015766598458675105	0.006677140857425973	0.01005255965355001	0.017349047218852318	-0.02286364567560531	-0.013185888365149143	-0.00534662938088962	-0.004057841367634709	-0.004542083557405086	-0.013813699904507398	-0.007998365097131836	0.004138480603472913	0.00666059360658096	0.021263078900965057	0.009668933998130591	0.0055459358460286	-0.010711496410313619	0.00856579374587862	0.00786048647733718	0.009663099701877181	-0.007871103682599686	-0.017357754867981436	0.004002847910802883	-0.014036464854275042	-0.0019973414206691164	0.0013445766562687827	0.012608707862532705	-0.0016693761935093383	0.006932943778633095	-0.002606725612317685	0.00914965937171117	-0.007281450554928581	-0.0037042748257014647	-0.008463274378740835	-0.007011425274124566	-0.0058369266203891395	-0.009379850753569226	-0.008915891879614283	0.006292734926545516	-0.004332629345217875	-0.005757651161613991	0.006079938795872826	-0.0036120300947754427	-0.0034934611020185787	-0.01411451509938686	0.006415768319798761	-0.005856674656367713	-0.011799078433421246	-0.002274019273576029	-0.0008598529151219686	0.006792384010946816	0.0027821168214798445	0.005873313116816516	0.0006414033774274054	0.001580631622351622	0.003589342984717092	0.0031074335801411436	-0.003700179619042575	-0.0	0.0	0.0	0.0	0.0	0.0	0.0	0.0	0.0	0.0	0.0	0.0	0.0	0.0	0.0	0.0	0.0	0.0	0.0	0.0	0.0	0.0	0.0	0.0
SRR23478228	0.18166374322263568	-0.11131178967074037	0.11535770386916183	-0.1629352970780016	-0.048785011197974015	0.18543547890066842	0.10671039838065857	-0.10399912919978875	-0.008742716855891312	0.010875840266048011	0.15327608497688222	-0.08600196621191852	-0.0851329173895742	0.009987727759022125	0.10470756071672038	0.0639949937446112	-0.20994013404767284	0.011903656350813446	-0.009849264940361549	-0.004382493374033884	0.041174378243141345	-0.15269896318675047	-0.0856150352014861	0.038137117020535606	-0.005691800224243281	-0.07598160565596754	0.0154966371646467	0.006294060119884527	-0.09270099194218913	0.02660572396074184	0.012402823323639928	0.031109036373949395	0.0013214262067966535	-0.10009480981153236	-0.021227004980171483	0.055966534210209425	0.05622131487636831	0.0024986540013627687	-0.01174929099885917	0.017219525307388565	-0.020458421736173276	-0.011265042750098429	-0.010352445072783548	0.0829685036251214	-0.005288703886957669	-0.05091142403268546	-0.015104462120091025	-0.06213420889815888	-0.01770519934362652	0.04633049236200751	0.011176921761064185	0.03531538208850252	0.008262804172556162	-0.005117479354847608	-0.051204960701805705	0.041933924594464864	0.025611143818684883	0.07642853093019714	-0.030689991263750032	0.009703306822061334	0.028552943580720545	0.0019305626903975727	-0.005611912051172934	0.02178757552811813	0.001705172652854222	-0.003173222566797146	-0.04170570973435774	-0.040429259335450454	0.064902905340282	0.015278365984544063	0.05784317683969634	0.012965022171169936	-0.0062811756879475695	0.0601394842697169	-0.07939414449322621	-0.004532373427961488	0.020035830628395205	-0.013733790913089992	-0.026423251306273446	-0.016678908860664476	0.04659069084640534	0.01610195287135898	0.01890107740737226	-0.0030622638693949154	-0.013822447715499201	-0.054905563896722576	-0.023246816093764656	0.0012436129064752302	-0.0004488471414387168	-0.013695633155057237	0.0004627582258551601	-0.02282263097498251	-0.037909159447846605	-0.03483160707983409	0.030231285415845632	0.00284026479340641	0.005022343609238667	0.027075759439137675	-0.010682522919749497	0.011884499383080354	-0.015385065041466332	-0.0124362811127661	0.009693456207472943	0.006512887981631196	0.058580119324019346	-0.0011277708692637369	-0.012531093604077786	-0.020784517438952623	0.009043291267095781	0.03395768066208995	0.018132631793557865	-0.002201230046723939	-0.014436639768759918	0.0009172500349100075	0.022767506332061628	0.013074513237802217	0.006183242862637968	-0.0019616549710328754	-0.0030411953844778437	-0.0	0.0	0.0	0.0	0.0	0.0	0.0	0.0	0.0	0.0	0.0	0.0	0.0	0.0	0.0	0.0	0.0	0.0	0.0	0.0	0.0	0.0	0.0	0.0
SRR23478229	0.2489770015652669	-0.16359826270183866	0.16175348259513522	0.049511314250112	0.04951811861558598	0.056524230659215025	-0.013024111832517494	0.03536088464847622	0.15098046132941567	0.13319857040341335	-0.08434875152593377	-0.11351490285095261	0.04412366696515363	0.017377067733906855	-0.05001149851370527	-0.006108241866227696	-0.002190204348469373	-0.0406819186945643	-0.014811787085297387	0.011477007857433894	-0.10252715414884406	-0.045214257334704085	0.0934239126337366	0.06482623243245851	-0.0845026405619982	0.06565063908200494	-0.03267670132834455	-0.05053685090115625	0.0257166055326664	-0.016960653627339967	0.07138120272501676	0.037846770531664305	-0.05194071191259254	0.07512489167016309	-0.029676105909174355	-0.02073463477281401	-0.03465228880564949	0.03981513350834767	-0.03463598761648342	-0.01247966700334061	-0.06497971786196163	-0.020212627999245864	0.07377498058028376	-0.015879811194965687	0.030862091616430463	0.01319016997986784	-0.007961773005220689	0.02824442152493066	0.033715487607404976	-0.021010863021366153	-0.037022339240372584	-0.03342253422016804	0.0004829032806088372	0.02210742349901363	0.014336862244631382	-0.0006115818094048809	-0.03625189668768749	-0.011627195537462148	0.09672614551451456	0.03279434488654802	0.0201388759639434	0.017659538413092864	-0.024600240442824224	-0.06544374197679376	0.06923476437638236	-0.028442895803454347	0.019579589512646187	0.03592965317262926	0.013353001338659427	0.004309524111551914	0.007307164411365349	-0.01209875409965506	0.04333761137811286	0.012469557693415385	0.05588434414025256	0.033211320056459374	-0.02681084761052566	-0.046714179156215126	-0.024168501194141226	-0.04705094703606404	0.03759903023825582	0.02411458310151466	-0.04165636378998879	0.03672014686124934	0.06432505292947485	0.032387370754327814	0.03812121030425525	0.002240398888759382	-0.027918587902023277	0.007198658822977368	0.019170083544257577	0.0290093668909282	-0.037639693578541605	-0.006455238035188568	0.009703005585349164	0.025296239321121673	-0.02533630999280869	0.009366075605774567	0.02117921958441826	0.012514702678282873	0.024703537608538016	0.00518246019167383	0.018050778356843492	-0.027920308834395436	0.00652286238703553	0.006790360931068293	-0.02513177057782779	0.03138546906655388	0.03396408073357689	0.005662818450654529	0.028427108418475407	-0.011400839976767474	-0.0058506194679378235	0.009744068736704768	-0.0026645710288285564	0.009012566253652248	0.0023472669045838303	-0.01375200438436855	0.001721679036528049	-0.0	0.0	0.0	0.0	0.0	0.0	0.0	0.0	0.0	0.0	0.0	0.0	0.0	0.0	0.0	0.0	0.0	0.0	0.0	0.0	0.0	0.0	0.0	0.0
SRR23478230	0.10917748194541786	0.029609210385104622	0.212535794240707	-0.0053939406011498945	-0.005671182723445315	-0.1087741293763843	0.03183134956937364	-0.05432626870007487	-0.23115212957674902	-0.31645907151603175	0.15252009409795034	-0.024182499675072255	0.16082934580097502	-0.11640936960653402	0.08381172142787058	0.04140765998591405	0.1521008162291818	0.04426568584324919	0.028807797049452185	0.008994398361121618	-0.03913561623564936	-0.02060890037645983	0.038983229401145625	-0.05788591752512722	-0.020435294868069376	-0.04299324606988437	0.0008746536803314293	-0.0541865633573156	-0.03255987238851906	0.0744164893700781	-0.04798610683615969	-0.0463691715921235	-0.010603647827640762	0.056956295263098845	-0.018461472718368923	0.007586356551913778	-0.024071646702017835	0.05310319603773071	0.0004643405335669071	0.0009125720581582771	0.05615487170345581	-0.008281633668341636	-0.0018619644215516823	-0.01080786159043576	0.030264363707702045	0.0012607799434922492	0.05612367093719282	-0.02373526922456433	-0.008160224608166913	0.020222502720957415	0.002961527993223184	-0.06602241577011754	-0.008626158870634828	-0.005008760693069993	-0.04741286854639694	0.027280639320884956	-0.05203990837407282	-0.00582754224107373	0.041269264023471315	0.03807040211302411	0.027129048278501565	-0.047799713067500804	-0.013354190264927172	0.013653187837181264	-0.02999996193921826	-0.02543460213638017	0.02223964340420116	0.014142167778581398	0.01649794288688724	-0.00017758548231096237	0.0011904650221960258	0.03824022825671877	-0.03868803824160431	-0.011630040097595907	0.002092757522068262	0.011900268354025646	-0.025747845663097024	0.014313178900764617	-0.05567200359129532	0.01623276620394082	0.05522878752393211	0.001972268997737069	0.011529399717047622	-0.020916875979912746	-0.03413495015389116	0.03282080370097058	-0.024736715064987945	0.041450235181858135	-0.0016538990104122938	0.06695243774226345	0.023047805227799194	0.004504640649530311	0.03439617443518978	-0.02860526653930178	-0.006195233762866168	1.1716132561108343e-05	0.0009774709751526963	0.031408958520449635	0.006859256220847953	0.010454032789334461	-0.006279054667939419	-0.010187560627051792	-0.027920207190515828	0.01755837822892655	-0.0101382767777209	0.008101123539584908	-0.025066082911424634	0.01760771548724714	-0.0011594315472752525	-0.006694543030156112	-0.017747154288003306	-0.013544330507702465	0.008726674206461484	0.01010171343982631	0.00394961828443922	-0.004287453770209331	0.003679150098891456	-0.002814320940606767	0.0009249627513087048	-0.0	0.0	0.0	0.0	0.0	0.0	0.0	0.0	0.0	0.0	0.0	0.0	0.0	0.0	0.0	0.0	0.0	0.0	0.0	0.0	0.0	0.0	0.0	0.0
SRR23478231	0.14744378911663017	0.27710533489851075	0.292137384673104	0.010404768083799086	-0.03789467256682791	0.11999405674471739	0.09086187633904944	0.08018658199847564	0.01044987640426154	-0.04360968705667094	0.006412484552229368	0.03154014494229856	-0.028354543940874725	-0.022098424711632016	-0.0010100273538345942	-0.02026240397089189	0.038744936282615765	0.01546866141923947	-0.06955028407149438	0.010362159800386957	0.013799448523558553	0.028192287821447497	0.031247344939152173	0.02717493752032079	-0.03760200656901721	0.09599485411764448	-0.03892466276750863	-0.031163685961992083	-0.028056389337802225	0.062412894163975455	-0.01353454527348649	0.042067622706221525	-0.09139812264250409	-0.012553202868596394	0.04824877492793301	0.010595007070942523	-3.933969779875628e-05	0.06018707188603252	0.0011041103894822955	-0.027720325428450737	-0.028509613098280418	0.018116360724036187	-0.048541541189790746	-0.0031542761388373267	-0.05972517601438921	-0.022325425160608987	0.11655714873151211	-0.0008629333814929164	-0.004715598505249821	-0.014490474568793476	0.03560499810355022	0.028501966171408936	0.036322017759083745	0.014376078397737262	-0.05938598456776528	0.021161653974576713	0.017271371714251468	-0.008328106040713242	0.01695230143409901	-0.059321873018250044	-0.02310291696889568	0.011215957548771985	-0.005568973471830904	0.019062974312707665	-0.023356154796393226	0.005468357033578013	-0.008076682861438093	-0.07258317394730311	0.016898902989801134	-0.025243473956192856	0.043954196243379456	0.06698945507838308	-0.015437380164829548	0.05522017407472181	-0.012288009719089247	0.03409129111197558	0.023197626109344918	0.0379255583974873	0.049382163036762405	0.014033151376750881	-0.00635919947721964	-0.05511395078035996	-0.03188811808175048	-0.012825012079130338	0.034163940035328806	0.05553433567266556	0.024427598117895535	-0.030993685737411566	0.04921241265488289	0.02838606137729578	0.0016658040180727444	-0.011397536015717033	0.023958012447595146	0.043970803244799975	0.02517299550113165	-0.028536678755788195	-0.01654400598869919	0.01896229221374388	0.031166011600462045	-0.050116967700891586	0.07691417833552223	-0.005124888369811442	0.009848050291171386	-0.0337387587018949	0.006542535889794555	0.010920875491714471	0.014482944231143746	9.837742373271489e-05	-0.016965118998812877	0.002187637001893836	-0.016354665975573373	-0.020164977287834257	0.007563975420593927	-0.0005812052917759696	0.008207972506282319	0.004241530002654807	-0.005590978420200562	-0.0016720045194119606	0.0026393230851255714	-0.0	0.0	0.0	0.0	0.0	0.0	0.0	0.0	0.0	0.0	0.0	0.0	0.0	0.0	0.0	0.0	0.0	0.0	0.0	0.0	0.0	0.0	0.0	0.0
SRR23478232	0.09401768917678334	0.3525536832435746	0.38494355673647473	-0.03826892088659393	-0.040653055483182016	0.1425258482200033	0.03619667998881104	0.0431990109913974	-0.02449100735035896	-0.05185797368248042	-0.01239257512337927	0.009207487608337348	-0.006199449674202949	-0.033627007208764596	-0.04522221066148153	-0.015509305840095888	-0.013602046231788938	-0.05929360059909928	0.003760773908672775	0.0024624017450627722	0.023484751697570635	-0.0014519998216592134	-0.02446504259461419	0.007400399689324962	-0.01681079248930077	-0.02989251517500298	-0.018347581380415534	0.018576447956126313	0.020269530511894684	-0.019527723031443768	0.022290334776781412	-0.01236713477235261	0.0161473073363285	-0.022320850814820235	0.0003644667453954086	-0.04349763348519582	-0.002337601645864324	-0.004883334865227706	-0.0008812273474323623	-0.014346918923593719	0.07183897393501223	0.038733584428936624	-0.012644221102335191	-0.013016906278136052	-0.010962569263074023	0.017651134293582792	-0.02597443866754482	0.013089513237291664	-0.018511764219513616	-0.011167794394984743	0.013090651612907196	-0.03166570336629258	-0.019057704779213827	0.008934311436591912	0.005390681718741504	-0.011239466508815951	-0.029211168770443156	0.006054343202955269	-0.035028682268399045	-0.016135010979382056	0.01781597470283657	-0.010587517419784595	0.048144490262176126	-0.06682073833545304	-0.013342913970179773	-0.03476500949587872	0.03021195277886578	0.012195883425906849	0.027516603600974406	-0.008992225585188767	-0.008832268660202152	-0.004272517708372523	0.003425193998306544	-0.07665885946202489	-0.037275975447399405	-0.007308517678388566	-0.0007891122917019543	0.02135904170361318	0.033854407195363735	0.009091376041803925	0.03282893558237567	8.32463737270371e-05	-0.0006091898985747691	-0.061820304625877814	-0.00891986768523154	-0.027340726808482037	0.03670587466015758	0.023817015746013012	-0.013289099844214941	-0.02151132876114089	0.02398889658538002	-0.008997105651353272	-0.006296459938004939	-0.00973981361044577	0.0015093668533722373	-0.002804838120113319	-0.0112060932871145	0.001165675877727693	-0.008986782101866016	0.032049508832820206	0.0191172015115837	0.005652947342761842	0.01813504586304099	-0.01122948177135185	-0.0065643194671234145	-0.0184603553599486	-0.011176193580949756	0.029157759221125297	0.017825381138863304	0.02160685787820166	0.016168532300207917	0.011574092560037691	-0.0004642826888583144	0.00671536609085612	0.00022652512152758527	0.006531922858208705	0.007699248733276809	-0.012049284395842094	-0.009220162647051236	-0.0	0.0	0.0	0.0	0.0	0.0	0.0	0.0	0.0	0.0	0.0	0.0	0.0	0.0	0.0	0.0	0.0	0.0	0.0	0.0	0.0	0.0	0.0	0.0
SRR23478233	0.10688760891095148	-0.1433619897116756	0.18784582227391458	-0.2509230789975184	-0.07798609047280189	0.08085627416563217	0.013755212327683938	-0.14690125837962928	0.016835828322690358	0.013097088599713182	-0.0016611386905598902	-0.08768413239337405	0.10002414093307084	-0.007480565427134183	0.15757207007274995	-0.06001626688447533	-0.018588098285711105	0.06695348210347651	-0.09146448363445357	-0.03335946841358204	-0.008825805258868469	0.05297466188592518	-0.07630633711519469	-0.11727439034851742	0.17336677935937217	0.03061368290914606	-0.031025729865720185	0.14840405309037927	0.014021967340199178	-0.10999730261348058	0.06190309851190198	0.04122147806928437	-0.009688652450453595	0.04054783998111001	0.11224346144355772	-0.033571004503134626	0.07924710003987268	-0.08650772729152606	0.07060961527001637	0.026641026721624123	-0.08238519211776692	0.030109426931784852	-0.036539265123054825	0.0329021957034292	0.027071362185149057	-0.040944895391913566	-0.07479098637718784	-0.06753198284150011	0.01907610522062192	-0.04831686177937568	-0.01967768804896111	-0.050880452650047196	-0.06795032561524099	-0.017834980619261306	-0.009241787166079558	-0.021714873915917955	0.06869327433709678	-0.06253702213631769	0.00633370143892202	-0.004266268124616191	-0.017583430294132802	-0.007059240436958433	-0.04067910555778222	-0.029139188164836058	0.005661090098968985	0.031017815700293768	0.004783045759914554	0.06198069465229427	0.022144462772495693	-0.052125799190553476	0.027118059448708272	-0.01956317641593033	-0.07577947967560966	-0.03301845608159978	-0.05584932177860658	-0.0036846124389914537	-0.018302623412601318	-0.012130199100181689	0.08057303997557666	0.013213185172246664	0.008817337890682455	0.03499889720498555	-0.01316380216388019	0.015423720122020517	0.018040574032076998	0.04210961689981799	-0.0029855392170834044	0.05047695434602743	0.021537455873989732	-0.021026276200579806	0.003915595423915138	0.01430409769615021	0.013280699219942542	0.0016034779032407503	-0.04162103237415645	-0.006999693572738661	0.026549741806397003	0.005183743779653183	-0.021384003841954855	0.005379158503111511	0.058798925202334144	-0.01769854116944236	-0.009810112330025359	0.016469465998924786	-0.021424299139245546	-0.027730388471929383	-0.019598015371974614	0.00886428270379175	-0.0038953721410173426	0.0021948888206065158	0.020677984884659082	0.010011018691780971	0.013168832556310088	-0.009398884295409938	-0.012526104949125908	0.0031739096621101357	-0.01053137228701152	0.0028529473483719352	0.0015546853933748213	-0.0	0.0	0.0	0.0	0.0	0.0	0.0	0.0	0.0	0.0	0.0	0.0	0.0	0.0	0.0	0.0	0.0	0.0	0.0	0.0	0.0	0.0	0.0	0.0
SRR23478234	0.015293939467205954	0.06395659524332314	-0.28536331330732717	-0.11517823405752432	0.03460586008243898	-0.037974649033076964	0.11072888325550398	0.11805129240923705	-0.024987967312708106	0.12451330895940595	-0.005882824329073992	-0.13552053082800863	0.1520677390114437	0.09660886688397029	-0.049058719407368785	0.12541389342985765	-0.018402046987842008	-0.07808631211740087	0.029554949451959595	-0.021770156665737013	0.034495296745920966	-0.032307988043601354	-0.02780004589913879	-0.0003788271302847613	0.046058093462983396	0.07414390574500786	0.20381466351941793	-0.02697774570169473	-0.09396610714278796	0.018936501456210564	0.0416026833996815	-0.12245447207828798	-0.09814163146218997	0.1251150165558472	-0.04595594572408165	-0.001272986621507319	0.0654730167224585	0.0019413600169022583	0.03784164561746388	0.004839949295402988	-0.03888152779065091	-0.012196182857697448	-0.03565833695153846	-0.039726973741275144	0.013577611027013228	0.06370949592577957	0.021052305294652462	0.04446600520388744	0.04644273265419833	-0.019908021797881967	0.022965550715201528	-0.05877197367053298	-0.004388377691244314	-0.08223511452825309	0.02724573706638893	-0.025753699330464296	0.009917726089573567	0.02271535288054995	-0.06201620586459056	-0.0007530615050968836	0.030584825996315658	0.08310093168903201	-0.023845565790681374	-0.02703820346924729	-0.06074246720699262	0.017672770174176244	-0.023289097583329976	0.015677720878169172	0.04730587366342422	0.09398125360257456	-0.030865031942404416	0.0010573676248401766	-0.08135013020373069	6.932817025969688e-05	-0.01582865088075306	0.010623889667633798	-0.025466442736767382	0.008594110953541652	-0.04295474631323028	0.07057583226359858	-0.07244704683563517	0.004213632500177153	0.018285754571710274	0.005754091427778056	0.02213655958378384	0.011468742756982488	0.009844582021973547	0.013017101257660106	-0.005823008310779185	0.024801250853567717	-0.01140929632702756	-0.07722505820788313	-0.01406814998917191	-0.046824848793929036	0.011782011609722438	-0.0418347427263948	0.0104982181547277	0.039792131913204104	-0.0021354200737475322	-0.024736651301991194	-0.002813771829537507	-0.028045548325901722	0.03510850342209425	-0.00143290106823094	-0.005124010924420817	-0.005625844742907656	-0.003982637380235996	0.0021269234041695986	0.014695327757368358	-0.008298705635055156	0.006714658030728124	0.007791992087131077	0.010720704768204713	-0.01077392126278213	-0.0028580602733654795	-0.002363621300498193	-0.0031927894538498476	0.0021886924274062813	-0.00435520956630717	-0.0	0.0	0.0	0.0	0.0	0.0	0.0	0.0	0.0	0.0	0.0	0.0	0.0	0.0	0.0	0.0	0.0	0.0	0.0	0.0	0.0	0.0	0.0	0.0
SRR23478235	0.14346979982380495	0.04597096877255177	-0.17680101925774366	0.12829452030088004	0.029254826269696214	-0.00022494992643398715	0.10509589034735356	-0.05312682956730048	0.03636730743130043	0.026675000503687547	0.05922847739735838	0.04190519644862634	-0.1095578283153294	0.19541214096844187	0.04051602453532721	-0.06486433911892116	0.0498016270917168	-0.05490845920894037	-0.13792418197154513	-0.07606330615765541	-0.002013078452061458	-0.08142039491997166	0.035568829719374355	0.013016038105725155	0.044684865622685525	-0.08679507243590977	-0.05302339069425097	-0.03165793835176977	0.011622765217919152	-0.014521630040142623	0.0055621259900997125	-0.00593695978443603	0.05582348905449102	0.028308040690730108	-0.060468738630786424	0.05039132867192583	-0.04027962996685697	0.033548686245117275	0.02254622858861505	0.040545524389255606	-0.008583753209097853	-0.00698692393593469	-0.0674235315220394	0.023710849002568174	0.11111360822789007	0.07080351355552737	0.021910571849742835	0.007917639685063286	-0.03607735745601946	-0.05122671699905471	-0.01785844105232621	-0.029031054124018928	-0.12161616832747071	0.10515636661639148	0.0003037315736058456	0.02157645105641262	-0.06238583896669056	0.10268367380197597	0.026746735629767274	-0.026120455282896925	-0.035946730089404175	0.008879374717277974	-0.11412686480785372	-0.032909645812916784	-0.08777283526609189	0.028903813210719935	0.06134144688909841	0.01708759042005023	-0.01042852337729731	0.013331699476786783	0.00841479356719905	0.012540625677177154	-0.02888774979542848	0.10155613584983214	0.011512842118222294	-0.03752518368095215	0.034735631183073865	-0.033902712083688946	0.03669293870530285	0.04734778334995323	0.041042738852009944	-0.020233570724242294	0.06393988531639216	0.04705110798837459	-0.07262166258209261	0.03956298410418746	4.9933661213182254e-05	0.04328953593301549	0.008724558044695555	-0.05349827928945058	-0.014689414386419075	0.0054265467607948255	-0.0027968938359786313	0.04344335681812295	0.042581417733568216	-0.0122478809439272	0.014698307243981345	0.0025227406234469224	0.020044837878293507	-0.01894470974447279	-0.021651608466291605	0.017997949119865065	0.013900824610121251	-0.008188756609716956	-0.010813888383206773	-0.021978178654421227	-0.003515916802236631	0.0021662868940010996	0.0198086133796248	-0.014184232204037998	-0.009050612622501106	-0.01149593927192599	-0.0028229292242281023	0.007147086763332933	-0.003840934042481891	-0.004412792691561403	0.0034353985240908867	0.00028269429457311807	0.0006918143164060809	-0.0	0.0	0.0	0.0	0.0	0.0	0.0	0.0	0.0	0.0	0.0	0.0	0.0	0.0	0.0	0.0	0.0	0.0	0.0	0.0	0.0	0.0	0.0	0.0
SRR23478236	-0.004617479085740039	0.42824183913699915	0.2827618454888379	-0.035407539336927286	0.014248666934673419	0.07185831917076015	-0.17984654494449545	-0.023116254653068626	0.007568943891416007	0.012345765536706589	-0.0993923413278162	-0.06690461223065483	-0.007737088736328427	0.04584153832771718	0.040130992787876976	0.029271878696911786	-0.027717554620776037	-0.027367048995908406	0.03629478065084933	-0.06265811141449742	0.06380745815628648	0.026339310199644615	-0.007048730562190035	-0.06140612038138573	0.024874929048183295	0.009928770087488294	-0.01585063636527731	0.07672548121315231	0.07801302892187643	0.022056568814635972	0.06365714472930858	0.0011111725173173393	-0.004264714947404633	-0.0016089851286188767	-0.003691400932961772	0.0040583217105941	-0.018853320795642052	-0.03305321381023386	-0.018565217323520882	-0.021418945145443864	0.024506150593105524	0.013303157324738187	0.05647143755793852	0.005191912569638739	0.0011111096669105204	-0.017354570452045047	0.004819159179454628	0.0014442512541742911	-0.048559051633085236	-0.0010059949335973672	-0.02320566835140906	-0.01397220393143541	0.030308880052118046	-0.008490493456598937	0.0215919359522395	0.023307820053245592	0.001053141613477933	0.02533763742020706	0.016504065496748314	0.06665358330743165	-0.018844569592277274	0.011296539908701931	-0.019917037557874495	-0.0013096134545329274	0.005033620249609128	0.011360455879500655	-0.02012841901907426	0.004621329848143329	0.016540037903809167	0.0237669436277669	-0.0035640078545807344	0.00125480585576613	0.0002050932766539281	0.002920065743176776	0.0034076089071531793	0.028014901281262647	-0.017712507030080718	-0.025884300960421963	-0.02457974132137508	0.006702162254563274	0.024967361763905384	-0.027224343477753325	0.017169681832173128	0.0018216620345899146	-0.003453411876612186	-0.03937309878693983	-0.020443101013607894	3.7114478111696695e-05	-0.010138772467663084	0.012333376386812082	-0.004643120945689146	0.0003875485290452301	-0.00767757162243814	0.013748499130265475	-0.01850421212132945	-0.008975495969327023	0.0064401406036455645	0.0019750920762938913	0.028934430251734027	0.005404591363003538	-0.02553910094404706	0.024174942634553883	0.02598819370453496	-0.00903847054989382	-0.018145771026997364	0.002265012743390425	-0.01041341208643321	-0.0034394735113063386	0.0040229080585253525	-0.0035162057669812763	-0.025868084064396536	0.0016193886827213884	0.006553965889058226	-0.01990383344681989	-0.004709363132733528	-0.010461747084063795	-0.014903636237108227	-0.009834362824170703	0.0020091972117112673	-0.0	0.0	0.0	0.0	0.0	0.0	0.0	0.0	0.0	0.0	0.0	0.0	0.0	0.0	0.0	0.0	0.0	0.0	0.0	0.0	0.0	0.0	0.0	0.0
SRR23478237	0.1272158629631901	0.2306187265401701	0.29869857134107847	0.006236816524138592	0.013156762049278107	0.0845112279203594	0.020017006043979123	0.025623249469119983	0.018720371676938276	-0.011974407934530888	-0.024255812562886628	0.027759519887743524	0.07592196731089976	-0.07892484556467164	-0.035483676769395955	-0.05817913447092907	-0.03040094664312376	-0.00716238247312585	-0.1096748828008656	0.045401215249693046	-0.07611974368918911	-0.016747758780123426	0.09419300921215028	0.08068272731096301	-0.0683745621618663	0.03149691845422232	-0.051727481995187424	-0.12005324715181132	-0.11512676223660577	0.027285361828779758	0.025906130427403945	0.13241758374042223	-0.04179490092550877	0.0608462285957161	-0.05202236322061318	-0.0604468909078107	-0.022399962998253607	-0.03062283098751499	-0.05447888087236183	0.009814639806517447	0.017607224726492194	0.003558227252949509	-0.027840203576950148	-0.045926180853544725	0.026314278862591113	0.0427264616153746	0.000733628676070043	1.1021111027731898e-05	0.05088581138564431	0.03182150009145504	-0.016156684890356363	0.01862426347056427	0.011027746289402429	0.013862900802314983	-0.004901847152902849	-0.05785929336823896	0.014297583501308692	0.05796405680653823	0.023152202165320983	-0.013711233302542177	0.02224706376229629	0.0006614177328995851	0.023419821167074664	-0.005170854712397237	0.019544921543464683	-0.014470583935066285	-0.01644126227208919	0.024593041523694733	0.0316071544177638	-0.018461275382209617	0.0447654334638884	-0.004988537958910747	-0.004640672089281146	0.06972753031269305	0.025810900854215352	-0.001923832786626395	0.020585187767068937	-0.05485000232557665	-0.0312780663028937	-0.002852687065162367	-0.008292188722205851	0.07885836253034008	0.05096808346524574	0.005052684574713743	0.03845582905696551	-0.0011500312133420675	-0.019589481803957098	-0.0027600450988856345	0.007814705083175775	-0.013606720469385854	-0.010352067038261048	0.015223661601842053	0.012219756471747296	-0.02161931100227335	-0.0048780684505052045	0.008079435599331636	0.01600912856546615	0.0241589299649304	-0.01853243701062248	-0.018003396779010437	-0.054805112231640064	-0.032451025562293664	-0.02708717754564396	-0.017339179840814015	-0.019560626849967302	0.004920687286125633	0.026268798909565957	-0.01925627706649123	-0.0008382328806390092	-0.0001052403931202451	0.03062083846609016	0.00377683925491212	0.015678196135218234	-0.016677229517989747	-0.020305059596647815	-0.0021720423261759637	-0.01271750589094108	0.010826088021603028	0.0006278418628793083	-0.0	0.0	0.0	0.0	0.0	0.0	0.0	0.0	0.0	0.0	0.0	0.0	0.0	0.0	0.0	0.0	0.0	0.0	0.0	0.0	0.0	0.0	0.0	0.0
SRR23478238	0.12773344639767567	-0.13499450773560498	0.09563808515524488	0.12802945968396462	0.08160899339869544	-0.2669765713044964	-0.08922876469282888	-0.013070099712277317	-0.0967782619393804	0.052995959964781195	-0.038958545562095534	-0.03381486417449128	-0.06233583770299504	-0.07735541199815486	0.0583321989916585	0.081683541766849	-0.05119020682660294	-0.02918714850479378	-0.009303400498873815	-0.0024686674390223076	-0.1610986471505972	0.08579206281971045	0.13471187475017105	-0.08810224453335774	-0.007803561256101326	0.027316559530859756	0.043617414884991906	-0.00736122348888333	-0.015253465812122372	-0.012186928956185167	-0.023099630732806405	-0.10018099488075784	0.05657773881106915	0.018088853321769557	-0.07037266477856274	-0.007622266748859538	0.017650810729640812	-0.005230863023241628	-0.04251052914910666	-0.00899752791275785	0.049973256951604865	-0.0625279962348855	0.033917819470925294	0.054818195698709445	0.026047760920446358	0.04471626142455378	-0.004152703961976707	-0.09406521696751959	-0.060836269075925056	-0.04198516678699123	-0.05874897805268208	0.07200384271829288	-0.01215938884869945	0.04348590036892925	0.01251184264408605	0.05545611496413851	-0.005092793010639377	-0.052434615755066534	-0.01510287573363253	-0.009282616807923411	-0.027293794134151308	-0.04391902664093557	0.0072813571318098005	0.04210353837707083	0.03572300295792423	0.013334340731458595	-0.02869231536800513	0.022532597960061757	0.019073799039154255	-0.0028690491507231573	0.010928402819611206	-0.08440855894113598	-0.012908580651160373	0.031187022895219775	0.021445382180905147	0.07457476138350164	0.022015458680103968	-0.013866040301488722	0.020016243122333837	0.040430078027915095	-0.016800107841538087	-0.01686113335556275	0.0804415947264799	-0.0642877986588022	0.07151271897077363	0.00788187682372956	0.005488319988029325	0.05024879175440152	0.02496139596743468	0.006336933699823699	-0.02613040920149417	-0.014657447360390305	0.0036214612753246674	-0.017677543685341753	-0.003903027894027926	0.05776769114392343	-0.04163586258094017	0.04167702328795826	0.01295461679578699	-0.002884665606737423	0.027770952781820516	0.02347886262255559	-0.012876233516869211	-0.010233245751564445	0.00555903605903398	-0.04731121548887869	0.01929556538751192	-0.02982359901544509	0.009010167990882037	0.024690756773099044	-0.004430917498263491	0.013069754837856235	0.007208301506872239	0.019756349286061275	0.007750631270108582	0.001994650647497199	-0.0045704292725105575	-0.002087151384408429	0.001992136577963752	-0.0	0.0	0.0	0.0	0.0	0.0	0.0	0.0	0.0	0.0	0.0	0.0	0.0	0.0	0.0	0.0	0.0	0.0	0.0	0.0	0.0	0.0	0.0	0.0
SRR23478239	-0.01113995065855088	-0.05581448276001851	-0.07928137013113877	-0.05310970427090854	0.12525911799628853	-0.0202088992351173	-0.04612075463762849	0.27016079392989417	-0.03984078218050143	0.11075362830642566	0.09166613195819678	-0.051036085540674986	-0.04382366940313381	0.035108763710379874	-0.028422171484994582	-0.2212570674333134	-0.018517873713724542	0.015048380993727824	0.12109066111305147	-0.017751286873768878	-0.04082798784011216	-0.03941836800459485	-0.07464043985497076	-0.17160189365267456	0.05109895404792426	-0.08072644559362666	-0.0021405225449702848	0.08545967734748681	-0.01033825174519527	0.09561076887339211	0.018761968169762583	0.03978274278571971	-0.08858791196206448	0.010752217234832011	-0.10018141269863072	-0.004306296723906173	0.003684610498145382	-0.051944140817710864	0.02812074842459294	0.015961515125045792	-0.014281422503422495	0.07256173052239685	-0.022232474398732764	-0.032022104019127334	0.03212956272098254	0.07166410361962855	0.02101992590402135	-0.052011290591800916	0.05240504695878705	0.06021151357253843	0.013455980333576686	0.002377117047427524	-0.03342057908947777	0.049944956596145944	-0.01888171610240334	-0.04725212689481429	-0.007426764875006415	-0.03345776342685548	-0.056535511974911246	0.019759354542923435	0.014326508374779737	-0.02451502645803198	0.07070761807591852	0.08685841371223386	0.046551745303087685	0.02896392067925167	-0.04345559181160786	-0.05145179370970802	-0.06011030483459327	-0.04052457183176955	-0.001769343558675096	0.026291153237210135	0.032431793337938705	0.033369961836395255	0.022229415452555475	-0.049970659520005116	-0.0538248673026009	0.028841659259250613	-0.0004723363165688355	-0.022868140216991316	0.01632162196875909	-0.01418204454589449	0.01843599938454119	-0.018285681244395693	0.05790582182159738	-0.04087437032560796	0.0016639830556897136	-0.009203150632844083	-0.002487132400690046	-0.023318345550033967	0.014091283470777108	0.0033785227324665485	0.032598109940383764	0.008738405284647557	-0.004572042322682736	-0.027905217132303636	0.04070471797953071	0.033633530661530985	0.020062382666504876	0.006156543093704246	0.003568058501008446	-0.020488665698156	0.022097177067464693	-0.026250005611618103	-0.0016105774598630378	-0.027012326426125496	-0.011127732240677705	-0.011271682746585422	0.04283743665732225	-0.01499262500172904	-0.0020398080884893787	-0.00274520333260808	-0.0020317347738652374	-0.0031181815615244014	-0.002586316954686992	-0.0033453153883863562	0.006556706986481067	-0.008601291261574343	-0.00012369986107504288	-0.0	0.0	0.0	0.0	0.0	0.0	0.0	0.0	0.0	0.0	0.0	0.0	0.0	0.0	0.0	0.0	0.0	0.0	0.0	0.0	0.0	0.0	0.0	0.0
SRR23478240	0.19647707123985397	-0.051500648180262704	-0.02941889038581701	0.25679763225539093	-0.2241116577387647	-0.11767665416876735	-0.05514074684992975	0.002723176273459948	-0.18104970534895137	-0.12663095071831876	0.0024960150384822394	0.0006790359819252343	0.0023848635648836664	-0.12509765470197431	0.08054564114508588	0.03456420166083499	-0.037818615321708805	-0.007150767339952166	-0.06041511852056826	-0.004060425432480861	0.042848961033771046	0.07049158204593807	-0.07233472398286968	0.040614484411231125	0.04751765551075069	-0.003181903603589518	-0.02054285921324047	-0.010547019498874165	0.02779470062446007	0.10512746058444557	0.029711367387223037	-0.021903951530086316	-0.029995789930811013	0.0073291321570408755	-0.03426903925374205	0.06853270059116962	-0.01771452727763194	-0.022767130730979267	-0.018049323914630447	-0.07084060101310549	-0.019933359547594787	0.07002985839070738	-0.03306900343000223	0.0029003845969872333	0.01837597853418832	0.02573454084671941	-0.013189310751276469	0.07269326473674573	0.011097615777723465	0.015768099794829165	0.058456388892741455	0.03521404718425187	-0.014547762373692978	-0.015697056961982227	-0.05878058773516601	-0.0004115146254766361	-0.02650912603995023	0.05194807790355827	-0.013639827645170115	-0.03177790246663908	0.014081939227330151	0.07121066039632348	0.06330199659223568	-0.014133406587544636	-0.0076477778356583105	0.031143170786690103	-0.024381553680548326	-0.07582257111920768	-0.08621835206305295	-0.031209727712903437	0.03224037732128096	-0.07076198644045863	-0.030661433722096842	0.012392841668797124	0.02533436140679403	0.01610849969656988	-0.017413388045645083	-0.002760769552997853	0.012968890370405094	-0.022523409757468756	0.020457285353458834	-0.006125250231472048	-0.015207270793366768	0.008217791760540664	-0.0031641789598031715	0.015252528733363033	-0.02020984875030358	0.008890307230843017	0.047138025759249164	-0.010127595923637175	-0.06163332118574997	-0.004142515987439317	-0.06090668717853554	0.036943630620314936	-0.025179294981622583	-0.02400090432096991	-0.007642173442963612	-0.028515030723668084	-0.020374922335467158	0.04204630828037374	-0.03798523092671111	-0.030244045154811983	0.004566995340569519	-0.010983957294190341	-0.0133648658521216	-0.016383578396215275	0.004203398747412509	0.0471029993621896	0.005731541124322489	0.03192310254651712	-0.00039744508002145253	0.01547822920678784	-0.0009767669130390758	-0.003137412822534266	0.00941866738694011	-0.006699633158123811	-0.020264665477754466	-0.007469673517468508	0.0033619757946457746	-0.0	0.0	0.0	0.0	0.0	0.0	0.0	0.0	0.0	0.0	0.0	0.0	0.0	0.0	0.0	0.0	0.0	0.0	0.0	0.0	0.0	0.0	0.0	0.0
SRR23478241	0.23421978748121114	-0.11871166988088958	0.1390890298408886	0.15687759359503034	0.060172349399517266	-0.0714685215829704	-0.01613353610885169	0.0776029243435635	0.018945599130185745	-0.019825455929933164	-0.11721226049247156	-0.04761756880988032	0.1389075852002538	-0.03169046110952697	-0.06700653555339091	-0.05639995101222113	0.07981461249501723	-0.0802114656564085	-0.02690858787473076	0.04188128475480036	0.053821119864126236	0.0018669671065534826	-0.07535018086235738	0.034463751187485216	0.0684036772245504	-0.038149278704797694	-0.01989986197770236	0.01329151343924469	0.010511975031118587	-0.03055191902053076	0.004477073352059974	0.046883623586284284	-0.023051955864999488	-0.030872271793719548	0.003932965441110129	-0.04069872385411441	0.006615584350883522	0.12382278952688477	-0.0038707412537075827	-0.0267495000495172	0.07779770989488925	0.009306096644510785	0.008865122949642423	-0.017075502796302468	-0.07376234557483474	0.03622882042426601	-0.008581740497492612	0.06802307239583336	0.012708323087857614	-0.024247777093466386	0.01915485485276171	0.02274768490865263	0.07494299106479528	-0.06625853606572597	0.010787015861561387	-0.018979716838030004	0.07963208477522175	-0.0678325257316938	-0.014603542643693767	-0.0018361283391431565	0.023880812581249834	0.00588682176389143	0.051398648872628176	0.07183795422313233	-0.0018682865492814411	0.04252306938834335	-0.018712904791129078	-0.04289333102870957	0.10135211650811131	-0.02365894356328294	0.09125260472827498	-0.015882967965433967	0.032063709842942496	0.07376140071975092	0.016166517154277322	0.06261722806218852	-0.020934620530705113	-0.048160076749152785	0.0039388663628168105	0.0014072499831084058	-0.04048150125711501	-0.026671804592860636	0.0026738529204453397	0.08539033365376689	-0.029939919471650422	0.011760736122357073	0.055319045391763064	0.04253570823712381	-0.002793965905295377	-0.018144721962031127	-0.010802039447743725	0.012412372260799076	0.02522882954605455	-0.006985999369270141	0.021763699762922428	0.009121146875332987	0.06772354920319269	-0.028819338257003124	0.015161569187774983	-0.015064928490125307	-0.0012273315179826547	-0.00551312699336432	-0.0037088148500741508	0.029223079134990525	-0.01015234611254884	-0.028659093622577254	0.003160523280594676	0.014327039149378723	-0.0022129561702300305	0.003522440338987015	0.006962400409352653	0.0033447296465806027	0.002690445935143481	0.012313149791702145	0.014662903478129957	0.006904900745592151	0.015767515346581946	0.00010609120779293135	5.844243324242955e-05	-0.0	0.0	0.0	0.0	0.0	0.0	0.0	0.0	0.0	0.0	0.0	0.0	0.0	0.0	0.0	0.0	0.0	0.0	0.0	0.0	0.0	0.0	0.0	0.0
SRR23478242	0.1240446837883751	0.02452057885819196	-0.14042882852769584	0.14990190513602406	-0.0011086094215754046	-0.09969593503237985	0.11709596263488148	-0.05644288975830858	-0.05374844631986856	-0.020012438060432996	-0.0361260871978979	0.0707167474142358	-0.06532819479987519	0.18228327195437968	0.13637973959936064	-0.019924282299179735	-0.028164468670555595	-0.11090513702967861	-0.1844017946778424	-0.09390705816747824	0.04578038691602679	0.015258858462266031	0.010689207480987069	-0.05186975510861218	-0.08306788975645663	-0.15858947502065052	-0.025394732263370655	0.0221733059400371	-0.015763786386970086	-0.010207087790147305	0.06380863030883838	0.12455672377343707	0.04468739613008746	0.1366112130644982	0.0336416485979896	0.03310302800239951	0.03831472628544441	0.03988873585801279	0.016188013384276514	-0.0408368038460062	0.017591393896096673	-0.08690608140668264	-0.0018200117267360286	0.007787808031281975	-0.04236848346614683	-0.028384162063616047	0.10015487840424377	0.012972299774306492	0.008720564976337466	0.02437887584445754	-0.03662456815655816	-0.06555498401379127	0.033432191882834264	-0.10948317979704138	0.07099364562154373	0.04100495043785713	0.03585474173565873	-0.03423379101653945	-0.05169276028805338	-0.007099933984319851	0.001345723921827778	-0.04260717281079117	-0.0665024509725391	-0.02172425432776918	0.07177188841580225	0.025215758199269214	0.022233832226007666	-0.037740868556753154	0.03508106891955743	0.027493455720395545	0.062046439236221836	-0.03749016506396516	0.025858381503480524	-0.0015961351482976195	0.028540007487550974	0.011240189094758744	-0.079326861837825	0.07080689474252606	-0.04900557549934511	-0.012818759264088885	-0.010240546674068257	-0.04439993167145328	-0.020030745134263946	-0.09075875078096107	-0.03659752029269885	-0.004660828360482298	0.006620295238813073	-0.020777567159393176	0.010577791934706949	-0.011164795088384973	0.011959382749720133	-0.010720329415516356	0.02916775523969996	0.015888279118392776	-0.013141112868530638	-0.011585578533591817	0.009942979849984625	-0.02846044903949299	-0.026599659314226427	-0.005318029551232431	-0.006711796338054665	-0.00862664451864765	-0.009823594925665174	-0.0023952911098539804	-0.01098572522463147	0.006276334887751057	-0.004836757615589465	-0.016044334139742867	0.00969800689969666	0.0180185420799433	0.009220788644527406	0.008133605165083456	-0.014281667025918064	0.0014627375847809242	-0.015640969365495933	-0.0015661946554004196	-0.004553845046037013	-0.002875832735049038	-0.0011532441667828264	-0.0	0.0	0.0	0.0	0.0	0.0	0.0	0.0	0.0	0.0	0.0	0.0	0.0	0.0	0.0	0.0	0.0	0.0	0.0	0.0	0.0	0.0	0.0	0.0
SRR23478243	0.18214012220131995	-0.12359596758995318	0.07712759532267267	0.22123138061898234	0.10318762518192214	-0.2389987921724611	-0.02141134729024667	0.04149225337674574	-0.048729391132577175	0.04015512858363537	-0.031506894843075534	-0.08471052093403075	0.02048655975691452	0.039632059313347415	-0.051423976505422825	0.02246866337134447	0.07463584055695308	0.007462974991694287	-0.03040559522931237	-0.006456056955339301	-0.05584378335574946	0.03180271945840981	0.09871769418725013	-0.04412160304959498	-0.04390209137742804	-0.014994165616457616	0.010545532538413505	-0.05413799159651567	-0.025309813295697023	-0.08406679838217802	0.04394839299471345	-0.025430467760857438	0.05978329648613153	-0.058616943320427925	0.05319488204976255	-0.01877985216410999	-0.02731855430012474	-0.0899518895617167	-0.031850524505176885	-0.03466266669434233	0.01741792182374126	0.003837441553933317	0.05546236509881325	-0.029027200522437617	-0.01761791153434763	0.025689462826958886	-0.06256157958523559	0.012481555571611899	0.04934119444818665	-0.053744634926710215	0.07469898603365109	0.0231605914030262	0.028784075738924265	0.03560282163880262	0.0008500931248627317	-0.0167879142872078	-0.009639113085088058	0.034003432089768595	-0.10138986948722511	0.028052870884300085	-0.016983352194625323	0.029481791598987214	0.011953294424691577	0.04237467713712917	0.0018181961447780197	0.03741935124418338	0.08197948029114605	0.0021846324807768772	0.04961129133266049	0.032982002022168715	-0.04005201869695173	0.04208386276833842	0.0072535121487002484	0.029153917878548725	-0.02926147937412077	-0.06931172213926028	-0.017914575141073766	0.0495775425256573	-0.004075307823638359	0.0238422000555779	0.010358368044768107	-0.0314567101416652	-0.051716060166727945	-0.00986790599167501	0.011804440786876603	0.05842948287769387	-0.031449153879691535	-0.03225278009509774	-0.01915501511032695	0.04380416129621468	0.024348788195095467	0.019617726509486136	-0.027203221313720594	0.004808150471270226	0.06531615721885929	-0.005645169292674957	0.013399281125443448	-0.0039992868010261294	-0.02650074962421731	0.0014046260805543281	-0.007236253953063972	0.036035644626798945	0.021308040083571532	0.032129983087408165	-0.0033933994386453163	-0.02314684336811287	-0.007162979449730842	0.011131524107474247	-0.023614179446997962	0.010375546021609793	0.026521252418758533	0.0040811942840058915	-0.016530107749969904	-0.005775760863988023	-0.0047690696460312675	-0.008556161213032983	-0.003898374295831609	-0.003352337033768182	0.005886294845571921	-0.0	0.0	0.0	0.0	0.0	0.0	0.0	0.0	0.0	0.0	0.0	0.0	0.0	0.0	0.0	0.0	0.0	0.0	0.0	0.0	0.0	0.0	0.0	0.0
SRR23478244	-0.0033298375540993094	0.305669825045374	0.03863140071589145	-0.056711796686341256	-0.01687035890273294	0.04074770265129197	0.17706027104330335	0.016440955396799524	-0.1221842194240644	0.14251966643956795	0.016538052363167167	0.017469977908069815	-0.06608970984864791	-0.05676108984636418	0.04667776132401986	-0.05191154999932283	0.018649265191054098	0.025510721682486255	0.09267881164490117	0.05286265355150106	-0.10108171030586502	-0.04785729832345764	0.07732866371186556	-0.07985712295631466	0.012624765920874267	0.003167200131388322	0.02670546600711743	-0.052140384606308716	-0.06334946778189496	0.042286681638917335	-0.03877589087982901	0.09559696936230226	-0.015359466116435653	0.11189669596580294	0.033028393767772765	0.007652258157885266	0.07277041680507655	0.05150623295387527	0.08808109698206312	-0.06637917835064694	-0.04663854165415162	0.028814869398265525	0.018466705118334724	-0.05387759881560511	0.013202627338465523	-0.007270015797110241	0.07033433895158589	-0.03545318865303728	0.043640955181815225	-0.030387286856493813	-0.010843414863366364	-0.006837694023539093	-0.09677156177354707	0.028768759490874363	-0.012270020200116909	-0.07688255820798587	0.03854807504705168	-0.050652477959067355	-0.02272124355693709	-0.013511014177708426	0.001289600000279509	-0.04619975729324264	-9.754751249328438e-05	0.0592857962526002	-0.027821861605675274	0.08003784182867164	0.03477584726526932	0.026795497216864705	-0.060078365971544305	0.04490393511364568	-0.030411437390302987	0.02055754034709242	0.08047926906010201	0.03703784872550678	-0.0629410552212857	-0.015515664592509427	0.0024791987452374145	0.015901725057330823	0.04765657748722869	0.055527742490903136	-0.0041800671205320635	-0.03049461452345573	0.006257538310537442	0.026840898499541948	-0.008631782319137589	-0.014409200509511302	0.048968482275673776	-0.03969980722708049	-0.03690638273295518	0.008744943107327343	0.003942526263633828	0.04040792873129803	-0.026940733172523865	-0.03964295534225149	-0.025703748215319757	0.0350180559157202	-0.01098294981408006	-0.02935983369716516	0.02899298559674247	0.053205721288638826	-0.02999653472697134	-0.006290051200995971	-0.0015504021705673944	0.02039378414940718	0.018398191580711636	-0.006124811498842322	-0.018438615187128814	0.006524523817109769	-0.02484628178406199	0.0348923568756201	-0.012628040966108063	-0.01418675264902685	0.006054410188078263	-0.0008572655934158208	-0.0017288437215414007	0.002091841133191841	-0.008813148649256114	0.007484185452818184	-0.0006848955302223555	-0.0	0.0	0.0	0.0	0.0	0.0	0.0	0.0	0.0	0.0	0.0	0.0	0.0	0.0	0.0	0.0	0.0	0.0	0.0	0.0	0.0	0.0	0.0	0.0
SRR23478245	0.01483188583812894	0.026405891633710772	-0.21085819927388547	0.05700967380594274	-0.3988099077586716	-0.06714298419204925	-0.04396242796179383	0.047168518905954755	-0.021208545842164857	-0.033672852044902835	0.016832743613441392	0.0021948258019590878	0.00396153781669603	0.06651969630803171	0.11364747787040368	-0.03164505425907583	-0.075166392930056	-0.026721911631938117	-0.12161333687416148	0.010846018485694654	0.11586923766475098	-0.028415643925636967	0.015756597700982585	0.008980372829804002	-0.15885722626042303	0.06154293830133871	0.05435781606797419	0.07146287747431466	-0.06458033856886256	0.08773597660780692	0.008028203087325774	0.02635348780403021	0.050325901725727415	-0.017807242949492985	-0.0189542235761564	-0.01167150135322461	0.0731710304559492	0.0009280430083193335	0.02253000997313117	-0.0882245366278389	-0.030757874142363553	-0.022204235321748634	-0.05659425949705464	-0.022357439478591885	0.026467882210976557	0.0489979681902546	-0.10638696883658663	-0.0002709203181315612	0.0614224711144437	-0.0500734843191245	-0.04294588572953401	0.07111908894918205	0.010148459920027058	0.02192015200229783	-0.05116777332261834	-0.06507320733361698	0.02252888592149684	-0.09805259567199955	0.08181889289275951	0.06142191503418907	-0.006691046870975928	0.005803242798826443	0.033967962457527714	-0.05916807536190224	0.03248654824246386	0.02734884926221126	0.009503272974045256	-0.05555627616244131	0.013751128897280845	-0.017130788681089772	-0.03489907141034488	0.016031702383603092	-0.08788219181655448	-0.04712130641483589	-0.038048712826700755	-0.0008522029307317549	0.07930142245047375	-0.006634783014034559	-0.079063592655128	0.009106504005056783	-0.0032998022941447647	-0.0638137884747384	0.059163241194746294	0.01692779497318438	-0.01634207123742291	-0.013032610401450285	0.06376298786539891	-0.029544344215363227	-0.03236831950120344	0.009806110554283085	0.009249593082270156	0.026250245147636624	0.016761818885069977	0.022649016501044155	0.018620793976137293	0.039439775902846155	-0.026466923345548305	-0.013731090877848882	-0.03208734645591066	0.017433540075258682	0.009295375012585875	-0.01638499791755023	-0.0038638859578160284	-0.0023035579857330992	0.01797309803651542	-0.015408437503273397	0.00661807353661366	0.007514424792751065	0.015094386562005355	-0.01977972577334644	0.004713249507339502	-0.021973224647340327	0.014047988812279293	0.0019008327371072002	-0.005563599157929389	-0.01023520741185098	0.009696627054080014	0.00023956311256323115	0.002551569804736465	-0.0	0.0	0.0	0.0	0.0	0.0	0.0	0.0	0.0	0.0	0.0	0.0	0.0	0.0	0.0	0.0	0.0	0.0	0.0	0.0	0.0	0.0	0.0	0.0
SRR23478246	0.08321380787349271	-0.07213200626698289	-0.12534487988165863	0.1584974038380819	-0.27442733448812645	0.05765353816226739	-0.18069794309477086	-0.012373024341746598	0.0027964260212556846	0.02806536526026959	-0.008856627865766848	0.005102169690540155	0.0055946619200177225	-0.03004066725477956	-0.038382294355808304	-0.007378386714757506	0.06020038431369804	-0.11025416273995181	0.0461503213994701	0.03927162063916437	-0.0016275045403008276	-0.023575361716862107	0.1318572683035327	0.05210735515522167	0.0371861007085235	-0.023514993454998974	0.043348948726980675	0.0962364522647609	0.0192339114704064	-0.0031042877391781977	0.023040575296377534	-0.041825510615799345	-0.032585319698611594	-0.050436581209885284	-0.058881168164581374	0.054750763558503446	-0.09525041126547484	0.014128580263030637	0.0643571720434141	-0.04826094979206282	0.006935792080687076	-0.014410370008578054	0.07524675277719495	-0.01245455842973717	-0.09639956295113254	0.023242614790221862	-0.03325518186478106	0.10551087534225083	-0.019904813982754187	0.015608667116362317	-0.06289190225970441	0.026983718635430684	-0.09107776484997872	0.03278312646836394	0.03643071271597286	-0.07354128550307848	0.04172304603563026	-0.08851404909525329	0.03897835594999031	-0.06585903649035348	0.003659677655496464	0.025354140882296324	-0.060018532803108204	0.03320949789029809	0.06513845978159294	-0.03816316809707293	0.0417350080280802	0.03761837604871559	-0.024444938559367458	0.06423372585532143	0.08303657790140995	0.03820753491198094	-0.01194063501014884	0.06373835792508617	-0.059676217349035665	-0.0694144046732476	0.06983380227630193	-0.020768820793350767	-0.0018232574309842331	-0.031254751419701236	-0.027260448968407566	0.026215970634829534	0.01302844881872394	-0.06748115485251711	-0.01952158101610115	0.03155606297679628	0.023865625242788024	-0.0014036251119148965	0.009415654820645887	0.012440048388489082	-0.004950338992405782	-0.007115132917164151	0.01267862191556921	0.007713628162108683	-0.06039785520894746	-0.043188990916879215	0.015663429592380547	0.04754253130850363	0.010186641624395445	0.023145946631120507	-0.0012828350360734547	0.008694270791091918	0.012432607226510019	-0.00400404946169922	-0.018333926390837967	0.01100254749847792	0.0013770688833367108	-0.008201036364065576	-0.024742845998422153	0.0054232633938708415	0.006304170270229677	0.020242196855056807	-0.007920651345436392	0.0031042247572261915	0.005967420159107004	-0.003913797628518832	0.00542099477921263	-0.0026710504014718904	0.0017115485743051978	-0.0	0.0	0.0	0.0	0.0	0.0	0.0	0.0	0.0	0.0	0.0	0.0	0.0	0.0	0.0	0.0	0.0	0.0	0.0	0.0	0.0	0.0	0.0	0.0
SRR23478247	0.08406429341782003	0.13783751583677	0.21592698904259044	0.06531539662607419	0.03337543208820496	0.05930196426626156	0.10626493572690791	0.05666041936120317	-0.0052890805053512	0.046535013494271374	-0.037738029859433246	0.0859683520564801	-0.030598183146798637	0.047524029571873454	-0.1254081571578582	-0.04994554650159336	0.04879021122589545	0.000616632841280298	-0.02372464067828346	0.059034383505021056	-0.02123031424618727	-0.09834716406206262	0.0231404839746775	-0.051829399537566954	0.04459012711860317	0.027404135885219148	-0.24404726748867395	0.03962712091368571	-0.06921427975116254	0.0695292333849034	-0.09796917748540773	-0.10996733803937202	0.030315890889661638	0.023018999703678204	0.0030304687004439773	-0.10106796326587748	0.07791033949672883	-0.05093876325442549	0.011000014238074179	0.010666049859100739	0.01739676745903548	-0.06873875594503132	-0.011960142523230443	0.051424602073309136	0.031129307321843606	0.04997882962601389	-0.02149799185700806	0.008046571250736543	-0.009162844773318968	-0.029872551074420828	0.062349610373659894	0.024052428813408595	-0.05215796898833484	0.018899712034347912	0.06804536791317616	-0.034934916472851935	0.020344930451744667	0.025253776685469447	0.035696953236635014	0.019890725818382513	0.06155869861641565	-0.07094453436467765	0.010949837186718154	-0.03908578101328655	0.04138744516180427	-0.05056344861889155	-0.006119179045948854	0.02657777906570412	-0.03228100858543878	0.06770562786985693	0.008374947709974203	-0.012795998057683545	0.021688287786900677	-0.010995562400494966	-0.0001293777124041714	0.05326815027683471	-0.03576017667421323	0.041860288719468966	-0.029659760821095376	-0.03800859397720917	-0.011308067873652291	-0.01626656696147592	0.000977096079573388	-0.03071587304419367	-0.02768080188290736	0.031073579487008965	-0.0420402284515842	0.0015416023365584011	-0.05743254050727448	0.0036418660549804405	0.007201631530824043	0.011581625237272122	0.012183273560782429	0.03663015617599505	0.023075915296292968	-0.0018728233629865527	0.024096163830881177	0.022777355212323838	-0.007062411355845933	0.008481802653543048	-0.0026622920944776225	-0.04747992485534867	-0.003270604154242553	-0.0001704706383766727	0.002502695705599112	-0.018754683569387615	0.0027982827275627106	0.017918032615703194	-0.007078505231712109	-0.006732191057497642	-0.011771626854306416	0.025780518524650645	0.0007968890545229655	-0.017343516652770105	0.02141110888554107	0.003782963510695323	0.0025665910713422533	0.001044022812721559	0.0006468712819675972	-0.0	0.0	0.0	0.0	0.0	0.0	0.0	0.0	0.0	0.0	0.0	0.0	0.0	0.0	0.0	0.0	0.0	0.0	0.0	0.0	0.0	0.0	0.0	0.0
SRR23478248	0.22699050554919276	0.05771677937095695	0.1517431381910395	0.21022449270021554	0.00783299631142427	-0.06838002085120869	0.07667243100117993	-0.0510204846668948	-0.15496493478056986	-0.03863287330267722	0.020616238438979778	-0.05984886361891337	0.02257312349605608	-0.17088358136217122	0.015422562069673152	0.022529492218872543	0.020451824911803015	-0.049079337274989344	-0.045664861950803465	0.039600702598512776	0.002261374588245248	0.05417625426933118	0.059177243795760996	-0.041990607852523974	0.1724288632077578	0.019674610133247318	-0.022996366203808752	0.1101557612843563	0.013015144684068836	-0.03737467291004726	0.005671130788702808	-0.06037673269461806	-0.02722056041270452	0.07962055209992376	-0.009335168431997658	-0.022279815344771123	0.026809631544614132	-0.01867325581231504	0.03189134051135235	0.018146313705358828	0.004447009450162582	0.050687616159571465	0.109592093977722	0.006332688796967424	0.04816678154493374	-0.0036928361288768837	0.02700042253537961	-0.007674928641912941	0.05587751492432022	-0.03979145556995872	0.015298729806999716	-0.0026640368274469146	-0.009104110900416813	-0.04213904328573458	-0.058295410781762896	-0.013851646312097171	-0.007837564210838427	-0.047280421480654394	-0.035135839721310104	-0.012894385120854435	-0.006503099275483997	0.02390960768819075	-0.07260550726775447	-0.05367544003893557	0.027062398989807456	-0.012848817585919972	-0.004546685922655865	-0.032744875655503575	0.02292153282198776	-0.009540299432949506	-0.03539393985375363	0.0003398840620728409	-0.014440403785261256	-0.024260621257784835	-0.026987610634866037	0.010556731412086106	-0.014136029193044925	0.005537087803472809	-0.03706311569977397	-0.07268984164339554	0.013213571315739832	0.04304618720308566	0.024673564482851254	0.04496700762036509	0.012883976329118751	0.007045948803945881	0.010259605466440615	-0.0009881295946921574	0.010535731638819875	-0.020650333854512027	-0.021236917630717857	-0.0017565755313981332	-0.004411051920318787	0.0016036036645374623	0.03340284128188426	0.007141199924156516	0.011103245811066184	0.004623637937987333	-0.026293237512023424	0.00970543727355425	-0.021846202501328512	0.029507141703084713	0.02307143780794829	-0.0007072149536959058	0.04696185431869168	0.017762887024271833	0.004967663129200266	-0.0025262811454111363	-0.002435537936585354	-0.009347753318975877	-0.0092720175428467	-0.022626666236679683	-0.036964789385639754	0.009696504359215726	-0.0067330838074469955	0.003485322888327013	0.009546084151715126	-0.0007968048593966098	-0.001933642829729485	-0.0	0.0	0.0	0.0	0.0	0.0	0.0	0.0	0.0	0.0	0.0	0.0	0.0	0.0	0.0	0.0	0.0	0.0	0.0	0.0	0.0	0.0	0.0	0.0
SRR23478249	-0.1232648222212697	0.5371138230812924	0.21763587493212366	-0.06767105140486157	-0.04660933316872197	-0.038169041751171674	-0.15936860926173874	-0.022823748294708426	0.005859137504531952	0.0028007831666322274	-0.03605867006160417	-0.01118050481949252	-0.006263800632766604	0.06945128773058093	-0.011422185182819834	-0.020075022080707498	-0.03418152503265725	-0.010816363888180318	0.047020274656207804	-0.07205884018912592	0.006925520353180115	0.04535501205921647	-0.0296360609315775	0.04909695021813404	-0.031287296018462175	-0.042234421538209325	0.04041703117593053	0.026274453308889723	0.06447777890283235	-0.020854150840992465	0.04088123095235275	-0.039973745119523986	-0.019977392098111398	-0.02663231556662406	-0.027829991492021696	0.03442244044838574	0.01088173207268277	0.0013897450176435608	-0.05092468694588361	0.01641513949859205	-0.03648376714370463	0.024883312460562128	0.014369908142786473	0.006642126918819809	-0.0035052336218378585	0.040211181577620936	0.0120592568040382	-0.007899548533594192	0.012792916415753584	0.0013230545512081717	-0.012468593873951168	-0.043840864832267415	-0.046673177526499056	-0.00697967705784608	0.003241295249627117	0.07817146655233874	0.04279793165194377	0.02477402959334874	-0.025595296615449563	0.0940553572550413	-0.04252838341143077	0.00508071679513997	0.01711064801939331	-0.008273699410184712	-0.019425937032634677	0.046548057790266294	-0.009514526237539084	-0.03440419017635643	-0.009904178807408707	0.02192434148024139	0.01369785694680935	-0.008162223107831585	0.03069368752144452	0.004841368956868013	-0.029526891488833248	0.011759695283390848	-0.00539680586994701	-0.023556504888862323	-0.02639575421453382	-0.01292124864325404	0.0021432062833303353	0.014703258844612488	0.016795846532737118	0.016325858354707363	-0.008115202059296316	0.04496852552400736	-0.057585757928480766	0.008457877393381686	-0.016318343021925193	0.037012909128186874	-0.0038979210208895405	0.017396726396609614	0.04614412450414904	0.024381647063672657	-0.004116614805997425	-0.025530915605535248	-0.01971613789453812	-0.008265241067393089	0.014997702340100528	0.02678875425497376	0.011540894211026541	0.017977286845014442	-0.005904370682859885	-0.011218407478454387	0.014378658816106	-0.02889316157956892	0.01085777571930743	0.02583112871284136	0.006382483960999447	-0.018844748692074826	0.03083048219146454	0.0014655246161447094	-0.01137820003554689	-0.007390043717600432	-0.004395894419029192	0.03778166325948832	0.007975276661601515	0.022987882918945813	0.006410073547162788	-0.0	0.0	0.0	0.0	0.0	0.0	0.0	0.0	0.0	0.0	0.0	0.0	0.0	0.0	0.0	0.0	0.0	0.0	0.0	0.0	0.0	0.0	0.0	0.0
SRR23478250	0.25372593911928354	-0.12043751750484209	0.17724506226365921	0.08575337211421538	0.012539267640614742	0.02117477636891957	0.13741589449318029	0.11245262421619065	0.08228458469815637	0.0066891122433445135	-0.049397004061148386	0.024900478397316364	-0.19524949508961484	0.07579035831404841	0.02626376047606252	0.03272650465748609	0.057621706017716566	-0.02014776117017849	-0.041491656949929685	-0.025991140591080954	-0.08152115998825527	-0.022684006634579548	-0.10309088061360636	-0.014573371783452903	-0.08379284865966784	0.007594079459714462	-0.07458856385306088	-0.057048075588908606	0.09853180030252426	-0.07079404193827094	0.041254665510472924	-0.024099340512013474	-0.011283018833188533	0.06008956044903679	0.03191862579508695	0.03779590207185333	0.008834472121420333	-0.03639767491745538	0.0064583961833175885	-0.04490183171154277	-0.03780277522417682	-0.02869901642256882	-0.1103197867897835	0.03724993057232052	0.01307762924694116	0.061780606037324166	-0.0019861894593171327	0.05022308906024182	0.034710798569526656	0.03688213974811818	-0.04165887029415121	0.031372572991126384	-0.02489434781938706	-0.060402112675549444	-0.0014477868576215818	0.037011330499544845	-0.009771483801226345	-0.03432809054620397	-0.0011863564539615111	-0.05793737732202925	-0.02420378161640637	0.02156802495979895	-0.06584919663050547	0.031535192179023265	0.008931676910690285	-0.040120629388315	-0.004880266766861168	-0.07101726489231555	-0.05427485832916082	-0.0011005480692845362	-0.058517043259470394	-0.004220674529719988	0.015451324392882972	-0.049265407847150354	0.0018969057476896194	-0.029783729427631668	-0.0291526417292554	-0.033846703785722757	-0.01541586423570776	-0.012801203465633838	0.02290204640767145	0.02183701449536778	0.015998010685284406	0.05962417098256676	0.0033396891255721406	0.007572533703388657	-0.035327415100780676	0.019938943301139177	0.020336199061028955	-0.0011101685727581655	0.05992464135166346	0.033201670965805105	0.02641977247430277	-0.020847649415766667	-0.03607480302144117	0.03764157478273246	-0.03056896493047453	0.01855315787408367	-0.017811987924645133	-0.031132280136515787	0.0022987832921222144	-0.00776569222958557	0.031238363350443023	0.004383503741007112	0.011502498556745105	0.004329708391434894	-0.01881775362339336	-0.023114438650952734	-0.015125801450963922	0.01456738410768381	0.0077460505360052645	0.01737862987243645	0.008508622253214276	-0.011641734332017251	0.014780167999031386	-0.0064483962618612075	0.009765856620526456	0.004311139625007521	0.001211071256228804	-0.0	0.0	0.0	0.0	0.0	0.0	0.0	0.0	0.0	0.0	0.0	0.0	0.0	0.0	0.0	0.0	0.0	0.0	0.0	0.0	0.0	0.0	0.0	0.0
SRR23478251	0.15922696522752286	0.2529000086938921	0.27307034996550256	0.17276182867715997	-0.018735069006247464	-0.09042054056155764	0.09458532122102413	-0.04653117793351597	-0.17123612349673442	0.0028505918423325127	0.051804646510578235	-0.021936280725725562	-0.1268153449290224	-0.13699994910720234	0.027124710552314846	0.10045460452947354	0.0009310847965199816	0.034289183936061715	0.00699046609231211	0.025099324068140257	-0.07314448822349741	0.02561916858649033	-0.04800525299278626	0.0640340392996751	0.03529388143197744	0.0073351420471521175	0.0071206071054035185	-0.030624138515065014	-0.032570622167130116	0.03838827359177188	0.002998057384388543	0.015103103513851463	-0.0062225012017758895	0.04747600557827615	0.03717711571096107	-0.0035377481613520314	-0.011376075738918866	-0.03634244372723094	0.002071288206244408	0.0032245326405190905	-0.024985902750723106	0.023978927876505234	-0.085267368585436	0.02976232965382183	0.057339138976656864	-0.0020010616394439394	-0.005307549211557432	-0.008834172153448226	0.0027116286540097177	-0.0075806437588932536	0.00526396835510409	0.020612281933687016	-0.008771340282918906	-0.027563762709024376	-0.01921529373638893	-0.03502326957962747	-0.0034164585887228025	-0.03136055254389648	-0.01915446252201942	-0.05526055528354722	0.018548514117154535	0.03915697837929853	0.0026787458473978122	0.03677355634644827	0.04282978950635389	0.012829690347602644	-0.006550895438509801	-0.02513151503769965	-0.01051275204491029	0.03393505937470135	0.0006754659778392265	-0.017153705737862235	-0.036731882185261584	-0.004498868955954439	0.0696300963692283	-0.026336870805936607	-0.014149913706875622	-0.019187109484984765	0.0002715688160245424	-0.009684598833068884	-0.004752398127349926	0.034550068384602305	-0.006459945380633962	0.013848899056532984	0.005376312029124306	-0.025318831767874816	-0.019252123238837147	0.0005748702497653165	0.04271348740457538	0.0022306672402932852	-0.015837117333069323	-0.005951945094785009	-0.02886160342824878	0.014019199291616059	-0.0234684575483153	-0.0034403763024922064	0.011262987064987125	-0.027067906932317996	0.03617106547276517	-0.00895720082215148	0.00026474709411367423	0.02416040679159637	0.006161070981208529	0.012903888169474725	0.010981236378358256	0.0028872809078864365	-0.0177345481361573	-0.004320888134950647	-0.010672164762789786	-0.03693914005794022	-0.00516217716750715	-0.006081171023772454	-0.01065630910663463	-0.004842897757459495	-0.008732760816693597	0.0006536682901264024	0.007008295031819458	-0.0008871223858181736	0.005019781689656989	-0.0	0.0	0.0	0.0	0.0	0.0	0.0	0.0	0.0	0.0	0.0	0.0	0.0	0.0	0.0	0.0	0.0	0.0	0.0	0.0	0.0	0.0	0.0	0.0
SRR23478252	0.10891950119016434	-0.08672090882478241	-0.030328646162922173	0.14998156964134254	-0.4488770691613976	0.0839698020076228	-0.11882190710743068	0.0660500962835503	0.038911003146974925	-0.02843235743009332	-0.09631303744332449	-0.00411730261051245	-0.046907118011568764	0.06852288690336511	-0.009361139453243177	-0.025684439799518982	0.00876718773250017	0.08692042337348854	0.02079893371980616	0.02967511488391286	-0.04294250837768042	0.009511990315916903	-0.013945248140325227	-0.13485596745146822	0.06204047190865389	0.04291422858365656	0.004256074944712812	-0.04986180191242694	-0.0271506474962505	-0.1294436097507052	0.01526158087311106	-0.0039338288689810125	0.01629468064465904	0.0393170374280645	0.03131265830579443	-0.06320352619050498	0.018343818334599794	0.019019502939407327	-0.0001472229291780346	0.06585921436800747	0.03050164772594795	0.021592003070169095	0.021231349452855465	-0.008373410105560173	-0.00598614760903744	-0.017974774206170798	0.06812814219463618	-0.056095039681325114	0.02465334118633924	0.06308697832801345	0.04664658764527881	-0.07436337370496741	0.023134517028339165	-0.021553057350569386	0.012308188478608508	-0.005462010132967824	-0.002038763943622934	0.03434919271302124	-0.04772554226301148	-0.006023412812409467	0.014257360630443855	-0.058395162867641265	0.008059124436430158	0.02845823881200846	0.07482799571329449	-0.04781278842259722	-0.03599570357220429	0.0024429343268057954	0.02720245587552878	0.023071663190332804	-0.013994655921274801	-0.008889043628930149	0.045892882511145344	0.006742883847597005	-0.01022714234294334	-0.006856857735078901	0.04874998918836248	-0.015016341859930305	0.01553402249907274	-0.026719712346028074	0.0011949664519019518	-0.03346421135592827	-0.012677781846629085	0.006663751495338482	-0.014957754283781691	-0.00966812297803267	0.0014368959083632938	0.020343254692080547	0.009598281844908256	0.018481048011814844	-0.008747796604239251	0.00968781884544385	-0.026172630483582125	0.02188092895882576	0.03232008666276187	-0.011515849946068442	-0.005220980487024133	0.00575844897909719	-0.032320416141626805	0.003843457625931653	-0.009430656920097402	0.010107224970857448	-0.0038567779752141274	-0.006862130209592599	-0.015416923824211781	0.0075756550825639025	0.004894037732113889	-0.005488555292168445	0.01083565310656445	-0.029303220184706203	6.36664122317078e-05	-0.027673876529189956	0.015731872578157592	-0.022662480696532143	-0.007588192509972277	-0.0145012172651489	0.0022985800008595535	-0.004492071247348823	0.0033217971679725517	-0.0	0.0	0.0	0.0	0.0	0.0	0.0	0.0	0.0	0.0	0.0	0.0	0.0	0.0	0.0	0.0	0.0	0.0	0.0	0.0	0.0	0.0	0.0	0.0
SRR23478253	-0.10225651567059649	0.5276697457080579	0.05404605626529035	-0.06378928756987988	-0.014393190248102039	-0.054959302395774116	-0.03098658153736067	0.033375401886040414	0.04604975458487742	0.009723396586783836	0.02318933602934516	-0.08650389201593671	-0.004545052856000951	-0.001978783171484062	0.012864810919630352	-0.01357090519907354	0.00765127100079638	0.010202859712587808	-0.10991206174890354	-0.024267747674270656	0.0483744636238318	-0.03419533069347282	0.02299839363124169	0.029500393836040046	-0.00032280878944318764	-0.028241558411956642	0.03729992498074162	-0.04271478348122785	0.06317981209053145	-0.05502507056574255	-0.001531856359069742	-0.05887891044418474	0.04036981933387597	-0.00025092117465961666	-0.040778848811157564	-0.030914367936864345	-0.06540363967894702	0.07537882150580608	0.0009671178754930296	0.030505726197567595	0.07292142031623046	-0.008408634750831024	-0.007750874586847561	0.03512374022560948	0.03427540747710563	-0.05622835904422637	-0.039527196088090126	-0.018197446709381858	-0.028203854512720863	-0.055081199282753096	0.016825695436356227	-0.0520800858625804	-0.00628692503842526	-0.02064718211192205	-0.006174746827965668	-0.0031695633700378157	0.003058094067313915	0.048656814900525425	-0.008442200065330792	-0.10905615407358908	-0.06531340157988733	0.03472254962893794	0.014266218524800674	0.021741649977312035	-0.026758099701090006	-0.07905320334300366	0.03340373776146168	0.04352431593249641	0.020308264528337363	-0.016746264318135314	0.04326863820643093	-0.008191637671636038	0.029363940105244755	-0.0243696026138997	-0.01822885996409502	0.019098965415699498	-0.045638063084383354	-0.005696935848187003	0.039125551010924846	0.013782819277474136	0.048855776389059545	0.021440969632999664	-0.008246370574202284	-0.04486707394050725	-0.029458570891291672	-0.01650532565848131	0.05970077911767848	-0.05999780350876656	0.011624518848820048	-0.012655557026120862	0.008889228936277763	-0.02221039859066565	-0.00716599366860813	-0.02681897555786606	-0.0012282796770738454	0.044759176844097304	-0.0027361627158359577	-0.007933482418165478	-0.002526484122950545	-0.0031521948127252075	0.00996678161867767	-0.042181418266542904	0.028086875733845947	-0.009035219832102925	0.017251412105729627	-0.014980690621724569	0.004625335059386061	0.028210160474004653	0.019386665742596232	0.0047329240186722065	0.011091967218974808	-0.005550550540494239	0.007085887056444398	-0.00033078329569666645	-0.005285494822202064	-0.022731495127893308	0.0013845222995366967	0.0012997617946502152	0.0023067411979206085	-0.0	0.0	0.0	0.0	0.0	0.0	0.0	0.0	0.0	0.0	0.0	0.0	0.0	0.0	0.0	0.0	0.0	0.0	0.0	0.0	0.0	0.0	0.0	0.0
SRR23478254	-0.1257207530290184	0.2859381041071116	-0.05726603576500581	-0.08061987645495938	-0.03529637734948329	-0.043862015900892413	0.06823965729024493	0.03227973784374883	-0.030684863002509773	0.142344956953822	-0.03545192299586494	0.1139458375581533	0.1463191819775868	-0.11882509029487943	-0.009524215288287985	0.12652862793744782	0.08033440850385783	0.1310370248238303	-0.07247612347448147	0.10256426842007865	-0.0721708914564201	-0.08722341535837301	0.014780063299701801	-0.046455633080064306	-0.11799011037723557	-0.02436369278422076	-0.05090895367201109	0.08735593155038472	0.0076887685564270844	0.05812249689948691	-0.1665346635868767	0.0639960014524017	-0.016041241886282313	-0.10266411170685691	0.06990201925569718	0.016642741856912394	0.10047787849864995	-0.09636108080484176	-0.05721112198059789	0.014611426585469683	-0.0011869994831706786	-0.005670940283028944	0.049266188180003244	-0.03578598331238535	0.03632308152311084	0.04686578115319657	0.07071738293562364	0.034613042830148016	0.020712739619850696	0.02664977128775877	-0.0005346964898888904	0.04121553592255171	-0.02036826462946603	-0.0242103577851959	0.025369836509537957	0.06911097503328303	0.014899355596805896	-0.06750488854062525	-0.03087531136447799	0.03884266109306339	0.030781604678304583	0.05476023956419275	-0.02886723513219234	-0.03540222868961815	0.0719600085450033	-0.041125614818234686	0.004548063712751596	0.04066312934369504	0.037107426036112424	0.009587543813873028	0.0049289888819699906	0.09870628330903092	-0.03736349347278927	-0.0049017753201666655	-0.007436852468498204	0.010671363408112674	-0.007638068230800891	-0.05532104985154641	0.08235245460936808	-0.024838773027441308	0.017471214230758925	-0.02317041355257657	-0.000480575892754283	0.008181108933654794	-0.052141977607068	-0.03609481722260691	-0.029084046262226892	-0.0007814407637188224	0.02624366269184773	0.03030887599548737	-0.04307167956286487	-0.03755777769194142	-0.01400118948154783	0.02783651553023909	-0.0007575003041935524	0.019017190686377056	-0.0046065328637898105	-0.006804032256158522	0.023881269744053163	-0.03702695885388136	-0.020295007337267447	0.023111647969226594	0.0020499873335121737	0.0027946308681379255	-0.009182615879888657	-0.01565659710650492	-0.015808334508673427	-0.00591372593355184	0.016023049754405286	0.009333572252182948	0.017881130337284726	0.0004217051874798364	-0.006148272078664559	0.0046465378012485615	-0.00658270615224365	-0.010949955347066501	0.004712024682586647	0.0021966176322582125	-0.00867683115568706	-0.0	0.0	0.0	0.0	0.0	0.0	0.0	0.0	0.0	0.0	0.0	0.0	0.0	0.0	0.0	0.0	0.0	0.0	0.0	0.0	0.0	0.0	0.0	0.0
SRR23478255	0.05707877144577639	-0.03126228589270936	-0.1745313033384913	0.005536919054795566	0.1324367208177689	0.17954698087206386	-0.06938688152954127	0.04306758981044064	0.04461849035724138	0.1254300735876723	0.02968206871994765	-0.06333945344986636	0.03309933155606846	-0.0004603222088913875	0.03163994313279586	-0.16841557058036427	0.06747415654721445	0.0026379760455013954	-0.08097798682448092	0.005833447685021222	-0.031073103930494735	-0.058161677809895486	-0.04441369682770686	-0.058678102772542665	-0.016823440651629835	0.014824609684125249	-0.046835699212752074	0.08357954667731134	-0.008688475044714164	0.15668407862921646	-0.0011184690105316235	-0.08195337356632902	0.0025188874938737557	-0.07834615298645313	-0.13660822927976757	-0.05601815993622124	-0.026385408024393008	0.011668368408783027	-0.024938296847441907	0.08018956523832362	-0.05050201241239466	0.02269017051332225	-0.03201279560979926	0.012560393969525184	-0.03549692329855217	0.05129432630644596	-0.016505747526989183	0.0332490576896565	-0.06690722704246306	0.08171237729818237	0.006617953853221345	-0.04365468886609399	-0.032294007881030935	0.06110467813246415	0.012144290077188948	0.052194494584356675	-0.05407980073083794	-0.040250934739074845	0.02044889350050682	0.005299236033146074	0.04873943089643447	-0.008375589368886549	-0.03602085663268937	0.02541867120863599	0.0007037736437728786	0.04261690407509903	-0.008126960925842489	-0.05453805477953491	0.11011325057976505	-0.02137563486278092	-0.028574841580122	-0.06943766718824469	0.012019683138854069	-0.007986815191139876	0.02199063193694306	-0.04256157561938506	0.011922022283611007	-0.01786356757097183	-0.024460624521141963	-0.009444036710888757	-0.015447883250827212	0.0011480556108870276	-0.03762113941025276	-0.029839378263239784	-0.017550161830050554	0.000681328913003951	-0.0006781391302056382	0.001763151860249816	0.06628444897560148	0.030505816845098118	-0.01194455559273978	0.02617741108479736	0.02000709398476692	-0.027529642165505182	-0.0020629683439735385	-0.0044760425163362545	-0.06369357445972369	-0.02752796237402039	0.0115537051478617	0.0070374501723646015	0.022867886368646964	0.010002903004058105	0.029120864460371862	0.06744225051861598	0.023015527169273624	0.012449799797752157	0.011697017097241748	0.0144758608423521	-0.0034353800665027404	-0.005637172783407014	0.0032006478651585004	0.012823441275632478	-0.0024427179479859303	0.0011043948833230608	-0.007490747949320527	-0.014336604534273184	-0.011143732531705789	0.0026524444659707805	-0.0039921109611558	-0.0	0.0	0.0	0.0	0.0	0.0	0.0	0.0	0.0	0.0	0.0	0.0	0.0	0.0	0.0	0.0	0.0	0.0	0.0	0.0	0.0	0.0	0.0	0.0
SRR23478256	-0.007764221057577914	0.06159606618196284	-0.2992077084599034	-0.06860221280097233	0.09136182361789581	0.019989088988513544	0.0208788163574609	0.09962672438118256	-0.18431118273324973	0.05671779195847164	0.07599360611160173	-0.04220582471340107	0.023037996658606293	0.02993847289792283	-0.01239451561160721	-0.09572370125105642	-0.07657142146307488	-0.028707607101459403	-0.01957209546948297	-0.2117736700517819	-0.10895196217771477	-0.10698107023848213	0.014287789092261052	0.022013602447401918	0.06035435119730037	0.10115653493881203	0.0649567216823344	-0.0423706658171075	0.06997504707515317	0.08461672245351001	-0.051388944795594776	0.020843745691745404	0.016861424111070628	0.00016792329336813065	0.09362475714816766	-0.07543420990291627	0.03729175930849618	0.10565041522765357	-0.02777902601925386	-0.03666333890183743	0.03556486619224269	-0.06793062227429222	0.028401090028987688	0.04377967068792853	-0.12350544198963401	0.038004887220468284	-0.03851926747161562	0.029440300777469553	0.05487731663544264	0.07753149075815485	0.013687553703791284	-0.03682187016553095	-0.06843136683714215	-0.016894051902359923	-0.10312106184939014	-0.045743472518718506	0.030082529353851546	-0.01591837187306496	-0.004044103145228196	-0.02713611650694948	-0.026607296326651896	-0.06335000140229662	-0.030726422524323657	-0.012374897908905577	-0.025527240830592008	0.05489585163801709	-0.0021025465973780054	0.061963892879013584	0.021492156409611846	-0.056385709416623804	-0.056719378277381875	-0.034037546185059366	0.008761200515784292	0.0023995588756196965	0.015516214294251391	-0.005791926051267559	0.014386114980140467	-0.04672444763693431	0.006507221465301768	-0.024877536353967528	0.018374981615382223	0.02537817189819458	-0.03961591042840054	-0.026140961117867716	0.006881469877486528	0.01771453878457309	-0.05673960326135061	-0.00531716065539373	-0.037687460395037946	0.006280271025795849	-0.01966756977457938	-0.04327833092702883	-0.01749012779239395	0.04262648053338387	-0.033652566026129774	0.00209652148321297	-0.015332768444288186	-0.0363608731440298	-0.021224457110610568	-0.06311908831855607	-0.0248301302390466	0.0011423307813274344	-0.033064627229445406	-0.016570321108824074	0.008778833788244969	-0.02229839615017303	0.011744130428044666	0.001925573101885179	-0.00228152274370174	0.001302326262509316	-0.00041503092795375706	-0.0005653314408121539	0.004443535163142115	-0.001973919663287765	-0.00011025148355467885	0.005456586793660852	0.012914217078992598	-0.011880608953915892	0.0026237431500069196	-0.0	0.0	0.0	0.0	0.0	0.0	0.0	0.0	0.0	0.0	0.0	0.0	0.0	0.0	0.0	0.0	0.0	0.0	0.0	0.0	0.0	0.0	0.0	0.0
SRR23478257	-0.03851583688626959	0.10588492355819897	-0.2411902680792254	-0.1242337940005909	-0.012685170868723073	-0.0835343088273257	0.1295162357304191	0.023153900198385834	0.08729828253525367	-0.023157675369832348	0.07766408012327745	-0.09411333322688921	0.10268430355238158	0.05166817836361547	-0.027190083312539078	0.14965829654041363	-0.002133040192340135	-0.11621922221115899	-0.18893295000999794	0.10375325831870441	-0.017875308473617253	-0.08005387355444152	-0.07327953677428017	-0.06266406741924986	-0.07168078032983403	0.18856924468650418	0.03210552616139426	-0.03606999625007112	-0.024438704662204876	0.010679976876957192	0.11548855238375332	-0.09596781586530956	0.010269583621526657	-0.10410541070581102	0.2361648545327293	0.060468931974085274	-0.10720691162738588	-0.10919028229420426	-0.027260009222642052	0.08530714564607829	0.021814608733694632	0.12139161432811364	0.084815276135197	0.08475690865894897	-0.019998535705646178	0.01243388806576694	0.05215787556559738	0.007555074484661901	-0.04877531824728176	0.05664645509451972	0.009004296584152489	0.01842076557924148	-0.06097446221067498	0.014197104246083206	0.03811412749693673	0.05160219116248169	0.02953239647755752	-0.020074160759991088	-0.022790904962639826	0.0357077502990867	0.04397547768904898	-0.02162980957061135	0.051240969682448165	0.028972347042626276	0.009423630139679479	0.005828135176134174	0.01100192233839743	0.0013015965661976223	-0.04076113664307356	0.012958124868571917	-0.00265057878645372	-0.02768955559272073	0.030866790824930657	-0.018000345817183433	0.027258904598936835	-0.022330925799406685	-0.001995109452999491	-0.012110113587493823	-0.02665414637745033	0.012391657913288988	0.008544571941552224	0.006891152303235976	0.008185045858148473	-0.01179103913623877	0.0017223502581763222	0.03246504852085975	0.07228961307058161	0.029592717375402998	0.0032003770118312156	-0.02090398203266896	0.035453173351497745	0.0017735235711724565	0.04206450523418559	0.013674632677645347	-0.025619065858545922	0.009382808518511723	0.017488510807259713	-0.0026301587303015736	0.012195712374291682	0.0035188712479290126	-0.04057486230525709	-0.0038316810992124143	-0.007700680551812765	-0.023090584977258626	0.011565262224969798	-0.009577281522371073	0.012438135753582564	-0.002271945979734518	0.008629548204134911	0.010403465412298012	-0.01774461803513414	-0.024313591433240873	-0.01147990327792975	-0.007538216191238971	-0.0011337111189919677	0.006572531439911565	-0.00844414906827821	-0.0002954826260544304	0.002286629145379262	-0.0	0.0	0.0	0.0	0.0	0.0	0.0	0.0	0.0	0.0	0.0	0.0	0.0	0.0	0.0	0.0	0.0	0.0	0.0	0.0	0.0	0.0	0.0	0.0
SRR23478258	0.03879916177350601	0.07549728295969077	-0.3102754293065393	-0.055899711449744496	0.11589645984051605	0.12998902221262268	0.023888430429149374	0.005479449427434652	0.01056409413386413	0.01566714413740797	0.003618385022807733	0.007462720812603971	-0.02616636869622369	0.05574197306849908	-0.008933378301379247	-0.021124228495603574	0.009465670019842925	-0.018220588401815015	-0.057350010130858976	-0.10373130569526451	-0.011498669632979233	-0.03216577958973773	0.12948047611071578	-0.03961696006601471	0.04418019479595231	-0.00657574453596485	-0.02554067585837564	-0.01558418547151273	0.05103331928943489	-0.06097582847177382	-0.04714595781948485	-0.1253935164474386	-0.05584665100421563	-0.015971665914485546	-0.08525249714137693	0.06329966726093499	-0.13153988507842387	0.03262795535677619	0.031442565225030986	0.10257184026660474	-0.03030514914493816	0.12118845236805452	-0.08747173075964876	-0.015407635507246381	0.1219086186641812	0.021663254852985987	0.02268962431955659	-0.03756918688377476	-0.0073260686447735555	-0.014417967108536732	-0.06849926186883278	0.008050918324118413	-0.018213166772714822	0.01334461851899775	-0.003992555258532982	-0.0007176060658761215	0.0030545129659738926	0.0038187953426566962	-0.03888008993903931	-0.03479664111341271	-0.08930817727573885	0.02630358375492033	0.13760853721674812	0.00998286565158184	0.1177060734360169	0.073517726364175	-0.021008940668180737	-0.01809831742846186	0.02129150228363311	0.024153695199833607	0.02489719023210159	0.11105462775921245	-0.025524338105253126	-0.01151846430352487	0.015842398597336285	0.06414958631718395	-0.06574739077070214	-0.014385699371955545	0.009569445669811763	-0.020906606595159617	-0.018133669047787123	-0.009659408210103583	-0.010669512244262727	0.02861672405929931	-0.03851942775017654	-0.011010094461319295	-0.007386383792013576	-0.005480915003781249	-0.037862743378242976	0.03399674565669482	0.013133207231440359	-0.02206775997548024	-0.005054395340184172	0.002218822131173183	-0.038455263126793315	0.023355926556998773	-0.0007617526948865686	0.0018334277287836822	-0.06799479574137214	-0.0023683261660605607	0.013364371331165489	0.022071922640079362	-0.028975052837520745	-0.005851980853180313	0.01411497088191655	0.018355521822123192	0.009677762121509694	0.013912006690467785	-0.02383993159389047	0.002322171025679496	0.001850057812915114	0.0003703476215619504	0.010838800012722291	0.010965182935000567	0.0006432136533227434	0.0014267172533994604	-0.0002107759092222486	-0.0034028149226071934	-0.00012759800384811983	-0.0	0.0	0.0	0.0	0.0	0.0	0.0	0.0	0.0	0.0	0.0	0.0	0.0	0.0	0.0	0.0	0.0	0.0	0.0	0.0	0.0	0.0	0.0	0.0
SRR23478259	0.0003169217140865976	0.08969592478247246	-0.3600078428465915	-0.12464528016713745	-0.03427050790283343	0.12513802267498533	0.058836332063634866	0.04662393022212565	-0.06884106563966955	0.10483402602617334	-0.015562965036225692	0.06060377069044911	0.07731275693464483	-0.028234329460263365	-0.03451852387092678	0.22917437900483936	0.08429803018903674	0.011965057140922707	0.007672590736656967	-0.05675307810317435	-0.04684070648753573	0.16313411471249875	0.0747303061413559	0.02644947332992983	0.010664705095074686	-0.08210295905799653	-0.08535886277547415	-0.01737578047073741	0.02049377470848648	-0.004923575415575089	0.03667800997317677	0.02799379740061801	-0.047166447568027264	-0.05580061331813054	-0.03558476722006187	-0.038305501820810266	-0.047463224235396645	0.025861827795098456	0.0004687010221066289	0.05597120547930604	-0.05066007234434438	-0.043086768630393756	0.06038632090782149	0.06436511931584582	-0.04125548971045552	-0.03252454298355858	-0.025176058615296343	0.05076792735096697	-0.01719800922370199	0.01621062813648188	0.024467300986390952	0.04005514484165673	0.010854156103631957	-0.10350844642619011	0.002264916310680242	-0.02110364684729121	-0.0701799440892053	-0.027661205331498993	0.003227549737709917	-0.048891100024315425	-0.0181867551916629	0.006518491427398291	-0.03134435790402783	0.011352728740182097	-0.01010916693988696	0.04272437761275239	-0.057664719315374736	-0.0068941455648958115	-0.01932145205060567	-0.058059657056472834	0.033865147648802524	-0.012908568770895197	0.04901694189673522	-0.012722552386080053	-0.0386300190545785	-0.06501677749084744	0.009065724777407226	-0.01892063230315524	-0.00824925672174204	0.029311858843655014	0.01102962574892356	0.030969434976590146	-0.012541164106875516	0.01729479443693259	0.004331021816224	0.04535159040083504	-0.041026160338274505	0.0423488560119465	-0.03149014067736607	-0.0006171288301778333	0.019807387150544024	0.023559660377658366	-0.024538452413039192	0.0026829182054250566	0.060879446744668476	0.015349984248421331	0.014934546181265334	0.01323941357575108	-0.008098122286822001	0.058979842214428306	0.024802852995457685	-0.0026360949473106282	-0.017375798969619254	-0.01996100603953677	0.013204242312492842	-0.018497725867744442	0.019194766492505566	0.006079351954265496	0.022147404381375795	-0.0030969982586056015	-0.02702285797113779	-0.00693679362708846	0.020537215296692148	-0.01211648346248195	-0.005193374544793275	-0.011392450540559783	0.004600575554768674	0.0013945923380087014	-0.012165668429337499	-0.0	0.0	0.0	0.0	0.0	0.0	0.0	0.0	0.0	0.0	0.0	0.0	0.0	0.0	0.0	0.0	0.0	0.0	0.0	0.0	0.0	0.0	0.0	0.0
SRR23478260	0.15420632637171044	-0.06276541313968459	0.15866894176931098	0.03239691774247017	-0.02810998370460405	-0.06717131589003648	0.2211487542952202	-0.0332064920461376	0.02133980947925938	0.1476756882806289	0.13729188896733896	-0.0027638465187639115	-0.11618918524340265	0.12902909417189043	-0.12984079383905228	0.057195487837491954	-0.07158362550368076	0.16950262409372224	0.06971990709087703	0.03503434182146131	0.15724641244059576	0.11653717026865656	0.0018509247759721317	0.02945616670668549	0.05587907869627953	0.014370562590400262	0.1597293552983248	-0.055760107334247536	-0.02119364878204011	0.06512159299943324	-0.06492229000626193	-0.0018237584769032048	-0.03718719202580679	0.001540791529703402	0.0093660603370386	-0.050054025985464455	0.004103864018061338	0.022198570039556925	-0.06938016687060225	-0.01842674781564643	0.03032849080607118	0.08311388873618673	0.0639896724505274	-0.02475298567699452	0.008486294384987152	0.0031686421933082506	0.012493586546549751	-0.005704484122776107	0.07404715441338637	0.006972512637272745	-0.04803601550918889	-0.012678728899235044	0.00820049159217076	0.019359218000779648	0.0002679218357202066	-0.040025904982195375	0.04221656388079711	-0.03518981357175877	-0.019973619495238095	0.02236053770733846	-0.05720826479949698	0.004903759610625336	0.006119178126231945	-0.0061513451180915425	-0.004067896653325657	0.0016777342309524414	0.03707492478972856	0.022797716758763343	0.03652426674115328	-0.03974562262706886	0.012443752156661906	0.035695363995457065	-0.006396561863499832	-0.02586515626465371	-0.03282150402516073	-0.0005918690111532326	-0.027750972106871972	-0.034353940134164665	-0.02484352715490907	0.00578853433981275	0.03940411603060523	-0.0062517782735757275	-0.022373349337877067	-0.01971744347028189	0.0010865884726566002	0.038336924504609696	-0.006897058777913489	0.04571812549321373	0.032117761333727304	-0.02454070423226774	-0.011300657983918046	0.036622959059049	0.045653304153940324	-0.005541683029135871	0.005773603071509355	0.011724823584323356	-0.029103392394344035	0.007074926460417555	0.020402693435306554	-0.022533128009490498	-0.0021805821014523503	0.0008855540384495956	0.0334046979211296	-0.02385689234218246	-0.015293982258514005	0.03900633623649065	0.001635318709537806	0.010614787420457869	0.008960840816144913	0.0052208039543098035	-0.017794725203414342	0.014523438499826494	-0.004598512320307145	-0.010709766319528953	0.025962513771216528	-0.008424072763522614	0.001019585785118471	-0.0034634645987782135	0.001758504205420954	-0.0	0.0	0.0	0.0	0.0	0.0	0.0	0.0	0.0	0.0	0.0	0.0	0.0	0.0	0.0	0.0	0.0	0.0	0.0	0.0	0.0	0.0	0.0	0.0
SRR23478261	0.055879263055508735	0.36415471116930387	0.13513125840688486	0.1620923362451251	0.0454414698932132	0.0844591981430931	-0.024432855116334987	-0.03267437170164727	0.13927710208346392	0.011903747230238744	0.0759687329457318	0.12388739095511483	-0.03875306590083333	0.044832296199079656	-0.03387643582492386	-0.013519573066273808	0.09669979765819743	-0.011977750591782048	0.025893900007190114	-0.005591496867863176	-0.06276614688928754	-4.67099820131843e-06	0.05053054408626133	-0.049005851511795456	0.03540660768284467	0.03722157134329331	0.009416422757088405	-0.007547542147370967	-0.06073103121513775	-0.046731204503891614	-0.027221550810919766	0.04639532461619369	0.028210630196091744	0.015643142667873405	0.029808116729052408	0.0017492716162892071	-0.01736851409277573	-0.017426844165942673	0.018734971811144363	0.02588891858581856	-0.056813837236882825	-0.03835159993767709	-0.08598590150987909	-0.004150740085501751	-0.009066346858714155	-0.0833574170884488	-0.08196091977076454	-0.03649840906130722	-0.0387662258388806	0.0378484506363865	0.06369687176549621	-0.0048668411551705424	0.049262569528596346	0.002151952301265044	-0.06465181372282253	0.001758637600902358	-0.02241664721522423	-0.03779439469504139	-0.06091791441874667	-0.017002798965144613	0.01948254802710232	0.019885323525750117	-0.011374810429679473	0.05960044306926646	0.047257006490659954	0.0005717181133600703	0.017953656655375627	0.06652792482922942	0.0003285921812451716	0.06721471464900237	0.021094080853620994	-0.02241472045467028	-0.06853866712006831	-0.022743832406689674	0.03216024257255396	-0.038017089127743084	-0.025014584749730596	-0.003634019569144701	-0.01447974955380569	0.00975551092203975	0.005815707619528414	0.00656649336760652	0.020834041768098475	-0.0007282898364354284	0.05265060651355062	0.001674825762443928	0.013042454640590482	-0.012436641738515464	0.02826275006024519	0.005614883761892456	-0.0399553389588075	0.024820998261832608	0.033940871793358494	0.004808104853676515	0.038450021013095644	-0.03408840771143404	-0.03110003858512221	-0.021691864915400774	0.006494153065837418	0.009388579869842425	-0.012093231600464802	-0.010004513940601385	-0.02653811386635314	0.01064709993543969	0.0018373858440182277	0.034598360990990396	0.025516882187772025	0.012370072627589837	0.023156730907918897	0.0042645270297174895	0.005169679064198067	-0.01485763189362922	0.008837030364116694	0.007511399235058834	-0.001088742764397331	0.0021691636733157742	-0.0005833626872932688	0.0037816178070624344	0.0011272773466131046	-0.0	0.0	0.0	0.0	0.0	0.0	0.0	0.0	0.0	0.0	0.0	0.0	0.0	0.0	0.0	0.0	0.0	0.0	0.0	0.0	0.0	0.0	0.0	0.0
SRR23478262	0.1691395239850812	-0.08038223234706064	0.08829665444279348	0.023089434229419593	0.03536235603586064	0.02511514246967785	0.0460277867784822	0.16160899093555225	0.045382693871724736	-0.11368958253931548	-0.008842640139443692	0.04741817708380244	0.21476937345135655	-0.02186198445582165	-0.0648342142944998	-0.043933681490972806	0.007152896326984337	-0.07714020047453526	0.03035086171013034	0.0350186005974987	0.03616495646176597	-0.10570241543849763	-0.06570227436072074	-0.017195695396813038	0.1282094655181136	-0.035384441579515695	-0.0035558027825175064	0.08975200599629246	0.011649805552495729	-0.02522680258240429	0.009909083606946865	-0.061842200294854884	0.017675699328406676	-0.04308183209832136	-0.056145867863247025	-0.04004324232724979	0.0246914734276422	0.08043222856319157	0.03503427567614538	-0.03602536813074472	0.1036226472164617	0.037635602353276905	0.04180948300763423	-0.08649003536904924	-0.06780973777133066	-0.018705374608275243	-0.016697059134426238	0.005213561214829654	-0.06275241207929125	0.01147186278880402	0.014909592733957944	0.04842029726527873	0.017403610359909834	0.007547701380995433	0.09384215673394207	-0.023786885263814214	0.03952419216224708	-0.03155139044373084	-0.015315520887717251	-0.05035310450186623	-0.01609541645066949	-0.050149062913255875	-0.02148090347934276	-0.005265765029428359	-0.07587945823195433	0.03608877358146549	0.047752092153392434	-0.06746456201278958	0.007498933065713931	0.06666727148811306	0.009758080590236915	-0.026684212187245367	-0.016595309277148237	-0.04470014869573736	-0.023508065886467956	-0.020662455258458952	-0.04717522168543236	-0.013975024375221126	0.022611597012226717	0.015487553659660714	0.01687692946451619	-0.01054135582621512	0.025762531097048277	0.014089840979982043	0.013739845468827266	-0.0009914646984855867	-0.0404629858005434	-0.03698962259663365	-0.008330645801023571	-0.02869852362156481	0.0007348851922154791	0.02248056349684999	-0.04015229084573165	0.017027325005938256	-0.016237750557820754	0.013086305436910098	-0.06582725870664934	0.012768977894856714	-0.0006146465303191294	-0.011118200403027289	-0.007210894238125802	0.032208183112300004	-0.050715850043206834	-0.055704499510965726	0.0210763071529575	0.034746449384156476	-0.01944640426354324	-0.004492298946328146	0.02605129730162554	-0.0035935143157200503	0.00304518126913225	-0.011292018281072702	-0.008223421034306224	0.009900031079619688	-0.008581970317716644	-1.897445627128949e-05	-0.008896803017771673	0.011581158055163005	0.00044538599735800154	-0.0	0.0	0.0	0.0	0.0	0.0	0.0	0.0	0.0	0.0	0.0	0.0	0.0	0.0	0.0	0.0	0.0	0.0	0.0	0.0	0.0	0.0	0.0	0.0
SRR23478263	0.24410573855347875	-0.06845887064075194	0.03853102329757849	0.18617083468332354	0.046082994354704865	0.16439745275348366	0.02188520896452632	-0.11656002593411098	0.07339881402444848	0.026116938531325497	0.06173988618805158	0.016538181972309055	0.011768347990355877	-0.08965847015198074	-0.010016644127867414	-0.04320308238663092	0.07298605646695223	-0.13001452512687506	0.06175600101745627	-0.046903216997539195	-0.03111311167501974	0.10788856091517414	-0.045946795493320126	-0.06849255483119143	-0.09187248943904483	0.038827084522833774	0.020888607939997923	0.08698249167623796	-0.03986094526520118	-0.08334259101044693	-0.06633506658338258	0.005618879031831818	0.02007895087723789	0.03142358073695635	0.029906965361290096	0.04420069841027615	-0.015603171367512157	0.005557039239773619	-0.0069008500627235035	0.004989914696999887	0.006017184504551039	0.004620498449998749	-0.03609775009928966	0.035716627154937904	-0.01146088367018022	-0.011484989195759783	-0.038254076997501545	-0.04754259422025603	0.018651978902171157	-0.0023412879744480167	0.04368098861967939	-0.009363377263989722	-0.06343310659912461	-0.021356462344946266	0.034185701310568674	0.005586392462655617	0.1066334052001232	0.032371234944074574	0.04830917931842446	-0.058122782720405865	-0.028915166955101837	-0.019230828569889027	0.021410124593087415	-0.03337121504859933	-0.06792959743867481	-0.026036535005096204	-0.005446300998298838	-0.056274821660285815	0.11984696729415377	-0.015257358888100167	-0.04670375335278236	0.018461613888952174	0.06694307521542855	-0.0022260191381068585	0.03165156215300159	-0.00668225424443956	0.0473234967023072	0.059426839213706624	0.025030241160206804	-0.03705704079063422	0.024373314104547416	0.012699403300541354	-0.012125378300912445	-0.016531193032421312	-0.025320236534058675	0.011908475889104663	0.006851865584087733	-0.00031929513895540663	0.014203731476761811	0.03863069667970347	-0.04635515903969792	-0.013803765226926397	0.015514590312360303	-0.050106109424021765	-0.036738539281006795	0.003866221952840658	-0.005715872405152482	-0.005251335347235206	-0.0047581293747985315	0.03129066822716675	-0.035752448561957834	0.014836485155797132	0.03857102871850662	-0.03591524998877629	-0.009632655884163054	-0.017954773904974318	-0.005695078931798351	-0.02618305699338566	0.0007300391118538381	-0.024876305652728973	-0.011871890462028467	-0.015145444201777736	0.02068917015491709	-0.0045055098251550706	0.004241732927792077	0.004881958725471085	0.00488814217301833	-0.0009559782210178331	0.0007675025523259478	-0.0	0.0	0.0	0.0	0.0	0.0	0.0	0.0	0.0	0.0	0.0	0.0	0.0	0.0	0.0	0.0	0.0	0.0	0.0	0.0	0.0	0.0	0.0	0.0
SRR23478264	-0.062492432694388936	0.11080362327126568	-0.22855172199928583	-0.17009982653693445	-0.09141597335583071	-0.2133503415966812	0.25298748686159	-0.16840285488434306	0.2643613007131481	-0.147764094500361	-0.1510114059516238	-0.13704465367743668	-0.10003777495915481	-0.17996820653978507	-0.043355641141480744	-0.12036759685109608	-0.04155671439143504	-0.0248320946639054	0.04398751530086858	-0.07131207575351335	0.03432669610009012	0.018616044139990417	0.041058395301313645	-0.062236459779256355	-0.025247026615133877	-0.04747679977642783	-0.05859259858463778	-0.08541796113217288	0.026432734722620244	0.04221640559034294	-0.003843208763790053	-0.03140483890488286	-0.02267778751632586	-0.027018746084319346	0.05058814174277423	-0.011893669525286038	-0.006837326324837174	0.02923301547827551	0.011885016487979076	-0.024169884925891987	0.012931337360598923	0.030610963957894945	0.0294786314676127	-0.0101402456695784	-0.004438518138821269	-0.008452430657941523	-0.018729620294184398	-0.03443301923152496	-0.003194598024228186	0.022672587082516044	-0.0060851171918668455	0.0017084685210235105	-0.02327997550180157	-0.026115312225728035	0.021561099461083116	-0.007196745214856174	-0.019331117794951974	-0.008119381282130404	-0.01907215252562684	-0.009382966724161602	0.042144396959061144	0.011600337283005554	-0.05143045288277053	0.004424287610939835	-0.02326297295398317	0.004993885321951803	-0.021245837512325127	0.0360131862763481	-0.0024409783268989067	0.004733143300075988	-0.008268872964997422	-0.020722999673638335	0.01586638992346751	0.012272844143568717	0.003686049758258106	-0.009610477020780777	-0.011117529574171276	0.00206265496181825	-0.0014543033892049347	0.031032169950262416	0.012932002125506482	0.006657649747893955	0.013796635052299793	-0.011804339734412188	0.024824463789221117	-0.012880479011556912	0.028164470218198893	0.0008040847710510865	0.02400933545410408	0.027844210181493988	-0.026066539003386294	-0.03987807634390069	-0.017488861057458106	0.026620560176503306	-0.02845337046084723	0.026267653302867594	0.048034293017163866	-0.006455751783293854	0.012198961935467049	0.022327557955258818	-0.018800350296841	0.008479858009198203	-0.004919788424696947	0.00408071587970811	0.0397717778607452	0.048448727617240034	0.017454623492434908	0.009883122893299456	-0.006640206451189747	-0.04178919062268518	0.027274903148460986	0.02688217053045026	0.015792680109183364	0.00918344879327436	0.016722070207230263	-0.005174549807088517	0.008567997476022002	0.00047351177840022343	0.0019236929087845887	-0.0	0.0	0.0	0.0	0.0	0.0	0.0	0.0	0.0	0.0	0.0	0.0	0.0	0.0	0.0	0.0	0.0	0.0	0.0	0.0	0.0	0.0	0.0	0.0
SRR23478265	-0.021195562111796903	0.10443023214140086	-0.2925235241268036	-0.11883251674642013	0.04048090448944726	-0.07385995680099298	0.07254326523041217	0.16581660883526256	-0.015335466358354989	-0.02072199462382825	0.14198686121943443	-0.15289581242755879	-0.056175993001988174	0.11755636199645846	0.08188823276260429	-0.19007208619699187	-0.03283526815729148	-0.09694353601442551	0.015300401833846174	0.11280668779836674	-0.07857815972409306	0.09983045776970365	-0.037026215193748636	-0.014011942234309498	-0.005535535700609682	-0.0956680772918565	-0.06123844806382025	-0.019992353624496965	0.06930924605667725	-0.054546663239756724	0.02881631705628213	0.03892772397907192	-0.05760319269452533	0.032006613027339356	0.12155912303716337	0.08503975043194942	-0.10379468477700762	-0.12419739073760307	-0.03561000931598203	-0.025150671775088593	0.06603309761488124	0.05553126391304067	-0.025708422383774424	-0.024879656346915455	0.003220678553032019	0.05983672277768136	-0.025569688904969384	-0.04050002843697132	-0.00947968478348998	-0.013301529027094838	-0.041046886511808586	0.10568880096435118	0.027150448224325368	-0.06879942025020787	-0.032573488177454035	-0.07125153990661189	-0.11069379597825008	0.0031179816772086135	0.012601642096892447	0.050516324578436876	-0.07868743910196907	-0.09353300882534064	-0.03446152417666186	-0.037795440845331346	-0.0004717967455312572	-0.059259998696440996	0.0038494691726598464	-0.012540752624399272	0.08029121525499537	-0.00805205562210528	0.015884202525039248	0.004081816881421585	-0.006049848546358229	-0.008661755074226464	-0.027432012385323497	0.008111067171138412	-0.00029823654789440775	-0.03214887232696297	-0.016773331945941806	0.004310576361816979	-0.01839136974937196	0.007786762392456002	-0.02013980428676512	-0.017227410182761253	-0.015982175426219734	0.005185825822522437	0.0008816945792320594	-0.04889463008483487	0.012334896451882656	0.03996268527467204	-0.07407391030660312	0.028425965730386603	-0.046119739806860335	-0.011916255131028196	0.025156771050117873	-0.006966797927623887	0.0034136077163982696	0.02255766635031878	0.02854495911900378	0.004974522092710241	0.012725659282111387	-0.020599239193689018	-0.024401552890724435	-0.0036073377403975674	-0.019803579775227027	0.010913240717964899	-0.0018269219962554785	0.0005488339777656072	-0.009261120747096214	0.0066874923491759665	-0.002762847268856191	0.005092899989896222	-0.006090712856879119	-0.004902793837192466	0.01042208356464814	0.007029819731186651	0.0004665551380073472	0.005490347550830014	-0.004939231062511746	-0.0	0.0	0.0	0.0	0.0	0.0	0.0	0.0	0.0	0.0	0.0	0.0	0.0	0.0	0.0	0.0	0.0	0.0	0.0	0.0	0.0	0.0	0.0	0.0
SRR23478266	0.1976081114182746	-0.1079925645199009	0.10535503576640436	0.1075546860723013	0.0683039889943667	-0.03962999648522942	0.055648802493913234	-0.08840676781206144	-0.11120483836620261	0.07862358737462263	-0.022185745059428295	-0.1311347758009179	0.0752593495853733	0.01159051675848705	-0.17400792954081654	-0.1115498774569974	-0.03710131924430206	0.09389975697086303	-0.024010341333879134	-0.039132313726473716	-0.007422677957899858	0.07949732986894258	0.06594099287052012	-0.039464409824420975	-0.04138701949971981	0.16910907794564364	-0.08034577621304503	0.1231000237844201	0.014215396425906926	0.003768642810190798	0.09263469710474583	0.09228532924318861	0.021028800856347226	-0.04254736105630713	-0.001364326347613678	-0.007846300667796168	0.023261963394965515	0.0403150016953816	0.06609567688410918	0.00681020011263537	0.011558096731677348	0.04549712821066974	0.015512499439808185	-0.008540347587778335	-0.06491885543115691	0.004009401716977578	0.02279005013879262	0.009453433957033054	-0.010127975829505271	0.0020219590821013	-0.03479290666227247	0.01551735123593256	0.026294559305888015	-0.018594126672316833	-0.0524561115570761	0.047613395168839986	-0.0879411076636628	0.010683363154571746	0.014809230377920793	-0.005379934657312368	-0.08873266211556727	0.029319464285961737	0.03853992913502087	-0.007587904255130885	-0.04127173727937022	0.03247343647542794	0.0292286874312755	0.06420091069012515	-0.007965378679274746	0.015738318058981873	0.02294042245437451	-0.03191207945149682	0.019069549253310173	0.05312491668276214	0.03334398502008522	0.061196205656246457	0.0245058572224475	-0.03669822395306271	-0.0027505804623341778	0.05484085248711803	0.019504263101164196	0.012618299542344313	0.018093414344890008	-0.0066788199859794915	-0.02555299871902531	-0.0895021426749746	-0.0013929308050311953	-0.015665469780421465	-0.009980000406634717	0.022034998191783037	0.03058843214329978	-0.017797584777581074	0.04082322602325362	0.011857881688045715	0.027538422919879235	-0.012052455403929822	-0.01915797192222875	-0.03378627779474809	-0.0405222134557913	0.03380707769714215	-0.02386068469738849	0.004010429060696362	0.021046859169116947	0.0067866225622514285	-0.028016419527369153	0.026322644263402376	-0.02578381487104307	-0.01749372637007532	0.0009002576008082991	0.0007907753741646859	-0.0036307037643220036	0.003303330197958378	0.0031135701401963263	-0.013294368020439424	0.011423608211479854	0.006047570686468532	0.00012030343305541055	0.00470214219662466	-0.005458218395755246	-0.0	0.0	0.0	0.0	0.0	0.0	0.0	0.0	0.0	0.0	0.0	0.0	0.0	0.0	0.0	0.0	0.0	0.0	0.0	0.0	0.0	0.0	0.0	0.0
SRR23478267	0.20638618504347342	-0.08139286167361832	0.10537122965257244	0.10335113332252639	-0.006630944554615337	-0.031434680239926585	0.09250598205797604	-0.07740732862796894	-0.07798395367517574	0.080719816257243	-0.018873697343497586	-0.04896460637660637	-0.1118686660938218	0.05783756404872502	-0.02202381082761577	0.01275675540364746	-0.03824881346632324	-0.02303551706728085	0.023536892857110338	-0.01108339671373902	-0.042763757742941715	0.0359248109514647	-0.038184959720692115	-0.12410878818540952	-0.06949914277246332	0.01701189121597161	-0.016592262938490247	0.0525918097033553	0.03303184547886924	0.028220804881769427	0.03701178747961172	0.07012037972433745	-0.017292133447067867	-0.0023934592363669873	0.05656212822397295	-0.06095167072726626	-0.021996879271514797	0.06778116964216434	-0.01989096899176898	0.0679094060692141	0.01467197647596076	-0.04676442044243133	-0.0019817260948655955	-0.020513745394342277	-0.09348512581298284	-0.1110855185399091	0.1822100449526009	-0.04257553304314244	-0.13310488535362297	0.024615326994529296	-0.009094692546465903	0.046906590454509095	-0.1120446507521011	0.005123389855845614	-0.04567914130194617	-0.08137467465961115	0.02096630132764135	0.05492207200539942	0.15002134905808165	0.05097791315607569	-0.037974933872504626	0.17132877807686098	0.06081976581977197	0.07965353273045425	-0.0015661255188659678	-0.03131318681799909	0.029397935077981087	-0.00021388724559054663	0.014137593706565728	-0.005656644960748034	-0.028345768235314085	0.026258892713834265	0.002150331120813967	-0.08919964685031548	-0.017199996971576485	-0.055872224932838346	0.0015647493000994427	0.019285934684501422	-0.03625318515873324	-0.01946276633280748	-0.061374962212686145	0.005781387641069049	0.021368575548451396	-0.00019148250788150815	0.0007751785365600304	0.0065127709861736455	-0.018531205578230042	0.005051570605901987	-0.005634578133945544	-0.0067000319347717465	-0.007985329890635592	-0.02113103744480588	-0.026073998224300253	-0.002446615113275674	0.023428117416329268	-0.011411491827157217	0.01710625237955042	0.0070524540347766534	-0.0105361271604493	-0.01730801489526546	0.00785343886271324	-0.0016367588415534585	-0.023050470401452625	0.005674199075331727	0.0009754520841334978	-0.007406385896239682	0.00028145715837355736	0.017143952101229234	0.013934935159529854	0.004740959711348322	0.006808890082832572	0.013620942703328233	0.0006611807325333355	0.021970117953122408	-0.0059408445678958855	-0.00046397686011721536	-0.00020846636630534655	0.006201902321175572	0.0012757407910156163	-0.0	0.0	0.0	0.0	0.0	0.0	0.0	0.0	0.0	0.0	0.0	0.0	0.0	0.0	0.0	0.0	0.0	0.0	0.0	0.0	0.0	0.0	0.0	0.0
SRR23478268	0.21839273543937163	-0.03668643630510503	-0.03566925751723417	0.262712102149752	0.1089834191188224	0.046637943185151014	-0.016119565496425032	-0.1335169355330543	0.007645173051448595	0.03197772897002068	0.0376673710258109	0.0005509157060010325	0.023689994659690315	-0.015357969305603436	-0.03629093067440236	-0.06409104299294728	0.011649436155398003	-0.036588752887809044	0.013730256333114813	-0.04175802427439786	-0.04494507566907989	0.07231648732920115	-0.060784737753115825	-0.12173924756927762	-0.09027417149932139	0.0441501885170652	-0.0021140234008241564	-0.027250822435259912	0.027898143578368135	0.015971456712144276	0.017195378107316778	-0.028564717550360268	-0.04875015199936063	0.010020253464137686	-0.004714865263300727	-0.0549862883546189	0.07011661050498022	-0.04661543970691533	0.0477839431971878	-0.034312658457526325	-0.04643838996728336	0.014775792725241113	-0.05629335725760168	-0.03301370641767033	-0.08707747197013976	-0.005049217785395089	-0.044437507098540295	-0.020410573305190246	0.022045816792198452	0.11302800811015065	0.04015178171362056	-0.030210754062837197	0.04370291525603951	0.009456572528079792	-0.02554517655104021	0.10260782420268705	-0.06837611493733084	0.019172487013720804	-0.05048563795141225	-0.03035302910624489	0.02230265309637033	-0.05123031567153727	0.10097889143251094	-0.05293187744832745	-0.03386688214198628	-0.048341896893436744	0.02643363239732339	0.02650259790887156	-0.12296478924032696	-0.013995190901857432	0.07558215964022293	-0.02332911229469226	-0.058401485680712587	0.028862805562823467	-0.0691260399730272	-0.03118406031928885	-0.0030983642930254066	-0.007553650331204616	-0.06456491647875867	-0.00214959840336442	-0.022793069439938057	0.031112361398223407	0.004074174429018949	-0.011616593546482076	-0.043790012509007686	0.01788333177131172	0.011747319115917863	-0.01856252076271267	-0.024340274107418403	-0.012502544435504309	0.003862677028001876	-0.030199097009640807	0.004337582947363131	-0.015076399413436135	-0.009447065315311975	0.04184522389912971	0.0013046998735077805	0.01852070246071435	0.04007966331749521	-0.015116945973789939	0.020110903898620188	0.030721264644388107	0.006321172881234674	-0.013731568938708319	-0.00280852234912998	-0.0034638765514532696	-0.006431057014371529	0.018883530552135222	-0.03574104629518852	-0.004744410240627569	0.015361226827394795	-0.013092740885969923	-0.005042385192075955	0.0036651937714958153	-0.016091829459917027	-0.003728147175133351	0.008464190018691982	0.0008616186428079998	-0.005144593795290438	-0.0	0.0	0.0	0.0	0.0	0.0	0.0	0.0	0.0	0.0	0.0	0.0	0.0	0.0	0.0	0.0	0.0	0.0	0.0	0.0	0.0	0.0	0.0	0.0
SRR23478269	-0.12952530407776386	-0.09511449137965852	0.035028513108985644	-0.01664509817782851	0.01633697518735541	-0.14024791839722864	-0.06013979483946299	0.059025251350807884	0.06857331460149724	0.04965555534568405	-0.012983872084629536	0.0995894136396139	-0.10930612873117333	-0.061893909312318675	0.13167163745186183	0.05616298617904215	0.04231362848677411	0.022524469278308343	0.13572020831481585	-0.0791821221146159	-0.052960777951032975	-0.07077375127006515	-0.09096524613637796	0.18760811647280326	-0.07429170082134187	0.13027030800442388	-0.10948136982102555	0.18810655029451523	-0.06145325580386888	-0.0037105877512782007	0.02374654566323624	-0.1043493555965923	-0.025850351709592316	0.14229423114366746	0.06684393387490725	0.08836747312327388	-0.029747410111827164	-0.004391944706058025	-0.10537916650474614	0.03805612451583484	0.15742934908804354	0.0029797011271411704	-0.03403150881568419	-0.04001680206820278	-0.01787451235962303	-0.14333023414774068	-0.04053270481098595	-0.09838265659665499	0.10505511960372435	0.1082225044848056	-0.016371347613463465	-0.06816595300312857	-0.04251252083469252	0.043922555059683246	0.08602201216649258	-0.07313725202816154	-0.0554290816743026	-0.10495567651159926	-0.032725101705990405	-0.01512535586106759	-0.02125722508458731	0.08098651867799378	0.042607265575776966	-0.07641620846752713	-0.015601356014381968	-0.00377134411053097	-0.029988513573444307	0.015145387066118805	0.008536159523599705	-0.03305034684128677	0.047930697786755204	-0.01319581548788002	0.02018669057984995	0.07265868431675433	0.012854004994621847	-0.023590065762223337	-0.0008201239918425032	0.009546516003197161	-0.022760693467375862	0.05091315308453852	0.027160916002871727	-0.03728012739785071	-0.006871945447530401	0.01872512730568579	-0.031235837537325752	0.006832784523772027	-0.011528158738469355	0.00043418549099020977	-0.016672617218701	0.002097967538067609	0.006321456072976378	-0.005331358370927728	-0.015130384620850968	0.002315871217738586	0.022536332121001267	-0.006661718883456417	-0.0033168120869075304	0.002900295320941217	0.00032935362881369415	-0.006744297875450743	0.011910730013301516	0.007070226021701984	-0.00997106618563229	0.010710261552779156	0.010581009302921881	-0.0005262555001730182	0.003049647329297	-0.00027648448951117586	0.005901808398069082	0.004150250504034601	-0.0015754251651530727	0.005913488853818899	4.6084501436943855e-05	0.0015782766683353432	0.0015480513482572969	-0.000938225004017713	-0.0040677576545630175	0.0010561209743199977	0.00035116230597282577	-0.0	0.0	0.0	0.0	0.0	0.0	0.0	0.0	0.0	0.0	0.0	0.0	0.0	0.0	0.0	0.0	0.0	0.0	0.0	0.0	0.0	0.0	0.0	0.0
SRR23478270	0.02828686803339854	0.07377491796922443	-0.26510408573259003	-0.02301087363508543	0.03151708876918645	-0.036943923113092324	0.1482996309784284	-0.13120927237219787	-0.16285103009769822	-0.013574339792732421	-0.12403128386805426	0.08331070524561215	0.09652380502094135	0.14736792472024315	0.13741749198146005	-0.0615202586184474	0.013560859460125056	-0.0916708885947408	0.1612517036456558	0.032693607964782836	-0.07759347851144383	-0.026662124452904244	0.07725212834334319	0.06595967041279552	0.05229675534637382	0.13675750663699232	0.01244197831440723	-0.0719814038931461	0.11549197856458707	-0.01305538844356048	0.009333239517954997	0.04901719682399617	-6.161226234074844e-05	-0.10122415290078425	-0.01453999957026623	-0.016758634053931028	-0.08363151510830999	-0.00410382294014411	-0.005091905287823287	0.0381895203900513	-0.04766766006363558	0.035020027173017304	-0.03658035708605791	0.009174475586303825	-0.05775752838126596	-0.0036646712434433744	0.01833461126275603	-0.05671379761330431	0.026036451404467732	-0.030117256993083978	-0.09453309415690699	0.042189428937288324	0.017856052505663415	-0.0858110967647722	0.00646343208485626	0.02165480423613379	0.07568840513815647	-0.030557701049990036	-0.012997546501797847	0.027163787424429802	0.07837986683853787	0.010425658035849085	0.018992728254185687	-0.09778221793355234	-0.0636968621464462	-0.12237827796804977	0.019299982681190243	-0.03222398225059015	-0.0016304411369081602	-0.0065582198382910396	0.00658614291371885	0.026255416390752143	0.02176982057218653	0.06641460563891025	3.099056552880316e-05	-0.011061354113728593	-0.02866094887185827	0.005112084288574941	0.03963386676718153	-0.023575668067034664	0.01566161036347064	-0.06354938151344866	0.06088512580511991	-0.01634204474751679	0.07175175146131407	-0.0500431326908305	-0.05083096600764977	0.009047272695884172	0.026280762285033135	-0.034854314036711055	0.016105317565551162	0.019107640868288804	0.020164564332135027	-0.0343392236681198	0.01388160141096326	-0.021200846652861538	-0.02270556267293392	-0.006982183907989759	-0.018783548008027333	0.002432842052270013	-0.0036489938188520653	-0.00836971067142963	6.765330479092084e-05	0.013289151095084169	0.012041055082323265	-0.016494440891062875	8.887960893611731e-05	0.03709076960192623	-0.01878806880591811	-0.012829159662911054	-0.008768157764889237	0.005788542100520578	-0.006254943720537564	-0.006650826684248907	-0.00895250740606196	-0.01345081281777602	0.00329844502627952	0.0010298143896765514	0.002463592462474593	-0.0	0.0	0.0	0.0	0.0	0.0	0.0	0.0	0.0	0.0	0.0	0.0	0.0	0.0	0.0	0.0	0.0	0.0	0.0	0.0	0.0	0.0	0.0	0.0
SRR23478271	0.15368115490304102	-0.005200256887954659	-0.13833371627435728	0.14451108744762364	0.05944146467611464	-0.016377627190596884	-0.021703685073476538	-0.04957602557348354	-0.0748677264632674	0.03330763554200988	0.01966891147818551	0.045482865227060645	0.04765110873002294	0.10938547153661639	-0.03298159823345896	0.05194907730335879	-0.12074853162973216	-0.03585357242628173	-0.12248440145903183	-0.2417479793190019	0.08073542646034318	-0.025148565450765634	0.05092328617479605	-0.013262804033662463	-0.07137011248234022	-0.17883876524083753	-0.005341660768621654	0.022891082145395897	-0.15385211029876086	0.058263903610677896	-0.001506582212651918	0.13891728427989491	-0.04963408204237861	-0.020027363186051025	-0.008627339184413517	-0.009611949157035752	-0.00986948651531191	-0.03117960517201845	-0.007410560944751887	0.05510522482866325	-0.00405451587339032	0.02716644847892829	0.05079863370947356	-0.07685771788517559	-0.0006178135300083828	-0.0037486313190311696	0.023055770382668615	-0.034204976766957364	0.07420765456651136	-0.012799839506293504	-0.0499875595330247	-0.03317162777259752	0.07170335987942575	-0.027152185734096827	0.10568750810974024	0.040705191329660176	0.012249391633872564	-0.039045130888652274	0.022740201899329245	-0.008151766187147618	-0.010931035998819894	0.0305045384233088	-0.0074056401785154964	-0.0036121743242745787	-0.010522029186224158	0.009481190995024985	-0.04577439175820002	0.015294300410499815	-0.04520728694524104	-0.024257310736221168	0.01837833702158144	-0.030877066819610555	-0.016334734893357652	-0.07321553437358277	0.08827393195670474	-0.04543153117659587	0.005991282486285312	0.0012871992798612357	0.06733755821732465	-0.0024391462217102826	0.033387446193647814	-0.0005830749374043816	-0.013366681362333478	0.0027775761147124964	0.031690716711325825	-0.000996251148438464	0.017399974964621263	0.010637951276718492	-0.012531592590293884	-0.0017214886006112551	-0.022197437094308985	-0.0027226223627229845	0.003272115584421634	-0.012991242493417392	-0.0023533974936923645	-0.004369465595154219	-0.007496914771402466	0.04504425540308746	0.03465395682499072	0.016990428964896113	-0.0036229102143286846	0.017615613564735583	-0.012537814308017588	0.009070376418097098	0.008035862221701493	-0.0036036914404743263	-0.0008318589566279487	0.01975904978025356	-0.03468540644458854	-0.0059302426848796995	-0.007835299826099098	-0.01738249769084544	0.01103198356951627	-0.004146026679964818	0.021432977131947577	0.0027261934957781577	0.003319770555815875	0.005990686882059399	0.0005979876197245564	-0.0	0.0	0.0	0.0	0.0	0.0	0.0	0.0	0.0	0.0	0.0	0.0	0.0	0.0	0.0	0.0	0.0	0.0	0.0	0.0	0.0	0.0	0.0	0.0
SRR23478272	-0.07618735851017151	0.1061453863236092	-0.25731292409472567	-0.1761306675982993	-0.07457437701608859	-0.1986650530447317	0.23678608900536688	-0.10480450692812388	0.24972539540435046	-0.10948843654053779	-0.10965924507963669	-0.10523022880922496	-0.04907345956896976	-0.21738137848542569	-0.08558183711890016	-0.014430473302994653	-0.024501610787604027	-0.016582060076494765	0.008401707477511445	-0.08293110055843148	0.04437638072897318	0.03436824278511884	0.04506083754236667	-0.07009782983774941	-0.009286688869042487	-0.041006752126913334	-0.053791704976397535	-0.014775846193664887	0.01864506298539356	-6.119443074194557e-05	0.006005572214554174	-0.04393684760926042	0.007310418599517322	-0.03863038344605155	-0.0015956934440714086	-0.019415578068194255	0.00420848746136854	0.059072634117687955	-0.005598226099835805	-0.0073970217802570605	0.01849616008660157	-0.010160584622069488	-0.0009534186205226793	0.03077489979855381	0.005167480992474567	0.01372561486986936	-0.022157845499453377	-0.02132843813684474	0.02373396844915351	0.01782875796940323	-0.007904231504011502	-0.002334787934008156	0.021294379385582898	-0.010661499884148676	0.004303746046462225	-0.014080299860061613	-0.007035717673867965	0.02878653062777477	-0.014383604732227879	0.0006807038419039021	0.023732781526889263	0.03589127712128069	0.016962717913353093	0.02067983449296494	0.04213226317297064	-0.004387078671206665	0.07488278724388396	-0.010808771976975058	-0.015591854447763983	-0.0016104211932804107	0.05459495490622641	-0.0006688585452847849	-0.00890341703871339	0.0015127967607933112	0.04155893824699905	0.017622581685134996	0.0726730629100009	0.040337227837310044	-0.0066017491075002445	0.029534636756015704	-0.0493824317513514	0.024031009954730224	-0.043164106638117546	0.034787661539580524	-0.005453252476209053	-0.0340176757135301	-0.06780783455187946	-0.0059914169117477965	-0.044672343309824857	-0.027843970727655227	-0.043423185965000326	0.06369514311516007	0.008891718583476963	-0.02507098486687147	-0.04091331885814946	-0.04821471466918246	-0.0581511088567401	0.02954477424347092	-0.006801050750766352	-0.038058385269088515	0.01911993331811921	-0.025663926101039736	0.01533124368997968	0.014780879663254413	-0.026001413929032022	-0.04261507569536444	-0.03065051289640483	-0.003027042227133724	0.014908509391247935	0.017857507520068403	-0.010964454696380152	-0.040646667087930466	-0.02040941240979182	-0.0015915731607768187	0.0016074465695812812	-0.005706017847536564	0.0032043440232773926	0.0015613060442625686	-0.0001198726604863034	-0.0	0.0	0.0	0.0	0.0	0.0	0.0	0.0	0.0	0.0	0.0	0.0	0.0	0.0	0.0	0.0	0.0	0.0	0.0	0.0	0.0	0.0	0.0	0.0
SRR23478273	-0.10985471541065484	0.5106122890036427	0.0298238255695326	-0.09784891049663279	-0.05788490954407752	-0.05744067472087568	0.007811293952776559	0.022844030907740415	0.06881654042859742	-0.010483898959993077	0.007059247560604665	-0.08725971354923998	-0.019370484246227424	-0.01319547779391546	0.034695802947492624	-0.03239544496944164	0.0007664510182071076	0.005095510469618306	-0.04900662690032952	0.022597093523961	0.03790039899046524	-0.0409899948393254	0.040674341605193454	-0.012027493540164389	-0.05039295619003539	0.045928182603503585	0.05419323434507872	-0.025107203935565037	-0.007104186483661428	0.014921891837828431	-0.009237886768402866	-0.02744761792522941	0.003712509007517324	-0.011594485237275338	-0.028220865904277654	-0.0025879586199153456	-0.027421269052982852	0.024123471497697047	0.04113384144291661	0.020526123968654136	0.01138975057778036	0.008929550282030874	-0.09998603609280979	-0.04044662662203294	0.008087073197832235	-0.06705478319765622	-0.024889586228854503	0.01524017780231297	-0.030164557310114568	-0.027501731972200034	-0.029457479451473017	0.11324211981142644	0.055673261286292935	0.021246780480050183	-0.05094431419109014	-0.04263019136468976	-0.04746555752670204	-0.053490677730380624	0.034852452131385846	-0.08644826267722068	0.027075275124905762	-0.07684406701131083	0.024217296010046938	-0.09270613611541707	0.029724212052174098	0.05627488208122174	0.021322883632937953	0.022776296284586172	0.07507559859637905	-0.07351250520285947	-0.019117374040030746	-0.029714108832027394	-0.012157198933323256	-0.05267467238019332	0.01306505498761443	-0.02736553779672158	-0.0012301269603108029	0.07431012188169703	-0.00897655478723998	-0.0285573821774867	-0.04138740380399704	-0.010017226310058564	-0.0430005799949498	0.04121318567537308	0.015603313733693013	0.0015842729691697324	-0.04679036564840399	0.05067372606561121	-0.022736958455713087	-0.05039663318729268	0.04427572416619818	-0.01338161585261753	0.01652455332659233	0.004287052364737692	0.01791471701409751	-0.017953257224353997	0.03248010869075096	-0.00012235282042391072	0.046064536571268154	0.01236988854841376	-0.05292226865472446	0.055941787784363275	0.010106700294470283	0.0006912254232624523	-0.013702101592703892	-0.009230999872485261	-0.012251754616027002	-0.019004234378473126	-0.007579749183545606	0.008967001196379823	-0.0016430314862774598	0.022896130055017703	0.0031159470488958296	-0.0021780154292716943	0.003849311850657843	8.803158704729372e-05	-0.005393438798211452	0.004595474319017884	0.00041724089592729116	-0.0	0.0	0.0	0.0	0.0	0.0	0.0	0.0	0.0	0.0	0.0	0.0	0.0	0.0	0.0	0.0	0.0	0.0	0.0	0.0	0.0	0.0	0.0	0.0
SRR23478274	-0.3862725701567928	0.3354085775244116	0.18821835618365113	0.06763731885703854	0.00851944424091916	0.016502298252077562	0.05249683208850095	0.008523106880491061	0.021811091056474437	0.07962356797612807	-0.022010906050284784	0.041804013507928235	0.003817708612396302	-0.06450739606856466	0.05904165636633823	-0.02433689840715057	0.02189506340233567	0.03560674111412426	0.008294317903773316	0.029115349507969047	0.03916756895360265	-0.015547615284049139	0.004576260367022108	-2.23840947217699e-05	-0.007566172736465267	-0.01068071157490974	0.007036459576737387	-0.06777136717270972	-0.002625425153245103	-0.018498376646840276	0.01944349321144023	0.0021761289327719368	0.04614883886576851	-0.00573458434328529	0.020546192008499557	-0.0035786754684729517	-0.04642077722112239	0.008001524178568314	0.026827024018424697	-0.03374906356009093	0.022472373063859442	0.000315550606705551	-0.008768194094678555	0.028293011777305775	-0.011025413940241362	0.0003400159900650506	0.017168604095784405	0.035159829883669357	-0.0129641858136706	0.0120958328212929	-0.03676927083477178	0.016648424001117854	0.047469438415453494	-0.008578851089281693	-0.009025407383358568	-0.0020420344644830474	-0.03695564765327986	0.02378417142778486	-0.013548419032316468	-0.033475409834101515	0.0029987749629154375	0.002141034607238041	0.027775422754274554	-0.01269333936046656	0.0026409319775886186	0.02868578074190274	-0.04186582431935558	0.03119984979680864	0.023609862487871742	-0.012751564569680237	-0.016174885592907133	-0.03561078276390534	0.006909067320255939	0.012342009410943803	0.005856212568836249	-0.06742402942437449	0.024022058621420466	-4.4756787308915975e-05	0.06060269214752304	0.007195768251977519	-0.028864901893590575	-0.06447304570889208	0.03233023037244339	-0.0313716477440523	0.04126262221121452	0.036486926122240984	-0.0028619745813424254	0.014456328822592061	0.009875614539241066	0.008972852102346848	0.05086643128420125	-0.04321907058366299	-0.012260141608946963	0.0800507049037501	-0.01691466196491682	-0.038202351396413856	-0.03551444167079068	0.03904387712840381	-0.027178344758166294	0.02480945135227471	0.00442288477894668	-0.046975095180132674	0.019407682173499204	0.026282668240786098	0.01435631494191165	0.021169102179976945	-0.039719591415579764	-0.004969130460025434	0.0004855536181922005	-0.006506347057119691	0.013199008805490697	-0.019475899957234147	-0.005856598201070935	0.013835264449014674	0.006838287171806264	0.01850451108774874	0.012888886514810736	-0.005782084429009258	-0.0030388286074436517	-0.0	0.0	0.0	0.0	0.0	0.0	0.0	0.0	0.0	0.0	0.0	0.0	0.0	0.0	0.0	0.0	0.0	0.0	0.0	0.0	0.0	0.0	0.0	0.0
SRR23478275	-0.0365873501480511	0.4716420798120337	0.2540530893745499	0.04929787158950104	0.010583027835988473	-0.09988173308782873	-0.12726856667576605	0.04594504896998949	0.046056741518065165	-0.004830827875064031	-0.04614434314095452	0.05335280684498345	-0.016027409658187178	0.08950177968662427	-0.007223456874185649	0.02762068079120733	-0.008396163561869245	0.005139411172535612	0.0799102698380183	-0.0612995440373592	0.030478506642793137	0.025364646904904118	-0.06703656548570103	0.013997546209212848	0.0008418973293407064	-0.014022438680226798	0.040580334145978475	0.02135876011286309	0.05242019810190319	-0.011286295290029212	0.06577422095351726	0.02017757233131208	0.006644128998932605	-0.004275349133621134	-0.0032823633650335754	0.004398064286528466	0.0051637309794902685	-0.0037039935860376525	-0.03591590116072842	-0.0028781173542605197	0.016713210012394536	-0.04084088862697706	-0.04355970300435559	0.052421430203094255	0.01579266863512728	-0.00401179807200147	-0.036536243375803676	-0.014793354559904052	-0.024841646432371835	0.01190623823773916	0.0017352777137157474	0.01134448488347035	-0.022079703173913445	0.004255021760074743	0.03285276159953571	-0.03022858684844381	0.018564205538946044	-0.015187210589066764	-0.006604884394199681	0.028175048445310963	0.013647155252209262	0.016563345301459715	-0.054104541616997244	0.03422167639957662	0.034368913207548354	0.02439633623581777	0.015359942701936033	-0.053095262726395955	-0.003769815830293197	0.013189767054713256	-0.013826750600574176	0.0024199919662067897	0.010199416003843147	0.02325431278499465	0.003753150808933121	0.00955883049932167	0.016962072316947917	-0.030680094994625737	-0.02065156048695083	0.013889403195788916	-0.03260100324600244	0.028014329081720177	0.033484695853838856	-0.002525388347230822	0.012368132403920533	-0.030597638122798535	-0.008127381619750873	0.007191441417982802	0.014490307207102792	0.006666315144904172	0.0003184189447215102	-0.026646951903877145	-0.009156523486052448	0.0002616859296365512	-0.033954948858113516	0.05013812101207342	0.03182371957015195	-0.011277553502873388	-0.01532920624779579	0.012144848965465499	0.008874726649247343	-0.004876055258690279	-0.0007898788561967986	0.004653027855098816	-0.046141839097679174	0.0014235815585823635	0.007558681079370724	0.010105141803541507	-0.010472213585280138	-0.023430654748030397	-0.03200482603052194	-0.022207818897678644	-0.02501986641812924	0.012099467037665738	-0.00042842500840005595	0.004638573446062256	0.00021973918382659936	-0.002572470024636159	-0.017109880479829767	-0.0	0.0	0.0	0.0	0.0	0.0	0.0	0.0	0.0	0.0	0.0	0.0	0.0	0.0	0.0	0.0	0.0	0.0	0.0	0.0	0.0	0.0	0.0	0.0
SRR23478276	-0.03293256443347705	0.24695931522099873	-0.03507053980811246	-0.012659663418016744	-0.001057010420068563	-0.05751174326699221	0.03447273898502802	-0.02571499316741262	0.035414466301279396	-0.024475281421357558	0.03804498693878613	0.04120163372253666	-0.03908373467462604	0.04635383703867123	-0.045288150219803404	0.026302697547231767	0.140965038809774	0.0032369395688640543	0.0015475127897785186	0.10426608669562787	-0.0869389937267581	-0.10723262809111142	0.1580795244993057	0.03659811046785176	0.21112834521530832	0.0014189449413464213	0.011759265835771837	0.04983721370742664	-0.14369825544081827	-0.0738770962514399	-0.17437586828401594	0.12518423936404396	0.03777409797797207	-0.02576315798050024	-0.02108881973770854	0.08425298176281082	-0.08471075399617346	-0.02486608844117283	0.04022487145776235	-0.04506652099189607	-0.13592647682755446	-0.0013379681561467667	0.002952921139670674	-0.10447285817419881	-0.12684030965828388	-0.04902330409289986	-0.0842481934476885	0.019278915836433895	0.010030369456583354	0.038291573137994	-0.05873461899538677	-0.04142548742656874	0.016906340461346748	0.0015202634556369104	-0.01781128741889607	0.02366698620114533	-0.009133356242096626	0.05015041096055173	0.010074254819075378	0.12113475559056786	-0.0697969459564657	0.027170060719773004	0.05145897606378329	0.0015718106500551448	-0.012661932882596146	-0.05469883723459981	-0.03735446829289891	-0.06622526180273641	-0.0041958175054214375	-0.05525904977915223	-0.0396374420509123	-0.10620404929671134	0.026170234375862026	-0.01231552400245667	0.011789414931683336	0.04142441727439187	-0.010156581894868354	0.03407625834117918	-0.02212150006187073	0.03176638688140927	-0.020260564205993984	0.00822424960636406	-0.015894793549382405	0.00312312136393226	-0.06162403658583515	0.02104736895614732	0.014205089196862714	0.03232108603869531	-0.004245195486455389	0.00017467037949213808	0.02277471772698232	-0.017149398440209015	-0.025590364822749685	0.010933471339627564	-0.038829998229475936	0.023326513983880966	0.016409963530106462	0.01644940444031207	0.006776929484438677	-0.022963186635957585	0.0025922256324885603	-0.009931801812372822	0.02441675578901825	0.0009735555959655316	0.008334124022588145	-0.005078150316247161	0.003992889863010049	-0.006606945069781014	0.01168443601150594	0.0011673997828785916	-0.002538011853660943	-0.004200982890491712	-0.010916926871050527	0.006485081076948685	-0.000299434884205794	-0.003943980383705365	-0.0005317627980101253	0.0022578131623738847	-4.6382941783166085e-05	-0.0	0.0	0.0	0.0	0.0	0.0	0.0	0.0	0.0	0.0	0.0	0.0	0.0	0.0	0.0	0.0	0.0	0.0	0.0	0.0	0.0	0.0	0.0	0.0
SRR23478277	-0.05552384146340613	0.05764731102667629	-0.14575446625323138	-0.148528066098204	-0.09439516920141408	-0.23282304295094608	0.14680008031360023	-0.1812670982140499	0.27525983862229797	-0.19128214977412714	-0.12889116593140265	-0.10964696390704545	-0.14000829180598828	-0.18213477919849203	-0.15672595094149963	-0.10788680880038581	-0.04026011974841441	-0.028130564231506627	0.1295546535136507	-0.16632916849917145	-0.04086067720314878	0.005499798785898439	-0.001257276061156373	-0.018197175205114494	0.09346956239106924	-0.05702264598045718	-0.02969652427819611	-0.019860823330072053	-0.06263286718086047	0.0782132112482523	-0.007276482461310701	0.03219048831568992	0.0024892677678597544	0.0013209890852578685	-0.02988693293028282	0.0033698342601434688	0.06633334495322808	-0.07397866133772656	-0.017378585921290837	0.016181526153687197	-0.04987498879246281	-0.044362027745482716	0.0021823584344385478	-0.03149103380001959	-0.04258460432028548	0.030510407275988673	0.01531447049569407	0.06771271984818068	0.007572786213065664	0.043084186475696486	-0.010366246322752312	-0.0018665613812354892	-0.012551206962855476	0.013137183131155515	0.013144576540166738	0.0002137927392242298	0.02419075375236269	-0.026526599987898962	0.027450025099927684	0.016273249392521883	-0.010556814557653546	0.0069761622006326894	0.010397651174476703	-0.007427263892279912	-0.014688034931814732	-0.0039301748330911115	-0.03134616025693705	-0.046972250756485014	0.015065421227774385	0.016853462984497934	-0.04427897645010438	0.03906337759111753	-0.03770505506395807	0.007677909528596541	-0.028008088231415384	-0.0012993525727943182	-0.04802124759934587	-0.03978294889359813	0.02146073842111126	-0.04600139235979795	0.04675644414961301	-0.034986070495063706	0.030236060340623233	-0.02356004676771025	-0.014776774220341593	0.03422549991583102	0.030856274694821707	0.011377491970540507	0.019349822261084837	0.007358409114058887	0.05087890398786045	-0.013965604860465436	0.005354552155231392	-0.004719811614305088	0.07077954508510234	0.008747962540187731	-0.007486542513823113	-0.021704529314660305	-0.009461938805644513	0.00837180431843903	0.008264173448195536	0.007965088283347303	-0.006427505838472654	-0.016681133453158064	-0.017179758735160488	-0.007596946189862956	0.014977898413851451	-0.010455399320683574	-0.002929243475797313	0.02032528484288431	-0.01607173269197447	0.0041825366189973895	0.0021734723089365765	-0.00638298297544651	-0.020733729128175303	0.007467753259055378	-0.011020854727682907	-0.0032306132094156535	-0.001841657058097767	-0.0	0.0	0.0	0.0	0.0	0.0	0.0	0.0	0.0	0.0	0.0	0.0	0.0	0.0	0.0	0.0	0.0	0.0	0.0	0.0	0.0	0.0	0.0	0.0
SRR23478278	0.12834773457802096	-0.03917715681745327	-0.11664460614376859	0.16604973735654333	-0.10947652868346285	0.1674293162492805	-0.03227608701124251	-0.09644372925341325	0.12779363487353446	0.11887366071862127	0.024296110092813194	-0.015781036972712697	0.09173858204587261	-0.0783315992211707	-0.06235195499721366	0.009164899747575872	0.06679979182387547	0.018810542937639254	0.07335873171720135	-0.006566513508868995	0.06554809502637282	0.023881076611411114	0.029923825163183555	-0.04720646146857441	-0.08867882845669398	-0.00904244378520097	0.11084078995986629	0.022729109341990916	0.07865412966654615	0.029816136090970762	-0.097670621374266	-0.05843780310478874	-0.046311864299095735	0.10674868277588904	0.0029989428099532695	0.06135952511245301	-0.08746160635394308	-0.11595237379275178	-0.0029118581951829464	-0.07813138744839507	-0.012683317720892161	0.03251794226312517	-0.006117691374746178	0.056615991580677066	0.0328159203903333	-0.05202968794882648	-0.015151424577977626	-0.020739402692935713	-0.03202311442646636	-0.04392304244658037	0.06274540225731441	-0.050601952833728314	0.021823995291046193	-0.08354669090216273	0.06956013361443308	-0.04534754232537602	0.07042899335519266	0.0777072832562742	0.07325738307655878	0.023429138665574244	-0.030710347477272273	-0.05780987411628586	0.044755047717035916	-0.005876009902743058	-0.0827876250508429	0.08995574953250754	0.028656865350327222	0.008012613584840095	-0.006535742060646675	-0.008573416711360991	-0.016442240551812128	0.0004968093070586325	0.004672761472812041	0.014882196495536341	0.049411042865807234	0.013489280537793913	-0.006802093019793191	0.02264670407049821	-0.008861047630747075	-0.015085682696802884	-0.006645053213703647	0.006669264462830373	0.051044553636738176	-0.008642182275948247	0.008790502500712918	-0.04980833651070401	-0.008113743647337676	0.008906832423936561	0.04196157906104994	-0.006483573346026179	0.03087583967978478	0.027435995289413376	-0.021896623437680198	0.04296899705284433	0.03896857575321686	0.01199343796974685	0.005812930332606422	0.0131067672753212	0.039376131180972086	-0.0275109630417892	0.008882329697298845	-0.005844272979881245	-0.0477155409772333	0.03551781744564609	0.011968153839903234	-0.017826866065105033	-0.0017203498552200778	-0.0066748192211796165	-0.010150415676710867	0.011620876647070795	0.015940807034500182	-0.001009556752867527	-0.007298446052829312	-0.0005157551938914786	-0.009206349281835776	-0.0031083615245224598	0.006114278866289846	-0.012258086354486221	-0.0033330055208336175	-0.0	0.0	0.0	0.0	0.0	0.0	0.0	0.0	0.0	0.0	0.0	0.0	0.0	0.0	0.0	0.0	0.0	0.0	0.0	0.0	0.0	0.0	0.0	0.0
SRR23478279	-0.004244717849708576	0.08975437850807369	-0.1924886148484504	-0.07630984005562157	-0.009898830696701673	-0.08834420379238443	0.14088092049914278	-0.07070260517457781	0.08416098956062429	0.0007914839887433391	-0.054556080759872456	0.08127898810082226	0.04035971967372408	0.009254762629953454	-0.014470633920473692	0.15064591906836447	0.06794321047683309	-0.010251496807232014	0.14954822609977303	-0.017191450826748233	-0.11240361442126794	-0.0828584657498978	-0.09178195112546865	0.05150392499674464	0.13110081383280414	0.09440824758733354	0.16483900075617755	0.061157976502695756	-0.10095835465166057	0.027934102047458227	0.15370968950527403	0.16893076358045492	0.04729544017652395	0.06873790269917598	-0.06744181848911585	0.0357672950870412	0.013693920511336395	-0.14120982533423287	-0.01913078086306222	0.028140497212882944	0.04731536112814504	-0.05969036771305797	-0.03161783361077585	0.061615798103873666	0.023840752892948135	0.013831255823945022	0.09510057569329938	0.13626232621309536	-0.1163807811794459	-0.0522753645945377	0.07655977246445839	-0.025490750621955296	0.030017504223760646	0.09980271285766622	-0.008147689051654408	0.052889347657395044	-0.03443449302383338	-0.0016233477163358247	0.03174410991170727	-0.09136140734323299	-0.08890430634315874	-0.0640039159141533	0.03490538557431737	-0.0228078408653422	0.014457868360510592	0.007489277687932991	-0.03617407394010161	-0.005626693143958726	0.034964269613131725	-0.0032884056331583486	0.013476627699682497	0.006620670291116039	-0.00753071227770092	-0.019212734946753175	-0.008059720706451504	0.001972441935196043	0.008997182696594013	-0.04415098130510394	-0.02232861761308695	-0.03364627669063533	0.020815188828105798	-0.022575168819028046	-0.019308196299995615	-0.011282284754769289	0.005492493430504245	-0.01506561883281986	-0.004241202524020954	-0.04611509557978409	-0.01881805574322675	-0.0025525598111661193	-0.009113849115532134	0.030628809820334963	-0.0015134970104759573	-0.016993918390866634	-0.026162200472456473	0.003443053417872881	0.011244359058784502	0.0067510978544246675	-0.008314176538058611	0.00013097264540562378	0.00820332096721865	0.003932165833058325	-0.017637995537361964	0.01543653718864639	-0.012169730926578741	-0.008143884963981073	-0.007074356501736268	0.015768580904402602	-0.01209594065196353	-0.005144045688806003	0.011964775977550818	-0.0033601562909969084	-0.0015021388971357859	-0.005273418170729289	0.01932974629267727	-0.0050063594224983386	0.007880435694862763	8.440788662352408e-05	0.003068471804494527	-0.0	0.0	0.0	0.0	0.0	0.0	0.0	0.0	0.0	0.0	0.0	0.0	0.0	0.0	0.0	0.0	0.0	0.0	0.0	0.0	0.0	0.0	0.0	0.0
SRR23478280	-0.4317972416105171	-0.18389240147979302	0.09028228015084112	0.20493870048942286	0.0511497488886296	0.023685501752314975	0.12043073549395868	0.1256161468098626	0.06852516607591734	-0.06669333964489792	-0.07606692363046491	-0.043773694115772824	-0.09809866021113188	0.07572235698656188	0.04384734292416521	0.08572788242764935	0.04758561941056537	-0.032458494596537074	-0.011057328155801372	-0.04420530432621796	-0.10416954794167153	-0.014382002053569935	0.03729627102206136	0.029556506285907082	0.003510795602699965	-0.01515223508362866	0.004413767538482433	0.05053953152177548	0.04230198413753974	-0.053017857498316	-0.04475943159537056	0.02487712896276872	-0.031001475630149676	0.011805241539723909	0.05310555022913942	0.05841372483687273	0.03584130090283851	0.0007218494380228271	-0.01232499077296343	0.0035278808439080283	-0.05208824516267236	0.0032472674979470884	-0.00843262336614128	-0.026244351707097255	-0.017068244897435733	-0.04837506214194688	-0.07334767644095214	-0.0006250945355064732	-0.03139267045881689	-0.005320768218248229	0.03126774498685068	-0.018646405352158415	0.020901070391634715	-0.02323785016650187	-0.02643942131098661	0.02973147552156221	0.0014292837224680146	0.03164546382595168	-0.04743256490453056	0.027950885877715766	0.0036374282193591193	-0.019442554108693597	-0.017421257729339792	0.05148338252089355	0.013699691356419106	0.03875486122091288	-0.015995292057103143	0.029949500598869933	0.006652146573301397	0.0006483866185590467	-0.025948201954125873	0.01106947166782307	-0.008714264170197068	-0.021694216184430563	-0.022336738903785073	0.00468315247974115	-0.012010000928942437	-0.009160842979291112	-0.01900266888795585	0.0018192085966935523	0.0022938619631221384	-0.0073433987769536005	0.03622075250585509	-0.012461125679654206	0.041017716967858345	-0.028664707861192247	0.021986813037792312	0.02686144314255282	-0.005231954178790061	-0.009952294476743803	-0.02636792777645076	0.02376222484901922	-0.0017133071892114068	-0.0029142873180057413	0.007296816555680255	-0.02240279750094899	-0.028841165038893436	-0.01832772794287588	0.004289973129981256	0.01714596417305226	-0.007755163018351777	-0.01522458830273688	-0.004082236971940264	-0.006839213788407286	-0.012476961853092446	0.003958894359221276	0.007492524429011284	0.0003885292339417557	0.010527865379705383	-0.004230416829787173	0.0062704108818879235	0.004972136882892646	-0.007575132361181933	0.012944054206224704	0.012101535025850181	-0.007346349432495608	0.011423721014449006	0.0025402808432404217	0.0025930683198011665	-0.0	0.0	0.0	0.0	0.0	0.0	0.0	0.0	0.0	0.0	0.0	0.0	0.0	0.0	0.0	0.0	0.0	0.0	0.0	0.0	0.0	0.0	0.0	0.0
SRR23478281	-0.3964187365530721	0.18140619995488347	-0.006315791165430262	0.07142619962512153	0.04563683910630142	0.042645763289899705	0.14338328453859356	0.06650657640774746	0.007895840870152836	0.06483835590597622	0.0411532704553775	-0.023284166952084767	0.04777364719807749	-0.10284733950830315	0.015251326423724345	0.11974841851698073	0.027251089431186114	0.02491195997934961	-0.12039271334129793	0.05526111438475729	0.02726123806144644	-0.03690371903772637	0.027937014127808597	-0.037112182678836744	0.05101561129772864	0.06616452018606479	-0.0015984528189788361	-0.019107178795740226	-0.07980248546056075	-0.004657605806917462	-0.014182266149831209	-0.03716228808682128	0.061182226809848674	0.04862925030230279	0.005947684245707527	-0.05264902298880344	0.000277553171424549	0.02619855032393257	0.039760097129256225	-0.00553844756490766	-0.007898476366385515	-0.06080471027528068	-0.023645805391863225	0.013932666956790676	-0.016006916717413347	0.031148252059119936	0.0558487527871317	0.003336626365201007	-0.016473452613777785	0.015248588597906787	-0.08114846643475608	-0.033731965081793824	0.03358948808872819	-0.07876521606413023	0.06686364399712712	-0.036519856382741016	0.005590834698172271	0.03281532080315882	0.038562240692139704	0.02043138644808264	-0.006371421537381028	0.005948857267370782	0.002178720224122328	-0.005146383407868114	-0.0002821252337993126	0.04164053116267651	0.021240096714715623	-0.027617805306584996	-0.02180467915096776	-0.009215480876225628	0.03404397713419519	0.007902699897182973	0.0023542767032655055	0.006309960972419141	-0.024037465280064327	0.0012562839550745997	0.03644647597891032	0.005125523417696475	-0.018444317672596116	-0.0003081176914698263	0.03173823331336903	0.0012445715878488155	-0.02963067706961245	4.444324667394874e-05	-0.029316517411956303	-0.05101372015287537	-0.06121339519730814	-0.037689898576389595	0.01150495070713764	0.011755948821868574	-0.051254634032132776	0.009062443744022916	0.010435405902893295	-0.02318113305104949	0.01452665878885058	0.010956533247113221	-0.017148315150123317	0.031154773835212608	0.002997408895383628	0.047941173381406674	0.023575426304889152	0.010725816785098981	0.018693514399476436	-0.004637801937772441	0.013167053433045982	-0.002715478456155871	0.03777691584192348	-0.0017723825824710608	-0.002911236183050857	-0.014861645512946291	-0.0025530981248050514	0.021779521517441183	0.0020661923103390835	-0.01399192450917805	-0.012577042962460701	0.02118151203755661	-0.004907077386837901	-0.012004085276068159	0.009374014184954238	-0.0	0.0	0.0	0.0	0.0	0.0	0.0	0.0	0.0	0.0	0.0	0.0	0.0	0.0	0.0	0.0	0.0	0.0	0.0	0.0	0.0	0.0	0.0	0.0
SRR23478282	0.18573858509581123	-0.08443904018218504	0.006899843429702309	0.21383592721623915	0.07184887153621361	-0.1199170491522765	-0.04331766131220676	0.11078662678646599	0.17146996055308825	0.10418493496181012	-0.08672095020470938	-0.1181507361463951	0.07741879818041095	0.028901805298204276	-0.038869849739421904	0.021764447180747437	0.0660988188916844	-0.03289321960077049	-0.024678192370459835	-0.012349677949822545	0.015103235789168407	-0.08724074061518844	0.02394860860469223	0.10127999669926152	-0.09533225499844765	0.020285773655704473	0.009450122533143262	-0.006198119131535771	0.05926031684150476	-0.009058996556414489	-0.05121262002994624	0.01563845050362102	-0.08839626423326379	0.008744656962780708	-0.003328307699458784	-0.08682653852274388	0.027661356846274045	-0.03962729214384319	0.02578550695229629	0.06200319772976331	-0.048535975186137795	0.012256191034167474	0.0012776348816795004	0.051667110587770314	-0.0411458287219099	-0.09630460309292037	-0.009479475046949168	0.013357150764443671	0.03606729124444035	-0.03063633921520421	-0.05461932056050143	-0.0649528722285759	0.024925929235007152	0.015209423766890011	-0.06182778095763656	0.0268514214833599	-0.10719777853121516	-0.0764357793579677	-0.00010512984839328136	0.05057108616301908	-0.0012293729360988161	-0.08140490801933258	0.01015548369931664	-0.014157355254336456	-0.056166257090917174	0.030809658987094195	0.004665645866443571	-0.027567573800488646	-0.006482497120824442	0.07634386037792236	-0.032771230872540524	0.06419330888709013	-0.02264005907973011	-0.006276464072175213	-0.008279241743763722	0.004216831918465053	0.03653659090427073	0.023205103876215036	0.04197413238561724	-0.04052626869235906	0.0014478766918251207	0.05303693492445793	0.014200016463001439	-0.03276798578790147	-0.03314549861833596	-0.03978348991867402	-0.04166687317457367	0.018822236297184207	0.031148143595135284	-0.03836390949950632	-0.03056138660323172	-0.03316332621634956	-0.01263555756992466	0.023476851982886366	-0.011402577675563456	0.00891160256439314	0.049691736259243884	-0.019834507053083733	-0.009127131397283383	0.033442431822480335	0.04166993601166738	-0.04459906569711727	-0.007693579679440818	-0.010123840764955941	-0.001983638844540148	0.013106840136239506	-0.01030351593053359	-0.012277581717116058	0.012451797405284707	0.013633290930457191	-0.023262071953490983	-0.004689491976210336	-0.00011930246414381066	0.006741510077995319	0.010081135945354607	-0.0043755232723141435	-0.006913138926467963	0.006985363910412306	0.011054380964816254	-0.0	0.0	0.0	0.0	0.0	0.0	0.0	0.0	0.0	0.0	0.0	0.0	0.0	0.0	0.0	0.0	0.0	0.0	0.0	0.0	0.0	0.0	0.0	0.0
SRR23478283	0.07929790560395632	-0.023137694025583938	-0.1999222233381314	0.2127173338185942	-0.3476667287050197	0.024239561751196338	-0.18662599974340002	0.04496461197645533	0.08185303927139002	-0.0023247175114128465	-0.013343367606588856	-0.02902683196179239	-0.010273302606570311	0.03514152186750229	-0.032236914046742386	-0.026809048092699624	-0.01963327957266356	0.07534032038168673	0.06715694488793376	0.03295998773186123	0.0429095467569334	-0.08417739193449998	0.04313982060619209	-0.01959684855899533	0.08203807567783987	0.05627070740077342	0.017440461983872047	-0.009935655782248188	-0.05150166441717166	-0.0552404599034848	-0.021891647071239313	0.049401496856263265	0.0002975377022475551	-0.006040108171076336	-0.020687924266013204	-0.06831886412844128	-0.025316598601195055	-0.0013341083560702391	-0.01967416808401852	0.029365596875466395	0.0068798889072093335	-0.021616065056248884	-0.07202286528880146	0.027690679703904746	0.022282808259505717	0.018572274793703818	0.06386450723034187	-0.030653476432950213	-0.04274366169409067	-0.013796318260501506	-0.02942236555589946	0.0065740670426828315	0.04036910699894884	0.032366536875338726	0.014523788948150113	0.05423402210574726	-0.04324209125267178	-0.028160223302765363	-0.05021580410372847	0.008138739053309594	0.04339972807850719	0.08723352942738304	-0.05742764104974572	-0.011346739597445	-0.055661729207426174	-0.04822697151380762	0.04350523612488719	0.032341323682440214	0.028403591375345382	-0.022187918025885777	-0.026039937689799883	0.03935455106511208	-0.006577062844271915	0.024749128421238657	0.024107847309273674	-0.01761579179512592	-0.0691733461296895	0.06936787149893031	-0.058397421734979	0.01719878919940753	-0.02650724494840881	0.02914387362406762	-0.003345705092626206	0.028047470865473653	0.01645280614017619	0.041926539800042295	-0.027037835064372448	0.0036588870517690595	-0.01292501006830981	-0.0353863978014481	-0.05245194858458274	0.006889874448411653	0.042390925833906135	0.0071674127390295465	-0.028736125289293896	0.03647910774365966	-0.004204450009741575	-0.029014165142143403	-0.0033501841229661464	0.020533086922069985	0.0015262383807238913	-0.007272415128422416	-0.03144354352080774	-0.015448988803421064	0.027405800632297868	0.005546642082162133	-0.015323353776610444	-0.01506596016742264	-0.020877714102829237	0.028222602656509367	-0.004644981393815856	-0.001272412713903102	0.009538735740477847	-0.002457754355226179	0.007834046528423863	0.017965307511510417	0.00014408685397752325	-0.012612970559875739	-0.009315623047167664	-0.0	0.0	0.0	0.0	0.0	0.0	0.0	0.0	0.0	0.0	0.0	0.0	0.0	0.0	0.0	0.0	0.0	0.0	0.0	0.0	0.0	0.0	0.0	0.0
SRR23478284	-0.05230841914080412	0.17461106991806363	-0.21685375068885482	-0.12219397484157911	0.039446427995059846	-0.022735041842535487	0.05332840531043177	0.16362311644781707	-0.0744272399041289	0.05143670340908359	0.10656709320631852	-0.15602725650440186	-0.004737123263772659	0.020558828344527602	0.027108339210443217	-0.08630328683417728	0.06626756600280179	0.024003440232191357	0.026733891975258307	0.15502587899413978	-0.07140752750959142	0.0901417038407786	0.0016037601868079706	-0.023436230560052753	0.020375153998388677	-0.09561646825871689	-0.10780627951436221	-0.024532892271461285	0.0008136830999083941	0.041800592330613284	-0.008230128324200867	0.03391820634809943	0.04235904222211314	0.024395262321039946	0.027657065866208343	-0.02854291123189384	-0.014474790904553782	-0.03271725880093286	-0.04922345580553877	-0.025182171707470155	0.10924938973280328	-0.04472850656794461	0.11521588729901884	0.05108919494625805	-0.00027994008803216837	-0.13756205233710186	-0.07606379054020834	0.050491228308859167	0.10177414341220954	0.015780204735851434	-0.027244698622804507	-0.14023312583271308	0.021344988955566586	0.1132979988952946	-0.06144494020594138	0.0892758369256793	0.11547665654871607	0.06514023978518828	0.010445640234633327	-0.047966650167077234	-0.04896226899340223	0.04565437256861991	-0.04838756955441035	-0.004269184772550686	0.010376178592649181	-0.016600697942985448	0.003967984848610795	-0.06875587995932202	-0.025377245973636955	0.04749911926825532	0.016064740784418736	0.048259157484231645	-0.08541758585784111	-0.011460402810013873	0.047138275685154406	0.015916924552493664	0.05384571031067064	0.019762009722945464	-0.009439146767261134	0.0045009941480852545	-0.06824636884501555	0.006983779154838785	-0.011441453603403939	0.013135274169835199	0.026945314629480823	-0.03552998475517246	0.014600684545066137	0.008474017798140183	0.02107773227068461	-0.03457580493484299	0.053478517850235	-0.00166309385686419	0.017185460853512403	-0.0046197382408502035	0.007324798746091686	0.009750402919587323	-0.019190987723633524	0.003184364933415399	-0.012946128966451654	0.019281798270291965	-0.013428959291962245	0.018858531098062545	-0.03037042124470025	-0.004700492875746991	0.009243422089524818	-0.010653676081012878	-0.002781955570644648	0.01550651698141189	-0.00970700747952075	-0.011130705455663997	-0.0059830622284872915	0.020478998471614152	0.008970315114205906	-0.0060418254454493005	0.00894973131061328	0.004478154593200413	0.0006832585702148753	-0.0013629502779674422	-0.002403063717214713	-0.0	0.0	0.0	0.0	0.0	0.0	0.0	0.0	0.0	0.0	0.0	0.0	0.0	0.0	0.0	0.0	0.0	0.0	0.0	0.0	0.0	0.0	0.0	0.0
SRR23478285	-0.12967196442729653	-0.16693707772075433	0.10453813227364989	0.24173144810043823	0.13335513058581633	-0.13317092135143616	0.08009805742696263	0.10672720979130443	-0.05497437026267426	0.01468455421231745	0.021864402261957315	0.03988186489467438	0.08948024526418959	-0.04515509789805206	-0.05633019892383539	-0.06090471865235342	0.004120251246737879	0.047707358591500104	-0.007619976118651641	-0.026427815114413267	0.13784600880236075	0.01070605347009549	-0.042729189291784805	-0.03297463557825689	0.016663519632855263	0.005806447413695001	-0.02192771506948653	-0.0970577097906596	-0.035181936356484166	-0.06334257132254321	0.04687805512670015	0.014212864098452588	0.05395682694007399	-0.09428847588189297	0.04400637471586271	-0.013580709756563681	-0.09267403345467548	-0.023193302302295136	0.01406863475267308	0.023228411307158813	0.031775988388438765	-0.05359965399747123	0.005441098094218943	0.06682974531613521	0.009200712490641423	0.015503571558639673	-0.047456879482554996	0.03757208220546039	0.05177671032971371	0.032878723576476684	-0.019688352399588015	0.06956194985942028	-0.023787257024633104	0.04520548201050826	0.05219592705021934	0.007067228886434733	0.07588016798085764	0.02609749040161266	-0.050483497675738294	-0.03332450919787693	-0.04861382656175095	0.024362372905413713	0.046050811086995144	-0.0027498383625915333	0.013482814264607084	0.04324997815216693	-0.061761495873024305	0.01866215853498994	0.01570407145057498	0.01154188786160924	-0.05652933379947043	-0.034932519291566363	-0.03276150677594402	0.023896982908191207	-0.02037063875044751	-0.021550715841901377	0.021167238884350063	0.027978380793591683	-0.007719113961203594	-0.021531101294982133	0.014691230133327014	-0.034695965744678016	0.03010005777048382	0.026587547096790756	-0.02186366782008344	0.023872011667163115	-0.03484126661667703	0.013521451925422137	0.037363929917364876	0.026628838158066232	0.005928098046112401	-0.022096459688904047	-0.008089252094998872	-0.026824019749972762	0.005845636231134919	0.027579824548139318	-0.009002849660010097	-0.008718274165089844	-0.001480121989311829	0.009182190414995623	0.023947990377961803	-0.03029975984913603	-0.007864738525781812	-0.000546839645799077	-0.018464675451621962	0.025605135448786565	-0.01438701240592438	-0.013096669952838508	0.0007567169450159525	0.02061097880650854	-0.00019679737126105732	0.0009756637416310837	0.012284862459065446	-0.007748644823300033	-0.014004948348942654	-0.001819383954687948	0.002344072028504833	0.006019854521124485	-0.0013193295199697935	-0.0	0.0	0.0	0.0	0.0	0.0	0.0	0.0	0.0	0.0	0.0	0.0	0.0	0.0	0.0	0.0	0.0	0.0	0.0	0.0	0.0	0.0	0.0	0.0
SRR23478286	0.05205657208961412	0.01404979152857726	-0.11284757158355778	0.12307418275920864	0.016677638945072737	-0.1761164774622929	0.06242033537458528	-0.03204285384366088	-0.0565288998507972	0.037597851344402584	-0.08435405796480568	0.08817551179293108	0.01799707793707245	-0.06718131781545571	0.04793588667114073	-0.015500319140973514	0.01693549130681083	0.14119018023490226	-0.11882721251727756	0.04545877509508059	-0.03159055081115657	-0.07777020558716254	-0.11442635404387735	-0.043648962143196066	-0.13491439338953565	-0.0765862456349889	0.08262513488480476	0.08369038648598695	0.1999615752896365	-0.15347488787683253	-0.13546620231950338	0.03846593989738935	-0.011508745484700452	-0.04855255029593957	-0.006392146780945541	0.07243148298164086	0.14490737408618476	-0.08348741439855392	-0.047346816087168155	-0.06356539269660715	0.011862836048220752	-0.04261854286104382	-0.002745155668008748	-0.13876162124323213	-0.031563607380858415	0.06348633444135046	0.009805114926270484	0.0561077029006531	-0.044356251878862184	0.05219922219341689	-0.0052615077395393875	0.05784104476065415	-0.017035165260981557	0.006950161479221501	0.04780804156824691	-0.05496166334670008	-0.042716158172245146	0.07327297751216223	0.008058776993872668	-0.04193802338453081	-0.04684636453818156	0.011924636085234133	0.01023918130209346	0.02007386590620106	-0.03418900918645976	-0.015466476165204399	-0.027047351961762504	0.007801662655016533	0.03393720719213789	0.012921531363274417	-0.015754521227883494	0.029862463453550696	-0.014360960787503759	0.058726529815913725	0.004990734366928094	0.02250273084354865	-0.01814496478664809	0.005812541641901856	-0.020318829874822825	0.023574905321334626	-0.00934814872166117	0.0399157557641673	-0.04256687597970243	0.001432865225322061	0.035896330267501664	-0.0009784929833604949	0.011371784836046167	0.049269766383334024	-0.021598974074487635	-0.05063692758057661	0.04789871456442167	-0.0029998094535407284	0.009236848895737152	-0.0234185217442223	-0.02230715788880823	-0.023993271268198554	-0.025085621124394303	0.010248430307188689	-0.009675128179965011	0.03792814728436622	0.004053596138510133	-0.0036709860199254014	-0.011197721800645362	-0.003495075014870204	0.01389778064754555	0.01539066019412351	0.021979174770433544	0.017231596952466434	0.0020231449820315253	-0.018134631517958428	-0.009430628236402295	-0.009121581836859273	0.012559014648288312	-0.007029693744283096	0.0024393064220750446	0.005670436957477351	-0.0064648113092509295	-0.007416321340838637	0.003663815225997294	-0.0	0.0	0.0	0.0	0.0	0.0	0.0	0.0	0.0	0.0	0.0	0.0	0.0	0.0	0.0	0.0	0.0	0.0	0.0	0.0	0.0	0.0	0.0	0.0
SRR23478287	-0.047019574768576364	0.1213557913357821	-0.3035280736028415	-0.16928105206420124	-0.04972447114785084	-0.06141662597442713	0.0756260174188448	0.1752793401930784	0.026837204113251297	0.04011118039041355	0.11894894825404055	-0.1714311062376891	-0.013779467980799168	-0.056695877444069405	-0.014458643170232734	0.06445730089490757	0.11318366707488381	0.03315864148321366	-0.17046893930906687	0.08478997988324125	0.014137904945539525	0.08697920776713478	-0.09930971669106889	-0.02350530156916645	-0.08375954229799162	0.005762143543785187	0.09035738018040664	0.11189159488683474	0.030025013701148087	-0.034297810575365795	0.03475589401059017	-0.02764170895675082	0.04809222182910876	0.0015916853992592565	-0.1425191263050753	-0.08623804296853803	0.04367760666302511	0.04206433569234229	0.002289515911472384	0.0695391011332594	0.0211532608841304	-0.0841658359704647	-0.0595794138618779	-0.056052696419705395	-0.01399716692045053	-0.07186161439401337	-0.08270921151517603	-0.03978047305604239	0.06797251364402689	-0.052806494839352604	-0.020464210618490446	-0.011381195225296943	0.05335525422848864	-0.001912874959544842	-0.021389709713366515	-0.011727616199783486	0.056355984039744594	0.0646929837982966	0.07093084616098047	-0.04562796291282103	0.027296417141930047	0.015814931776757857	0.03908688139762625	0.02953111594345691	0.0005588022346544658	-0.0968310595118899	-0.007348514990332104	0.005839264166945924	-0.07637559014281807	0.008838443180265356	-0.05273119265572165	-0.02558681807509396	0.06750565784240693	0.021272966644443128	-0.0067651343603940374	0.005386875085197288	-0.07608397384916961	-0.08692204234601664	0.015186878085570805	-0.024999664248312573	0.05070132228276085	-0.0521082876622625	0.038229147148214425	-0.012613690475286404	0.008125413348885478	0.04234775882097005	-0.012513632434446151	-0.00320032196029047	-0.018174535030201	0.008457985279718172	-0.04211685236297375	-0.0009669195168377926	0.008989093414262083	0.018045249679126626	-0.004001174007288835	-0.03397231870862854	0.02714094362766177	-0.014962177367087612	0.011165791316628275	0.004519470799664691	0.009178216674132681	0.013550760578320427	-0.006804965600558094	0.019699998562329884	-0.005264664416553135	0.011847488097446608	-0.002096348405132728	-0.03161447576453312	-0.02845947249836397	0.012909653617889979	-0.0016468904231166826	-0.010899469704776999	-0.012977663105819484	0.008317225692928872	0.0011826352291089035	0.004998058650308099	-0.002986493745761826	0.001076625854297524	-0.0008861708586457865	-0.0	0.0	0.0	0.0	0.0	0.0	0.0	0.0	0.0	0.0	0.0	0.0	0.0	0.0	0.0	0.0	0.0	0.0	0.0	0.0	0.0	0.0	0.0	0.0
SRR23478288	-0.12642228127021674	0.00455352351972508	-0.13392725241420014	0.022766731281518997	0.027085307532457532	-0.09356904743690163	0.1420757453381713	-0.046331231668511344	-0.0848881333819989	0.10361876546583215	-0.10186926134223667	0.26291040755583056	0.0476523330108638	-0.08630032818846237	0.12226575841263158	-0.059882232369387264	0.01595808596412989	0.07462032547505824	0.12965219041655432	-0.11908486409078267	-0.07987580353350326	-0.02662530580247155	-0.053883044623721135	0.07160676701227721	-0.0166578877014403	0.04831520857368909	0.03800654452841005	0.0069246530626843935	-0.00016504741132561117	-0.050073268594569155	0.061482320921873175	0.0762148810821561	-0.008931573113066716	-0.09974713469338962	-0.009469852209678376	-0.03197455342604533	-0.08234211570541582	0.030794954991611067	0.013766362574856538	0.11453439427482365	0.03285550442648076	0.002447605232590833	0.008241789383244463	0.04263478338374701	0.0482707955242708	-0.0008145827432283703	-0.05756331998971624	-0.09728280269585053	0.06555512741330835	-0.039000245421471326	0.04865445439343872	0.09340356134760439	0.09532834936298173	0.014827022585150116	-0.012885025991300909	-0.059750888819657906	0.01678749809040639	0.004040045909900512	0.04378250183338625	0.025904380466887752	-0.01942297402728441	-0.05188856673133698	-0.06452964691983491	0.10316508555491803	-0.041099458877206924	0.005046388742110765	0.11334576239033105	-0.02853743992192462	-0.07127615793244635	0.06205755703466168	0.017894684941154117	-0.012711185129075058	-0.047848993023544575	-0.0318478255472733	0.009742127164388902	0.04830371697252574	-0.027693053676664386	-0.008622088805230224	-0.03347090015876678	-0.05834442616856413	-0.012785227768146442	0.017281616521788553	-0.06385443067403467	-0.007278542323791475	-0.06356313353240593	0.010205001703651186	0.06316280997986279	0.03282690721577848	0.00748887997875449	0.005343993740488031	-0.004753177652804275	-0.0324592288681999	0.016336854170828002	0.013809386716490773	0.005514554722646283	-0.014329562085630226	-0.013407440777915862	0.01536180014218233	0.014881158034284827	0.003896617143832197	-0.004894521530378224	-0.00692627145267346	0.026030539299597904	0.0032723090584927395	0.02335932722430264	-0.01132847784534968	0.002871077599099533	-0.012384553052574578	0.017205378493541312	-0.00037091348089543036	0.009166688176761417	0.01268106121085299	0.011517020544130068	-0.007552579537739751	-0.007128205430700674	0.008215280275030466	-0.0034541171110562645	-0.0032914864484867197	-0.0025273964881719698	-0.0	0.0	0.0	0.0	0.0	0.0	0.0	0.0	0.0	0.0	0.0	0.0	0.0	0.0	0.0	0.0	0.0	0.0	0.0	0.0	0.0	0.0	0.0	0.0
SRR23478289	0.12027783584780138	0.036870011783222606	-0.0688447677207589	0.18816357948153867	0.11675273514264416	-0.051628686039834455	-0.03186077668670294	-0.11418033936601589	0.01822734145221456	-0.07577164078293722	0.015813823190553144	0.06627925786671367	-0.040406885893329636	0.09469157760960177	-0.009161420788489251	0.054977131426279094	-0.09858323110189328	0.14558637720713613	0.006541249955608181	0.08868192473042624	-0.07867902860376627	-0.1195966352452175	-0.13429056357575286	-0.05558756744515651	0.0987610344653566	-0.009426185856975479	-0.07784867355922807	-0.05443875966195765	0.08705972372230823	0.08578054179973557	0.09888513289373238	-0.035756091931700616	-0.02964785143612527	-0.011246342263733628	-0.08163562082216543	0.04037399301670249	-0.034421104662860816	0.019345995514498834	0.006515571099509002	0.041383057487254	-0.0014862046394387932	-0.08969398943834864	-0.055002755635682646	-0.07265420648344313	-0.07871283264582175	-0.05762501891130388	-0.054446699982603215	0.0063890689138265885	0.0035782047057121022	0.03836850072068928	-0.03553412585956605	0.04352939463926725	0.06522702303505885	-0.013508661121879807	0.081396185661069	0.027851113877666145	0.10051867191113202	-0.02895549476962274	0.008160030120711639	-0.024635659331369325	0.009433339637849572	-0.030253318206221434	0.00016073609791443342	-0.06360976601295727	0.019683189925632845	0.06397620456004856	0.022764042136217993	0.02250509721190993	-0.03526087717569587	-0.05512608883613477	-0.06532796922010273	0.11416666165771644	0.04534506135252969	-0.0547382579183049	0.02141335535017814	0.07383209065727774	0.06147575698205499	-0.011908827195386131	0.004071432401470629	0.0919462361435273	-0.004753995338597977	0.08904882343708592	0.012103751700839946	-0.01954751196919125	0.012969598839051652	0.04787436969034569	0.023407098368703843	-0.03417628276925167	0.03845262552132094	0.04635874146935465	-0.021010399093025194	0.017043757493028874	-0.00529639555412929	0.01647651702172743	0.025624032669517016	-0.01723001946671103	0.02863598187899896	0.015036629437562846	-0.015382325192502001	0.009405423596432207	-0.024224044410579744	-0.01962829626774431	0.016614420007738644	0.0008764490488270405	0.011972904425539908	-0.00795039986988545	-0.019333246822534633	-0.0012041050542271393	0.0028777223148987703	0.004089081047343024	0.0018391570711147815	-0.0015155251818800804	-0.007562911269461442	0.00548484472198202	-0.005828045666064303	-0.003574339799052226	0.00037875580807083885	-0.002061964462793329	0.0009864944439730585	-0.0	0.0	0.0	0.0	0.0	0.0	0.0	0.0	0.0	0.0	0.0	0.0	0.0	0.0	0.0	0.0	0.0	0.0	0.0	0.0	0.0	0.0	0.0	0.0
SRR23478290	0.09989115652302483	-0.022570285965466633	0.0059689717916835295	0.19598848872555927	0.10899059292420482	-0.06975620476058843	-0.004018794695441871	0.049370359586868175	0.12386544602445304	0.1256270643757003	-0.019695374441661688	0.004012805769015332	0.11215692151689806	0.013225769988244377	-0.09008624218401148	-0.03092152193542139	0.014990288789961134	0.06778643328162914	0.02494107840871268	0.07755669495434067	0.0965947091583914	-0.11300977035269173	0.0066930359748533464	0.020429330689692007	0.05568968814451629	-0.10150866267339524	-0.055447041456299626	-0.0764909093114872	0.08252581825349353	-0.0319632896763587	-0.03205084683376489	0.01186501692248178	0.007510940021340284	0.03396437517207359	0.01910201551352545	0.10030179439972162	-0.050281202587442654	0.035007725971734356	-0.015463507381354557	-0.04642815956346122	0.01047874188032842	0.012331586857911194	0.04460021911094878	0.07702672673478095	0.06004078895118994	-0.036961301481031016	0.034413584233871565	-0.0015922690837228348	0.0038928607451738	0.025614924783812523	-0.00953487198119995	-0.00028427152744314103	0.029362087528247875	0.04612596542572797	0.01363984101541506	0.0017272520997893516	-0.01325943724892918	-0.04375308744114675	0.027545202646946182	-0.03151014481796455	0.010260432976268021	0.05582997845464507	-0.06768194601990468	-0.003953078014250796	0.04978326522841351	0.005137958112789748	0.058194817615015416	-0.004704924112976574	-0.044783935024946604	-0.1252629422525059	-0.08417116179241146	-0.06377396543592262	-0.004441876231589561	0.007816920153657132	-0.08981066162761424	0.025154771091382644	-0.003994793798004035	0.02476534806902686	-0.0378292669169145	-0.06125922693046653	0.03272621675754173	-0.005337248458546835	0.055905519661845544	-0.022735013147046686	0.02704627627799667	-0.04118782988387691	0.02026901869193848	-0.006230011669248976	-0.0482670546661476	0.04413011349658604	-0.017973779102860323	-0.06097358227685408	-0.007405240709239983	-0.0369247469618649	-0.012855992703580918	-0.057746542914314275	0.0014668823211107262	-0.022271519556045245	0.00874203563384655	-0.017670327627334753	0.015986296626144373	0.018161471153010193	-0.012918068347893259	0.013693292501598934	-0.006156248743910037	-0.01871369144849044	0.012320859153783508	0.01294272918963453	-0.004397584065616299	0.00028220306905698465	0.006122204088577351	-0.023240384538717174	0.016369365432116673	-0.026679906792575987	0.007319571436606396	0.002104457935620654	-0.009061553189137813	0.006431784839504182	0.00012613167139752138	-0.0	0.0	0.0	0.0	0.0	0.0	0.0	0.0	0.0	0.0	0.0	0.0	0.0	0.0	0.0	0.0	0.0	0.0	0.0	0.0	0.0	0.0	0.0	0.0
SRR23478291	0.12364116195092151	0.007498256523727228	-0.1617634791375232	0.23454933809118783	-0.2738449150636911	-0.1213518807453564	-0.0044860748521818785	0.05486715589119411	-0.10273573825513176	-0.07680566864106855	-0.0026011385041492256	0.00528841902569249	-0.051019424722532354	0.044824131564677364	0.12488672978649554	-0.0014867860667933013	-0.02612415231893105	-0.06260266170757631	-0.06950874963649906	-0.06955460469905683	0.049071935206574	-0.00020201902280859196	0.04549521984285958	-0.02102143833737544	-0.019885371671595393	0.010983312009849444	-0.03679691724559254	-0.0031207219914158157	0.015861452204372923	0.11016124452509717	0.04594534328660149	0.06712484129606278	0.0611016952544992	-0.006097464520455612	0.07712383879375942	-0.017182666030118872	-0.052550778127358574	-0.029618083211847487	0.025787118297946426	-0.057508357957536775	0.023905851607153857	-0.02227373676187669	-0.020301695661543558	0.051496591727007476	-0.023851072577623235	-0.08069308177529494	-0.043888457345234326	0.07260393167245073	-0.0628883400167113	-0.0395352119424711	-0.006622598883714397	0.00853342476638175	-0.0057603343298766475	0.09572803921071765	-0.015174386496566876	0.02943670356137496	0.10779022001846073	0.004040313245488859	-0.03361328966850603	0.053031181408307634	0.03697277434526612	-0.06626902804495755	0.06398724158044199	-0.002395730771842065	-0.000605763127788632	0.016034044859988442	-0.014480637140750704	0.07905845151512995	-0.025206139794991707	0.014827683109705893	-0.011084564700457282	0.02902988979186599	0.029168831990478147	0.02793022543089328	-0.041815382525390514	0.036988602827841825	-0.06539854059580354	0.01140171067525507	0.022859224687121524	0.005410844034143514	0.027275981469243905	0.036803680422978866	-0.022714046812918234	0.054022736404808966	0.0006453681681600291	-0.027383603054919374	-0.037360835447589905	0.019060776168104632	-0.03632940267801891	0.004902720418414353	0.000461475958771943	0.005907586509256636	-0.04712696667198704	-0.04990299250501988	0.005142589842095473	-0.02399706167480028	-0.011046698800415481	0.026187517658889988	0.028218855688506288	-0.032505262852571444	0.04449751807045085	0.01524702364687099	0.03962794903201106	0.00981384442656658	-0.005103965560161518	0.03910802642822381	0.02447705604182742	-0.010348894854911785	0.021931742159387327	-0.03269824971691326	-0.0024026899064254438	0.004500902601950605	0.008420612233229489	0.016435066515737343	0.0038775306806623877	0.006046082273590369	-0.008542043483398206	-0.0009848332387110206	-0.006561345731328824	-0.0	0.0	0.0	0.0	0.0	0.0	0.0	0.0	0.0	0.0	0.0	0.0	0.0	0.0	0.0	0.0	0.0	0.0	0.0	0.0	0.0	0.0	0.0	0.0
SRR23478292	-0.07389622538782105	0.03652406336404673	-0.23477014360119788	0.025944147260109716	-0.0043549072168254125	-0.04072349211521862	0.11480341099779381	-0.03983721612392745	0.0001514275479208997	0.0623342718344694	0.03080607745087266	0.11761239743523218	0.021672133721277617	0.04955849302881388	0.16456257461038512	-0.10099640075196689	-0.10032751496024876	-0.09416165252388554	-0.04238537809500178	-0.03162512295913079	0.17068706705246856	-0.02056909356780532	0.13203629639926467	0.08620241264439303	-0.02606520685517902	-0.08539191436325198	-0.09683119806729996	0.09835132502755468	-0.10949502683807885	-0.059682847908560405	0.017851603193890966	-0.045376297992898246	0.003960573762431225	0.08285959183167207	-0.0261051088870627	0.016136408475118193	0.012403285902859053	0.07084503427809137	0.017801396688876175	-0.08081942631620166	-0.02133021557986679	0.022587400865379907	0.06835174720453306	0.04901918012829989	0.03712975042637946	-0.003088853173938969	0.0017086941178651824	-0.02639543770057852	-0.0893566014947365	-0.01247640901960854	0.1160455280378825	-0.03314852437229496	0.04556227601272693	0.01758891531787942	0.0008171211315801028	0.020858445377328658	-0.05333832920132632	-0.0882036582904567	-0.0168368711044173	-0.039698474930996576	-0.0031274117435931862	0.03355585034712732	0.11006606277496815	0.05359107092349038	-0.048879734768700354	-0.09328936275251369	-0.0176384983543066	0.011148390061946793	-0.018598686252761624	0.007614426345528637	-0.12418290966358415	0.055169246011103554	0.02744790575971249	-0.0007118865843669928	-0.04190207848619966	0.03891257250159477	0.03351216051905152	-0.08797239027221089	0.009831816841937999	0.002944080775588733	-0.04880017994676094	0.03199215071907081	-0.05951711403890888	-0.004828504580112661	0.04417548532473005	0.011417935153103166	-0.03537014863475999	0.03128523100484146	0.05240025420873624	0.019014436926849575	0.024287826252424743	0.011203986945681128	0.01925133902111468	-0.0005658488815094635	0.0014210197417765915	0.014812493209619389	-0.0013948849286074092	-0.008609549590554662	0.018914567135109205	0.0018180259269262385	-0.030943053256057867	-0.010073933001127432	-0.008380593745984863	-0.002212560877923447	-0.017848258104706183	-0.007597377454330532	-0.009987659583407495	-0.0036914501622805056	0.0060730398339183065	-0.0009393941155172108	0.0030700165641135437	0.006631730383174043	-0.018178983586218823	-0.009715669470201811	-0.011971024972065425	0.006483124825054567	-5.349537946225739e-06	-0.002153080928873977	0.0014920295665878734	-0.0	0.0	0.0	0.0	0.0	0.0	0.0	0.0	0.0	0.0	0.0	0.0	0.0	0.0	0.0	0.0	0.0	0.0	0.0	0.0	0.0	0.0	0.0	0.0
SRR23478293	-0.19254611070959327	0.02596474088750312	-0.22516760707608238	-0.02867738106342004	-0.12594367153225394	-0.053147231810152816	0.16261799386029074	0.045511066871103095	0.0010031555386737668	0.1531235975902442	-0.08648732205447335	0.08854879764644488	0.03339938071733046	-0.13246686171813535	0.1654022958677828	-0.08069310029866267	0.0769919153383746	0.12155096377624686	0.024228136142004357	0.06113151957275207	0.037298280884429665	-0.0639891346440132	-0.018126867475097008	-0.02113959564854194	-0.12866947273098242	-0.009682562200061412	0.035678251406481995	0.08688024473193288	0.059034698598272414	0.05538695527721899	0.026744506222162664	0.011071196375871192	0.002244134802550895	-0.09579968331356034	-0.14436348125576864	-0.04009042471372573	-0.013039023625553058	-0.0007485255840949267	0.010799450888836368	0.010157333882085198	-0.012602903788255529	0.0063823871349099	-0.0065288886198502745	-0.006470219017947971	0.06657328155891652	0.017050293379345095	-0.0013717122908397127	0.006182571394885581	-0.031696972402600776	-0.042257292391817955	0.02267985550403804	-0.06934749540553367	-0.06709283865081801	-0.01077121343092123	-0.05109315292267903	0.0754160410910593	0.026232437817929843	-0.0279841774250718	-0.09281510780278987	0.07447908188079667	-0.03940234936209822	0.03300914284405925	-0.04464417184709716	-0.005817704892000523	-0.02001512623384133	0.004815893352628847	-0.01474722151279365	0.033398155596399415	0.017064899872783913	-0.018348955977715065	0.08289811653793198	-0.07259816503105922	0.06657384335365285	-0.043462537660302794	0.0038704713710441823	-0.008436856810570773	0.025844332794796643	0.08632620815166495	-0.015481942657579508	0.004217583274157765	0.01436090311810283	0.04374108119256593	0.01981361022637925	0.021794603084774246	0.03907309282407786	0.03546189651839385	0.023678147168086267	-0.03281705514208063	0.022918023950243827	0.03401791793718589	0.014263426439893857	0.02426433971669161	-0.04313237597198561	-0.018020890880038103	0.023861256426754407	0.018167820568947397	0.029416959797072074	-0.0145186437099395	-0.014637701913550296	-0.0403322670525568	-0.007306687740033093	-0.009673662176531449	-0.01082695716866843	-0.03894041843652896	-0.0362144933941719	0.01850854373605317	-0.005478459470234866	0.0025411027354664425	-0.01761104908716438	0.0018526941730666793	-0.01261480606775245	0.005421959004235148	-0.0037462120248425057	-0.0032406890932708218	0.0014573645567174595	0.012064609473657182	0.004467979326106657	-0.0010606827008941089	0.005540056184175674	-0.0	0.0	0.0	0.0	0.0	0.0	0.0	0.0	0.0	0.0	0.0	0.0	0.0	0.0	0.0	0.0	0.0	0.0	0.0	0.0	0.0	0.0	0.0	0.0
SRR23478294	0.1646538869902652	-0.05114143305617038	0.01818153815073892	0.22783601034772621	0.05232427732013248	-0.27742033782982745	0.02198457616488213	0.056554927138564866	-0.09525141381506093	-0.01535688840547689	-0.021539061355032724	-0.08043087378527228	0.05418697617296665	-0.012716956456870392	-0.01282737033472422	0.07862583360135961	-0.028290348769390645	0.01571205354514106	0.029386909443709967	-0.03578343691654567	0.03983740043245843	0.042573707979372995	-0.041976749685114834	-0.003841273570036351	0.029732750215040328	-0.024471106253096668	0.04719426457109776	-0.02926690863218351	-0.013516493903649495	0.05241061410584707	-0.06109116437209367	-0.05842802081014203	-0.05491675723472591	-0.01396151910873309	-0.021850700606600267	0.012974184601600483	-0.07526431882847759	-0.017301901143642447	0.0463291154681069	-0.004575450952831833	-0.09667703281294356	0.009560456731185035	-0.0671579619495709	0.02338909687370746	0.05759895465402545	-0.07445212011732792	-0.06208040124275094	-0.023675163157919718	-0.10440606507603159	-0.0054348276558417	0.03713293759793028	-0.048549400183784695	-0.013746722692659204	-0.004030020148742238	0.043417823725484465	-0.10650595037843918	0.044226731412496285	0.03158189444444518	0.02572740473061924	0.06611831287443909	0.019218446883159008	-0.07459195178600674	-0.10226219693059213	0.003203502902599238	0.031161350674103416	-0.10892500590221472	-0.1215492917428526	-0.008939213027033982	0.012033257592814517	-0.025768519048578943	0.0716872185361508	0.02593941758838216	0.0312963229621936	0.016399582769045996	-0.031818590415298116	-0.04073239615916382	0.02112246846969184	-0.032432029132670695	-0.0004347966648422313	0.0237879204929413	-0.006438911049822627	0.023487702513937822	-0.06426803833929357	0.04531562785664485	0.006307233557027871	-0.0295465456174847	0.005332055912664796	-0.04788048113016069	-0.024898259774099374	0.01865872235139594	0.04343880689647722	-0.05858367433906941	0.06522130040473972	0.04282726669959385	0.0043459666348074355	0.010540138636503934	-0.05252280619626737	-0.028509780268883907	0.000170260598581455	-0.0025779424254809545	-0.014115633303334124	0.00677848319027502	-0.010540053225999683	-0.00032966449606175436	-0.012046307857344772	-0.003132394258984651	-0.018835446429689956	-0.0010207354078836375	0.0028214595180413287	0.02564544951382065	-0.0006356655026179759	-0.0015857348064451699	0.013289746707641518	0.0052206231394205825	-0.004829406097797239	0.00017213220884686252	0.0006579912795985744	0.003390576877196612	0.002758066771601653	-0.0	0.0	0.0	0.0	0.0	0.0	0.0	0.0	0.0	0.0	0.0	0.0	0.0	0.0	0.0	0.0	0.0	0.0	0.0	0.0	0.0	0.0	0.0	0.0
SRR23492483	-0.26934321700173824	-0.13969652632590548	-0.0113037825063757	0.2943959865315618	0.16409752548744036	0.13368015452455437	-0.060171224288222774	-0.07953776601545637	0.17358984600675903	-0.012537515212207405	0.10625838508042694	0.04779040176876481	-0.05535779796562929	-0.07285351906078774	0.10059793705154052	0.03604471260601005	-0.0748739652119771	-0.008329213392263746	0.04040104091462254	0.03000260840061651	0.015249918270492838	0.04324927508474991	-0.00872683283736035	0.010349314411750929	-0.0422686260261174	0.048748502640620944	0.007149630381966183	-0.02097661050583206	-0.03216978089566912	-0.011998824186225013	-0.0023036058877130314	0.023672549821287078	0.018961116179907634	-0.02153622651724714	-0.0033365237649844283	-0.03508684434461714	0.00534789260832999	0.03591759217982134	0.02638341966553168	0.01715565229658534	0.0006432688011889767	-0.029919234037167296	-0.006738786073558088	0.0152023034333397	0.016777179983116824	0.063839598011957	-0.02262518866322937	-0.016974052133991925	0.04115432127843944	-0.029282684688605714	-0.060228622041788644	0.011613691565399329	0.015806165395544185	0.021488418327489326	-0.010413718463126647	0.00030112667816354906	0.007541033636878142	0.02121327864879294	0.02370682593528218	0.01988065722564987	-0.04631799504153375	-0.013770825071934422	-0.018900001371043165	-0.005152355888849476	0.004785364174269754	-0.015292073292333874	-0.03908392512794639	-0.04958305012581004	-0.01162344206250358	0.005702437607522715	-0.010617137833332341	0.022101184168446697	-0.012030201750197436	-0.022547556521497893	0.01116090039847169	-0.03573225976950204	0.021917043092810683	0.002170743741175297	0.029133895260112997	-0.0018536165070752156	-0.012704726576412218	-0.011790486245682968	0.012222393794655161	0.012189461134367521	-0.009340670981731457	-0.014868794408782459	-0.012807113522507489	0.0027403110378747884	-0.033169141134124086	0.012564228405510428	0.019735263491371564	-0.0354973533426266	-0.018545758581861013	-0.02556970956689807	0.008169789420084065	-0.025532832072421883	0.01799817214960387	-0.011829139369056238	0.02427549665731754	-0.006272677137838364	-0.0037148932097770954	0.0048966874380833225	-0.0018137616006207134	-0.060155867981236656	-0.034446472750356956	0.013213722993335134	0.0016047281821521403	0.023141957008460466	-0.01614024970634436	0.014826384007454093	0.01070542220104462	0.009965053980530906	-0.0224247151335235	0.0035419323744716926	-0.01506957136978458	0.006781436518937625	-0.0021214626732235387	-0.006290339727550883	-0.0018875029424352992	-0.0	0.0	0.0	0.0	0.0	0.0	0.0	0.0	0.0	0.0	0.0	0.0	0.0	0.0	0.0	0.0	0.0	0.0	0.0	0.0	0.0	0.0	0.0	0.0
SRR23492508	-0.29925977729211334	-0.1990972680626251	0.10363810443445422	-0.08064383814076101	0.050445023435085376	-0.07305159670343297	-0.07832987146627492	0.0011122221878320311	-0.04805813109236031	0.030728440132938562	0.037861885451324774	0.17580716858662024	-0.029074200677426366	-0.05519997483994176	-0.029806977048766864	-0.07380675559966891	0.05539259799467711	-0.009895516504925737	0.0005260726406459101	-0.004716030612928985	0.10755581161796092	-0.047271892632776126	0.0017967926571432766	-0.14053248256142364	0.01733374615610067	0.018696901395015005	0.006790775288534994	-0.07608302151339248	0.028886239290727575	-0.03976891094324643	0.08255363671707117	-0.02319304819507538	0.04933243428192833	0.010188662999724513	0.05946551172366591	-0.019475427264515694	0.02714414518105091	-0.06402954336799416	0.059118395140727004	-0.01292734083902251	-0.031147596889783035	-0.020464827507537697	-0.05868553554925986	0.03944094303040755	-0.020904569184573802	-0.09855670035219412	-0.007882651236771817	0.05599168107431776	0.07335819355681608	-0.12908275285008944	-0.11818300712880891	-0.0013659433714968785	-0.00685909081470567	-0.010108810014655314	-0.014803583905888004	-0.04344155176032268	-0.09708107828697142	0.010204730471015921	-0.06407280586046782	0.014775207093542693	0.06965083032328424	0.08262801977732918	0.02691017380749653	-0.0016415824362382063	-0.05672718553349318	0.022852428264914137	-0.11625248566557836	-0.07752334372473799	0.02551137035505455	0.06204044739225796	-0.006840710737009775	0.024810849885147177	0.05550031462180872	0.003433942421561669	0.007195819400804042	0.03285581352846375	0.04221910580650435	-0.023669522373414423	0.013535831540584874	-0.04815707451044014	0.01334675254938458	0.07453319248598711	-0.006568995405757121	-0.07805711502032865	-0.017115354801028434	0.0340243513076488	0.02635952619158408	-0.024096680797554525	-0.03443923424142852	-0.021965545108754633	-0.025210815857765047	0.024791884572911975	0.020687235751892824	-0.005233913197337322	0.010948171503800988	-0.008720765859235001	-0.021353905393513176	0.0033925314115162103	0.019272936779222167	-0.03543560934528847	-0.02711965957675148	0.04424167919164575	-0.01607069638444643	0.011739411976706469	-0.0023240093081043447	-0.014981436172813379	-0.0011052352152770614	0.018527335151732053	0.011694409230981561	0.0021497970388173375	0.005255879982909477	-0.004197471740664054	0.019046264921484264	0.012333045277300702	0.01160940082348082	-0.002311671310668973	-0.0006603964007831	-0.0008015853351401539	-0.0031556691656596534	-0.0	0.0	0.0	0.0	0.0	0.0	0.0	0.0	0.0	0.0	0.0	0.0	0.0	0.0	0.0	0.0	0.0	0.0	0.0	0.0	0.0	0.0	0.0	0.0
SRR23492516	-0.5533695054295801	-0.16257502703547952	0.04017513629592579	0.11462195572511578	0.00400430927067243	0.06591339924706265	0.1065281840675006	-0.006151958864044676	-0.026859245224633142	-0.07979200793551748	-0.020463466679693027	-0.09965918315123865	-0.013392422407271707	0.05273661828755959	-0.016425678613949907	-0.0024191265897244405	-0.03901147711076991	-0.022833917053348262	-0.033526238927121796	-0.017814330432086935	-0.07658847233432453	0.0393139836039733	-0.006629786049730948	0.0799139508160773	-0.006945044546715867	-0.016028255935106494	0.008110393065876244	0.03709443883050624	0.041322296925501094	0.0011479784872175667	-0.013036788287852423	0.03562829085645508	-0.04550467870234856	0.007742254681309625	0.02673505213367751	0.027086566313534326	0.04964913038927794	0.03535751670684816	-0.03680286252152345	0.015476583780910734	-0.05319943450572105	0.029239003708820172	-0.013411797587408184	-0.02638797392491937	-2.4085869974538973e-05	-0.00715362857763706	-0.02122307788138776	-0.010788461723084132	-0.005154874311725684	-0.047844084170526935	0.06463659431257279	0.017081988755286513	-0.04825370314676175	0.03316575249733717	0.004464191049796872	0.043784036838894605	0.042196691744113696	-0.01119045148457214	-0.023833425398716038	-0.03599513352167313	0.017062366669559965	0.000494068542338296	0.009775148273694207	-0.008987950974105709	-0.015541268652769943	-0.005053473762191449	0.013849068366855037	-0.010396835376086282	-0.009967130907133916	-0.044285774777684195	0.028411681340042898	-0.009084151212953407	0.02705525379958626	-0.006861473673550164	0.018372276895949825	0.03817603745016574	0.010635500356725863	0.0011734433916516665	0.005735957552806521	-0.044815118310948844	-0.07622108726367155	0.002504070675753223	0.06632598404377225	-0.004540538233373032	-0.023481967429464064	0.02926276316494127	-0.006153281747156137	-0.037959096304835405	-0.014411978250447346	-0.017959711623010178	-0.019139971436971017	-0.016965942991792368	0.004334062706794822	0.008476811536655764	-0.00512477393936087	0.02461845197706287	0.007105140915629908	0.06350995653028119	0.007965726725301523	0.003863121759892187	-0.0037336572746804004	0.04912322778073608	-0.002871516435475358	0.055556010407832444	-0.010858749289644474	0.06528727737142455	-0.012098516035247414	0.01898470276659173	0.046216702860850466	0.0356323461661822	-0.02337343137803721	0.003305027017102393	0.014096899269313469	-0.03988731009013239	-0.02112997791478207	0.0008015795420442138	0.01322415407703421	-0.004255918842173702	0.0035711237910222974	-0.0	0.0	0.0	0.0	0.0	0.0	0.0	0.0	0.0	0.0	0.0	0.0	0.0	0.0	0.0	0.0	0.0	0.0	0.0	0.0	0.0	0.0	0.0	0.0
SRR23492517	-0.17853730892157085	-0.10509328378774435	-6.550109743262904e-05	-0.026154172823940194	0.015576117630034103	-0.10952768962992773	-0.004689702308583141	-0.018396825310836824	-0.003221011443628227	0.11523144494410649	0.06939340028746598	0.05460086938361512	0.01663232305033658	0.0003119383034632888	-0.04092654843033219	-0.0798362396486962	-0.0014045609487848625	0.10915221728154312	0.0711480064684686	-0.07463284263730073	0.10787675022180487	-0.021272468394239658	-0.07971904026591646	0.11856927241540408	-0.04764972942425379	0.012843442008714154	-0.090192739720839	0.004245570951344671	-0.16822616364376636	-0.10129519431911137	0.054725682886349804	-0.12996236250146798	-0.009958213906734808	-0.004531537773460719	-0.011154534228559845	-0.09396774831831557	-0.15134650227836458	-0.1475246947261204	-0.07826881727622506	-0.14889878471563434	-0.028671350714292432	-0.03328728312783716	0.030330140250357157	-0.19110239473875779	-0.1278019929591438	0.023566481098122045	0.06588728209979439	-0.07916801581232992	-0.08464555342426755	-0.13130363791122274	-0.00326715095668231	-0.035991014097867924	-0.09976250170755475	-0.09732119695045495	-0.11437107439932485	0.08520434883033055	0.03566889293777884	0.03825233659032607	0.008449545292500466	-0.0875795383904073	0.05759327898127775	-0.0660848113755278	-0.037829631169014916	0.01839062181229104	0.07878407455055986	0.024317224582193982	0.02566744068758655	-0.035033085123237204	-0.014411823351096316	-0.018732000517200885	-0.00276508328270398	0.025236504496372145	-0.017245068899981994	-0.002132363597650847	0.022164753378396764	0.005378759050210004	0.012696834938135993	-0.01753689444745865	-0.0066068744816234	0.01202856114167797	0.01845868292164414	0.00036003554496760574	0.011977580506212906	0.01277679173276566	-0.002742019660572365	-0.017490980423992573	0.001832495226501606	0.02251720766500759	-0.03011650069452115	-0.013040866535949668	-0.00927923487202133	-0.011134762012976218	-0.003849031926776696	-0.006885548188129784	-0.009731018780077592	-0.003142197962527954	0.0031999323147788583	-0.020520084873208798	-0.0020470715900036815	0.00039940583007123096	0.009395169610411326	-0.0009652341131386472	0.006024643509063626	0.0033756256166327108	0.008315879699961804	0.0028988437780932607	0.005483259126344106	0.0017467440773774913	0.006257367974263031	0.001778694944703933	-0.00401763705193829	-0.0027277127712785577	0.004966084209280803	0.0024945789544409615	-0.0013098528159769891	-0.0024001342608603567	-0.0010785265463567396	0.0009730118939896956	-0.0017973985024574593	-0.0	0.0	0.0	0.0	0.0	0.0	0.0	0.0	0.0	0.0	0.0	0.0	0.0	0.0	0.0	0.0	0.0	0.0	0.0	0.0	0.0	0.0	0.0	0.0
SRR23492518	0.07255221822732359	0.0678787677111097	-0.2764686899483858	0.06263898418363535	0.13485639685214787	0.009266996678173076	-0.000347470815758379	-0.11239033712480036	-0.06169750452896002	-0.04963413700431591	0.03558591502119825	-0.007210426162173451	0.07822588575344396	0.05427356668021926	0.12290790278345821	-0.0676074456837632	-0.10544096001386873	-0.13806333263944295	0.11206806630629264	0.09401429476881538	0.057360847322139204	0.14903128007072058	-0.013368887333352418	0.06728941690971035	-0.036106836412239086	0.042448472288572466	0.02313315090964744	-0.13360271834424747	0.002367330919772308	-0.1647303503153634	-0.09534500239425585	-0.0068350912581162165	0.004942131748213443	-0.07432166772327431	0.009358964664781607	-0.005155602002225129	0.07247435382053774	0.02702747987807988	0.0002271710259828002	0.03409468844228422	-0.012132574035436317	0.052611155235548865	-0.0643193312368561	-0.11313956182121329	-0.03343039767846522	0.0023443050374436177	0.016719607710762006	0.02687532765681852	-0.02956285033824331	0.04768040160160373	0.008818318350614432	-0.07589531814026383	-0.02244373207927553	0.07460942424306673	0.051902861285640145	-0.015061342837285115	0.015404117262498069	-0.03145478788173205	0.038796239927401915	-0.04204719681579423	0.02543687550483042	0.06492424545988605	-0.005080702104733444	0.0440227569905753	0.05793150650790187	0.015033699592423726	-0.05007713944359242	0.056186296499026206	0.02514919792350976	0.049019869918450164	0.015179064442805102	-0.04408362599555496	-0.06880996523526706	-0.039177847684265736	-0.0016567608771656766	0.0565750828983569	0.006515856050261567	0.010354002158759172	-0.008897046805487148	-0.013279850126744467	0.06990355596059143	0.04273779860002991	0.04060928060239139	-0.016113884253164925	-0.009396103621781835	0.0041339776296938115	-0.01968606862269599	-0.05235254339994776	-0.017043956595665107	0.021098928714902022	0.025010152789920716	0.05826092514813511	-0.02632597639361903	0.0599449954978269	0.009034618352571609	-0.008344990510810705	0.012560087073354981	-0.028942496568955627	0.0376987331872064	-0.00908814731668045	0.014098677855246391	-0.006831910395497655	0.017759136595191113	0.009042629054780614	0.016871514745883002	-0.02588175427698874	-0.007494210764042293	-0.018968012192044525	0.0050878658573727305	0.0028081360992140685	-0.02098709949704523	0.00616984646380686	0.00010567488615723921	-0.01971633237770094	0.010812346198488724	0.007649680134982119	0.00037659562334675623	-0.003604950830211257	-0.0038271319529674446	-0.0	0.0	0.0	0.0	0.0	0.0	0.0	0.0	0.0	0.0	0.0	0.0	0.0	0.0	0.0	0.0	0.0	0.0	0.0	0.0	0.0	0.0	0.0	0.0
SRR23492520	0.020597417589025682	0.03532327376898649	-0.24753423480730655	-0.0622475775248832	0.08613917957480707	0.10108118211339408	-0.08014026318622931	0.06145703385404832	0.01714513201351957	0.048978281685732664	0.07042711031478187	0.04505378655464331	0.0014986034965940207	-0.043251668084651675	-0.1482920318868881	0.20027280267183806	0.05948753725347683	0.01957992119899274	-0.0267787282530298	-0.08769299524443772	0.016796331141610707	0.2170691930598291	-0.03300662195934823	0.035414520113224796	-0.009185162220804469	-0.13939593332340125	-0.08819245862136263	0.0067010075346894855	-0.09295692840603484	-0.1596906861941222	0.0010367379085049783	0.003708681610472093	0.011550866183264407	-0.03001553279951316	-0.021844445811608233	-0.0229306763703224	0.07696142404795903	0.01934902678164238	0.00760962382341489	0.11717206845446171	-0.036862378434232256	-0.020401209040830617	-0.05431758437430147	0.02693175453658988	0.027483724391601315	-0.07049202602318094	0.055576954122342086	0.06146892052383916	-0.03802570770811438	0.04337816007601228	-0.026061790777569895	0.0922522986990809	-0.062372740007934226	0.033720603809105604	-0.08117593141583904	-0.034875702706026974	0.056875894988582414	-0.06422977273744586	-0.03108092132684945	0.025105642933689224	0.09103245920326787	-0.06742245365015502	0.014903390663004059	-0.046224849475023484	-0.05779708549339854	-0.014519477223354426	0.04160876222926079	-0.03330614389794165	0.0029987680647343648	0.003826702541891814	-0.055400877891567966	-0.019620492900531684	0.0019422767530779012	0.06977456077642663	0.004088719783690775	0.016452697752770144	0.010988151729994063	0.03173208848606089	-0.04488035293341126	0.04944764318086771	0.019301628939511067	-0.014902680146411808	-0.009911053894305391	-0.0014345073486808028	0.01908658204006113	-0.06898840928058274	0.0540779488511114	0.01706480631496271	0.016552438841595005	0.04023779817957281	0.0035589948180550983	0.02884846371233803	-0.024535057251331868	0.03454566167320829	-0.0304393318751538	0.004513300829652736	-0.0005983336671907158	0.01695257985142193	-0.011798422412911416	-0.03769704120299389	-0.0043533123834289455	0.005598748921406165	-0.00402751565709405	-0.01362942927258531	-0.004359783403006185	0.01123714747522228	-0.01960419578880948	0.03540307538166456	0.0007455904671453578	0.0022348325372314017	0.016747463695894655	0.014359772425348154	0.0005299241483100263	-0.0055807298757365046	0.005261339391407894	0.004188549152195049	-0.0014361975795293346	-0.002144967146069542	0.004081410705221517	-0.0	0.0	0.0	0.0	0.0	0.0	0.0	0.0	0.0	0.0	0.0	0.0	0.0	0.0	0.0	0.0	0.0	0.0	0.0	0.0	0.0	0.0	0.0	0.0
SRR23492521	0.02438110708646868	0.02413882816047685	-0.11604122570368214	-0.09898363895137088	3.5729180970592064e-05	-0.021127909581805427	0.14507051323753414	-0.027147039600486873	-0.09940653673607376	-0.13283287995442652	-0.040460815735433184	0.05239504709603797	0.08543073838615375	0.1548491273892796	0.0015332710245014142	-0.05852317644375428	-0.1688370183962878	-0.1703492805693875	0.11041577752793504	0.07032902389753866	0.11414859614396604	0.0056101903078646514	0.07781505431425816	0.0776489988531673	0.0395151685942582	0.1303577886594039	-0.09714019810335546	0.042125440772362834	0.057503679118309926	-0.0884029509155903	-0.17818717444420473	-0.1183039672051731	0.0005818969338499354	0.10236937269259466	-0.06040867273601789	-0.033946127817225905	0.11466807757607099	-0.15025084851876022	-0.06958596561835084	0.036738306406363594	0.03037931970078165	-0.09955787433533281	-0.05988491143672018	0.04341837324723949	0.05921582153490632	0.0012602092273311398	0.036967481809270994	0.12358326158645032	0.05743654993206046	0.03239942072837215	-0.005104998506193657	0.029867198504397154	0.06704105696541308	0.0011718970205977794	-0.08133274515749406	0.006235763638912687	0.04127307011971931	0.05030469544470426	-0.001959976890194828	0.045164122975219434	0.010633878063772396	0.015204724124154497	0.007853347361239247	0.07749595389358936	0.038303741799024016	0.0632401909398359	0.06333996726970596	0.014696709358684858	-0.014693834561306265	-0.05925166289571007	0.04142702072797509	-0.01621141748883429	0.09742776336494079	-0.023688613979632685	0.026768791099742482	-0.07767639356592579	0.03403213157344278	-0.01520171485125062	0.015842795623903585	0.01339234007623769	0.022980522506966493	0.010335640095197033	-0.021162634011838797	-0.0005342345145687214	-0.014071386168913715	-0.003979229498628149	0.040065618101587416	0.009646014750433782	0.030792593534994295	-0.0047967353691738875	-0.011004268429475309	-0.032509715285609496	0.013476331249374732	-0.015561874778713923	0.001654422075040999	0.0002780367696536689	-0.0008529046666445291	0.009607657045919323	0.007733006508345029	0.014607415174881238	0.017428188695259614	0.01691220028816169	-0.006398244436875919	-0.008544243677632497	-0.001429665188296844	0.016463223027264454	-0.013624119910246627	-0.0013005866314571618	-0.00021592644094076298	0.00380931589848774	0.008131873592882366	-0.008003438161693141	0.007007056679869769	0.013872557966692756	-0.006024996137324009	-0.0007865796958259218	-0.004746342648170771	0.002960868553617547	-0.0005686131381078192	-0.0	0.0	0.0	0.0	0.0	0.0	0.0	0.0	0.0	0.0	0.0	0.0	0.0	0.0	0.0	0.0	0.0	0.0	0.0	0.0	0.0	0.0	0.0	0.0
SRR23492522	0.1299148499635445	-0.0030129985989353738	-0.062135777683053076	-0.08129898540084073	0.007762455029417217	0.14837981093596572	0.12806169025429706	0.0017393827717460584	-0.037873176391579416	0.011942475971309641	-0.07563549272726625	0.025981559683613566	-0.06074858174808138	-0.05871704540716605	0.0021063335620736838	0.0707890125365576	-0.03233755729153515	0.05730024994830716	0.012568276963769477	-0.1169189076989477	-0.002771383890425072	-0.025139343930730095	-0.0032331172951468737	-0.11776804048580466	0.03136606541959271	0.02388176868464802	0.05473787414978845	0.08082464424950095	0.06141689918113813	-0.17747720958959107	-0.041066890363852526	0.05336708016020614	-0.13874870964425626	0.048099464524487885	0.02450901904026463	0.027022635007966082	-0.057514227959099246	0.08467526715145006	0.03166396044713272	-0.07432328475863922	0.10561378940053179	0.14234539443575434	0.05237082151444761	-0.0852001518457859	0.03397214939610719	-0.039791744665552686	0.0059692492049975825	0.05509492591669439	0.03883914476691918	-0.093540241736258	0.030055758200354034	0.06520490347536408	0.06620163818257876	0.15067640001449098	-0.02217581682522978	0.07179962614187434	-0.01218956729064285	0.052534535386075915	0.06656723209779003	0.026976386133875086	0.15175713848942649	-0.014287905979769753	-0.03708611929250443	-0.081233168787203	0.06619496492092312	0.031576455920908963	-0.05485632106336702	-0.005296110587759704	-0.037115708695050556	0.03298087925257715	-0.001667863032092852	-0.032188853840527984	0.04859556429369823	-0.027141911580509118	-0.0010979946627610528	-0.04612800950355011	0.016419964204379	-0.024522859065286035	-0.02532458317517562	0.050592867398204434	-0.02015904628463021	-0.013567092108246798	0.0147731918717541	-0.02424580880518769	-0.042250588589139736	0.009732957531794161	-0.04334867289461149	-0.01788858259330985	0.05261309122381958	0.01218359233971946	0.005118096187986696	-0.015346990026057125	0.02075322609581644	-0.029005192240571725	0.012990105099072833	0.009122761033239104	-0.003679750890457349	-0.023068182956554724	-0.004301697493662464	-0.01430928101031824	0.00983255202707732	-0.027471451098386886	-0.004840467216638931	-0.004237526956724423	-0.003628519161214958	-0.015929461205549753	0.024687252947129944	-0.00389137159474072	0.0014307529551247707	0.00408280629281563	-0.00044934151912221756	0.011257529852759799	0.0006962083871746898	0.0017946309377946468	-0.0012580525334072695	0.0009413609831832321	0.004731871298325331	5.38200907956508e-05	0.0008577554746702176	-0.0	0.0	0.0	0.0	0.0	0.0	0.0	0.0	0.0	0.0	0.0	0.0	0.0	0.0	0.0	0.0	0.0	0.0	0.0	0.0	0.0	0.0	0.0	0.0
SRR23492523	0.008545511441885263	-0.06613112479350954	0.0347647865905745	-0.16061264265005498	-0.043110211186778394	-0.039854919960164166	-0.03981219536241886	-0.03151471333374014	0.0305664426396271	-0.15602591417985565	-0.03267789159405621	0.01814279622980551	0.0716329374848445	0.0837277935479896	-0.009641157404269587	0.006480647713489352	-0.08936211034908625	-0.008095636066874783	0.06543006340275422	0.03651583997543887	-0.139940056587035	-0.010441262198589095	-0.20883416349535253	0.035395387190098035	-0.13482662127867737	-0.1346720534935026	0.04295080649267683	0.13931789380780618	-0.030237525523779944	-0.001190128095800101	-0.16772771916104115	-0.08484950695619778	0.2354287847836232	0.12284580837991492	0.0418523292945168	-0.20677889650497072	-0.1979208617494116	0.06643096301845813	0.1212130196580665	0.00814709311666156	-0.169149753180195	0.08038038615313885	0.031820807954474783	0.04864863736460897	-0.04952543316825327	-0.013076647517581965	0.09485926286745455	0.05829722882360837	0.06890857045378755	0.010452122316283423	0.04611532005594288	0.09567460346362701	0.03611363951845546	0.050187745959774606	0.0026375304367958203	-0.012507002984168842	-0.025878691257207157	0.021947085261228662	-0.052796814552293236	0.0024182117790226905	-0.061273962853731705	0.04073814159988528	-0.026966584883904302	-0.053506485551776714	0.013844284827888595	0.02444891235905326	-0.008094346813428726	0.01675996052043681	-0.014686727005426165	0.0003566774851750096	0.024789362122344283	0.013484822563925376	-0.007833790937541715	0.015531699510607313	0.0035113889317742127	0.028362308654681662	0.0023400129931762516	-0.008733871907655854	0.008019226293622042	-0.0002993773516044111	0.0068792235319890815	0.009651457436576248	0.010781594247749242	-0.005434716167533526	0.03900145003210644	-0.00024031090859939663	0.0037071612165091297	-0.004633781805003739	-0.003213985207921724	0.00039944287290436767	-0.005317225600452459	0.0007954075602371588	0.0045215708716864625	-0.00622857028277971	0.002704398282605287	0.005690385754322047	-0.0009811755327823067	-0.0006922601753430283	0.0060507963395893954	0.0005650177306183478	-0.006949701094293318	-0.005745317766891309	0.007860429180817299	0.00508371377317962	-0.007511334948451595	-0.004501999579013932	0.010492527698556249	-0.004167366568090013	-0.002986399457047181	-0.0010378516982078917	0.0013978213223657676	7.594344340413021e-05	-0.0009393839394310872	-0.0032743817801612167	0.0032890462571712963	-0.0016635266735483235	-0.0004930012200318861	-0.0002088359669741587	-0.0005728544636971586	-0.0	0.0	0.0	0.0	0.0	0.0	0.0	0.0	0.0	0.0	0.0	0.0	0.0	0.0	0.0	0.0	0.0	0.0	0.0	0.0	0.0	0.0	0.0	0.0
SRR23492524	0.08885260496075718	-0.16962724113673747	0.09384791068176422	-0.1275971886163946	0.10959201120387943	-0.00428852286943219	-0.2009654783338909	-0.010789138300035745	0.09102107369433307	-0.07352692708436964	-0.08128131944501688	-0.016057338802346614	-0.07969403525539795	0.029400101644254932	0.11310342964912447	0.185209332928448	-0.15470387552868645	-0.022984946370658774	0.05377515175981816	0.09896041632314166	-0.09050237399493628	-0.09021536238938076	0.14768568972185542	-0.030906235339300495	-0.06894891042662446	-0.06937518966911713	0.007113473078783328	0.041869981331874404	0.01357034051654974	0.07680867591115614	0.023012365709768647	0.005406653641253138	0.01481270680388627	-0.002235038849250916	-0.09500887882335335	-0.07064097591711593	-0.04989652047493371	-0.09629556975812266	0.010531358555944776	0.0002311986647519499	0.062103468839569145	0.028177976739080124	0.0398223007592638	0.01727923335622647	-0.06094471132944399	0.0011250972414393586	-0.04446233313763646	0.024993624689486453	0.04873053638366165	-0.03241849750388825	-0.05849108096640446	0.02776879522333964	-0.027036547555934504	-0.04353816583316828	0.02229642783071488	-0.05081797051779684	-0.0165918727438559	0.04578385742103203	-0.027525534683240628	-0.05554538177149099	0.04559454246312572	-0.010009500158400951	0.005404166917346014	0.11416843769021179	-0.021480180629748595	-0.031286813554271695	-0.0026351896489168647	0.023410495255372855	0.004638400914498851	-0.024477341796525966	-0.025879981817300973	-0.03751483458273624	-0.043840550159123026	-0.032577510058301666	-0.04708870405847375	0.0002226420352610009	-0.011905816595674412	0.002704919878404887	0.005613009997182572	0.05426547790839345	-0.008407081450176017	-0.03289167374348072	0.0026665307138787606	0.01057171904294396	-0.07147060533305487	-0.032652406773552044	-0.044605479966150115	0.0008412434620116631	0.04385755170728062	0.01395464634941897	0.007956096682545235	0.03290775571121974	0.042418463663192005	-0.003370712855681935	-0.005883556936272559	-0.009867994974892717	0.039929913372037204	-0.0448606980324172	0.0015978292409712489	-0.024715641047983614	0.0025184751637899855	0.0207337636487229	-0.0023845991741709266	-0.011102949400930718	0.00234525994877743	0.014855828193119206	-0.015519144548840793	0.029812718279910992	0.0101011705443748	-0.0005480990923328912	0.002310647772119368	-0.02163654264243969	0.024639148631939743	-0.013471623600341537	0.0003985435211900763	0.016345452085841566	0.007007195604606922	-0.007455668662321954	0.004287600159194494	-0.0	0.0	0.0	0.0	0.0	0.0	0.0	0.0	0.0	0.0	0.0	0.0	0.0	0.0	0.0	0.0	0.0	0.0	0.0	0.0	0.0	0.0	0.0	0.0
SRR23492525	-0.33180848236694727	-0.046354242858805295	-0.006611116862909417	0.19448101246583613	0.06320737019778773	0.07343534862205241	0.13594179938126566	-0.11006128880228058	0.1493309019135023	0.07542502819399453	0.10673439573119696	0.13083357757655065	-0.004124631589861848	0.002378722701484868	0.07100235378760426	-0.004486848137985131	0.055521099927492074	0.0705080448198035	0.04885479398195793	0.05696278306804158	0.06187177018630183	0.17035566791435594	-0.006529663048510612	-0.01894949755329377	0.047119222934423124	-0.004141829800771262	0.11373783381672091	-0.043249377176142904	0.020678095380424692	0.08019024880709096	-0.05766320996376146	-0.00637068378693225	0.05153449309491237	0.025663911801311338	0.01166278348762925	-0.05433415168858314	0.03196149171667227	0.030833674886216998	0.010034752071636897	-0.047977611446505454	0.07062600065180244	0.06358266697950464	0.06856658815122475	0.03365578575674942	0.006804146314261037	0.030561904349747912	0.021238885407701847	0.006988748569285696	0.007976636077962902	0.02604594069767364	-0.08096518110079073	-0.008948470172875261	0.004869463273862764	-0.029407941823306413	0.02134595887250998	-0.018364550365941684	-0.0018499544701099362	-0.003414866183372672	-0.008745594542883295	-0.017701820557886536	-0.033071878253132056	-0.028433848719006286	0.013932596684641047	-0.005829784796472846	0.019408681167671513	0.0017878937936588925	-0.0027437781106732775	0.0017730456179630807	-0.018427518304356443	-0.04165626626392028	0.0049306647857514044	0.02807714694758081	0.01988433464342977	0.015157366416444574	-0.01585009239337091	-0.037941262328153355	-0.027906766952531848	-0.03758570774422016	-0.06691269799237809	0.011638865595679183	0.0005829471492342889	0.02078751611312064	-0.007789201409011179	-0.04066329025991363	-0.019236937976847134	-0.011548595045611662	-0.020829711398553583	0.023805034065982587	0.00750993332068046	-0.03474620334923825	-0.009359511347765432	0.037475408414183904	-0.003368645303474972	0.04611011663177362	-0.013926216866103337	0.03493287138972931	0.014018750809843666	-0.003733211942710961	-0.0345013414220025	-0.019850546774258165	0.007818168572739771	-0.001862153920445618	0.013783235151371373	0.018775722090202562	-0.0018688125183058246	-0.0016970507692287903	0.009394124627754732	0.002483555120444562	0.007411562368569112	-0.002436486491592491	0.012417440109734465	-0.0036333413967806396	0.001510284832532848	0.010610189595307493	-0.002404817599153158	-0.00015154426241153948	-0.0073996724344094844	0.011082556118976628	-0.0005939012926176216	-0.0	0.0	0.0	0.0	0.0	0.0	0.0	0.0	0.0	0.0	0.0	0.0	0.0	0.0	0.0	0.0	0.0	0.0	0.0	0.0	0.0	0.0	0.0	0.0
SRR23492530	0.016091494021495106	0.011806314570943532	-0.2166469204315754	-0.04593785709720357	0.1863972937746796	0.144306882221276	-0.1649289459199082	-0.1250801773642595	-0.005957780971118678	-0.1321853288217454	0.010440982144873871	0.016108978247290073	-0.11535807704726975	-0.03599137313997925	-0.0471427630890824	0.019625518223783178	-0.20421050949535677	0.1979093308872823	-0.10006954073579603	-0.040095963322083705	0.02334926057310646	-0.13312449242606636	0.010505795373980803	0.03502112432043681	-0.0006536293549720328	0.04179032497054468	0.06555963788670803	-0.009990523662638803	0.14451258842716203	-0.08839929554003581	-0.09788901010048541	0.029342672064335187	-0.04248228687399518	-0.02022963781465427	0.06463400691622104	-0.07412197111310327	-0.04585386196371914	0.037486919431232245	-0.04850836436155643	-0.05491837643064679	0.06819153997200281	-0.07612436367854314	0.0057811287980284835	0.04825035923019784	-0.03750137720683951	0.011582152838750569	-0.027249433976800522	0.05987974012064842	-0.03867148904156025	-0.043336154077661594	0.06682422789841197	-0.10850962465474745	-0.05508827318180394	0.022923165209691367	-0.056253560527695985	-0.08899657153925655	-0.006241757707265968	-0.0591118494791932	-0.028466925254518723	0.01108507581813801	-0.03912476105063407	-0.03456285219167112	0.006763352111219303	-0.01286382059097821	0.0011273925094615193	-0.023649208683234984	-0.045365763301098073	-0.02673928681230398	-0.01237444305581215	0.04183896689101274	-0.009205723457082425	-0.033515334615752124	-0.03291830374992797	0.026714416055765355	0.05582055815022464	-0.017854928114845632	-0.014889592132536593	0.020408113126561028	-0.003076194315402356	-0.029892594153888462	-0.006938698967469928	-0.04388843095493847	-0.007207066777849662	0.011644970816442403	0.030889834716663213	-0.020274848380413074	0.013568530872683233	0.011381305425940538	0.0030544376987005338	0.04954312198535168	-0.035925305205074975	0.03834929890613269	0.04131565543598976	-0.010859102049798269	0.021649204683180753	0.010296161435626849	0.03769764737305265	0.05723162873757651	-0.00367976321021196	0.015822482040157453	-0.007861589336337028	0.002056624801254507	0.0290510451784178	-0.0018265330927643964	0.015235029865396254	0.001153459095421726	-0.005455926551761713	0.013816200019224288	-0.01081700369887772	0.015565879563908376	-0.004963282985974655	-0.008964495542482532	-0.01041576332831415	0.005862717431408373	-0.012882646254275605	-0.0019603714413947045	-0.00858856106959008	0.011321282029341852	-0.005086296714483108	-0.0	0.0	0.0	0.0	0.0	0.0	0.0	0.0	0.0	0.0	0.0	0.0	0.0	0.0	0.0	0.0	0.0	0.0	0.0	0.0	0.0	0.0	0.0	0.0
SRR23492531	0.1695342640288116	-0.06143882799576865	0.05377059186284372	0.028527032211213454	0.048795797414189636	-0.01710949884743486	0.059871916862715854	0.24200379305494865	0.14979726686735964	-0.14270083108759432	-0.05434214083579812	0.14171490625267963	0.0036306851586167324	0.0440796177434884	-0.0022200834632918735	0.009787174242414619	0.14115446385922398	-0.045085796145751734	-0.07075006054234909	-0.04648963671585428	-0.009023833370600644	0.007714233948412263	0.05477835397436281	0.0012786432093880437	0.022599051274343685	0.09659035257337785	-0.04923605842365525	0.01052605674697172	0.011848177699292946	0.01775308148434537	-0.013814083751836223	-0.04539266534804093	-0.030948301189362114	-0.04964521248367485	0.016678101275938273	0.055152339049852415	-0.022184142979642992	0.09940838268952737	0.038643167714520706	0.0225617760398895	-0.04496542529654063	-0.053209073784592185	0.0077392265879615545	-0.03869163679479191	-0.021628864737010825	0.04117737016408544	-0.043779792447112	-0.08165064820545352	0.029557751956018903	-0.01818307332468006	0.12564931303660662	0.026139549560129354	-0.00016124159289426218	-0.03955842560126562	-0.026580721804500693	-0.0013853184643481036	0.03286082132878121	0.06692047093922827	0.002747295763033111	0.04647629904348266	-0.024717041740066555	0.055935592659112174	-0.044060441140980816	0.026894081214638432	-0.011736181018316808	0.06180744625303295	-0.0951493630871187	0.07491679666851558	-0.00197881326812955	-0.015077277840373906	-0.0015474358703557176	0.05774596747376	-0.040169013550751316	-0.03317495349580347	-0.003886507385348855	-0.0033606579954231497	0.07785558178665279	-0.009387478450398959	-0.05152427043362272	-0.004756331443729323	0.08064875612784654	-0.07255004751017984	-0.026295663113679486	-0.04977064541299567	0.029597037311491884	-0.0381448836125325	-0.006905055573560579	-0.004579209734165806	0.01167391267054981	-0.06331160104006242	-0.0027482016414187844	0.02862623360350146	0.000669242414926081	-0.031800372670941435	-0.04565116573977547	0.014738077127448677	0.03732016116153518	0.005158304021038544	0.014312809839702992	0.0008002453573725156	-0.0018271089148275315	0.018577955351036894	-0.004726518195698136	0.006853198646721962	-0.004138971273037337	0.006506907055309125	-0.015398060038280157	0.012969117324954918	-0.01387922672510366	0.005880167501913677	0.0053873917027981765	0.010776161254853332	-0.012954880379465673	-0.008109623047381817	-0.00041812735939748797	0.003303294437478232	-0.00418575512670619	-0.00019054042151741424	-0.004964702275896073	-0.0	0.0	0.0	0.0	0.0	0.0	0.0	0.0	0.0	0.0	0.0	0.0	0.0	0.0	0.0	0.0	0.0	0.0	0.0	0.0	0.0	0.0	0.0	0.0
SRR23492532	0.12161930609355169	-0.19749839994286925	0.21599167119456672	-0.22887591990360248	-0.017253201147886702	-0.060665177217258615	-0.002415251805388253	-0.01578196151219551	0.05053621844109331	-0.04810084241205398	0.07484834083258658	-0.07187668249320169	0.20504649579425524	0.0911947164998439	0.057335498861855995	-0.06189590612889253	-0.05794788604553629	0.19140414172507184	-0.02802659248468231	-0.05429703141739054	0.024455321780778656	0.09775120993274448	0.12803226418809674	-0.017079891960752863	0.006825741513325763	0.04546636261539161	0.030911456978215197	-0.030951299501976906	-0.04658475384135298	-0.018413218104508768	0.07971441226818467	0.009383526743544542	0.02837053736233583	-0.07058908214287377	-0.006090205937390712	0.03773791981374497	0.004221997502018323	-0.07123155033559823	0.05742064313034062	0.01847899183688192	-0.00974537389069727	-0.05904825297699323	-0.047844926474578026	-0.04103818982825194	-0.011893150200677305	-0.0038612044176722375	0.004996417432217544	0.029413638790337385	0.033489966982101146	-0.007799930955258772	0.09321665468282025	0.019911564341440667	-0.04273742614260588	0.008627523473239187	0.010005771013921206	-0.04534529785800956	-0.0329370098305404	0.028233435017240256	-0.048239132683290296	-0.033301232043701695	-0.028342106988837643	0.09584164245985981	-0.06066465987364243	-0.09160101034366194	0.013482922623494532	0.01421330533532136	0.007568317390768635	-0.0015561002945481094	-0.05329237590417838	-0.054171721411266846	-0.018363579318144276	-0.016283454608889174	0.047011762513898804	0.03216282407836178	-0.013551570780520486	0.026916039131420794	-0.03132435204755534	0.0010869574650408552	0.0005713587249533954	-0.043198864302256626	-0.034262432818166356	-0.011172534149473076	-0.016590158927277193	-0.022574299439988278	-0.05305234222179616	-0.0557885844758449	0.008399214172876765	0.006343760355408926	0.02749666099247268	0.0464545006147544	0.01931899828651303	0.04251637024975895	0.03058769067312643	-0.00461901104806004	-0.015169056517326569	-0.020091997188849915	-0.002358503172562954	0.02720799424983175	0.034660821287261466	0.0026696561052963435	-0.0013498061323854139	-0.015962844859695853	-0.04821692980612123	-0.01730265016698102	0.018506429955374985	0.004628961364931166	-0.0012700189883771448	-0.021619513496921466	0.01500317425257595	-0.014885843288527661	-0.013745063481445207	0.010565082962607412	-0.012872765214082179	0.027910418442883247	-0.004629447661684123	-0.000526101431213385	0.007175694953957167	-0.003638861503216642	0.0037754001719011564	-0.0	0.0	0.0	0.0	0.0	0.0	0.0	0.0	0.0	0.0	0.0	0.0	0.0	0.0	0.0	0.0	0.0	0.0	0.0	0.0	0.0	0.0	0.0	0.0
SRR23492534	0.019314753707855882	-0.16903681306653653	0.10250299536885328	-0.161317374610355	-0.043147962687761075	-0.07626356783181716	-0.0960430762234486	-0.12502347330526692	0.09971396639939067	0.20533688994756222	0.015321612988022763	-0.14201783452896824	0.26109583285414895	0.03608522117802711	0.04632964976706693	-0.055639932906496735	0.007391325977779363	0.03703739968404653	-0.0048737727930953005	-0.012681673030280147	-0.00811769595665695	-0.1186986108358292	-0.07721559155196861	0.15627130711983486	0.13647937652749137	-0.17231692805711954	-0.0006831840864759027	-0.039226581038018925	0.03767759137164194	0.0280564664081254	-0.06935196836537011	-0.01897627658273045	0.011595312191118744	-0.005777230899075959	0.10192295026500835	0.043005668279465024	0.08330345655728676	0.04108797839389743	9.511501739865457e-05	0.030501266395784193	-0.018844677850968872	-0.06723308275227831	-0.06084917913706594	0.05231999259760573	-0.015141471363661334	-0.03947371791487302	-0.007478426393671987	-0.09992395941617487	-0.01882284567731913	-0.058870729215364424	-0.027750834196855857	0.0346618301052006	-0.03180016642569657	0.0022573962530623146	-0.05638448621515248	-0.02520302858179439	-0.0230953152020459	-0.0039376904107924745	0.08576583181700537	0.009386173696864413	0.04266790855205845	-0.003792690733270345	0.08027679715058443	0.03285759173171189	0.05823235705421488	0.037203159795554816	-0.02374330093200211	0.017095956180956582	-0.0412130439098794	0.04504680397177995	0.048317961370822685	-0.008039790868946042	0.022155372457567702	0.002574647504570298	-0.000951797073438449	-0.0015143458300508016	-0.014626175938759253	0.03386142095034236	-0.025234727421523582	0.02704338843505471	0.015846125265246737	-0.014868350656044343	-0.0042623125007977564	-0.02032018568548831	-0.015975799372691345	0.03822566663755913	-0.01589591422968277	0.0042136625423685285	0.0633839160709429	-0.007231647178255269	0.023821208685883274	0.019844454111843345	0.0022218977660042644	-0.02437674997186832	0.0155126828329675	0.009120419982239386	-0.03606942467785446	0.01055658049891066	-0.01800202085972657	0.0014447274019773486	-0.034864075070258856	0.021143073955609964	0.01007844758182627	-0.01778534079014763	-0.03161564981949346	0.021041175236656974	0.024324316951681104	0.0033997620888875984	-0.027255406210992907	-0.011154649594222316	0.0041339560196466865	-0.015873577516403958	-0.012940414079617577	-0.013917687409167528	0.0065639665334944345	-0.004611860873425494	0.0074303418615276695	-0.00620007778799266	-0.002422336157410273	-0.0	0.0	0.0	0.0	0.0	0.0	0.0	0.0	0.0	0.0	0.0	0.0	0.0	0.0	0.0	0.0	0.0	0.0	0.0	0.0	0.0	0.0	0.0	0.0
SRR23492545	0.07221900040503577	-0.0010586877771450486	-0.11640912306996125	0.23190022630417548	0.12093892178050317	-0.12164349478317284	-0.11584448492588306	-0.13756656264798864	-0.11684330733589389	-0.12121468790836579	0.08294321780772074	0.006292511405554803	0.012271021048177188	-0.17957821148948167	0.03808139926026988	0.04637836867584539	-0.17129367532112447	0.10359295901465276	-0.027117562263889363	0.1142858672067753	-0.07078058506804943	-0.029186532770080435	-0.09113337227643173	0.02224373056061764	0.11452745336594584	-0.050957804520517666	-0.037131375173038834	-0.014673606619564536	0.05892650720811177	0.03302930660365306	0.05264505359568774	-0.07441646025481158	-0.061431814268931975	0.030895577189662564	-0.05199220875470224	0.08271455240002977	-0.0148482321753108	0.04015840530929357	0.022233764285931296	0.04981947017240566	-0.09918158795701133	-0.008259133281069014	0.054035829265000924	0.028704649044253263	0.023598099290844977	0.0025430923409623927	-0.0047822477386115425	-0.011172656527411362	0.03327108323949229	-0.04371539371576762	0.022503922826664597	-0.008665924804150724	0.017198291824031094	-0.07151764608199591	-0.07228633456185103	0.07948494325459576	0.0033362567045317607	-0.0368853273577903	0.012507643457026145	0.008500495186697673	-0.018927830556876322	0.05010441513075124	0.030571140640195813	-0.024556670918866944	0.02203162626692973	-0.006932821869457495	0.04565464534596802	0.03598743485335563	0.07671743173183046	0.07150239538834172	-0.06614331486494479	-0.005888666289956116	0.06381203833564367	0.009823369889247513	0.035750062774547564	-0.08312981249865531	0.005676123628805434	-0.010298046019880127	-0.00301161388172946	0.019617593583163496	-0.015207934964616619	-0.06476242163229252	-0.011422484733041336	-0.03302743310685375	-0.03895898584692535	-0.02811588588421168	0.027998497417684915	-0.00942101117176308	-0.07531250364959678	-0.059419970353596495	0.01226198559271094	0.026294378198873408	0.008097520942672	0.022562161067351063	-0.006973757872634013	0.014135593394163657	-0.01155401168354542	0.000716055707963806	0.04814440227925991	-0.016443511437243742	0.03409335974589741	-0.026139849369262367	-0.013914740497628787	-0.014318135390735641	-0.02470989448120579	0.009050695842687003	0.015634058159834	-0.01595926165528144	0.0039269174074935175	-0.01687184937891505	0.006099430683272115	0.013692506745664	0.015493945398633297	-0.01586946845729731	0.003888410152795048	0.004821593719251396	0.0003477160273792101	0.002800957275523437	-0.0010831399962978833	-0.0	0.0	0.0	0.0	0.0	0.0	0.0	0.0	0.0	0.0	0.0	0.0	0.0	0.0	0.0	0.0	0.0	0.0	0.0	0.0	0.0	0.0	0.0	0.0
SRR23492546	0.12848564706935547	-0.053437832012208274	-0.07071078744381756	0.04531872643700424	0.14692105716634132	0.15804369344361757	-0.10470997850696064	-0.04321609065317931	0.022843480745135966	-0.10322006904166971	-0.2843694547077749	0.011747858971668208	-0.1350753583772678	0.04213845103502322	-0.05295870914757065	-0.07016618556615624	0.09588208121299499	0.09689713235600893	-0.10986249076345254	0.11451435076637392	0.03508764016439154	0.022532705077031794	-0.037409442026406836	-0.013483794855100092	-0.004220036369589285	-0.0316367869543797	0.10560703976348529	-0.0120249094945153	-0.1250258279101157	-0.08537095583227242	-0.002620476356568283	-0.09201610156905313	0.04714847384070192	-0.008780405639911575	0.048835678980276374	0.09139578050399519	0.004475466091347369	-0.024812015835045154	-0.023247236059806005	0.015557123258127978	-0.029020090462635303	-0.02284852985506668	0.027694961971155816	0.01502608474258449	-0.002048986959953003	0.0076017888753466085	-0.06183105802879852	0.020970313620707646	0.005699244653163267	0.04378596102234209	0.020696981747132106	-0.061991004404105654	0.03649634989499858	-0.05324548139534747	-0.06442125222620433	0.04397579783891265	-0.01234323072402152	-0.09664066050396916	0.06671501288031735	-0.0037052731053422235	-0.034024527953010336	-0.007457912610350748	0.02798937479418626	0.009577732405095464	-0.029565224164266168	0.028611823031225322	0.042150513096639454	0.00353955224497712	-0.060429084959200595	-0.016746391688448513	0.07993853272227386	0.03765754637999117	0.02355068237652906	-0.025498280798034845	-0.0688751327119046	-0.05128791494311697	-0.0317185084388652	-0.009065134246693002	0.03871828995696792	-0.015473191260313148	-0.012169744054538427	-0.017609531762283446	0.04033564252057058	0.028113267669029048	0.010081835799935561	-0.015567989279161015	-0.027992350655504386	-0.02111721930087972	-0.004077672314542617	0.025734882962447074	-0.02440304514001412	-0.0024830999770162777	0.004700775989502801	-0.019471824067785155	0.012175688512636612	-0.009771052062551784	-0.029765538596458738	0.0019136198095558324	-0.0007401877878809823	-0.026843827270698756	-0.061000331302515504	-0.016909419364660744	-0.0008304216380327744	0.0014781774964007838	-0.0026797824629926133	-0.018488791500705128	0.003429040228833165	0.0019121856336877646	0.017318124662456646	-0.0074981495307107114	-0.018510337590571944	0.02265567144123909	0.019931760619229716	0.018918240527607245	0.01043354226189522	0.011702364957188247	-0.0005350393764997741	-0.007591490289742282	-0.0018613463290320072	-0.0	0.0	0.0	0.0	0.0	0.0	0.0	0.0	0.0	0.0	0.0	0.0	0.0	0.0	0.0	0.0	0.0	0.0	0.0	0.0	0.0	0.0	0.0	0.0
SRR23492547	0.10404028702518614	-0.09921539512885853	0.10027315485992432	-0.21831377805323152	-0.035044563351256754	0.18288359882330257	0.03488037554031166	0.014315649819050182	-0.032098506227936786	-0.15488486886765376	-0.06833883749181646	0.12311277756187429	0.13849050658808695	-0.047809816969120636	-0.031125297412215723	0.03179959689800187	-0.07132482625830838	0.061638847413306316	-0.0934611266163591	-0.10722246471969533	-0.04986120596806025	0.06890318311537685	0.014230367180973875	-0.003166980741955447	-0.022684352331797747	-0.09592925050819161	-0.0262527842384479	0.0068885503543700734	-0.03328992704856374	0.1499356648805149	-0.11989293217887946	-0.02354486084519754	-0.08316827905500894	0.011704972357300166	0.06516532803930478	0.050875579387716016	-0.05977943066165866	-0.08425778770998059	-0.032221378524671065	0.11057705553975031	0.09803523102040455	-0.004954341709916074	-0.09180310912624134	-0.07684336108891335	-0.049226809463375404	0.0008693265409929827	0.03207091060533573	-0.07237634256643714	-0.011035932315579354	-0.09707181753620403	-0.06928788758253315	-0.06865902785800519	0.10922593192759021	0.038676560398992504	0.02849590696977754	0.006638735340537531	0.01553353878207266	0.021772262933731336	-0.05414568004351169	0.0029023923577589984	-0.04867858163841276	-0.005025240154646307	0.004032096311058665	0.02585706584350938	-0.011679933947574717	-0.009541710666414014	0.04499349860547781	0.0208234128346902	0.03208946386670294	0.04634615957420527	-0.059407626480130614	-0.06563194449846373	0.0405810374197672	0.038237171382073845	-0.0858497190959349	-0.048985865708175605	0.06982343530779118	-0.0341214519708622	-0.03804494250983591	-0.06588674086600343	-0.028228604510442772	0.03770678663556998	0.041550389461726726	0.03634110453427955	0.03719277851688004	0.014115178005715621	0.01807514499349388	-0.014100660481490971	-0.027899829423753048	-0.01584296262715572	0.020388923592676696	0.011080204615750091	-0.004361686678343524	0.021276039911897266	-0.02153566576325511	-0.00333503777145238	0.0027147250798677603	-0.019396725320134957	-0.028070679127536486	-0.011843467401388724	0.0035770389787289666	-0.00887536825585573	0.027814902848470793	0.0059824013222942035	-0.0030850112084352998	-8.963150325940837e-05	-0.004999460701434325	0.0035918633140979124	-0.004487396658910001	0.0010492919863285036	-0.012042857498657765	0.012632724415706837	-0.007450890487214185	0.0053240462352262844	0.002172445077627542	-0.0016738949928005737	-0.007000491707442928	-0.006651776251924997	0.0009977186963629394	-0.0	0.0	0.0	0.0	0.0	0.0	0.0	0.0	0.0	0.0	0.0	0.0	0.0	0.0	0.0	0.0	0.0	0.0	0.0	0.0	0.0	0.0	0.0	0.0
SRR23492549	-0.14959259102405892	-0.12530829698789017	0.017392674698153258	-0.20445360339491955	-0.016121409324405298	-0.15445560354182167	-0.1653331009772463	-0.12256503689097402	-0.1086619114610094	0.07686209866547146	0.055225369802501395	0.1405594262431562	-0.09391172384562586	-0.03389176268679324	-0.09472468958632597	-0.10192543643606657	0.10359917024386882	-0.05476231407000731	-0.013671303915810886	0.09112299673388806	0.03445694064209302	-0.07566719822140983	0.016746037226127643	-0.02235468746808427	-0.05790150176380363	-0.02714480491299693	-0.0008346081436986019	0.0025650096138693608	0.034855033103410336	0.010659458005237453	0.050146967428578215	-0.018111036204477925	-0.11398750854501351	0.12942589271810784	0.09818394240518413	-0.014776850808487901	0.13565491873666197	0.028705353114214762	0.023914660062116604	0.13714984342991193	-0.10084067230765859	0.09771306409455763	0.03621335765014808	0.04993294913354253	-0.10117973930278072	0.08170625423381139	-0.08379131207053732	-0.001398769948600911	-0.15683463803217484	-0.07981495574670083	-0.04343582708288034	-0.03299239227797509	0.12376130642591217	0.08224460879064585	0.0013434848131743066	-0.06873100573772284	0.06863365900425308	0.060353252148428925	-0.07572547202360963	-0.05599646362954449	0.00877134126640029	0.03365171513343146	-0.034217396130888776	-0.017801738048515228	-0.0038205108600319125	-0.02255614430531003	0.05044653477345491	-0.03202352985510503	-0.005409380030643023	-0.07303791107162891	0.05037930797531612	0.01614645284259023	-0.020999402231275215	-0.014248029514742005	0.05723997513355262	-0.012765451857694891	0.025022654133356702	-0.02167655050137244	-0.02743236501670378	0.006360597631756223	0.03700010683898894	-0.05247671963781295	0.008116593048663337	-0.00662244100712868	-0.005655923401149699	-0.004645793991883747	-0.03765999682112894	0.033877970639316995	-0.02047850201258192	0.0584292662769407	0.016701333910100567	-0.005531747038842273	-0.028568504331672337	-0.018388166884832937	-0.0021119465008222096	0.02003554938240919	0.012049285852850932	-0.007539524160124507	0.006077442453863356	0.005442536382275386	-0.0019186533050217958	-0.020062019243994443	-0.010873916739090389	-0.008804893229856857	0.006122871109167266	0.011213484809674937	-0.0034805356319078497	-0.008388966252582229	0.006864038599844405	-0.0011608959803385622	-0.004229074082076712	0.0012840139666241675	-0.001519400145454268	0.00430346127177397	0.0033119660491697273	0.00026378775815880145	-0.0015873522219349355	0.0009291158161557784	0.001004196846910589	-0.0	0.0	0.0	0.0	0.0	0.0	0.0	0.0	0.0	0.0	0.0	0.0	0.0	0.0	0.0	0.0	0.0	0.0	0.0	0.0	0.0	0.0	0.0	0.0
SRR23492550	0.13722969100180354	-0.13211806323017733	0.08076354770779112	0.20959226871774173	0.12274773172130382	-0.25837081149678287	-0.024295119360603287	0.12906010713355479	-0.051743467319682976	0.009753283818965336	-0.02807020325143173	-0.02529434937595915	-0.02548141326927411	-0.07406246861046166	0.03890209970878565	0.05970018280416293	-0.02501830381288038	0.02516646821898179	0.022051468844660072	-0.06376559994393849	0.07521181773748205	0.02121536772673585	0.011739654007980998	0.09598830732122406	-0.02666677464648055	0.027662696258177227	-0.002979473508914093	-0.0208971932372187	-0.05557952203505283	0.055071133575777094	-0.061444697887172356	-0.025750913702673222	-0.061232276547212035	-0.0531723762043619	-0.002044345523173111	-0.021310276698007297	0.037540678064277244	-0.010091551496787058	0.003654129421635617	0.03171757189425244	-0.07393481319953657	0.08048527137962556	-0.007869535711444369	0.035466039446381374	0.014959221860897735	-0.002418986220875099	0.02163741095510163	0.02787921506081205	0.04571230167775873	0.03270519749080378	0.03481667280152482	-0.05183853084910097	-0.008339670482623528	0.03560252702533445	-0.017244962582881974	-0.0063205695241153525	-0.04589425346110058	0.03723701459755995	0.048645670146628094	-0.01704236151864093	-0.025322027117776525	-0.07232998929274465	-0.02333928858240282	-0.030811775886691012	-0.012135679685614484	-0.05985405607264978	0.024809618204979185	0.0036952121521788266	0.017304272678800515	-0.004267441371408006	0.033131157768694935	0.020434866052714763	0.04755928164868242	-0.0658480070894932	0.0038733636174940167	0.03200654352454498	0.008611603075502803	0.007149193340832381	0.03769702396704105	0.0063643298327548175	-0.06226995497409297	-0.043554544446263915	0.047987076037678184	-0.04385531380569697	-0.011015318912685363	0.028991004098245267	0.00044928305285261484	0.0080132430257327	0.02417120813321977	-0.006888510740090269	0.030524856762488457	0.07866480633957547	-0.0421526934268445	-0.030054576303700172	-0.03936046739929875	-0.05546155056552099	0.03239294478835272	0.002855924300471356	-0.04968598956197063	-0.01696305720551675	-0.0203664149482285	0.01293785007860588	-0.0025405601069172904	0.004829227517899843	0.02990851726667428	0.003838705190513879	0.017563679614445063	-0.019373686380381814	0.0037521317294092445	-0.006947455150545713	0.023500154317531826	-0.015570967195211845	0.017323045438935647	0.0013709267930079503	-0.005224883724186357	0.010952443008927797	-0.008545700306382404	0.0022630192919722517	-0.011147212550174803	-0.0	0.0	0.0	0.0	0.0	0.0	0.0	0.0	0.0	0.0	0.0	0.0	0.0	0.0	0.0	0.0	0.0	0.0	0.0	0.0	0.0	0.0	0.0	0.0
SRR23492551	0.10580046427546656	-0.08024711960891161	-0.004031767002879946	0.067199022479721	0.15533688445156424	-0.051894251448625896	-0.13874487196448512	0.19500002764154847	0.2145547206440272	-0.11074479157872753	-0.046456743948047864	0.06989757063151597	-0.10935020770899609	0.028706672707648092	0.035945057814095814	0.08382375263073216	-0.046922544745525735	0.019975839479779888	0.10900371335195148	0.044153258953545216	0.04211708195212642	-0.044706271812776505	0.02011804812747779	0.050960092936446634	-0.03890876336380876	0.059516508863124526	-0.08298012894477867	0.04911707186393424	-0.003943791115197208	-0.011356853961670898	-0.037362997037257886	0.09056636294344197	-0.06543268909289857	-0.08240773295818403	0.0043859441583496556	-0.015581307700159372	0.10965201665184408	0.06785143994317201	0.05154202773381216	-0.0038415910497347316	-0.05254029823628617	0.0701609316407142	0.04046239657524829	0.08235098588927127	0.039822122072130005	0.020623265832125627	0.06204838736577662	-0.016737079703407508	0.07157417954043577	-0.12001912818374698	-0.07300867421008472	0.003375879510963452	-0.09391243147178191	-0.03488816526551753	0.003973809915412676	0.057083817215857986	0.07421935464351105	0.08822959500363922	0.007182530949434024	-0.05479120465038768	-0.03198924392073881	-0.03400909431777942	0.07970499594175795	-0.04546039695355139	0.02522404703588521	-0.0068613178972264845	0.0318129389328886	-0.014631206338991006	0.034474499627830155	-0.011374081005289015	0.022388595288642593	-0.0721379046678318	-0.054710235630023155	0.00035405705880508647	-0.04818792940960143	-0.044713572178135444	-0.03781788323263158	-0.022175843958628687	-0.01775429348242853	0.0403091368536633	0.01926597898530339	0.06172070536249044	-0.058099869798467214	-0.010264997376381976	0.03313741172926317	0.019309111238941596	0.031494197710104824	-0.010456028276621147	-0.018214110590369082	0.027948539822217518	-0.012632720167798409	-0.021179957165150313	0.01269455365503281	0.016785087028195197	0.02075912261798902	-0.021756280691757737	-0.02155162115540289	0.015386692871986223	0.007730100773545058	0.010302330045914628	-0.03030493360401395	-0.009569193882561104	-0.03725158669472317	0.04769345674105272	-0.0015069664734689665	-0.0026941300844607083	-0.0016028081367803868	-0.018402518916798307	-0.001970567206800186	-0.018754636005586	-0.025244831496736935	0.007360627084316825	-0.015789370301983827	0.010826074542061343	-0.007843952416341091	-0.009397400541574742	-0.003992255243817899	-0.005725032917092303	-0.0005049268948709735	-0.0	0.0	0.0	0.0	0.0	0.0	0.0	0.0	0.0	0.0	0.0	0.0	0.0	0.0	0.0	0.0	0.0	0.0	0.0	0.0	0.0	0.0	0.0	0.0
SRR23492553	0.171450215788438	-0.1424683559281502	0.1295411594059063	-0.05258794823443284	0.00849208308425069	0.07054551272570798	0.01789239146846223	-0.06412025204969049	0.22893812525837187	-0.03876357517969139	0.1162545975904615	0.0953822179751656	0.051985660928788306	0.075231042928531	0.12748566926945282	-0.01713488679659321	0.04995196392154956	0.04881412847335952	-0.0649500432256472	-0.026291070465836015	-0.00026591130584114085	0.22355300712849946	0.02708784929172933	0.05912419431535738	0.09723521622519249	0.06364074228631586	0.08350598715182218	0.04041744925062199	0.07682040743227858	0.09744681498516979	-0.042990965083597656	-0.09838419287451759	-0.04041931873029522	-0.01554398118903106	0.03508800911297449	-0.06011325492429375	0.030362976099634714	0.033759315921032505	-0.005664422126289582	0.011150287689667316	0.03767874703273638	0.0072382299790507395	-0.0024240384729022285	-0.02067386665553438	-0.04943833849773513	0.04073553586693261	0.030003799968504684	0.020438243632194344	-0.0444113574150685	0.015104061350317907	-0.09853344210075347	0.031475496869063146	-0.01138450225005931	0.07552251966558864	-0.014951411808067513	0.08787627880151869	-0.0011864217929293617	-0.06691751306060759	-0.03382120876550281	-0.010544503249251361	-0.016751354851252946	-0.02528433197727894	-0.07287584786670562	0.05938889502710527	0.023012616829981777	-0.058633980944113526	-0.0651332391916248	-0.010319630201286175	-0.024214061143650576	0.0037196047099979385	-0.036575473711688594	0.031719987141374445	0.025878242571534753	0.00033536040319802275	0.04076383833658304	0.027486005592934043	-0.01144621496488075	0.05084841920379933	0.002911504206018042	0.012911244994253668	0.0022560968669538234	-0.019127910078976424	-0.017388420168216893	0.03936783737039543	-0.02976399340917195	-0.014572093158051852	0.012982953857109935	-0.022237122045925168	-0.028602675844140377	-0.027127533116474475	0.0010281206628406686	-0.03573281041220287	-0.036367524148117523	-0.028469312325269194	0.03625314675133784	-0.026475471866656507	0.0008240775644838088	0.015224105400399904	0.02579646428127549	0.03507500153380192	-0.04265543241028254	-0.03301294778909932	-0.02311272073190052	0.03501816634403893	-0.010181629213426049	-0.02093170839977581	0.00045814032045325996	0.0067366164935542105	0.005721193114603031	-0.0011320785483260058	0.02780952734244402	-0.014015352176551405	0.009861055535041501	0.002377244837307491	-0.0070884556304459815	0.007317887363356779	-0.0014870683354791935	-0.0039206155439372595	0.0029292525850014516	-0.0	0.0	0.0	0.0	0.0	0.0	0.0	0.0	0.0	0.0	0.0	0.0	0.0	0.0	0.0	0.0	0.0	0.0	0.0	0.0	0.0	0.0	0.0	0.0
SRR23492554	0.058183193904536676	-0.027170769484987926	-0.06359393814681685	-0.06888663801148126	0.03320837347890614	-0.022375605993100314	0.04233228001497154	0.14338206341070064	-0.0016439550131697657	-0.10357519995947209	0.018765586904592575	0.17013752004855487	0.15588331561383467	0.08563599741386244	-0.1521437021460333	0.15686564912739143	-0.09608626199401515	-0.12884205088222034	0.08320701464801278	-0.09180762910376919	-0.060066287297186056	-0.08362887180150073	-0.13983143621779814	-0.13950148215030758	-0.0019114414514433372	-0.0028582591318271145	0.04489225475405128	-0.0143154451630051	-0.0446393541954862	0.007769396681249409	0.01590115311049901	0.01221150514869793	0.028470795396875373	-0.05118375220369665	0.0474515641796136	0.003050571085999264	0.051838967057834646	-0.05121778700606321	0.003986464438862693	-0.05386262023623995	0.01645848194985176	0.1079129994087917	0.005127562465445909	0.00034949009215118045	0.10895442470538087	0.05850709334271967	-0.10065919464835656	-0.019322114013277422	-0.021097988739076926	0.013982557079127716	-0.06421620192231157	-0.08842368407407855	0.0055938750763673845	-0.029187702692268187	-0.08267656421797957	-1.1272697559727918e-05	-0.031745708080485664	-0.03947311244009938	0.11862521730136821	-0.08958757198716874	-0.021120119834323946	0.06899008405644824	-0.032960946052887664	0.04769100484697975	0.030874226413979956	-0.04826665916340218	0.004798827439853187	0.00664620483491338	-0.02181475314130853	-0.02756510190664642	-0.005687866090029473	-0.01949062488867766	0.04922450273412249	0.047751182461445135	-0.01353811802478988	0.08358228002174746	0.03821878026586321	0.10324990034052899	0.0255917544151067	0.01074125862369264	-0.014807696316957964	-0.014482279941627485	-0.013202931396283786	-0.016777932735570402	0.011016357459513584	-0.003521599516134504	-0.03529812180489305	0.018513934838390648	-0.01461002400303959	-0.0076982206247509025	-0.012631675311440164	0.014477199031371712	-0.0003373114483581978	0.0277805327959714	0.04667329621390174	0.022381915230223603	0.005131298314486593	-0.002981169766526845	0.0035257705351548277	0.0082767786185575	0.00021244636484302635	-0.004264515905877507	0.017674501399514778	0.0053493161197619744	-0.00882333165580251	0.03716207735102237	0.004287937594956886	-0.0005370935820986877	-0.009580287454058579	-0.004277227266499431	0.009017726528412628	0.015808213682534926	-0.008044689999059	0.0212553810005508	-0.015109023876513483	-0.0006806792192830635	0.0005280964246028673	0.003850725873509279	0.0015961608143473403	-0.0	0.0	0.0	0.0	0.0	0.0	0.0	0.0	0.0	0.0	0.0	0.0	0.0	0.0	0.0	0.0	0.0	0.0	0.0	0.0	0.0	0.0	0.0	0.0
SRR23492555	0.03209985071561839	-0.12910402717179256	0.1333288492303219	-0.16884847431762975	0.01377835849628026	-0.08711932332081405	-0.005163245580449234	0.22055033413072422	0.06374975924966997	-0.24456693009973493	0.05443658251122177	0.25994534464548447	0.10501667974642051	-0.03384965962430415	-0.15271130937471086	-0.06850763891419274	-0.10233343278587734	-0.028392405876497415	-0.004021238601513711	0.08575077634065556	-0.055928015157722874	0.011672120919365129	0.11568922412880529	-0.0076597809383110805	-0.08164624555275815	-0.028913581185664578	0.08572379310712487	-0.04226772228798426	0.09781291285144941	-0.013071553390942882	0.07873983230071684	0.032636665177626735	0.07491381988828612	0.036602156280182756	-0.031197109537789515	-0.025093540619467978	0.027347121288342723	0.0218864770227401	-0.03883682669543302	-0.02972247251194383	-0.06379434782533958	-0.02607951948802649	0.04291449163236058	-0.005279841428187443	0.06570263836453756	-0.07506625608345228	-0.0029834875064281645	-0.05660499787327767	-0.07323620832848819	0.0009627986361249696	-0.06162511887324078	-0.057289046508622335	-0.07352972148766536	-0.03618366955077189	0.0005014679536548865	0.01476096536291431	0.021706347322743794	-0.02163858886380722	0.026844051126869342	-0.012430374364269822	0.04441703861783911	-0.002793548859995183	0.03015237565697351	-0.05652831101795022	-0.022644971286960285	0.043095252216488	-0.029930142720790545	0.04699788547082108	-0.023184538141506807	-0.011826086111877585	0.010781261603142245	0.032659358754660375	-0.00018953106703512604	0.02992540484215686	0.03500384049709778	-0.0472148607208842	-0.044222305202015644	-0.022853365775806083	-0.04189887311832811	-0.049417344751332005	-0.055446452709061456	-0.016664049082793862	-0.030462424574683903	0.04051934405005709	-0.044145945284482686	0.006173366793504836	0.014038594420850564	-0.027865643387076536	0.06845237163900887	-0.00043823404696108136	0.020650295921004192	-0.009295650642452916	-0.04315649596335298	-0.0060055207313292214	-0.006448838614577665	-0.007731168892173415	-0.00619045662609816	-0.008251941796227572	-0.001850569460761309	0.008758873237360966	0.01234070925156097	-0.006323682453974731	0.03464332955229572	0.005178282212939707	0.012033428823358018	-0.022920063874663898	0.0057116259580271495	-0.012434239147921973	0.002069447283456992	0.005574961904599125	-0.009077571307757042	-0.0002403294923683175	0.004214732145138081	-0.015398684728709401	0.015220659310096361	0.004692584891414018	-0.00013344861466797858	0.005305972915872445	-0.0022898499171374563	-0.0	0.0	0.0	0.0	0.0	0.0	0.0	0.0	0.0	0.0	0.0	0.0	0.0	0.0	0.0	0.0	0.0	0.0	0.0	0.0	0.0	0.0	0.0	0.0
SRR23492556	-0.06167212055414838	-0.07028250672613896	0.004704684343720145	-0.15790762425986835	-0.026771256616351546	-0.15080676889612954	-0.07499953591319965	-0.18491503237225174	-0.09832883018495793	-0.17042254008276667	0.16977692085716753	-0.03519851784149632	0.0036976585416669933	0.11896429685037063	-0.060797309256771535	0.02220453899989332	0.29156394618494513	0.10378375851652251	0.10685400217613061	-0.0031114412769958294	0.09519927757784054	-0.10965636463317413	0.02457530229022113	0.019653544167339193	-0.1861494993831071	-0.016006461926891036	-0.04041778904741212	-0.0406091906962518	-0.06854451925974053	-0.07104554843801694	0.03210077083957787	0.01333925379067091	-0.17992410233192202	0.1026695872554226	-0.038487217564290556	-0.02415693702346315	-0.01872080788033003	0.041277335133375066	-0.038354388709639864	0.06202800166239083	0.033829887663000165	-0.0019406394248272542	0.025011034249958396	0.10414870913019317	-0.06449681464104405	0.13175806147557267	-0.03928005937848264	0.0002431551368769053	-0.007242464465050195	0.07454604019608554	-0.01903858416404699	0.052208400964124047	0.00039164210439399403	0.0030051846566534336	-0.021275322567847445	0.0030880704624468972	0.06088830920680965	0.003933737400118521	0.019509471987729156	0.004738950650109297	-0.032852450590662365	0.01422408280626534	-0.01628548762281868	-0.025146276986389167	0.03156492879592914	0.0215950690417235	-0.07418391964189293	0.04876266334574125	-0.0064606181745560255	0.04205682982563038	-0.0499348419517067	-0.055770746458569935	0.02000275326113848	-0.021461499210313404	-0.06324312527570947	0.011816852757707573	-0.04381665501645927	0.025988669936428673	0.05661250608891546	-0.0039320605783337076	-0.04635879140342419	0.02894146068647032	-0.008347316486771918	0.02921419925170082	-0.010549940602363849	-0.03951651453323701	0.026499728014867236	-0.047794043650186295	0.03247647682320612	-0.07208363758091552	-0.026306243665005186	0.021499584423297382	-0.006008232950930278	0.026900166152326543	0.008034422206879657	-0.008847380514896272	-0.024594554153724524	0.0026120445767376975	-0.009577456675469656	0.006498665883853884	0.005303689314545693	0.021660117292235662	0.01773442242813684	-0.0037495037095385464	-0.004798488892854508	-0.010741252888927987	0.013285139739800037	0.0005318520477212357	-0.0065276355712033255	0.0027010215214785136	0.0031695829907814423	-0.001388940826248175	-0.003553308812586275	0.002865735591879879	-0.005533604093872063	0.0010046495591770081	0.0007181182943359632	-0.002900772939212146	0.0009517860743414423	-0.0	0.0	0.0	0.0	0.0	0.0	0.0	0.0	0.0	0.0	0.0	0.0	0.0	0.0	0.0	0.0	0.0	0.0	0.0	0.0	0.0	0.0	0.0	0.0
SRR23492560	-0.06151311649239421	-0.061667682739480895	-0.013929755384673746	-0.17915174269104422	-0.048942497508919616	-0.11115939760486516	-0.14880431511711154	-0.16274693319759492	-0.03772808932556517	0.007069755556837453	-0.00219152861129793	0.07081519244464995	-0.09895329626998395	0.07056832628263475	-0.13601569292179144	-0.021472934494304444	0.05592032332094153	-0.12267565197510631	-0.08889058450273334	0.08416926267002645	-0.07313728264789393	0.05045410483256576	-0.08393775551801187	0.13346559426932755	0.008067001153494787	0.00947400164550191	0.05705493522747808	0.0357290143174157	0.009514084027144203	0.011661483308473556	-0.012927057937837194	0.0076707877062293	-0.2582942155278321	-0.11084456583584266	0.031192928971887416	-0.07890970022472155	-0.06431456806311148	-0.05547152493324622	0.3071327580849705	-0.15255459560549683	0.052075721292941364	-0.18243820196848695	0.038294644805347715	-0.009310493725026266	0.16697495201315138	-0.04133623596825933	0.0589231682244672	-0.07504628754055423	0.03213986769879974	0.09842029323041737	-0.018334404833414555	-0.02280033590815768	0.007152206865419715	0.03998962787032374	0.0172161718244798	0.02262350582976505	-0.013106918380679896	0.02607943457090205	-0.04662210934300928	-0.021240619593884243	0.035545309256736456	0.012521658528309948	0.018962496874575942	0.022374096224006084	-0.028193034098726068	0.01751480444843686	0.027940121161690517	0.00401796971855791	0.04978859536216856	-0.03340340730741738	-0.005632329128246027	-0.011542584378744336	0.012726751110991152	-0.03123620491405227	0.00399480705144018	0.023506997963913923	0.0011280870578824537	-0.017454853592277813	-0.00346838183098697	-0.015627792683846224	0.011612797733008376	-0.020090246565404986	0.0028356127274951058	0.002189759664416342	0.0034348173748259565	-0.00872947637861774	-0.013939079684165117	0.006450917216675919	-0.004542483978930499	0.010961211950474363	0.0025105864660646174	0.012771858341228492	-0.011655817505526779	0.010132584452544245	0.005972965674986011	0.0014227768625758317	-0.013585731005763897	0.001746721698141495	-0.01304922725472043	0.000305427038823182	-0.005637561434880601	0.0010410185446426432	0.006137346870396579	-0.0026906173773040406	-0.006230864772206033	-0.0007446400101341238	0.010536511452020465	0.0017119135537067875	0.0008005289705403216	0.0015352284542700602	-0.005177061076179115	0.002457594375417661	0.001768825798886268	0.0021314381860309873	-0.0023874934957138615	0.0016042292936041364	0.001089027568079745	0.0010723448099787508	0.0009123403688131701	-0.0	0.0	0.0	0.0	0.0	0.0	0.0	0.0	0.0	0.0	0.0	0.0	0.0	0.0	0.0	0.0	0.0	0.0	0.0	0.0	0.0	0.0	0.0	0.0
SRR29856071	-0.0812300899300129	-0.04962477128881458	-0.18753223091853077	-0.05973835115682536	-0.41451738243914654	0.04093554568185204	-0.19244780247617999	0.07604003385610333	-0.08542741199960793	0.055247312959509715	-0.01620404060278908	0.09587829968219884	0.030987110725783844	-0.010300622231370082	-0.06533566434037215	0.0901111446624509	-0.0313351618948464	0.059752665132350544	0.0611799185034642	-0.02288056417967293	-0.055029988062498966	0.12875535366412108	-0.01718681577944164	0.01932852372642578	0.02145301683449109	-0.07167644810995441	-0.20824062968910953	-0.11624674265136409	-0.021661595029800904	-0.028993641880677254	-0.034943968186521256	-0.010514614049748832	-0.027095197670619547	-0.062201468544200396	0.06861909963090644	-0.03192444392101381	0.046609472970689445	-0.020854649178245355	-0.012901725505403243	-0.0033287550923721113	0.004135634639798667	0.008788757266153703	0.04988299402838254	0.0034740821950156576	0.013607872124944529	-0.027184079548975146	-0.07274988897534947	0.038275780278484994	-0.030390496273214763	-0.00714516292574474	-0.023302841576692494	0.0033755949719296344	-0.007476237029757563	0.023804964979821236	-0.010285614128056939	-0.0016024251084784252	-0.08306943583673813	-0.009250651940985323	0.061450999047589036	-0.0061371985997132105	-0.08217201261883897	-0.005695594027185898	-0.006011722914132191	-0.0013943735814006945	-0.05736572562637095	0.07447176358043206	-0.02259190015879172	-0.008355773005512135	0.04839397641824074	-0.004417761491584771	0.034043406095493965	0.027248203927496103	0.014241772788665716	-0.03102671505305602	0.02291752705204772	0.0013818628638728213	-0.07819830568278915	-0.029301627979754757	-0.02034520504837225	0.028993937723667214	-0.0027605440815623625	-0.020776217408242346	0.04314929238630548	-0.02278006066277366	0.026629590098896816	0.010184154108402635	-0.01020593604638163	-0.06485058367066517	0.0036495390817923093	-0.027104376711048813	0.0073222313103780004	-0.0420864674672878	0.04450731344053037	-0.06083337070184216	-0.03124565735495422	-0.010235590810439614	0.015167572345025073	-0.016683008725944894	0.02749121567927218	-0.024234320184916457	-0.006625607689856144	-0.01535682726197346	0.03400253713665952	0.01371200293487357	0.019170294732670668	-0.005827518665251883	-0.016707720730717888	-0.014748109589876041	-0.0034410772980796667	-0.0035082741507919766	0.004828731006388299	-0.011090721251569015	-0.021852483816412485	0.003698585640051636	-0.02336626109756254	0.0035808744434682066	-0.0006681134315797652	-0.004213685061260595	0.008784364219042733	-0.0	0.0	0.0	0.0	0.0	0.0	0.0	0.0	0.0	0.0	0.0	0.0	0.0	0.0	0.0	0.0	0.0	0.0	0.0	0.0	0.0	0.0	0.0	0.0
SRR29856073	-0.40455457124683464	-0.19122840486618864	0.10580994205633362	0.07977575705647469	0.04491322085120027	0.14929628168998535	0.06292707426316241	-0.0758075384252356	-0.07881534156190789	-0.031350135316343855	-0.08268210780234027	-0.04360580202672347	-0.007835619411824254	0.00392371666758373	-0.06283627814632126	-0.03746786057950142	-0.03787865181245896	-0.049010943792030845	-0.04746528793916173	0.015854398779455308	0.042731184042324774	0.011251018136232574	0.07777596636868403	-0.05104714786451285	0.0632923279992408	0.06116477273989347	-0.04609699004048446	0.1795940405458433	0.02232715005928219	0.010005128276475756	0.03437082083708549	-0.05481486221584063	-0.004631680611932795	0.004952580885677129	-0.01715429033132345	-0.05275832829388693	0.020596695655122458	-0.08794560652576357	0.0027428836036064996	0.007169342811010478	-0.00740172457581181	-0.03771772658665685	0.04487727746208363	0.04253874780841713	0.006098743924490049	-0.013698470560660266	0.0007500442661471626	-0.032565503718697465	-0.03334066091567676	-0.02399617756597549	-0.07193656793316339	0.026515706474143898	0.024148148907834285	-0.01801499610348915	0.03903473915116583	-0.019838112523589656	-0.038204919118191585	0.00440231906553588	0.06507708414316106	0.015618646938098741	-0.08253929597141596	-0.015012692293048384	-0.03403875846989492	-0.018692080804205605	0.019103788674805555	0.01173276906468653	-0.03588878469151734	0.001724863463091954	-0.04413639281008086	0.05585325176668693	-0.008666271737995185	-0.02890683047094373	-0.023554881671010202	0.0072494095807475985	0.015314407211929696	0.02131716712231576	-0.031671843801017556	0.004866444824427387	-0.03248138995642521	0.02821237271024108	0.006709192213470341	-0.025045863833162717	-0.031717960771931744	0.022893605294507777	0.02963184455810702	0.0015273924239210018	0.023914343284754867	0.00736767025706452	0.0278029791456647	0.00884855895703301	0.007370903456611831	-0.002230396701490885	-0.0526500520570037	0.0125441615859379	-0.0038830976841589663	-0.042469907328979185	-0.009021829061669068	-0.013035039256083545	0.015169319214268635	-0.04932477846446997	-0.03256123517582439	-0.01183232027622668	0.015839285146914454	-0.01652660105900296	0.01916587848907607	0.002658189068197815	-0.013958722940190552	0.005997232341621344	-0.027798618965899236	0.010590230648983977	-0.008194035180903794	-0.00801690195196479	0.017513680157583037	-0.008957775882526867	0.003487267142648405	-0.00668671442034869	0.010903411743041163	0.005740746966332632	-0.0032660067150651908	-0.0	0.0	0.0	0.0	0.0	0.0	0.0	0.0	0.0	0.0	0.0	0.0	0.0	0.0	0.0	0.0	0.0	0.0	0.0	0.0	0.0	0.0	0.0	0.0
SRR29856074	0.020919924621308605	-0.02989511695418097	-0.11790809648167447	-0.10102514235251357	0.11123439355960912	-0.04423088119174722	-0.02573322199997598	0.35455348615069304	0.05925328006653841	-0.11756295108894048	0.16261269414378643	0.05727097450676372	-0.027259918400294708	-0.035990767802150186	-0.025924588805382724	-0.13772463661216813	-0.0068377112357868985	0.025376954952062956	0.09282719715452693	0.09646002881480331	0.03487908267722067	0.11956898547510734	0.0035440525866337128	-0.025147874133437782	0.069370533617838	-0.07426788021958636	0.038187623514167726	0.061186969063506236	0.013471719847699714	-0.014973308518651758	0.004620994812003058	0.0879185023878668	-0.01899798941007338	0.0034661768114854575	0.025695708149004477	0.08297073598228015	0.007174056849625815	0.00020354079671917373	-0.011268163064916592	-0.006587678122135684	-0.006711727966729323	-0.09591735457199366	-0.0008871504626871977	0.05798031615575528	-0.007079627224466071	0.042146627710646256	0.09938215722469455	-0.05633599787590477	-0.07210415368007583	-0.011875305653128226	0.07173915903989317	0.03798735980288353	0.00038942416770755745	-0.0359143230583555	0.041735696552065785	-0.005730896879681245	-0.006888674443930509	-0.06071685621396572	-0.01966366702972	0.029185412538115765	-0.011194217470201035	0.00751286649866594	0.03992681381489918	-0.08295867621100705	0.010215053389763987	-0.027749228103081558	0.03797446324507963	0.02574325945064736	-0.03753577818677884	0.05465314252833784	0.02446195901048861	-0.06363733263930081	-0.025809192453761308	-0.04436784620879945	0.04179894006758309	0.007156997432686194	0.07953709635043925	-0.02188546005644325	0.050871415953422656	0.031349443212492514	0.011904573493771579	0.035907944892113006	0.028871634548586177	0.017477244983034018	-0.030678245013261062	0.005003807193806465	-0.042409506045021236	0.02247760863245348	-0.01674670901657539	-0.013205334892110518	0.018829551481123107	-0.02574771247430756	0.037164389023516244	-0.01433476154456262	0.025146704123880863	-0.002639948754547684	0.020829426842879906	-0.02497302642217603	-0.010735565374112462	-0.010931084218705851	-0.0005184810004295263	0.006344257139833764	0.039017359251336446	0.00160248372241025	0.031570631125975336	0.016073669422667556	0.028737336953864205	0.011095988287309263	-0.01738013352238402	0.010979732191070913	0.01863375044915534	-0.01770498817572971	0.016471055830225782	0.013816715656136902	-0.0025547777627528082	-0.004109302091312652	-0.00043159801923816417	-0.010074644377137272	0.00621219742420763	-0.0	0.0	0.0	0.0	0.0	0.0	0.0	0.0	0.0	0.0	0.0	0.0	0.0	0.0	0.0	0.0	0.0	0.0	0.0	0.0	0.0	0.0	0.0	0.0
SRR29856077	-0.1012060378419785	-0.06986470939485584	-0.12327272857256165	0.19140888871856948	0.15061017726377918	0.20493174619968996	-0.07584179026693982	-0.040637486930336815	0.096713157118712	0.07342502266979842	0.09130244345678895	0.044700851643505866	-0.04484837997161058	-0.10022846461041056	0.0027009340284872003	0.009025388104942111	-0.01401747920729518	-0.013718918262927217	0.031401401729860605	-0.03616740568866048	0.0016013197046067275	-0.06012131308870903	-0.028642394258424915	-0.0011913504677226526	0.008234827042218045	-0.060318472803209	-0.034944186362797294	-0.034333374581364144	0.01455337480044989	-0.0030225999656558495	0.08756005016323021	-0.0724829971025396	0.01816178905412471	0.09119993268166254	-0.016862965638816077	0.054822062838803684	0.01676206724293641	-0.0037675020721413092	0.04278772750690767	0.026223347863582207	0.05307767914662892	0.021919212556968548	-0.019573196552849684	-0.10085556289713875	0.020296876202719433	-0.04043475555918978	0.0424980502996583	0.0823952417121829	-0.0015799979716464615	0.049347981301154385	-0.06720715904129985	0.07261206016240555	0.0022169537941736234	-0.05862262472068586	-0.12223072138256212	0.018110769411256736	0.03020770970531866	0.019348817776763623	-0.04355146227860877	0.07363096360423663	0.015464987207718748	0.01306293473514345	-0.04927679817960931	0.007858809425979212	-0.03578784865152401	-0.03709407647229484	0.013662475218382734	0.09345986356469678	0.0016896554283606896	-0.006901749722171111	0.052916537498780794	-0.040553356598550375	-0.04515516034669543	-0.009862810388041326	-0.04579202581692187	0.0743373648144497	0.021145914514891166	-0.029392524766252592	0.0012352436628525981	-0.052744729191601	-0.020772379150037844	-0.05851445362533625	-0.06134025835325675	-0.007128433452384137	0.041128338861331555	0.015925317990985545	-0.02068852750709487	-0.037052540548362274	0.027856289356380088	-0.012194888290866365	0.05579099197022082	-0.0048391085437306065	-0.00045056129520639604	-0.0034111313819181095	0.007653107054454937	0.022046675438889256	0.02915195573873792	0.016774748708832613	-0.02069594726860839	0.014817255471957884	-0.006283996609409792	0.01779364308818803	0.004341642810433048	0.008474044152668267	0.003311472538720363	-0.024649803454382745	0.006208200540218022	-0.02624304694168435	0.005336574984684952	-0.010993822726598216	-0.026351548176467815	-0.023303523389397063	0.003990897278675145	0.01172820632644724	0.0002694735967918744	-0.002793341410194145	-0.005097645357989415	0.001360686665765106	0.004130200855348922	-0.0	0.0	0.0	0.0	0.0	0.0	0.0	0.0	0.0	0.0	0.0	0.0	0.0	0.0	0.0	0.0	0.0	0.0	0.0	0.0	0.0	0.0	0.0	0.0
SRR29856079	-0.002869455971707403	-0.20332707041197146	0.1446835367888636	-0.1785535769810288	0.04074412612321842	-0.06041852294085697	-0.13344974727907066	0.024651754308325315	0.0970421090529341	0.14208155751787463	-0.07255501477099117	-0.03509674119527759	-0.017511181183105747	-0.06330665723480448	0.2608170048272394	0.05489985948905344	-0.016282861093799166	-0.04561738396229926	-0.04243274202861266	-0.025624527110038334	-0.08311253809527058	-0.03245433335794242	0.09993337338870655	0.05657387736681487	0.04423883402584537	-0.02617810734644094	-0.040551395758330826	0.0038231691748593943	-0.041279259368709256	-0.0501842722238208	0.07763767768888245	0.011838070199655621	0.052432946500318704	-0.008907690547338941	-0.006205971072332717	-0.08202331586265975	0.10480128987372322	-0.017351098568516018	0.04284877102419964	-0.012306760291061676	0.03552869128721448	0.1240493010421628	0.05015866494067489	-0.03094693431398152	0.0443790926744317	0.010155795688148441	-0.016601969515977654	0.0261706343855426	-0.05216671415256997	0.14608089541307834	0.062187079473640515	0.012146711847376174	0.02700067440953878	-0.07431072341666844	-0.03464847493195941	-0.050789232985948514	0.0589884537528759	0.06187499237707418	-0.02768326289171213	-0.02565433111941099	-0.018419741273848666	-0.013605926273480892	-0.01449600752921722	-0.03484121649427265	-0.011351900096079207	0.02811851580727591	0.014608779347351816	-0.0011307325568212557	0.015694086083625228	0.008613516187638299	-0.06433544430095764	0.037029995779536994	0.04796595590054929	-0.020099642226164675	0.04117157463188393	0.007014613305463194	0.024212746286126272	0.016290277997725294	-0.01959333206337035	-0.03799125040655706	0.004853700543020727	0.028871106824979592	0.06405250015973596	0.03644020490089065	-0.031432500273573305	0.004971783540425811	0.006394241152564402	-0.033715031510755174	-0.019080703888020523	-0.011113204582459082	0.011051929914348965	-0.023560292139421044	0.045438361384084906	0.02210346202432579	0.005188218894624399	-0.017502802926031222	-0.025745846544227773	0.017253748143428883	0.031864122113606515	-0.01636758845038063	0.013723535229020877	-0.026082165740559295	0.017476977376440467	0.009933178580006734	-0.009963957068339194	0.01108033097433947	0.042040940675793295	0.029764629489888575	-0.0360884550541746	0.017947639017224525	-0.019310720519312364	6.77550508161948e-05	0.003531118431852109	0.019530372748175522	0.011237892745384906	-0.006792965101360806	-0.0036897730292157595	0.0017279015649030057	-0.003847361821547271	-0.0	0.0	0.0	0.0	0.0	0.0	0.0	0.0	0.0	0.0	0.0	0.0	0.0	0.0	0.0	0.0	0.0	0.0	0.0	0.0	0.0	0.0	0.0	0.0
SRR29856080	-0.5583730393566084	-0.18709763334784263	0.05709892283254853	0.08155073395117231	0.006880431298695524	0.06126842270236125	0.060497778616416205	-0.038953327605245294	-0.044714276896545814	-0.0940386148824095	-0.010286764261508638	-0.07440293824128598	-0.03025127852577026	0.045920375365769796	-0.05084504103639528	0.03839790660810461	0.021031249739614906	-0.038793625922867524	-0.0385174046921177	0.01785025750414768	-0.04893694917264815	0.03461040066704213	0.04266353782226571	0.07830638468392688	-0.003492934482462131	-0.03559734332327027	0.022556234992507952	0.049047879327303666	0.05490218462507828	0.005890610892010824	0.018112259109758434	0.05017928289501821	-0.026575674673148458	-0.02802861684161104	-0.010694444161637957	0.0309100942963158	-0.003046762798305958	-0.005356686127089498	-0.03178272740985024	-0.013290469147978457	-0.06720931668441386	0.020605806514295527	-0.013396865697266376	-0.020941391185079785	-0.0398422983199222	-0.002101793163120884	-0.008185342462661303	-0.018717611019666028	0.04594627920652634	-0.01779537221158583	0.05119396512786502	0.022370401432627647	-0.06795374286974908	0.024757056560518898	0.02375559733133635	0.0043632048810820145	0.006316969635342383	-0.019208797218108985	-0.001813083708565417	-0.06943183198280554	0.033313711876619016	-0.0037507626688298187	-0.00840493894382725	0.04496708579143362	-0.015670522710180983	0.017814433810391987	-0.001724986556403411	0.01600089066705479	0.010502211643844179	-0.012670806824492642	0.009461192101196905	-0.0242860006093397	0.03426157331439576	-0.028111050858688466	-0.021837115242352045	0.02637398576827998	0.007042980892840542	0.010053630164958808	-0.00846095014003941	-0.02874038576352688	-0.04979024883057948	-0.012590374756552213	0.0017965586234591053	0.012786979062324937	-0.02153009018714441	-0.0006596134900163273	-0.03093766797189931	-0.020715973665565077	0.0020044016162755417	-0.0033432776438999	-0.012425193055563959	-0.039494288281449984	0.038509997124147786	0.005552475726941183	0.053875752038425366	0.058538719043992625	-0.012474160172785471	0.009781862552685927	0.005968691823490026	-0.014107905536891934	0.007205960832998833	-0.028128913963501423	-0.013405286214823954	-0.029001273910510505	0.015996590157087553	-0.018642195266106002	-0.047386244912707876	0.0008778430792608698	-0.020965746212747844	-0.04595038657804995	0.02933386672970618	-0.015151382125782062	-0.010347680937788348	-0.001662339493720092	0.027961820809867748	-0.007507438120662312	-0.03493789894510538	-0.0054065005227710876	-0.0035572589813341413	-0.0	0.0	0.0	0.0	0.0	0.0	0.0	0.0	0.0	0.0	0.0	0.0	0.0	0.0	0.0	0.0	0.0	0.0	0.0	0.0	0.0	0.0	0.0	0.0
SRR29856082	0.1072688623816599	-0.03305273722579619	-0.11419513099324541	-0.11311443860607061	0.1611428707247204	0.16406275611444193	-0.047603695535008005	0.0819502907658559	-0.031075908832124365	-0.09290428024972865	-0.3141980761094013	-0.03976804900060097	-0.01925578182570206	0.018901303078617756	0.03890723367905924	-0.0554899528936948	0.027224277046508535	0.11772966753239111	0.032387541792598555	0.1137424545622059	0.1469043768834461	0.007126721731884118	-0.012762477551386606	-0.007341752369904264	-0.05501892396078095	0.02772828920223426	0.05630390974501652	-0.006488972374057871	-0.0910777780144831	0.12352564844333089	0.01809754121016755	-0.0010444079527911652	0.00037966929680660985	0.07100449987030927	0.10059182408532767	0.03872530135527077	0.051689841949321906	0.02569883567988454	0.018707553605463615	-0.0746833908878433	-0.01745452979122316	-0.004062501991336396	-0.005702327832691819	0.04015974296266896	0.02471452007942304	-0.056277909349227606	-0.023944831640600798	-0.05159234209868842	-0.05499087717786651	0.019989510378707862	-0.004413856226398167	0.09030036467667592	0.025442351015055986	0.022320444037604675	-0.030344187725895498	0.06568760855558889	-0.03755887369476061	0.04505410788218618	0.0056043569734809135	-0.02150122152207925	-0.014542073672266089	0.005295965844859267	-0.051068978174649504	0.04378315955918257	0.01411521914826177	-0.012102567668456328	-0.010680635920962987	-0.022987902553945092	0.032498863761380156	0.0011618488512319077	-0.02751276815701668	-0.0030048294137530133	0.030405091182439864	0.05801112405066424	-0.003269314010448452	0.03921898678029993	-0.0029746656558578355	-0.009839559617208183	0.008596339929522327	0.03455597785259679	0.0016671100042430559	0.010007398503590819	-0.023769556016290144	-0.014913757980762363	-0.009367184220889257	0.027751183330506215	0.012851185606286574	-0.004248290388062089	-0.007441193468991696	-0.016927775616606237	-0.014814545022973562	0.004314989946996983	0.003275852603922179	0.022962526306214495	-0.01889486081192418	-0.0037597581944289523	0.018450102205947852	0.016565167523590035	-0.004578619895077588	0.0018746688810087804	0.034753284193883495	0.02242340642117255	-0.0075694353884496945	-0.02161774450813739	0.036233926326942646	-0.012481984339614954	0.0007839064642524094	0.020993200332221584	-0.015806771277461915	-0.0032778099808659397	-0.006882050278143424	0.006233531645685928	-0.0016508214298785995	-0.019554334230901412	-0.02241596031982768	-0.0032885999526805266	0.004729347505357741	0.0028059756523283207	-0.0017709879240115677	-0.0	0.0	0.0	0.0	0.0	0.0	0.0	0.0	0.0	0.0	0.0	0.0	0.0	0.0	0.0	0.0	0.0	0.0	0.0	0.0	0.0	0.0	0.0	0.0
SRR29856083	-0.49754387947926004	-0.20963703394423433	0.12270443723130617	0.05343514935666046	0.011815108786369724	0.05583612114640404	0.08416731578912075	-0.03469297482253046	-0.09962801507500105	-0.2635686027217446	0.10112846675237046	-0.09007552804083324	0.0629676415225571	0.04288752336957316	0.00016624986041306988	0.0552408601581481	0.12383643804129979	0.03521312542438867	0.06877106023238062	-0.035318567474137176	-0.002365315973045071	-0.04451375619119323	0.030069049766651274	-0.017719585990719246	-0.08850933480219235	-0.04479702677160185	0.0016444346682752938	0.0023703192556606295	0.003308634342874756	0.0028729749292709886	-0.000690163134384213	-0.003901918378041372	-0.009468537303828076	0.016494591752314505	-0.0227586244484928	-0.01313447733083138	0.0064751932109871485	0.058295205895752274	-0.03287134176876524	-0.028102710552521733	0.0532475332562229	5.373353009352297e-05	-0.022187543250593106	0.005050843760869286	0.055799320966414614	0.014030544728749879	0.022211701103731017	0.007909065181636015	0.01653840211000282	0.019778736649862006	0.01844249407692754	0.0034823774730892193	-0.02542377701581344	-0.012922526536855087	-0.006329940650460493	0.030258147300753838	-0.049315163295685756	-0.03466743468567588	0.04085099729945032	0.03994242415780162	0.018333533984754437	-0.02840035344928032	0.018525648101035283	0.028193338248349013	-0.021547817937756775	0.006520809107799926	0.04150035532990665	-0.010249961228773639	0.03071468917213678	-0.004192175517781273	-0.0058179408420069665	0.015653972524261425	-0.010048290913096973	-0.012151628529429656	0.0019716400216827504	0.024700901462746134	0.0018840229502273742	-0.013463375532056348	-0.018051905425918353	-0.002226255629662381	0.05472699378756874	0.018463385870904972	0.007562383213936613	-0.003684123162486691	0.01845660583592074	0.03488139391346163	0.004420078569097868	0.022714313982690245	-0.008285053210851621	0.01686984809135828	0.02587296089201082	-0.02147429153504073	0.005297751573048141	-0.02684028048939697	-0.02310781884518927	-0.03408338130139155	0.009754346179107516	-0.008227812458686473	0.007995035084225893	0.012010348999996723	0.0037060533581489584	-0.023746897776368677	-0.007927250157235723	0.007635398334519116	-0.011143329049334896	-0.006030798645262772	-0.002882710442419514	0.010510816594968478	-0.007641190437060406	0.0029552466207346155	-0.009993235510366898	0.003284744419977558	0.0012693928131073692	0.008422685839403553	0.0017255342598917322	-0.0017861854387500374	0.007418548685888916	0.004397447247194005	9.136853671976571e-05	-0.0	0.0	0.0	0.0	0.0	0.0	0.0	0.0	0.0	0.0	0.0	0.0	0.0	0.0	0.0	0.0	0.0	0.0	0.0	0.0	0.0	0.0	0.0	0.0
SRR29856085	-0.022086264439138876	-0.008930687994106071	-0.23153664992076514	-0.15537523529032354	0.11639724043970333	0.14750866519941916	-0.04384423463342845	0.0839508266339487	-0.13955988077296907	0.04283374228157481	-0.08929393952773877	0.07130004598239194	-0.0045831234998442785	-0.04183522819638779	-0.09056160635535009	0.08813454583716565	-7.406221445136094e-05	0.08634119165347307	-0.07818714692630102	-0.21822451567045467	0.02105632470082129	-0.07717309938460376	0.07572176453400238	-0.002481984612708612	0.08994856497701162	0.058644588572566866	0.05851648880200633	0.012794679193541564	0.00794369496631413	0.015475407212866013	-0.055005805820996095	-0.05057806430332117	0.021178565720561315	0.02800784985844961	0.08053980192650781	-0.01268484094792943	-0.014180314408471928	0.06006461661185911	-0.015225581887161516	-0.08467672041073313	0.014000796142165957	-0.044237809776298896	0.0013527121960004713	0.08825665212427371	-0.020138843415204333	0.03809177843782737	-0.005286377314542465	-0.02024200413082178	-0.009614965568650612	0.07496722664476534	-0.01663091918227125	0.033747923982941144	-0.04065902323415128	-0.040394242357696876	0.007405879279141503	-0.011126396236397895	-0.019709426152496268	0.0509291850279084	-0.06620588832833332	0.02089210459071103	0.014245170320919258	0.011535805780675326	0.03278940149625103	-0.015596661606427985	0.04586513350743047	-0.08913815022554304	0.05813026203423187	-0.08644036266413936	0.00031124741894383097	-0.022328632252893083	0.021544201242819267	0.019778890129236764	-0.03447744415054696	-0.03939853664136999	0.011108941173156688	0.016064604304348754	-0.00013416588130674804	-0.008635765966731927	0.0008965797538713658	0.009387577275418987	-0.00798413888609159	0.03863587261680032	0.06866030885102306	0.0205584693288709	-0.0038521217248520235	0.02245755986045016	0.037341044569310984	-0.05550871403770955	0.030633465133424163	-0.022452217960723008	0.04513013548092904	0.03669116755416321	-0.032273052785426956	-0.00728285971631404	0.021248208073379134	-0.01852430583004147	0.006449770033964623	-0.04281396554140507	0.05635970727766271	0.04903158588529702	0.027481762319612406	0.01188574221498251	-0.01026743843905667	0.011105026598235746	-0.03808616635569315	0.011423441648667832	-0.02558505643793264	-0.03876126389313841	-0.003105133105806113	-0.015782488021613396	0.015248105701737782	0.0074942493541545205	0.005256199819952265	-0.001356622637684757	0.017831821025257034	0.0028857426765385484	-0.0024679918339713413	-0.0011285094984600965	0.0033968372381346806	-0.0	0.0	0.0	0.0	0.0	0.0	0.0	0.0	0.0	0.0	0.0	0.0	0.0	0.0	0.0	0.0	0.0	0.0	0.0	0.0	0.0	0.0	0.0	0.0
SRR29856086	-0.024285013780424986	0.06863673748833204	-0.2857113019524733	-0.13821076707032093	0.06082745749211728	0.04879675440846812	0.01868479178925304	0.03503347508118289	0.015416280660264863	0.00382938486308742	0.07712839846035849	-0.04223765638671234	0.04547977365165583	-0.04630872285907769	-0.02221344693120512	0.2244138961578434	-0.15511373242975665	0.0016129337279069335	0.02566702191178301	0.0961500178016868	-0.0003067888645645727	0.016508424589527747	-0.0651638258356046	-0.00935096667154591	0.017355134202030432	0.04950261566037774	-0.09994927377471441	-0.042822063782470006	-0.027911146191935673	-0.05975305132795203	0.18479025628275642	-0.02845167204449223	-0.0372842947052344	0.10251953404252245	-0.019532249790157878	-0.001170319390852575	0.060075366875035424	0.12966505020106267	0.029345838298200717	-0.1090590268406352	-0.030564234554522108	-0.07343488438092409	-0.009897916116313693	-0.0723542767149485	-0.08009053915229418	0.06365406455681948	-0.03420364157606142	-0.04092525000988001	0.03112666188487304	-0.06986085376150203	0.018181293631669843	0.024378621953852646	0.005522419978118587	0.10178468534500348	0.08792058405784932	0.01767348494018125	-0.07476032951017428	0.031137920897815263	-0.0255102244594884	0.1081927947597857	-0.08403733943036684	-0.042899345778404686	0.017578647196882256	0.05025891991782871	0.012852059428027533	-0.02800563643711978	0.01565205565237381	0.02042520920949234	0.02453709358354914	-0.03292327722954674	0.055211779006822254	0.05415661420906374	0.014942890865191863	0.012250300569714585	-0.010215677968898804	-0.03296981735509281	-0.008917959274298838	0.09361853815348943	0.03430358507940319	-0.1001977497598217	0.016211008204251236	0.02564960194638453	0.03348853664263566	0.015553471165592381	0.00047815455264012323	-0.022653305121947926	0.007998703204336072	0.055237123659513665	0.05713131404818393	0.0051934449608258704	0.01048815762800293	-0.011144858112850929	0.0014376976215446332	0.03531163254069705	-0.02016066559502851	0.0014095177893259322	-0.025959618685369612	-0.026557761299694036	0.0014989190670269042	-0.017127756061332225	-0.019422629905047877	0.0036606364198095063	-0.0025805541601925143	0.023179948083873695	0.00672255538462564	-0.0027437499469697936	0.01159359142071662	0.013437173890334253	-0.004909873987706365	-0.009292773779176238	-0.0016136173374755665	0.0001261242066696691	0.011553185152626037	0.005206806955381248	0.0007329032224527936	-0.00698979354798616	-0.0018063894716630912	0.0024084075797349614	-0.0022644724347776163	-0.0	0.0	0.0	0.0	0.0	0.0	0.0	0.0	0.0	0.0	0.0	0.0	0.0	0.0	0.0	0.0	0.0	0.0	0.0	0.0	0.0	0.0	0.0	0.0
SRR29856087	0.011056754952968909	-0.02192576219591973	-0.13681051118969553	0.06872099071627354	0.13398821321807394	-0.11092337525885979	-0.13316901845663148	0.12838648119616772	-0.17018720826349967	0.00810985936986537	0.10214633509498369	-0.11645175754688687	-0.12468490414032245	-0.1872244532060076	0.09554106433313947	-0.06095508055640779	0.05096275948772773	0.013868382772264973	0.004423318171839921	-0.07327050720386563	-0.07967856054010138	0.04000599214300801	-0.020048377192417127	0.12628983521914613	0.06909403713635168	0.05379347239760481	0.021676607565936267	0.008391948847306745	-0.03391047693948544	-0.038808547057436804	-0.07032741509199819	-0.011642611280828883	0.1067497185248239	-0.015078892570556472	0.08837081333149863	-0.04237717066781479	0.02438762702833166	0.010364207505109944	-0.02192256259157357	-0.02456055213796557	-0.033062725524240055	0.008497102195739197	-0.04781679289046035	0.002755468820570665	0.007781497751627435	0.06993233214474444	0.016744999538028247	-0.014530565933091214	-0.08200656076502442	0.0020961744997725204	-0.11698975274863568	-0.049364692072164346	0.03999856675569327	0.024129615889959596	0.17113416717369453	0.07722104726971943	-0.05293214896030589	0.06323926613912129	0.06271171369049475	-0.003158867472466479	0.09315211568346952	0.03661738066144423	-0.004178535765407486	-0.001455487305416749	-0.03449546496166014	0.08402662862953023	0.035463628635745294	0.017781128171794794	-0.02319879058159058	-0.01793393308391322	-0.013791136782285048	0.005900042728441016	0.010462862156108556	-0.024305021063884047	-0.07805125951978704	-0.002747073620173671	0.007691262334315838	0.0001927201143416951	0.016207556813214043	-0.03728967736578836	-0.02088593175521013	-0.027376591798275604	-0.057482273839149174	0.03465775113611897	0.03710346128248962	-0.0385836242686172	0.04662648221132323	-0.029176724904459588	0.024496047117420667	-0.001619502015113939	-0.008090000227864066	0.0213096228360632	0.04511886361515694	0.002280604134166621	0.018170088123897844	0.00011988924710923253	0.049054311244868615	0.019664722857759956	-0.020296993691802778	-0.0065296505813158354	-0.0029726686038400304	-0.010801907922223138	-0.007105359228431691	-0.025794775309102822	-0.016525096265808045	0.012983447275481032	-0.0007775587805666332	0.009942461456659767	0.012286650081445012	0.00414048786999828	0.004005583193942447	-0.002267224943379965	-0.0031675196866999657	0.003614332937581111	0.00041013033332666063	-0.008128346389133734	0.008891242005780177	0.004663472552811702	-0.002019807106461604	-0.0	0.0	0.0	0.0	0.0	0.0	0.0	0.0	0.0	0.0	0.0	0.0	0.0	0.0	0.0	0.0	0.0	0.0	0.0	0.0	0.0	0.0	0.0	0.0
SRR29856088	-0.4781435491628636	-0.20322309362918675	0.08836635398239395	-0.007689197425937231	0.014573550388074254	0.03289781816099231	-0.036139088029758556	-0.05771105468835262	-0.02987960675796191	0.016537838362666337	-0.022078503170204378	-0.015081348174125143	-0.03465043298402019	-0.016464056823073524	-0.0027526215506480265	0.01914106812905251	-0.005760856507132289	-0.12544515465180195	-0.07247093361782514	0.02407735554772272	-0.010734524502366137	0.0120251595584454	-0.04356672177057134	0.036232144866346065	0.032885334742842505	2.5373212677508135e-05	-0.008804865340138265	-0.037141179720328175	-0.017161113865615855	0.03945312826572828	-0.0277930769968617	0.04339443956359692	-0.015158493447067782	-0.05483969457308587	-0.05419607504590343	-0.012168414198097872	-0.012073913343480803	0.011214438758729484	0.06108173262031916	-0.037611322865415506	0.06596651416258208	0.02696230002871776	-0.010164643331700241	-0.024695410522860072	0.009664877937391295	0.07162062249743394	-0.002118580141656474	-0.030641699881112948	-0.06464522390035078	0.08733664257335787	-0.0026808660944299787	-0.010337489391073108	0.07286720868132801	-0.042812597321362666	-0.07304251779772458	-0.03199558568973007	0.03420690139913894	0.026153805513998565	0.05944191613561806	0.0011107189592238797	-0.08022879770741044	0.015719733780847928	-0.004989931789861908	-0.12499706029474866	0.049556825388739824	-0.0012777002010288118	-0.006980945319264759	-0.0034780149715320195	-0.07028987936352343	0.11054656329656977	-0.014815399221334333	0.02980473042143247	0.031679354340951794	0.061027870332036493	-0.018851266607406356	-0.05482701401663339	0.007788580176308845	0.06434325091342963	0.02352635080761185	0.01838038809536348	0.02326960071921301	0.02877500629398177	-0.026565775502150817	0.008727304649882634	0.030516197360607965	0.028451409938575527	0.01756903991128971	0.033604093744279945	0.02428721713301565	0.03538362392029256	-0.007903069430509769	0.0012705249522359146	0.04043115529020884	-0.03877782784845237	-0.012863717292477648	0.01694249366869698	0.03896530056517739	-0.047976646023854534	0.004105788998025552	-0.016493302535796745	0.027459132315690925	0.03467427040603189	-0.03640572055538153	0.036144322609000024	0.017685445818315812	-0.012960581748823348	-0.01588870574354275	-0.007193406103216843	0.049786643687523405	-0.0016999216924791364	0.006542665316294084	-0.011280321341370263	-0.003694489460004449	-0.01475958570665548	0.01623507220352533	-0.0005472938284939286	-0.007287233484540982	-0.0037762288753271514	-0.0010231833971278905	-0.0	0.0	0.0	0.0	0.0	0.0	0.0	0.0	0.0	0.0	0.0	0.0	0.0	0.0	0.0	0.0	0.0	0.0	0.0	0.0	0.0	0.0	0.0	0.0
SRR29856090	0.15213927813090208	-0.02564006610567084	-0.09760261613086985	0.06318355103203842	0.1672193891238143	0.12537063047810698	-0.130301093305706	-0.02090321785457355	-0.13422898494888647	-0.10659754833573204	-0.2300775394528657	-0.02369873613324244	-0.057291842120414986	-0.06419138789923018	-0.07697857051144627	-0.03167510015746561	0.06353257432953628	-0.02190279671719406	-0.02229703546663761	0.06858928739305237	0.07324464295739325	0.018966052650439835	0.013393488988701028	0.07263692510477104	0.021068366169185324	-0.11801392096920998	0.1235922116966926	0.03308785623826454	-0.13158657217392367	0.024693453741203752	0.0805938179288117	-0.017964326444613876	0.049638595278095034	0.0016319512861314096	0.017141845322303433	0.05085519002319156	-0.0009914298564555732	-0.044321318515964075	0.006010218742128458	0.08872151891065432	0.08468934478386553	0.014745090783179957	0.008889284649670245	-0.08514663242836135	0.029217738172631076	0.007879112657171429	-0.011835970812964676	0.03577900498470112	0.009966242551017086	0.005448822362840622	-0.07483514467011149	0.03628516299350341	-0.1358916992640123	0.05042232263999749	-0.018100510565156578	-0.08408806887889916	0.012922588692389398	0.04678632864833552	-0.03365002768068188	0.054369871731797276	0.0031415798025713247	-0.030701673860006645	0.026601694850778342	-0.024623174523626088	-0.008735776626360438	-0.02518475849832623	0.01412999354310968	0.05319999854878508	-0.03420261815869561	-0.037199708657417375	-0.010600327046136424	0.030358273579605487	0.014301261125190262	-0.03678799275665392	0.0645284823459591	0.025415519195052458	0.019403276918256395	0.02535533863443641	0.00843138730564285	-0.021281431764290665	0.02561798316785309	0.0072505432899999	-0.029297918093783785	-0.022760637829494355	0.025006307854777126	0.007282168852795724	-0.007424035104876079	0.006252067829752354	0.0174688244498609	-0.04489178596943496	-0.030885936730857808	-0.031237728888712697	0.02401246653243704	-0.011451923802575495	0.02148489814099542	0.017944253933574014	-0.031404333043624916	-0.03244388703623341	0.008615610391538343	-3.166306115030391e-05	0.02448791487157111	-0.03722375433690757	-0.007649482998006786	0.01844765152711921	0.00045034139385624595	0.013624065192992129	0.0005780260374314468	-0.008361957116876696	-0.0019132155913035437	-0.004125978320277795	0.009700832084752314	-0.006372236068698064	-0.014418717903032533	-0.017371905775585988	-0.010348822199528224	0.002922136904120114	0.008968488171275732	0.003012079125701919	-0.00452508558379471	-0.0	0.0	0.0	0.0	0.0	0.0	0.0	0.0	0.0	0.0	0.0	0.0	0.0	0.0	0.0	0.0	0.0	0.0	0.0	0.0	0.0	0.0	0.0	0.0
SRR29856091	0.14215538444246936	-0.003959512606305636	-0.11818722238730754	0.16432608256711448	0.07491272390537962	0.11371314772073277	-0.03641949869147016	-0.18197524213358565	0.09979867317315086	0.09754514969303078	0.014450145996222373	-0.02253062212056283	0.2331071569713275	-0.1074535801471624	-0.04356757966051789	-0.0267093882822261	0.14456671903856755	-0.15898304917187603	0.038623086226255675	-0.0038168865324070787	-0.06214386764351457	0.004928295087897165	-0.015307065383279314	0.12230491043466081	-0.03838451227380816	-0.07969076643122759	0.0420597617706114	-0.02987737767256863	0.09454305771303215	0.03986829546127304	0.05179730782179279	0.08635479799657404	0.09655980750725021	0.04543685779000443	0.045384840691034135	0.0016468331228156824	0.03744254045050555	0.013180950647918396	-0.03776927851570486	-0.033509940447191404	0.040967664018923634	-0.04300444967687229	0.013115741061507669	0.0342289862834823	0.030886720638908346	0.02772952128456133	0.043149639382430015	-0.04139012093255574	0.025732846689435807	-0.04588266086272144	0.022300687173778793	-0.003475026543639771	0.0009774659229854618	0.0019179736478147158	-0.025749439216444604	-0.020131336752177938	-0.05147478202358498	0.06108629931386884	-0.06815155250424963	0.03154070600799626	0.016198135318397328	-0.019563807193097915	0.029635228141860395	0.002258186894726432	0.08896871447605506	-0.023178262249953785	-0.07690779995660033	0.005463045637123826	-0.02853980910504014	-0.04852753148683464	-0.020945262370305043	0.015613181662721335	-0.006308493136471477	-0.04641333967213012	-0.0067951476648047395	-0.012430420176849566	0.01663142302794762	-0.00570487649269964	0.016524105216220494	0.060073407032646034	-0.01997405811912588	-0.03167475282561469	0.03215862316810569	0.040539634376126864	-0.016060314595542267	0.017512821418201156	0.029574181907898716	-0.0010875385758128413	-0.026963795296995295	0.004921178370374284	-0.02904832043940869	0.02085720694245734	0.04072554150685881	0.00012098591800460378	-0.01188250749216898	-0.032159582062844944	-0.0068440325870701355	-0.00988237016302074	-0.013005257382137703	-0.013359563823969063	0.0042733826983184465	0.0005262826498064132	0.020762763288125007	-0.01617037559485208	0.04844787445215307	0.011158342122941952	-0.03650926120603277	-0.008771219209513013	0.010576866000115743	-0.008312265452017934	-0.027855336812185976	0.042639152234952155	0.00239830562221822	0.014866135155765828	-0.010454520983804356	0.0010764764621607175	-0.011654780689184272	-0.00015839420642842417	0.00018017564832552697	-0.0	0.0	0.0	0.0	0.0	0.0	0.0	0.0	0.0	0.0	0.0	0.0	0.0	0.0	0.0	0.0	0.0	0.0	0.0	0.0	0.0	0.0	0.0	0.0
SRR29856092	0.07972343004852864	0.021509164957499664	-0.2539662378043621	-0.10133520618974476	0.17236282875665934	0.15713997694348142	0.008832594054558	-0.014268604625070867	-0.17033231121038206	-0.029702823896233646	-0.3256755908487495	-0.03478341053092693	0.03936982994127428	0.027688363827465465	0.09920963992266685	-0.0567057405549467	0.00913611555163379	0.04787556538690838	0.119896069318423	0.12324469630579306	0.05598524491155328	0.08141615071796673	0.0022923274623761246	0.04539397152120374	-0.0646116903701068	0.023834364190277554	0.036964617117484874	-0.08441064119488942	-0.06698827096753934	0.05510231756188086	0.017327076790043056	0.0026922937532265004	0.019323812066654466	-0.005926863024490919	0.011983902391867295	-0.004434335295740785	0.03978352349832748	0.037679535941234084	0.007017471196827973	0.015526577864207587	-0.02211888521745909	-0.02365238792334745	0.019206259484647603	-0.00621630231751859	-0.0014612967072838694	-0.05451564596864497	-0.01893214760800683	-0.06391689007594525	-0.0025544181427525053	0.007993061276946423	0.016167473225481996	0.018185321353963467	-0.014542134423355784	-0.004994052014439848	0.02509801508489361	0.01633119561690916	-0.018809796529076384	0.005762148967647111	0.010561743178994701	-0.033433559890420565	0.003989998722338267	-0.00037177216559523076	-0.04010331584227581	-0.012628050734087189	0.030911780782650607	0.029053408048527633	-0.02730423859808262	-0.023016214155310275	0.004603156767007597	0.034598419330022404	-0.042072724422815885	-0.01355370560128886	-0.01764705450918473	-0.0032470573210446226	0.036187459886376505	-0.032087789736938814	-0.03646768622119889	0.007040032335745449	-0.009195626089348406	-0.011671105501385459	0.02159235956423913	0.015545815496306683	0.008344886036611394	0.005619961705874933	-0.030712062747832614	0.000969393983365666	-0.0288821799060132	0.02061372154469218	-0.027972772338192665	0.017467648822456213	0.024290101665313996	-0.004882353753572301	-0.00510074743557171	0.005138276980702863	-0.016302657941733883	0.017058750540666953	0.024150842014272693	0.03785865989118207	-0.018163040570758033	0.016431671382562168	0.00046544080936710265	0.019287933361573067	0.016413310321484895	-0.007297925331477541	-0.04121325199418494	0.005318990772278169	0.004288006324177112	-0.008798798835627952	0.018160791827342176	0.011320539350913972	0.02044915058196594	-0.022798057393223936	-0.015605856805332772	0.023126040898385648	0.017452041047868135	-0.011795529651479092	-0.0050170598056745635	0.00015870914293778426	0.007595260967106034	-0.0	0.0	0.0	0.0	0.0	0.0	0.0	0.0	0.0	0.0	0.0	0.0	0.0	0.0	0.0	0.0	0.0	0.0	0.0	0.0	0.0	0.0	0.0	0.0
SRR29856093	-0.12300573516970006	0.5169195310802871	0.2337724617170931	-0.07281930788191605	-0.03671417524069732	-0.024938582333184606	-0.1872701867150904	-0.02925400690916136	-0.0011671881658472261	0.01734322464373514	-0.03652045732328502	-0.007364421066425274	0.002194997830247643	0.05544156925729074	-0.021929587076360293	0.004307941276498554	-0.029042856433468125	-0.026960213260179552	0.050113384095132406	-0.08377064073085966	0.010475738743027365	0.046117191455836384	-0.05092599639613809	0.0589633480600963	-0.01566402068287119	-0.035209951551612155	0.028673536305585157	0.0004036397093634941	0.04791122456939864	-0.018971898850555426	0.055704176006226916	-0.03403364274989991	0.009987050397846187	-0.009776760659026369	-0.0026598349222376897	0.039171461102509464	0.042677941307177496	0.0037887234471280103	-0.04254388564235981	-0.007529519449427552	-0.03463193908071129	0.024032163373429	0.044431956098999074	-0.005942629597589933	0.021584918414236598	0.039971979041554515	0.029557833025191996	-0.00208492343904962	0.030303140145090293	0.0037053882377060185	-0.022640721093128178	-0.026418682681116086	-0.034307575420462116	0.018723792337422943	-0.02303952125871634	0.043012017432811245	0.059340642312494335	0.005794123405773235	-0.004765117894780378	0.09692580972096186	-0.025394130018962086	0.005248343553322702	-0.01062927877226425	0.006357063689866882	-0.06077242386296507	0.005834276521380521	0.005922673397271059	-0.011866168805819092	-0.03206911744448666	0.024440484572475205	-0.0027966199679934473	-0.009667354637158296	0.03161821749347854	-0.010115616622633748	-0.016781929133494043	0.041648125577156754	0.029128405382782913	-0.0085434214014895	-0.02937715938118191	-0.006590500920584491	-0.023527298573444655	-0.02009674983147316	-0.031403138471113375	0.020215256126861335	0.01030859756415508	0.02259945432308489	-0.04639351204250244	0.0035457989744624254	-0.014616724283862036	0.016716845787409982	-0.019930075327162976	0.025686990598581667	0.018232737647265435	0.013555413144266512	-0.013097396624379264	-0.028609436966992332	0.011268576229654482	-0.007617031322781741	0.012975351120259977	0.024001421541002536	0.0020709239868537963	0.009540479641694978	-0.01595048944752818	-0.008307184492814316	0.023165127815864536	0.019053968783607673	0.0032316495075825	-0.033087262073527406	-0.009344820448613865	0.027318833344225392	0.028689974389068014	0.0018172980270498797	0.02508134901323649	0.007421179387025029	0.006557678941709921	-0.03963911947183606	0.0007172533821372804	-0.008584833396334627	-0.0023666180688011805	-0.0	0.0	0.0	0.0	0.0	0.0	0.0	0.0	0.0	0.0	0.0	0.0	0.0	0.0	0.0	0.0	0.0	0.0	0.0	0.0	0.0	0.0	0.0	0.0
SRR29856094	-0.17870594251274458	-0.12324229363854547	0.011438495192104036	-0.1471558132813222	0.0030584803214803416	-0.15093920774655964	-0.1121637948234487	-0.08108961283843187	-0.06825699054663278	0.13846932121905958	0.029525546399293306	0.18249677721556626	-0.10815814605105298	-0.050257762539061106	-0.11657346438833636	-0.09670082140868415	-0.03557826883540893	-0.0917067209178848	-0.025739016014882776	0.10542725836651935	-0.07993404822178482	-0.002903128380245874	0.11835035415640645	-0.013142804182755432	-0.011223999654692705	-0.07776332636436396	0.08846943574239825	0.044631025380712494	-0.030380069950300164	0.004015841224826806	0.10437051476184503	-0.13614594451669826	-0.03697648645209904	-0.08420294154140044	0.07711669292483997	-0.05011942036228304	0.034503967629834674	0.07810482142650131	-0.022049150500417055	0.023985527162476795	0.08101173030248345	0.06978940852467577	-0.16716523371665182	0.013062462253866576	-0.012641606376460108	-0.08927568575755701	0.07944602100812562	0.10920015586970677	0.08123675106016642	-0.052366722120627894	0.13499593314900943	-0.03449758555225877	0.02680210833341885	-0.07201570579607079	0.05090160149699836	0.07256296424080905	0.007466915614617954	0.0002360410755624194	0.11094669855465984	0.10603327639593446	-0.03947946777611775	-0.038556875117900756	-0.03437158466279241	0.023865577227396677	0.06015970998174414	-0.005067083155107926	-0.007550430678669077	-0.011173037772064834	0.00030678908733206196	-0.07408108001241981	-0.0658703108532918	-0.02298799436585325	-0.08226846755728623	0.08677404643980129	-0.012454323166623569	-0.01264441289783936	-0.019569974755413055	0.01858379980044911	0.046771592362551934	0.024638290315635424	0.009111871200808338	0.033224493956649226	0.0037234315484058213	0.008121626103383447	-0.0015739744068344068	0.003491175474845184	-0.01257938612422869	-0.03126433749558808	-0.006730279711160309	-0.0290762645111818	0.006563312038906809	0.011757686418567974	-0.00351615950744325	-0.016293962274970958	-0.01410942911543463	0.011229494897303204	-0.002140510353857429	0.00694886281764884	-0.005347395535474957	0.022325357435768047	-0.005668582033841508	-0.008589429021402297	0.0009090234253135983	-0.012619386972887467	0.003203913167947628	0.01939496324582787	-0.0019261058353183549	0.00037269515481691085	0.0008760288872384388	-0.0014840395733795374	0.006719262311413215	-0.00037895362408926997	-0.0027150490295838126	-0.001831339778157845	0.0006310208279697337	-0.00424842434627094	0.0005017836346736464	-0.001516075490334243	-0.00047433230977123487	-0.0	0.0	0.0	0.0	0.0	0.0	0.0	0.0	0.0	0.0	0.0	0.0	0.0	0.0	0.0	0.0	0.0	0.0	0.0	0.0	0.0	0.0	0.0	0.0
SRR29856095	0.06389585331080284	0.037818204584724374	-0.233867068304852	-0.02644672891749504	0.19061129824876627	0.15433597138895286	-0.18483702213665013	0.09217266703972313	0.04446204368555201	-0.07371611455728908	0.11645372058054294	-0.1435608562091647	-0.16770707731117712	-0.02138187980145813	-0.011561476839659	-0.11551509125565232	-0.049238447660270426	0.11200417654423768	-0.017727924295786353	0.006170436228959624	-0.03685882511030953	-0.013368326795645867	0.015311594120307517	0.08508323102739518	0.04293248079000329	0.003444363296130988	0.0012366017007857649	0.0392049909315811	-0.011565480581370774	-0.00948308024037197	0.003923304485878847	0.1262506627197046	-0.0257560573150111	-0.006619223208640265	0.011724755360177615	-0.11102634294111526	-0.04156902534904205	-0.10521447969626181	-0.05306129356159143	0.014408932921764378	0.04393029306693827	0.03713600988899949	0.006044156581476796	0.060606571255975135	0.04075443576174785	0.05407154133044784	0.053551142103365416	0.034186972997017964	0.0058469041063650695	-0.05772469684203151	0.06952678973249146	0.012140247171220545	0.10702446238854937	-0.0946384359694298	0.019723900213586446	-0.021780661761944126	0.03127102528905823	-0.032652423937653344	0.03852216188902122	-0.006167191107011341	0.0751754747171642	0.059186548288702095	-0.00920334468594959	0.030321784622573067	-0.06079951180163995	0.002829006135526816	-0.06609613606905532	0.060190228396066976	-0.019539984135127836	-0.005912616183583149	0.04389908765932507	0.066309073588541	0.026198262835939772	0.00932820387543092	-0.031095087368223154	0.04356355572149762	0.0187309529590385	0.07406247987201042	-0.048993714002213376	0.01614907649037756	0.02706178463589521	-0.00611593280966623	0.039673030191847605	-0.010319658771592438	-0.03311315141524822	0.045925021868153636	0.012287696898658223	0.032347404962762484	-0.010826455077223057	-0.0025982384320966836	0.033985037052017976	-0.021289180341462464	-0.05195059700855832	0.0207435976404578	-0.0549261670666468	0.008429573810680931	-0.06950310484285442	-0.012772326126336862	0.0004703031901775968	0.01389493473059517	-0.0035881123485302377	0.024830423002667915	0.004472482225529545	0.01022263401154465	-0.016303851573086767	-0.012314943356553615	-0.011091465324821498	-0.010538081645994865	0.013147065534418708	-0.013708741783691636	0.003935997110067674	0.003928347857281765	-0.009941824981736926	0.008804342400793119	-0.008727242297204481	-0.006759985667658014	-0.004025229837138358	0.007399608370543873	0.004910074599710237	-0.0	0.0	0.0	0.0	0.0	0.0	0.0	0.0	0.0	0.0	0.0	0.0	0.0	0.0	0.0	0.0	0.0	0.0	0.0	0.0	0.0	0.0	0.0	0.0
SRR29856096	-0.01461903801808719	0.33955337655273504	-0.07808164921724871	0.08418396930928906	0.06733543915696051	0.04779573989796456	-0.03833172928988715	-0.15058144420882508	0.13709454031542168	-0.03389619117418942	0.1878233713936948	0.02926953355712644	0.04562297472030143	-0.040222606770440164	0.061906937366944303	0.06549816389750163	-0.1370297446415785	-0.015664758623934835	-0.06430994632947144	0.21023463077711566	0.030016968247785325	-0.0874133851483448	0.036709564064018534	-0.0380219484211396	-0.032438015014719095	0.039204767013859596	-0.056299583757102784	-0.03692728658747283	-0.09912335646201924	0.014721826415156432	-0.054956634860755325	0.0012430366261487252	-0.0347218364801189	-0.02232459310424445	0.08176900142541406	0.03768213703810036	-0.0015123768488825473	0.011848589073184033	0.03315577638078335	0.022458058800550948	-0.003953482583413723	0.04395822672299319	0.04454848097571255	-0.047378038744997214	0.010005303763415949	0.010368030453666415	0.013583599574293104	-0.012042649493737166	-0.0004570250175388448	0.006403896770283992	0.055218764968251684	0.019592029608520006	-0.04865984812466371	0.012809394634968916	0.028804006895549912	-0.041754679332868375	-0.009054187838937565	-0.0367282703013531	0.005327844765277129	-0.008097135603392857	0.004580452259854215	-0.032919209181787756	-0.05910751652098257	0.03901869140875175	-0.10282830785386102	0.035778772130692686	-0.03256198974798344	-0.044323904461807874	-0.07662260857388734	0.0007329370459805641	0.011851084194154666	-0.03545986801455262	0.020631523614372312	0.012921390652221011	0.0603130766040827	0.020884881353174112	-0.03255459867395516	-0.04478070146426036	-0.012622256924987496	-0.02044551037541731	-0.013403580255530843	0.003227082482849222	0.0005576183463613547	0.014946260928839737	0.019924275787092875	0.009417537033597033	0.0008829966296282983	-0.012900865444631907	-0.01940226626776897	-0.01634059842545471	-0.0064386096263128936	-0.003445844253779111	0.0014591892959832274	-0.04566347334501262	0.027199791930889804	-0.0387736076784627	-0.011345159094312595	-0.032236636344606426	-0.07859259268043776	0.0034050708023039503	0.06512300077136016	0.027288831424543133	-0.003714480516322645	0.0032201898616528706	-0.040582740659398715	-7.165482644910456e-05	-0.021894124672064075	-0.014747565979357466	-0.0026776453017975433	-0.009520961718647131	0.008850514043957758	0.024712208744601175	0.0051826777599514795	0.011872261438405661	0.00670126106039304	-0.011946016316296148	0.013173955839327834	-0.005702037389254971	-0.0008759052064284496	-0.0	0.0	0.0	0.0	0.0	0.0	0.0	0.0	0.0	0.0	0.0	0.0	0.0	0.0	0.0	0.0	0.0	0.0	0.0	0.0	0.0	0.0	0.0	0.0
SRR29856097	0.04087770158267895	-0.019370191435854663	-0.26468320264668105	0.10518806934244064	-0.16753343628351566	0.23068955236377042	-0.23454409678268354	-0.02345243098143383	0.061076075966589496	0.06210309881734604	0.1668815699795539	0.04033217998782333	0.05107778005100744	-0.07804850204055935	-0.050356111139081595	-0.00366041051687338	-0.01761275365918095	-0.04149122226331461	0.1428632779526656	-0.07585892379641078	-0.040467519909452784	0.03551630958575514	0.04920477264877348	-0.0690697155724957	-0.050849348859397035	0.0273212546024891	0.009306349534666745	0.041102593844167555	-0.012807052497184706	0.12494149897690021	-0.03972237676323565	-0.025161437204578436	0.01906358616034084	0.029555044540360936	0.0428610532510845	0.07847724245684697	0.027702845362439363	-0.02779043101748852	-0.019524341360442503	-0.08876259930132753	-0.01600496017292147	-0.033488829155344034	-0.021860742211545284	-0.001379593683179105	0.012290523301059507	-0.007610719287548334	-0.09609893190972356	-0.028734149093543226	0.010201844190764378	0.003008831622726905	0.026663728412976512	0.09028399263410865	0.013492955095812154	-0.02306816217082707	0.005969016142551735	0.05632808327889593	0.04383267645869701	0.06813361456037988	-0.001105030257260866	-0.024079593481503327	0.015154535599925056	0.04808427215320409	-0.0255639354204166	-0.008482191747583164	0.006290351186647797	-0.014649574746757496	0.030663326237166603	0.03714041860343547	0.03286654790590243	0.011410163622025396	-0.012092318733110202	0.00023735536026273479	-4.4145144998842846e-05	-0.000600906137503506	0.02980369392370599	0.003303745890453089	-0.06379488326476097	-0.008994146950829819	0.056084075343466315	-0.014878650618500853	-0.008605416877093415	0.0075132266921304775	-0.02489372876686376	-0.007044678698255856	-0.016347596954830203	0.013339398914055058	0.009127522166070774	0.013527802894605307	-0.004162443910824443	0.014770440035833927	0.006926040293730582	0.0047459022542650775	0.018778203815089625	0.0008420594501882503	0.0022952292997953784	-0.007964217144257955	0.004105349727814362	-0.002679541389659757	-0.033444582082774635	0.006480056670899326	-0.0071452168327746195	-0.014463124294979427	0.00019970022217470762	-0.011231028725025948	-0.006804248870679602	0.006441456863000788	0.011920248841361992	0.0169922305117447	0.021317950391068548	0.01667288797980582	-0.005912211640873663	-0.005204427421990197	-0.010704538811887506	-0.007581261627328388	0.02345399780904486	0.0002486009931169244	-5.311376502284938e-05	0.014913863108204178	0.003398603426310348	-0.0	0.0	0.0	0.0	0.0	0.0	0.0	0.0	0.0	0.0	0.0	0.0	0.0	0.0	0.0	0.0	0.0	0.0	0.0	0.0	0.0	0.0	0.0	0.0
SRR29856098	0.0427234889580624	-0.1683788620082782	0.09615468362736125	-0.12029027264086928	0.03239142170615901	-0.17523318041959454	-0.17637931697371223	-0.03686432809795605	0.03359331457958764	0.13607433844816652	-0.10034707949405257	-0.027999112402768405	-0.12143100861728855	0.051542798657285525	0.04155419842251366	0.12246403843827036	-0.004891283777517292	-0.12660979841787445	-0.008601392089201673	0.025035198079083477	-0.10572629675295227	0.03274243236476423	0.05896229317785574	-0.15140173189236897	-0.0033596544873043532	-0.0040840080834170945	0.04526266861100771	-0.0756722267825224	-0.047825115506567234	-0.016733311335011623	-0.1264065475858115	-0.06836162283740395	0.1002258477124866	-0.012496914487152134	-0.05464163842026829	0.0630244087735028	-0.014381173205980822	0.030277682472557143	-0.039566286577260204	0.003932988038327608	0.1309715615851514	-0.09767620671995239	0.017305724090655464	-0.00297683337602736	-0.024877957102635902	0.12684987859761687	0.04715577678591726	-0.12506406201468515	-0.017129442073235607	-0.07423166474519823	0.07228151705173748	0.01161389672411824	0.040056793195149376	0.05695310352660029	-0.10015975992436166	0.017956293861116215	0.03794635464125077	-0.06650609055195335	0.005569534205890245	0.009333445344262175	0.02994382173673897	0.03471249905814545	0.0020837429800461315	-0.08180578132195344	-0.07542270723314372	0.03877108152660352	-0.053257152969268445	-0.0456723727098509	-0.02146863614409567	-0.04920466081184864	0.054309641415774275	0.014511777863877607	0.009511790067945046	-0.023889243709487078	-0.01905678884020553	-0.0006426933114706054	-0.03265722608602496	-0.023539214965382763	0.004729583775312464	-0.015202756788676353	-0.011630138862656889	0.05729626791462098	-0.03449829239147472	-0.019934440684103393	-0.013494327853087693	-0.0224559311762532	0.02211961961420166	-0.004028368721193785	-0.0077406926447053945	-0.016988991170950065	0.021711509379683663	-0.004463701774549476	-0.020280788753039364	0.04049645040417272	0.0013280929486750679	-0.032269017888389324	0.004298125684530464	-0.0009267903004404445	-0.00950855034423274	0.006330767384638747	0.005335887509848738	-0.02412236675501111	0.007278091788615113	0.0065950188678458675	-0.003907078710738892	0.03380213629918552	-0.01840401670580924	-0.002119022079224101	-0.009772336743490173	-0.012586200639503251	-0.0016266235067383529	-0.010900560767480931	0.0012232636114415335	-0.02178865079988871	-0.004114449137320874	-0.0008569993602515456	-0.00488163842464826	0.007912990668483687	-0.0018279715805374491	-0.0	0.0	0.0	0.0	0.0	0.0	0.0	0.0	0.0	0.0	0.0	0.0	0.0	0.0	0.0	0.0	0.0	0.0	0.0	0.0	0.0	0.0	0.0	0.0
SRR29856099	-0.007781147944620094	-0.05174994629746115	-0.0944614618116426	-0.19347909006308567	0.035217596706455793	0.023242752036266003	-0.07955831583721211	-0.0392281663098501	-0.01938006381720603	-5.950429999180082e-05	-0.11680269173366188	-0.018064088692331812	-0.007661868201648466	-0.06202517945171184	-0.05025118725786257	0.25867096459769606	0.07013649628444603	-0.03218051773820667	-0.06959152663241795	0.10350429256852141	0.20077546804003576	0.1002187832468855	-0.0063045454192528095	0.012035693305886785	0.05801266347553325	0.02522042183359495	-0.11653076296781559	0.06413286105864414	0.1641267910150459	0.008063697105325854	0.03158061298417582	0.12938743549545398	0.06322266615300245	0.03931596366784325	-0.09068467117685408	-0.0050570402561854215	-0.09109971967089048	-0.06991401516228887	-0.06841268024861964	-0.09113548194331282	-0.06892076207875142	0.08262694831864846	-0.12913352796282151	0.04108659935608974	-0.05658361624191176	0.07416765796041223	0.07341777348882393	-0.14231439730252585	0.045709515520842334	0.08662332917090383	0.015553904238490589	-0.07884693173067336	0.02494677358226979	0.06582051384872087	-0.024476175165081826	-0.0516343613611556	0.0347188861863421	-0.023048583391330087	0.0021560834195822522	0.014042388724085838	0.042475280858320946	-0.02082653576930292	-0.033434942944677436	0.027304036905986654	-0.0041396196906713185	0.05346969445410955	0.022594307516169344	0.026351735933789092	0.007110848440304856	-0.0021061827970570873	-0.041484313877964675	-0.0060297529094088635	-0.06108073755084392	0.03812232162506485	0.01716220941581454	0.013435500573494708	0.00015843424939622003	-0.016053227490138832	0.03812321250017543	-0.016199104757849022	-0.0197408671369098	-0.005504946309616344	-0.035911980259658596	-0.05933782784691462	-0.013321945378059719	0.040685537791901406	-0.0045967528775239	-0.03690436158119632	-0.03406761079267066	-0.016659185206625016	0.027573476824036342	-0.005066371975737691	-0.011887342794658895	-0.0457530713657283	0.02018468374031935	0.015048651148461782	-0.014692469142420362	0.0018977842503441814	0.0025471582784358906	0.0007722877478481368	-0.03324137747833532	-0.011798695330567006	-0.0009680846042045472	-0.01077064201595622	0.001586176447839273	0.015653772888436508	0.011745379391340382	-0.005970483044251571	0.01017582454719972	0.0017340731898926175	-0.0028011795466392365	0.006761653210927667	-0.0022311904862977244	0.014335735620567816	0.00240715220647737	0.004233829547467777	0.012140610106989901	0.0035549331436093147	0.0010220956646909097	-0.0	0.0	0.0	0.0	0.0	0.0	0.0	0.0	0.0	0.0	0.0	0.0	0.0	0.0	0.0	0.0	0.0	0.0	0.0	0.0	0.0	0.0	0.0	0.0
SRR29856102	0.12008986151393522	-0.05223655467636203	-0.09002040103040881	0.07158474946366351	0.16992883466112527	0.1525790161281004	-0.1727403141080529	-0.21001362781196364	0.04309807016320329	-0.12342524159485865	0.1460204383999833	-0.022580332798981848	0.04259115675791008	-0.012743374174748223	0.03537298387504639	-0.029741037660100198	0.05605650469942145	-0.02348765890580824	0.04725543710623307	-0.014886300471699443	0.012085975349197179	-0.0031917637061902398	0.010236441548298355	-0.10439847429976007	-0.08508297799135572	0.07737338815646344	-0.03058487655386735	-0.04044588447953704	-0.024596687496148937	-0.006288729796364572	0.04124814796873659	0.0643935858106111	0.061964320219852057	-0.11083792190375616	-0.008970392427862663	-0.06467762950349527	0.016159695827263024	-0.011892225424104398	-0.03315539714780401	0.006938727481907477	-0.0040414188833714105	-0.05650808731624277	-0.026350221114195698	-0.025794918775347425	0.056541576372686114	-0.013307742232412007	-0.012034549730033059	0.0076371036410195665	0.025430860649974414	-0.03273861681603354	0.060873428864946816	-0.07976054388057223	-0.011692026939557855	0.015000508783672114	0.04227595380611993	-0.09401266546890545	-0.04495390082149031	-0.013081922109320935	-0.0364702885696248	0.04386691997590181	-0.006130737325560916	0.02432865284433996	-0.03081530406952732	-0.03521227678379997	0.08315570848406344	0.021047209353488604	0.08424423770170157	-0.10667299280293202	0.007234689558810124	0.020440041934069987	0.016777523712081608	1.1893067933832603e-06	0.07139203737655987	-0.027754541927102694	-0.07001492817924718	0.03947270896321524	-0.0028287447455243686	-0.059093833504427914	0.014196717249066083	0.06290248486327657	-0.0201699608358517	-0.05086303741564539	-0.022819343560918248	0.017649556843290847	0.053149769227035897	0.014082258394954628	-0.034247945953070076	0.010587673834076817	0.024176317790214223	-0.06341612213857076	0.015882022166091147	-0.05857790236451118	-0.04190555368171217	0.0018467700838235076	-0.027543614632554007	0.0292651608638459	0.007102955739257012	0.009677594618738348	0.026266134781065254	-0.009537072304423879	-0.010154714218834645	-0.020160667827175467	-0.007186069450295003	0.02035748701260735	-0.0007335281324018037	0.015000997047959297	0.027623743758581322	0.00040167518887880793	0.0013376221199216038	0.0005604429231258599	-0.0023170467929173907	-0.006899355178942716	0.006422667296736925	-0.01564490253350534	0.014235168111330996	0.0014918660110265836	0.0008385721470223577	-0.0007697047135354736	0.0025336242525622983	-0.0	0.0	0.0	0.0	0.0	0.0	0.0	0.0	0.0	0.0	0.0	0.0	0.0	0.0	0.0	0.0	0.0	0.0	0.0	0.0	0.0	0.0	0.0	0.0

Biplot	0	0

Site constraints	0	0
