	SRR23478191	SRR23478195	SRR23478196	SRR23478197	SRR23478198	SRR23478199	SRR23478200	SRR23478201	SRR23478202	SRR23478203	SRR23478204	SRR23478205	SRR23478206	SRR23478207	SRR23478208	SRR23478209	SRR23478210	SRR23478211	SRR23478212	SRR23478213	SRR23478214	SRR23478215	SRR23478216	SRR23478217	SRR23478218	SRR23478220	SRR23478227	SRR23478228	SRR23478229	SRR23478230	SRR23478231	SRR23478232	SRR23478233	SRR23478234	SRR23478235	SRR23478236	SRR23478237	SRR23478238	SRR23478239	SRR23478240	SRR23478241	SRR23478242	SRR23478243	SRR23478244	SRR23478245	SRR23478246	SRR23478247	SRR23478248	SRR23478249	SRR23478250	SRR23478251	SRR23478252	SRR23478253	SRR23478254	SRR23478255	SRR23478256	SRR23478257	SRR23478258	SRR23478259	SRR23478260	SRR23478261	SRR23478262	SRR23478263	SRR23478264	SRR23478265	SRR23478266	SRR23478267	SRR23478268	SRR23478269	SRR23478270	SRR23478271	SRR23478272	SRR23478273	SRR23478274	SRR23478275	SRR23478276	SRR23478277	SRR23478278	SRR23478279	SRR23478280	SRR23478281	SRR23478282	SRR23478283	SRR23478284	SRR23478285	SRR23478286	SRR23478287	SRR23478288	SRR23478289	SRR23478290	SRR23478291	SRR23478292	SRR23478293	SRR23478294	SRR23492483	SRR23492508	SRR23492516	SRR23492517	SRR23492518	SRR23492520	SRR23492521	SRR23492522	SRR23492523	SRR23492524	SRR23492525	SRR23492530	SRR23492531	SRR23492532	SRR23492534	SRR23492545	SRR23492546	SRR23492547	SRR23492549	SRR23492550	SRR23492551	SRR23492553	SRR23492554	SRR23492555	SRR23492556	SRR23492560	SRR29856071	SRR29856073	SRR29856074	SRR29856077	SRR29856079	SRR29856080	SRR29856082	SRR29856083	SRR29856085	SRR29856086	SRR29856087	SRR29856088	SRR29856090	SRR29856091	SRR29856092	SRR29856093	SRR29856094	SRR29856095	SRR29856096	SRR29856097	SRR29856098	SRR29856099	SRR29856102
SRR23478191	0.0	0.9697404045230132	0.947603121516165	0.8921802834846313	0.9523809523809523	0.9109730848861284	0.9394808090460265	0.9491957318044275	0.94951425386208	0.94824016563147	0.9608217869087434	0.9420289855072463	0.9103360407708234	0.8816690555820991	0.9350215002388915	0.9170250039815258	0.9066730371078198	0.9526994744386049	0.9361363274406753	0.9617773530817009	0.9291288421723204	0.8168498168498168	0.9343844561235866	0.8875617136486702	0.9409141583054627	0.926899187768753	0.9737219302436694	0.9404363752189839	0.9073100812231247	0.9114508679726071	0.9246695333651855	0.9477623825449912	0.957955088389871	0.9270584487975793	0.8709985666507406	0.9184583532409619	0.9448956840261188	0.9504698200350374	0.8918617614269788	0.9576365663322185	0.9421882465360726	0.9597069597069597	0.9007803790412486	0.919732441471572	0.9757923236184106	0.9318362796623666	0.8960025481764612	0.9491957318044275	0.9853479853479854	0.9069915591654722	0.9609810479375697	0.9526994744386049	0.9343844561235866	0.9635292243987896	0.8165312947921644	0.854435419652811	0.9468068163720338	0.8270425226946966	0.8979136805223762	0.9748367574454531	0.9254658385093167	0.894569198917025	0.9362955884695016	0.9821627647714605	0.9506290810638637	0.9096989966555183	0.9541328236980411	0.9025322503583373	0.9737219302436694	0.9133620003185221	0.8991877687529861	0.9794553272814143	0.9530179964962574	0.9694218824653608	0.9827998088867654	0.9480809046026437	0.980570154483198	0.9149546106067845	0.9555661729574773	0.9638477464564421	0.9345437171524128	0.9420289855072463	0.9493549928332538	0.9084249084249084	0.9283325370281892	0.9415512024207676	0.937888198757764	0.9601847427934385	0.9082656473960822	0.8934543717152413	0.9464882943143813	0.9488772097467749	0.9593884376493073	0.9622551361681796	0.9439401178531613	0.8996655518394648	0.979933110367893	0.9356585443541965	0.9254658385093167	0.8807134894091416	0.968307055263577	0.9218028348463131	0.9855072463768116	0.94569198917025	0.9620958751393534	0.8851727982162765	0.8942506768593725	0.935977066411849	0.9493549928332538	0.9560439560439561	0.8674948240165632	0.9391622869883739	0.9335881509794554	0.9329511068641504	0.9329511068641504	0.9388437649307214	0.9229176620480968	0.969581143494187	0.9251473164516643	0.9581143494186972	0.9383659818442427	0.924351011307533	0.9425067685937251	0.8321388756171365	0.9116101290014333	0.955406911928651	0.854435419652811	0.9219620958751393	0.8039496735148909	0.9124064341455645	0.8759356585443542	0.9517439082656474	0.883580187928014	0.885491320273929	0.8507724159898072	0.9413919413919414	0.9737219302436694	0.8418537983755375	0.9761108456760631	0.8697244784201306	0.9401178531613315	0.8982322025800287	0.8186016881669056
SRR23478195	0.9697404045230132	0.0	0.9380474597865902	0.9698996655518395	0.9496735148909062	0.9571587832457398	0.9488772097467749	0.956681000159261	0.9539735626692148	0.8760949195731804	0.9705367096671444	0.8811912724956203	0.9526994744386049	0.9394808090460265	0.9711737537824494	0.9181398311833094	0.9391622869883739	0.9329511068641504	0.915273132664437	0.9765886287625418	0.9323140627488453	0.9509476031215162	0.9630514413123109	0.9644847905717471	0.9740404523013219	0.9845516802038541	0.9764293677337156	0.9511068641503424	0.9081063863672559	0.956681000159261	0.9611403089663959	0.955406911928651	0.9710144927536232	0.9765886287625418	0.9552476508998248	0.9619366141105271	0.9498327759197325	0.9238732282210543	0.9404363752189839	0.9732441471571907	0.9356585443541965	0.9781812390508042	0.9025322503583373	0.9577958273610447	0.9802516324255455	0.9584328714763497	0.9141583054626533	0.9673514890906195	0.9804108934543717	0.9514253862079949	0.9410734193342889	0.9705367096671444	0.9823220258002867	0.9655996177735309	0.94696607740086	0.9770664118490205	0.9984073897117376	0.9713330148112757	0.9893295110686415	0.8912247173116739	0.9620958751393534	0.9351807612677178	0.9538143016403886	0.99745182353878	0.9949036470775601	0.7582417582417582	0.9420289855072463	0.9614588310240484	0.9571587832457398	0.990285077241599	0.9538143016403886	0.9796145883102405	0.9832775919732442	0.9617773530817009	0.9530179964962574	0.9692626214365345	0.9912406434145564	0.9595476986781335	0.9769071508201943	0.9636884854276159	0.9620958751393534	0.9542920847268673	0.9716515368689281	0.9638477464564421	0.9116101290014333	0.9539735626692148	0.9968147794234751	0.9648033126293996	0.9385252428730689	0.8904284121675426	0.9820035037426342	0.9692626214365345	0.9775441949354993	0.924988055422838	0.959229176620481	0.9638477464564421	0.9784997611084567	0.9493549928332538	0.9804108934543717	0.9630514413123109	0.9713330148112757	0.9770664118490205	0.9635292243987896	0.9512661251791686	0.9506290810638637	0.9804108934543717	0.9654403567447045	0.8458353240961937	0.9264214046822743	0.9710144927536232	0.9741997133301481	0.9652810957158783	0.9628921802834847	0.9211657907310081	0.9605032648510909	0.957318044274566	0.957318044274566	0.9536550406115624	0.9641662685140946	0.9778627169931517	0.9735626692148431	0.9577958273610447	0.967032967032967	0.9593884376493073	0.9643255295429208	0.9789775441949355	0.9665551839464883	0.9622551361681796	0.9565217391304348	0.9743589743589743	0.967670011148272	0.9657588788023571	0.978659022137283	0.977384933906673	0.9746774964166268	0.9738811912724956	0.9628921802834847	0.990285077241599	0.9816849816849816	0.9649625736582258	0.9369326325848065	0.9757923236184106	0.9718107978977544
SRR23478196	0.947603121516165	0.9380474597865902	0.0	0.852524287306896	0.8009237139671922	0.8899506290810638	0.8241758241758241	0.8416945373467113	0.9754738015607581	0.8372352285395763	0.9069915591654722	0.8859691033604077	0.829909221213569	0.8444019748367575	0.9703774486383182	0.8209906035992992	0.9641662685140946	0.9294473642299729	0.7773530817009078	0.9769071508201943	0.8772097467749642	0.8917025003981526	0.9439401178531613	0.8573021181716833	0.9361363274406753	0.9931517757604714	0.9562032170727823	0.8934543717152413	0.9007803790412486	0.9316770186335404	0.954769867813346	0.9294473642299729	0.9039655996177736	0.9726071030418857	0.9660774008600096	0.945054945054945	0.9332696289218029	0.8920210224558051	0.885491320273929	0.9522216913521261	0.9168657429526995	0.9772256728778468	0.917821309125657	0.94824016563147	0.9807294155120242	0.9022137283006848	0.9307214524605829	0.9343844561235866	0.9928332537028189	0.9442586399108138	0.959229176620481	0.9678292721770982	0.9955406911928651	0.9589106545628284	0.9160694378085682	0.9410734193342889	0.9982481286829112	0.9617773530817009	0.9622551361681796	0.8808727504379679	0.9721293199554069	0.9006211180124224	0.9487179487179487	0.998088867654085	0.9963369963369964	0.8881987577639752	0.9316770186335404	0.9655996177735309	0.9291288421723204	0.9853479853479854	0.9415512024207676	0.9802516324255455	0.9971333014811276	0.9539735626692148	0.977384933906673	0.9493549928332538	0.9869405956362478	0.9652810957158783	0.9802516324255455	0.9490364707756012	0.9555661729574773	0.9734034081860169	0.9706959706959707	0.9748367574454531	0.870043000477783	0.9562032170727823	0.9972925625099538	0.9477623825449912	0.9753145405319318	0.9003025959547699	0.9818442427138079	0.9507883420926899	0.955406911928651	0.9665551839464883	0.947603121516165	0.7456601369644847	0.9552476508998248	0.9141583054626533	0.9904443382704252	0.9636884854276159	0.9562032170727823	0.9528587354674312	0.9628921802834847	0.84472049689441	0.9405956362478102	0.9662366618888358	0.934702978181239	0.8665392578436056	0.8547539417104635	0.9706959706959707	0.9530179964962574	0.9133620003185221	0.7759197324414716	0.8789616180920529	0.9595476986781335	0.914636088549132	0.9246695333651855	0.8434464086637999	0.9345437171524128	0.9012581621277274	0.9386845039018952	0.8633540372670807	0.9117693900302596	0.9394808090460265	0.8429686255773212	0.8730689600254817	0.9326325848064978	0.9273769708552317	0.8789616180920529	0.9671922280617933	0.9380474597865902	0.8458353240961937	0.9208472686733556	0.9571587832457398	0.9627329192546584	0.9775441949354993	0.7410415671285236	0.9926739926739927	0.9941073419334289	0.9202102245580507	0.8130275521579869	0.811753463927377	0.9291288421723204
SRR23478197	0.8921802834846313	0.9698996655518395	0.852524287306896	0.0	0.9135212613473483	0.9426660296225514	0.8389870998566651	0.9020544672718586	0.9730848861283644	0.905558209906036	0.9179805701544832	0.9490364707756012	0.873228221054308	0.9214843127886606	0.9534957795827361	0.8975951584647237	0.9640070074852684	0.9493549928332538	0.8573021181716833	0.9859850294632904	0.9205287466157032	0.9052396878483835	0.9429845516802039	0.8362796623666189	0.9319955406911928	0.987099856665074	0.9886924669533366	0.9157509157509157	0.9265806657111005	0.9288103201146679	0.9538143016403886	0.9326325848064978	0.9179805701544832	0.9515846472368211	0.9493549928332538	0.9370918936136328	0.9108138238573021	0.9316770186335404	0.9122471731167383	0.957318044274566	0.9331103678929766	0.9781812390508042	0.9542920847268673	0.9498327759197325	0.9812071985985029	0.9657588788023571	0.9477623825449912	0.9576365663322185	0.9891702500398153	0.9452142060837713	0.9582736104475235	0.9705367096671444	0.9418697244784201	0.9858257684344641	0.9046026437330785	0.9205287466157032	0.9807294155120242	0.9299251473164517	0.9452142060837713	0.9437808568243351	0.9643255295429208	0.9079471253384297	0.9515846472368211	0.9917184265010351	0.9729256250995382	0.94569198917025	0.9616180920528746	0.9574773053033923	0.9687848383500557	0.990285077241599	0.9413919413919414	0.9855072463768116	0.9646440516005733	0.9837553750597229	0.9697404045230132	0.9606625258799172	0.9853479853479854	0.9541328236980411	0.9703774486383182	0.9823220258002867	0.9616180920528746	0.9418697244784201	0.9775441949354993	0.9550883898709985	0.9329511068641504	0.9732441471571907	0.9391622869883739	0.9778627169931517	0.9802516324255455	0.9433030737378564	0.977384933906673	0.9837553750597229	0.9796145883102405	0.967670011148272	0.9732441471571907	0.8780060519190954	0.990285077241599	0.9622551361681796	0.9523809523809523	0.9327918458353242	0.9597069597069597	0.9286510590858417	0.9724478420130594	0.902372989329511	0.9691033604077083	0.9262621436534481	0.9318362796623666	0.9167064819238733	0.9307214524605829	0.9888517279821628	0.9571587832457398	0.9326325848064978	0.8808727504379679	0.9383659818442427	0.957318044274566	0.9340659340659341	0.9358178053830227	0.9163879598662207	0.922439878961618	0.9222806179327918	0.9464882943143813	0.9638477464564421	0.9305621914317567	0.9302436693741042	0.8794394011785316	0.9781812390508042	0.9079471253384297	0.9600254817646122	0.875139353400223	0.9544513457556936	0.9090619525402134	0.8975951584647237	0.9324733237776716	0.9721293199554069	0.9240324892498806	0.9797738493390667	0.9534957795827361	0.9151138716356108	0.9901258162127727	0.9491957318044275	0.8889950629081064	0.8947284599458513	0.917184265010352
SRR23478198	0.9523809523809523	0.9496735148909062	0.8009237139671922	0.9135212613473483	0.0	0.9122471731167383	0.8754578754578755	0.894569198917025	0.957318044274566	0.8837394489568403	0.9246695333651855	0.9125656951743908	0.8840579710144928	0.8216276477146043	0.9440993788819876	0.8023570632266285	0.9125656951743908	0.9531772575250836	0.7862716993151776	0.9678292721770982	0.8816690555820991	0.8582576843446409	0.934702978181239	0.8165312947921644	0.8861283643892339	0.9734034081860169	0.9807294155120242	0.9125656951743908	0.8249721293199554	0.9079471253384297	0.9440993788819876	0.94824016563147	0.8504538939321548	0.9612995699952221	0.950151297977385	0.8888358018792801	0.9426660296225514	0.8721133938525243	0.9090619525402134	0.9267399267399268	0.8764134416308329	0.9530179964962574	0.8778467908902692	0.9633699633699634	0.9617773530817009	0.9288103201146679	0.9304029304029304	0.906832298136646	0.9920369485586877	0.8991877687529861	0.9251473164516643	0.9084249084249084	0.9933110367892977	0.985188724319159	0.912724956203217	0.9831183309444179	0.9920369485586877	0.9694218824653608	0.9691033604077083	0.8708393056219144	0.9619366141105271	0.9167064819238733	0.9125656951743908	0.99745182353878	0.9944258639910813	0.8749800923713967	0.8655836916706482	0.9409141583054627	0.919732441471572	0.9850294632903328	0.9391622869883739	0.9874183787227265	0.9963369963369964	0.9906035992992515	0.9519031692944736	0.9791368052237618	0.9882146838668577	0.9329511068641504	0.9727663640707119	0.9431438127090301	0.9808886765408504	0.9104953017996497	0.937888198757764	0.9823220258002867	0.905558209906036	0.959229176620481	0.9848702022615066	0.9719700589265806	0.9434623347666826	0.9076286032807772	0.9388437649307214	0.9772256728778468	0.9734034081860169	0.905558209906036	0.9340659340659341	0.9092212135690396	0.9934702978181239	0.9420289855072463	0.9800923713967192	0.969581143494187	0.9722885809842332	0.9292881032011466	0.9417104634495939	0.8585762064022934	0.965121834687052	0.9730848861283644	0.9053989488772097	0.8655836916706482	0.8733874820831342	0.9748367574454531	0.9428252906513777	0.9390030259595477	0.8875617136486702	0.8878802357063227	0.9136805223761746	0.8662207357859532	0.9421882465360726	0.9560439560439561	0.9230769230769231	0.9332696289218029	0.9523809523809523	0.9409141583054627	0.94824016563147	0.9452142060837713	0.8316610925306578	0.9944258639910813	0.9025322503583373	0.9512661251791686	0.9458512501990762	0.9756330625895844	0.9315177576047141	0.9409141583054627	0.9426660296225514	0.9605032648510909	0.9412326803631151	0.9772256728778468	0.9612995699952221	0.9726071030418857	0.9888517279821628	0.9436215957955089	0.8248128682911292	0.9116101290014333	0.8802357063226628
SRR23478199	0.9109730848861284	0.9571587832457398	0.8899506290810638	0.9426660296225514	0.9122471731167383	0.0	0.6494664755534321	0.8308647873865265	0.9401178531613315	0.8907469342251951	0.8789616180920529	0.4335085204650422	0.8413760152890588	0.8853320592451027	0.9273769708552317	0.8979136805223762	0.9128842172320433	0.507087115782768	0.7066411849020545	0.9205287466157032	0.89520624303233	0.8834209268991877	0.9313584965758879	0.8681318681318682	0.8780060519190954	0.9729256250995382	0.47889791368052237	0.8780060519190954	0.8211498646281254	0.9100175187131709	0.9361363274406753	0.9214843127886606	0.9079471253384297	0.9181398311833094	0.9225991399904443	0.9128842172320433	0.9057174709348622	0.9262621436534481	0.8316610925306578	0.9270584487975793	0.8423315814620163	0.9394808090460265	0.854435419652811	0.9401178531613315	0.9729256250995382	0.8682911291606944	0.8985507246376812	0.9167064819238733	0.9866220735785953	0.9136805223761746	0.9609810479375697	0.9120879120879121	0.9756330625895844	0.9218028348463131	0.8010829749960184	0.9194139194139194	0.9264214046822743	0.9248287943940118	0.9483994266602962	0.9515846472368211	0.9437808568243351	0.8358018792801402	0.8781653129479217	0.9947443860487338	0.9531772575250836	0.9033285555024686	0.9090619525402134	0.8993470297818124	0.8746615703137443	0.9460105112279026	0.8987099856665074	0.9769071508201943	0.9918776875298615	0.7447045707915273	0.9708552317247969	0.9483994266602962	0.9915591654722089	0.8776875298614429	0.9485586876891224	0.4484790571747094	0.6770186335403726	0.8639910813823858	0.9036470775601211	0.8991877687529861	0.6744704570791528	0.9299251473164517	0.9885332059245103	0.8818283166109253	0.9187768752986144	0.8138238573021181	0.9329511068641504	0.8902691511387164	0.8714763497372193	0.9265806657111005	0.6198439241917503	0.7427934384456124	0.48017200191113235	0.8507724159898072	0.9276954929128842	0.9410734193342889	0.9622551361681796	0.914636088549132	0.9342251950947603	0.8721133938525243	0.6709667144449754	0.9523809523809523	0.9138397834050008	0.903010033444816	0.8279980888676541	0.9076286032807772	0.8858098423315814	0.9100175187131709	0.8979136805223762	0.8920210224558051	0.917821309125657	0.9377289377289377	0.8988692466953336	0.9525402134097787	0.9581143494186972	0.9490364707756012	0.9396400700748527	0.527154005414875	0.9307214524605829	0.7262302914476828	0.8536391145086797	0.4782608695652174	0.8899506290810638	0.48494983277591974	0.89265806657111	0.9463290332855551	0.9168657429526995	0.5613951266125179	0.8832616658703615	0.8633540372670807	0.8913839783405001	0.9589106545628284	0.9031692944736422	0.9479216435738175	0.9538143016403886	0.8891543239369326	0.8496575887880236	0.9315177576047141	0.8748208313425705
SRR23478200	0.9394808090460265	0.9488772097467749	0.8241758241758241	0.8389870998566651	0.8754578754578755	0.6494664755534321	0.0	0.7298932951106865	0.9103360407708234	0.8265647396082179	0.8775282688326167	0.7163561076604554	0.6945373467112598	0.8666985188724319	0.9001433349259437	0.7951903169294474	0.8791208791208791	0.7134894091415831	0.6846631629240325	0.9539735626692148	0.8663799968147794	0.8416945373467113	0.8716356107660456	0.7421563943303073	0.8577799012581622	0.9587513935340022	0.7886606147475713	0.862239210065297	0.8292721770982641	0.8773690078037905	0.8815097945532728	0.8702022615066093	0.8010829749960184	0.9608217869087434	0.9211657907310081	0.8966395922917662	0.8587354674311196	0.8808727504379679	0.8294314381270903	0.9323140627488453	0.8262462175505654	0.9227584010192705	0.8964803312629399	0.887402452619844	0.9649625736582258	0.930084408345278	0.8248128682911292	0.8859691033604077	0.9910813823857302	0.8012422360248447	0.9017359452142061	0.883580187928014	0.9827998088867654	0.9480809046026437	0.8404204491161013	0.9405956362478102	0.9878961618092053	0.9542920847268673	0.9781812390508042	0.8816690555820991	0.9139990444338271	0.8587354674311196	0.8383500557413601	0.9796145883102405	0.9928332537028189	0.8716356107660456	0.872591176939003	0.8899506290810638	0.8737060041407867	0.982481286829113	0.9154323936932632	0.9686255773212294	0.9955406911928651	0.7719382067208154	0.9431438127090301	0.9749960184742793	0.9823220258002867	0.8896321070234113	0.9597069597069597	0.7450230928491798	0.7665233317407231	0.9162286988373944	0.9479216435738175	0.9710144927536232	0.6564739608217869	0.9093804745978659	0.9920369485586877	0.8276795668100015	0.9369326325848065	0.8522057652492435	0.9383659818442427	0.9076286032807772	0.8606465997770345	0.9139990444338271	0.7007485268354834	0.6602962255136168	0.7910495301799649	0.8399426660296225	0.9609810479375697	0.9442586399108138	0.9442586399108138	0.8714763497372193	0.9237139671922281	0.8708393056219144	0.7494824016563147	0.9611403089663959	0.8590539894887721	0.8596910336040771	0.8901098901098901	0.9374104156712852	0.8485427615862399	0.8630355152094282	0.8737060041407867	0.8315018315018315	0.9106545628284759	0.8679726071030419	0.8800764452938366	0.9001433349259437	0.9542920847268673	0.935977066411849	0.9299251473164517	0.7150820194298455	0.8889950629081064	0.7818123905080426	0.832457397674789	0.7805383022774327	0.8803949673514891	0.757445453097627	0.8760949195731804	0.9600254817646122	0.9225991399904443	0.7313266443701226	0.9089026915113871	0.9493549928332538	0.9192546583850931	0.9614588310240484	0.9026915113871635	0.9769071508201943	0.9891702500398153	0.9453734671125975	0.8119127249562033	0.8960025481764612	0.9120879120879121
SRR23478201	0.9491957318044275	0.956681000159261	0.8416945373467113	0.9020544672718586	0.894569198917025	0.8308647873865265	0.7298932951106865	0.0	0.9534957795827361	0.702500398152572	0.8566650740563784	0.8670170409300844	0.7928014014970537	0.8450390189520625	0.9431438127090301	0.8501353718745023	0.9116101290014333	0.8913839783405001	0.7937569676700111	0.9713330148112757	0.8902691511387164	0.8568243350852046	0.8746615703137443	0.7582417582417582	0.7805383022774327	0.9859850294632904	0.916547220895047	0.8256091734352604	0.7888198757763976	0.8380315336837076	0.855072463768116	0.8665392578436056	0.7544194935499283	0.9802516324255455	0.9654403567447045	0.9296066252587992	0.7642936773371556	0.8867654085045389	0.8780060519190954	0.9254658385093167	0.8845357541009715	0.9654403567447045	0.9227584010192705	0.9434623347666826	0.9734034081860169	0.9437808568243351	0.9061952540213409	0.9190953973562669	0.9912406434145564	0.8861283643892339	0.9536550406115624	0.9124064341455645	0.9937888198757764	0.9624143971970059	0.8557095078834209	0.9550883898709985	0.989010989010989	0.9323140627488453	0.970218187609492	0.9316770186335404	0.9546106067845198	0.8125497690715082	0.8972766364070712	0.9928332537028189	0.9949036470775601	0.9066730371078198	0.9323140627488453	0.9415512024207676	0.8979136805223762	0.9917184265010351	0.9606625258799172	0.9751552795031055	0.9966555183946488	0.9050804268195572	0.9706959706959707	0.9832775919732442	0.989010989010989	0.9318362796623666	0.9777034559643255	0.8808727504379679	0.9007803790412486	0.9519031692944736	0.979296066252588	0.9735626692148431	0.8238573021181717	0.9240324892498806	0.99745182353878	0.8600095556617295	0.969581143494187	0.8931358496575887	0.978021978021978	0.9089026915113871	0.9038063385889473	0.9541328236980411	0.8722726548813505	0.820831342570473	0.9200509635292244	0.894569198917025	0.9821627647714605	0.9638477464564421	0.9393215480172001	0.8773690078037905	0.9232361841057494	0.8625577321229495	0.8950469820035037	0.9517439082656474	0.8346870520783565	0.7126931039974518	0.8619206880076445	0.9593884376493073	0.907469342251951	0.8002866698518872	0.9018952062430323	0.8819875776397516	0.94569198917025	0.7861124382863514	0.9225991399904443	0.7306896002548177	0.9576365663322185	0.9574773053033923	0.9458512501990762	0.8569835961140309	0.8665392578436056	0.8980729415512024	0.7391304347826086	0.917821309125657	0.8910654562828476	0.8909061952540214	0.8717948717948718	0.9640070074852684	0.930084408345278	0.8705207835642619	0.94824016563147	0.9577958273610447	0.9434623347666826	0.9791368052237618	0.8944099378881988	0.9668737060041408	0.9949036470775601	0.957318044274566	0.9240324892498806	0.9434623347666826	0.9205287466157032
SRR23478202	0.94951425386208	0.9539735626692148	0.9754738015607581	0.9730848861283644	0.957318044274566	0.9401178531613315	0.9103360407708234	0.9534957795827361	0.0	0.915910176779742	0.9657588788023571	0.9210065297021819	0.9299251473164517	0.8866061474757126	0.44991240643414554	0.9261028826246217	0.8609651218346871	0.5492912884217233	0.9205287466157032	0.902372989329511	0.8171683389074693	0.8931358496575887	0.8748208313425705	0.9361363274406753	0.917184265010352	0.9089026915113871	0.9923554706163402	0.9020544672718586	0.8843764930721453	0.7821309125656952	0.609332696289218	0.47873865265169613	0.9377289377289377	0.9474438604873388	0.855072463768116	0.390030259595477	0.63513298295907	0.8437649307214524	0.8885172798216276	0.8287943940117853	0.8077719382067208	0.8630355152094282	0.8136645962732919	0.7348303870043	0.9321548017200191	0.8702022615066093	0.6978818283166109	0.6731963688485427	0.48845357541009715	0.8832616658703615	0.6102882624621755	0.8975951584647237	0.5422838031533683	0.792323618410575	0.8631947762382545	0.9135212613473483	0.9628921802834847	0.8889950629081064	0.9087434304825609	0.8807134894091416	0.5613951266125179	0.8241758241758241	0.8063385889472846	0.9691033604077083	0.9609810479375697	0.8200350374263418	0.8348463131071827	0.745819397993311	0.9622551361681796	0.9063545150501672	0.792323618410575	0.9550883898709985	0.6246217550565377	0.6141105271540054	0.43080108297499603	0.8125497690715082	0.9711737537824494	0.8609651218346871	0.9176620480968307	0.9415512024207676	0.781971651536869	0.8358018792801402	0.8795986622073578	0.8964803312629399	0.8107978977544195	0.8373944895684026	0.978021978021978	0.8931358496575887	0.8130275521579869	0.789775441949355	0.8485427615862399	0.8657429526994744	0.9409141583054627	0.819557254339863	0.863513298295907	0.954769867813346	0.9918776875298615	0.9520624303232998	0.8444019748367575	0.9093804745978659	0.8888358018792801	0.885491320273929	0.9671922280617933	0.9052396878483835	0.8741837872272655	0.9022137283006848	0.8729096989966555	0.9307214524605829	0.9681477942347507	0.8307055263577002	0.8776875298614429	0.9390030259595477	0.9820035037426342	0.8125497690715082	0.8940914158305463	0.8827838827838828	0.9006211180124224	0.957318044274566	0.9691033604077083	0.9761108456760631	0.9818442427138079	0.8909061952540214	0.9350215002388915	0.877050485746138	0.9520624303232998	0.9894887720974678	0.89520624303233	0.9821627647714605	0.9149546106067845	0.934702978181239	0.8843764930721453	0.985188724319159	0.8205128205128205	0.8219461697722568	0.8838987099856666	0.4730052556139513	0.9875776397515528	0.895843287147635	0.6962892180283484	0.9022137283006848	0.9434623347666826	0.945054945054945	0.8420130594043638
SRR23478203	0.94824016563147	0.8760949195731804	0.8372352285395763	0.905558209906036	0.8837394489568403	0.8907469342251951	0.8265647396082179	0.702500398152572	0.915910176779742	0.0	0.8999840738971173	0.7899347029781812	0.6954929128842172	0.748367574454531	0.9343844561235866	0.6395922917662048	0.7587195413282369	0.9294473642299729	0.7713011626055104	0.9327918458353242	0.7217709826405478	0.7171524128045867	0.717948717948718	0.7958273610447524	0.6911928651059086	0.9437808568243351	0.9710144927536232	0.6892817327599936	0.602165949992037	0.8643096034400383	0.7929606625258799	0.8050645007166747	0.772256728778468	0.9222806179327918	0.9025322503583373	0.9087434304825609	0.7418378722726549	0.7389711737537824	0.874502309284918	0.8850135371874502	0.8109571587832457	0.907469342251951	0.7437490046185699	0.8502946329033285	0.9612995699952221	0.9009396400700749	0.8144609014174231	0.8235387800605192	0.9829590699155917	0.6969262621436535	0.7892976588628763	0.852524287306896	0.9859850294632904	0.9625736582258322	0.8816690555820991	0.9608217869087434	0.987099856665074	0.9361363274406753	0.9585921325051759	0.6579073100812232	0.8881987577639752	0.7951903169294474	0.7861124382863514	0.9843924191750278	0.9834368530020704	0.7525083612040134	0.7754419493549929	0.8205128205128205	0.9511068641503424	0.9751552795031055	0.8678133460742157	0.9711737537824494	0.9875776397515528	0.9490364707756012	0.9433030737378564	0.9491957318044275	0.9853479853479854	0.831820353559484	0.9562032170727823	0.9233954451345756	0.9512661251791686	0.8017200191113235	0.9388437649307214	0.9636884854276159	0.8112756808408982	0.8902691511387164	0.9910813823857302	0.9339066730371078	0.8996655518394648	0.8014014970536709	0.9474438604873388	0.9463290332855551	0.959229176620481	0.8571428571428571	0.9163879598662207	0.8936136327440676	0.9753145405319318	0.9095397356266921	0.968307055263577	0.9421882465360726	0.9331103678929766	0.8308647873865265	0.9014174231565536	0.7518713170887084	0.9254658385093167	0.9514253862079949	0.8587354674311196	0.682433508520465	0.7786271699315177	0.9362955884695016	0.8778467908902692	0.7961458831024049	0.9141583054626533	0.8241758241758241	0.9248287943940118	0.7310081223124701	0.8929765886287625	0.7808568243350852	0.9522216913521261	0.9452142060837713	0.9608217869087434	0.8929765886287625	0.8972766364070712	0.8953655040611562	0.7569676700111483	0.9660774008600096	0.8789616180920529	0.9445771619684663	0.9007803790412486	0.9522216913521261	0.9483994266602962	0.9418697244784201	0.9276954929128842	0.9093804745978659	0.9343844561235866	0.9698996655518395	0.904921165790731	0.9633699633699634	0.9808886765408504	0.939799331103679	0.7948717948717948	0.9356585443541965	0.9232361841057494
SRR23478204	0.9608217869087434	0.9705367096671444	0.9069915591654722	0.9179805701544832	0.9246695333651855	0.8789616180920529	0.8775282688326167	0.8566650740563784	0.9657588788023571	0.8999840738971173	0.0	0.9420289855072463	0.9203694855868769	0.8853320592451027	0.9538143016403886	0.8816690555820991	0.9316770186335404	0.9565217391304348	0.9014174231565536	0.9724478420130594	0.9318362796623666	0.9241917502787068	0.947603121516165	0.8893135849657589	0.9192546583850931	0.9743589743589743	0.9878961618092053	0.8910654562828476	0.8816690555820991	0.9362955884695016	0.9200509635292244	0.9283325370281892	0.8861283643892339	0.9738811912724956	0.9595476986781335	0.9370918936136328	0.8982322025800287	0.8966395922917662	0.9241917502787068	0.9299251473164517	0.8837394489568403	0.9665551839464883	0.9327918458353242	0.9646440516005733	0.9765886287625418	0.9498327759197325	0.925625099538143	0.9474438604873388	0.9906035992992515	0.9194139194139194	0.9562032170727823	0.9310399745182354	0.9942666029622551	0.9856665074056379	0.8840579710144928	0.9767478897913681	0.9939480809046026	0.968944099378882	0.9872591176939003	0.9525402134097787	0.9560439560439561	0.8979136805223762	0.8953655040611562	0.99745182353878	0.9945851250199076	0.8985507246376812	0.9205287466157032	0.9262621436534481	0.9726071030418857	0.9842331581462016	0.9574773053033923	0.9898072941551203	0.9958592132505176	0.9847109412326803	0.9741997133301481	0.9719700589265806	0.9925147316451665	0.9550883898709985	0.980570154483198	0.9762701067048893	0.9837553750597229	0.9560439560439561	0.9582736104475235	0.9842331581462016	0.9421882465360726	0.9584328714763497	0.99745182353878	0.9729256250995382	0.959229176620481	0.9367733715559803	0.9874183787227265	0.979933110367893	0.9767478897913681	0.9506290810638637	0.9655996177735309	0.9211657907310081	0.9917184265010351	0.9552476508998248	0.9622551361681796	0.9660774008600096	0.9820035037426342	0.9412326803631151	0.9577958273610447	0.9222806179327918	0.9734034081860169	0.9880554228380315	0.9417104634495939	0.9182990922121357	0.914636088549132	0.980570154483198	0.9089026915113871	0.9238732282210543	0.9382067208154165	0.9380474597865902	0.9611403089663959	0.9108138238573021	0.9308807134894092	0.9635292243987896	0.968944099378882	0.9329511068641504	0.954769867813346	0.9385252428730689	0.9753145405319318	0.9765886287625418	0.903010033444816	0.9888517279821628	0.9315177576047141	0.989010989010989	0.9514253862079949	0.9839146360885491	0.967670011148272	0.917184265010352	0.9509476031215162	0.955406911928651	0.9351807612677178	0.9784997611084567	0.934702978181239	0.987736900780379	0.9912406434145564	0.9589106545628284	0.8716356107660456	0.9624143971970059	0.9007803790412486
SRR23478205	0.9420289855072463	0.8811912724956203	0.8859691033604077	0.9490364707756012	0.9125656951743908	0.4335085204650422	0.7163561076604554	0.8670170409300844	0.9210065297021819	0.7899347029781812	0.9420289855072463	0.0	0.8915432393693263	0.8678133460742157	0.965121834687052	0.8819875776397516	0.9111323459149546	0.48972766364070713	0.6368848542761586	0.9584328714763497	0.9120879120879121	0.8964803312629399	0.9337474120082816	0.9270584487975793	0.9426660296225514	0.9542920847268673	0.4824016563146998	0.934702978181239	0.8453575410097149	0.9464882943143813	0.9555661729574773	0.9358178053830227	0.9377289377289377	0.9077878643096035	0.922439878961618	0.9390030259595477	0.9386845039018952	0.835005574136009	0.829909221213569	0.9488772097467749	0.885491320273929	0.9351807612677178	0.7816531294792164	0.926899187768753	0.9746774964166268	0.9326325848064978	0.862239210065297	0.9181398311833094	0.9904443382704252	0.905558209906036	0.917184265010352	0.9289695811434941	0.9861442904921166	0.9431438127090301	0.8821468386685778	0.9404363752189839	0.9797738493390667	0.9447364229972925	0.9694218824653608	0.8028348463131072	0.9257843605669692	0.8813505335244466	0.9254658385093167	0.9904443382704252	0.9864628125497691	0.8268832616658703	0.8765727026596591	0.882306099697404	0.8826246217550565	0.9673514890906195	0.8826246217550565	0.9729256250995382	0.9931517757604714	0.7515527950310559	0.9264214046822743	0.9678292721770982	0.9823220258002867	0.8899506290810638	0.9585921325051759	0.3979933110367893	0.6725593247332378	0.8440834527791049	0.9265806657111005	0.9595476986781335	0.6524924351011308	0.9082656473960822	0.9945851250199076	0.8780060519190954	0.8940914158305463	0.8039496735148909	0.9425067685937251	0.9047619047619048	0.8709985666507406	0.7959866220735786	0.639751552795031	0.7193820672081541	0.4293677337155598	0.8211498646281254	0.9619366141105271	0.9331103678929766	0.934702978181239	0.9356585443541965	0.9555661729574773	0.8799171842650103	0.6508998248128683	0.94696607740086	0.9175027870680045	0.8404204491161013	0.8913839783405001	0.9319955406911928	0.9292881032011466	0.9417104634495939	0.8831024048415352	0.7716196846631629	0.925625099538143	0.9297658862876255	0.9015766841853798	0.8985507246376812	0.939799331103679	0.9600254817646122	0.9550883898709985	0.525879917184265	0.8964803312629399	0.7845198279980888	0.8702022615066093	0.4484790571747094	0.9076286032807772	0.4376493072145246	0.8937728937728938	0.9577958273610447	0.9329511068641504	0.6043956043956044	0.9318362796623666	0.9590699155916548	0.9444179009396401	0.9869405956362478	0.8566650740563784	0.9660774008600096	0.9796145883102405	0.9356585443541965	0.8749800923713967	0.9455327281414238	0.9141583054626533
SRR23478206	0.9103360407708234	0.9526994744386049	0.829909221213569	0.873228221054308	0.8840579710144928	0.8413760152890588	0.6945373467112598	0.7928014014970537	0.9299251473164517	0.6954929128842172	0.9203694855868769	0.8915432393693263	0.0	0.8353240961936614	0.8808727504379679	0.6254180602006689	0.7639751552795031	0.9046026437330785	0.8010829749960184	0.8772097467749642	0.6658703615225354	0.5687211339385252	0.6043956043956044	0.7098264054785793	0.6467590380633859	0.9804108934543717	0.8445612358655837	0.6438923395445134	0.7756012103838191	0.8630355152094282	0.7888198757763976	0.754897276636407	0.8143016403885969	0.9544513457556936	0.9089026915113871	0.8894728459945851	0.8294314381270903	0.9026915113871635	0.8542761586239848	0.8233795190316929	0.8561872909698997	0.9291288421723204	0.9009396400700749	0.8420130594043638	0.8773690078037905	0.7931199235547062	0.8163720337633381	0.819557254339863	0.9821627647714605	0.7644529383659818	0.8166905558209906	0.7837235228539576	0.9745182353878006	0.9393215480172001	0.8510909380474598	0.9316770186335404	0.9746774964166268	0.9163879598662207	0.8780060519190954	0.7732122949514254	0.9157509157509157	0.8205128205128205	0.7972607103041885	0.9667144449753146	0.9800923713967192	0.8456760630673674	0.8251313903487817	0.8936136327440676	0.9240324892498806	0.9563624781016086	0.9202102245580507	0.9523809523809523	0.9796145883102405	0.9122471731167383	0.9740404523013219	0.9426660296225514	0.9777034559643255	0.8010829749960184	0.9496735148909062	0.8940914158305463	0.9081063863672559	0.9230769230769231	0.8729096989966555	0.9487179487179487	0.854435419652811	0.9198917025003982	0.9523809523809523	0.8905876731963689	0.9616180920528746	0.8740245261984393	0.8623984710941233	0.887402452619844	0.8440834527791049	0.9270584487975793	0.9057174709348622	0.8596910336040771	0.9380474597865902	0.9052396878483835	0.9463290332855551	0.922439878961618	0.9335881509794554	0.8028348463131072	0.9302436693741042	0.8657429526994744	0.8947284599458513	0.9474438604873388	0.8377130116260552	0.8348463131071827	0.8856505813027552	0.9620958751393534	0.8947284599458513	0.8017200191113235	0.8765727026596591	0.8694059563624781	0.926899187768753	0.8448797579232362	0.9014174231565536	0.883580187928014	0.9560439560439561	0.9423475075648988	0.8235387800605192	0.8455168020385412	0.8644688644688645	0.874502309284918	0.8109571587832457	0.917184265010352	0.8776875298614429	0.9139990444338271	0.8576206402293359	0.9324733237776716	0.9057174709348622	0.8702022615066093	0.8808727504379679	0.9117693900302596	0.8910654562828476	0.9748367574454531	0.9069915591654722	0.9534957795827361	0.9829590699155917	0.8547539417104635	0.8737060041407867	0.8706800445930881	0.8929765886287625
SRR23478207	0.8816690555820991	0.9394808090460265	0.8444019748367575	0.9214843127886606	0.8216276477146043	0.8853320592451027	0.8666985188724319	0.8450390189520625	0.8866061474757126	0.748367574454531	0.8853320592451027	0.8678133460742157	0.8353240961936614	0.0	0.9057174709348622	0.6524924351011308	0.7955088389870999	0.9324733237776716	0.7908902691511387	0.9437808568243351	0.8034718904284122	0.7318044274566013	0.7983755375059723	0.6591813983118331	0.7840420449116101	0.9291288421723204	0.9859850294632904	0.7098264054785793	0.7947125338429686	0.6870520783564262	0.8631947762382545	0.8342092689918776	0.6790890269151139	0.9420289855072463	0.8717948717948718	0.8405797101449275	0.8686096512183469	0.83962414397197	0.8561872909698997	0.8972766364070712	0.7977384933906673	0.9076286032807772	0.8052237617455009	0.8918617614269788	0.9442586399108138	0.8735467431119605	0.8569835961140309	0.8225832138875617	0.9754738015607581	0.8131868131868132	0.8523650262780698	0.8579391622869884	0.9555661729574773	0.9433030737378564	0.8786430960344004	0.9574773053033923	0.977384933906673	0.9041248606465998	0.9307214524605829	0.822105430801083	0.8843764930721453	0.7607899347029782	0.820831342570473	0.9541328236980411	0.9667144449753146	0.802038541168976	0.8281573498964804	0.8636725593247332	0.9391622869883739	0.8939321548017201	0.8802357063226628	0.9423475075648988	0.9617773530817009	0.9348622392100653	0.9246695333651855	0.8752986144290492	0.9800923713967192	0.8625577321229495	0.9112916069437809	0.9316770186335404	0.9426660296225514	0.8983914636088549	0.8931358496575887	0.9211657907310081	0.8482242395285874	0.9058767319636885	0.9714922758401019	0.9374104156712852	0.89265806657111	0.8464723682114986	0.919732441471572	0.9130434782608695	0.9248287943940118	0.8717948717948718	0.9213250517598344	0.8467908902691511	0.9874183787227265	0.915910176779742	0.9380474597865902	0.9396400700748527	0.915910176779742	0.8096830705526358	0.9012581621277274	0.7802197802197802	0.905558209906036	0.9374104156712852	0.8636725593247332	0.7058448797579232	0.7728937728937729	0.9503105590062112	0.8748208313425705	0.8748208313425705	0.9184583532409619	0.8678133460742157	0.89775441949355	0.7983755375059723	0.875139353400223	0.8990285077241599	0.765249243510113	0.9436215957955089	0.956681000159261	0.8858098423315814	0.9128842172320433	0.9147953495779583	0.7376970855231725	0.9590699155916548	0.8399426660296225	0.7740086000955566	0.8713170887083931	0.9401178531613315	0.9106545628284759	0.9480809046026437	0.8862876254180602	0.9058767319636885	0.8913839783405001	0.9633699633699634	0.9297658862876255	0.9464882943143813	0.9499920369485587	0.9280140149705367	0.8372352285395763	0.8568243350852046	0.8152572065615544
SRR23478208	0.9350215002388915	0.9711737537824494	0.9703774486383182	0.9534957795827361	0.9440993788819876	0.9273769708552317	0.9001433349259437	0.9431438127090301	0.44991240643414554	0.9343844561235866	0.9538143016403886	0.965121834687052	0.8808727504379679	0.9057174709348622	0.0	0.9144768275203058	0.8993470297818124	0.5660136964484791	0.9316770186335404	0.9659181398311834	0.9405956362478102	0.8706800445930881	0.9490364707756012	0.8885172798216276	0.9490364707756012	0.9845516802038541	0.9933110367892977	0.927536231884058	0.9079471253384297	0.8681318681318682	0.6747889791368052	0.5263577002707438	0.9415512024207676	0.8896321070234113	0.9491957318044275	0.399745182353878	0.7168338907469343	0.9662366618888358	0.8705207835642619	0.9718107978977544	0.9420289855072463	0.9687848383500557	0.954769867813346	0.705048574613792	0.9558846950151298	0.9380474597865902	0.8028348463131072	0.8794394011785316	0.4432234432234432	0.9233954451345756	0.7407230450708712	0.9436215957955089	0.5676063067367415	0.8074534161490683	0.8897913680522376	0.8837394489568403	0.9635292243987896	0.9294473642299729	0.9175027870680045	0.9460105112279026	0.6628444019748367	0.9076286032807772	0.939799331103679	0.985188724319159	0.8928173275999363	0.9576365663322185	0.9584328714763497	0.9383659818442427	0.9778627169931517	0.9493549928332538	0.9253065774804905	0.9788182831661093	0.6055104315973882	0.6314699792960663	0.4462494027711419	0.8260869565217391	0.9847109412326803	0.9517439082656474	0.9671922280617933	0.9781812390508042	0.8058608058608059	0.9649625736582258	0.9686255773212294	0.8576206402293359	0.9584328714763497	0.9627329192546584	0.9318362796623666	0.9413919413919414	0.9463290332855551	0.915273132664437	0.977384933906673	0.9507883420926899	0.9714922758401019	0.9585921325051759	0.9718107978977544	0.9611403089663959	0.9931517757604714	0.9678292721770982	0.9315177576047141	0.9310399745182354	0.9544513457556936	0.8974358974358975	0.9474438604873388	0.9369326325848065	0.9448956840261188	0.9769071508201943	0.9077878643096035	0.9327918458353242	0.9595476986781335	0.9810479375696767	0.9348622392100653	0.9546106067845198	0.9770664118490205	0.9431438127090301	0.9498327759197325	0.9536550406115624	0.9050804268195572	0.9706959706959707	0.9835961140308966	0.979933110367893	0.9640070074852684	0.9641662685140946	0.8960025481764612	0.9515846472368211	0.9383659818442427	0.9961777353081701	0.8983914636088549	0.9956999522216914	0.8985507246376812	0.917821309125657	0.9092212135690396	0.9777034559643255	0.9254658385093167	0.9716515368689281	0.8867654085045389	0.4276158623984711	0.9812071985985029	0.9208472686733556	0.7862716993151776	0.9058767319636885	0.9461697722567288	0.9738811912724956	0.9488772097467749
SRR23478209	0.9170250039815258	0.9181398311833094	0.8209906035992992	0.8975951584647237	0.8023570632266285	0.8979136805223762	0.7951903169294474	0.8501353718745023	0.9261028826246217	0.6395922917662048	0.8816690555820991	0.8819875776397516	0.6254180602006689	0.6524924351011308	0.9144768275203058	0.0	0.7337155598025163	0.9278547539417105	0.7464564421086161	0.9525402134097787	0.6540850453893932	0.6569517439082656	0.5916547220895046	0.7136486701704093	0.6037585602802994	0.957318044274566	0.9832775919732442	0.609332696289218	0.6591813983118331	0.8722726548813505	0.7808568243350852	0.726389552476509	0.7509157509157509	0.9203694855868769	0.8620799490364708	0.8748208313425705	0.7808568243350852	0.8171683389074693	0.8799171842650103	0.8709985666507406	0.7220895046982003	0.9090619525402134	0.7829272177098264	0.8580984233158147	0.9617773530817009	0.8883580187928014	0.7126931039974518	0.8150979455327282	0.9823220258002867	0.6446886446886447	0.7146042363433668	0.8432871476349737	0.9826405478579392	0.9708552317247969	0.8522057652492435	0.9697404045230132	0.9906035992992515	0.9386845039018952	0.9679885332059245	0.6360885491320274	0.8834209268991877	0.7732122949514254	0.7587195413282369	0.9829590699155917	0.992196209587514	0.7649307214524605	0.7576047141264532	0.8300684822423953	0.928173275999363	0.9834368530020704	0.8709985666507406	0.9753145405319318	0.9886924669533366	0.9509476031215162	0.9143175664914795	0.9466475553432075	0.9772256728778468	0.8580984233158147	0.9509476031215162	0.9130434782608695	0.9611403089663959	0.8311833094441791	0.9141583054626533	0.968307055263577	0.7937569676700111	0.9221213569039656	0.9858257684344641	0.9538143016403886	0.8961618092052874	0.8144609014174231	0.9184583532409619	0.9593884376493073	0.9622551361681796	0.8391463608854913	0.9093804745978659	0.9112916069437809	0.9872591176939003	0.915910176779742	0.9595476986781335	0.9369326325848065	0.9393215480172001	0.8168498168498168	0.8993470297818124	0.8173275999362956	0.9280140149705367	0.9665551839464883	0.8130275521579869	0.7139671922280618	0.7711419015766842	0.967670011148272	0.8345277910495302	0.8029941073419334	0.9304029304029304	0.7650899824812868	0.8668577799012581	0.7631788501353719	0.8888358018792801	0.9087434304825609	0.9331103678929766	0.9286510590858417	0.9546106067845198	0.9073100812231247	0.9060359929925147	0.8917025003981526	0.767160375856028	0.9826405478579392	0.8340500079630514	0.9555661729574773	0.9071508201942985	0.9576365663322185	0.9017359452142061	0.9227584010192705	0.8424908424908425	0.9063545150501672	0.9039655996177736	0.9628921802834847	0.9001433349259437	0.9385252428730689	0.9818442427138079	0.9413919413919414	0.7905717470934862	0.8902691511387164	0.887402452619844
SRR23478210	0.9066730371078198	0.9391622869883739	0.9641662685140946	0.9640070074852684	0.9125656951743908	0.9128842172320433	0.8791208791208791	0.9116101290014333	0.8609651218346871	0.7587195413282369	0.9316770186335404	0.9111323459149546	0.7639751552795031	0.7955088389870999	0.8993470297818124	0.7337155598025163	0.0	0.9203694855868769	0.8752986144290492	0.9235547061634019	0.8002866698518872	0.755534320751712	0.7510750119445772	0.8877209746774964	0.7577639751552795	0.8365981844242714	0.9913999044433827	0.8023570632266285	0.787227265488135	0.8859691033604077	0.7827679566810002	0.7541009714922758	0.8404204491161013	0.8514094601051123	0.7687529861442904	0.8612836438923396	0.8170090778786431	0.9096989966555183	0.8877209746774964	0.8692466953336518	0.8444019748367575	0.8399426660296225	0.8936136327440676	0.7453416149068323	0.9611403089663959	0.9114508679726071	0.6967670011148273	0.8289536550406116	0.9571587832457398	0.7435897435897436	0.811753463927377	0.8514094601051123	0.9386845039018952	0.8756171364867017	0.7842013059404364	0.8856505813027552	0.9520624303232998	0.8012422360248447	0.7518713170887084	0.7892976588628763	0.8494983277591973	0.8348463131071827	0.8002866698518872	0.9147953495779583	0.8936136327440676	0.8365981844242714	0.7791049530179965	0.7845198279980888	0.9734034081860169	0.7499601847427935	0.8754578754578755	0.9302436693741042	0.9453734671125975	0.9065137760789934	0.9273769708552317	0.9104953017996497	0.9823220258002867	0.820831342570473	0.8689281732759994	0.9280140149705367	0.9112916069437809	0.9122471731167383	0.9377289377289377	0.8365981844242714	0.9076286032807772	0.8743430482560918	0.9643255295429208	0.8464723682114986	0.8009237139671922	0.8303870043000477	0.8915432393693263	0.8592132505175983	0.8420130594043638	0.8996655518394648	0.9468068163720338	0.957318044274566	0.9827998088867654	0.955406911928651	0.8549132027392897	0.8939321548017201	0.863513298295907	0.7779901258162127	0.9343844561235866	0.8450390189520625	0.872591176939003	0.9057174709348622	0.8356426182513139	0.8749800923713967	0.9219620958751393	0.9327918458353242	0.8260869565217391	0.8037904124860646	0.968944099378882	0.9245102723363593	0.9280140149705367	0.8432871476349737	0.8651059085841695	0.9490364707756012	0.968307055263577	0.9665551839464883	0.8784838350055741	0.9036470775601211	0.945054945054945	0.8681318681318682	0.905558209906036	0.9915591654722089	0.802038541168976	0.9812071985985029	0.8445612358655837	0.8651059085841695	0.9667144449753146	0.9855072463768116	0.8335722248765727	0.8483835005574136	0.6884854276158624	0.9539735626692148	0.9555661729574773	0.9280140149705367	0.9176620480968307	0.9238732282210543	0.9050804268195572	0.8881987577639752	0.8789616180920529
SRR23478211	0.9526994744386049	0.9329511068641504	0.9294473642299729	0.9493549928332538	0.9531772575250836	0.507087115782768	0.7134894091415831	0.8913839783405001	0.5492912884217233	0.9294473642299729	0.9565217391304348	0.48972766364070713	0.9046026437330785	0.9324733237776716	0.5660136964484791	0.9278547539417105	0.9203694855868769	0.0	0.7622232839624143	0.967032967032967	0.94569198917025	0.9342251950947603	0.9515846472368211	0.9405956362478102	0.954769867813346	0.967032967032967	0.5529542920847269	0.9522216913521261	0.9463290332855551	0.8577799012581622	0.6954929128842172	0.5462653288740246	0.9576365663322185	0.9565217391304348	0.9617773530817009	0.547220895046982	0.6913521261347348	0.9219620958751393	0.864787386526517	0.9745182353878006	0.9202102245580507	0.9619366141105271	0.9339066730371078	0.7631788501353719	0.979296066252588	0.9472845994585125	0.7407230450708712	0.8792801401497053	0.5938843764930721	0.9468068163720338	0.7189042841216754	0.9509476031215162	0.5914954610606784	0.7849976110845676	0.9017359452142061	0.9506290810638637	0.9886924669533366	0.9569995222169135	0.9754738015607581	0.9233954451345756	0.6510590858416946	0.8840579710144928	0.9552476508998248	0.9958592132505176	0.992196209587514	0.9399585921325052	0.9426660296225514	0.9356585443541965	0.8846950151297978	0.9807294155120242	0.9514253862079949	0.9783405000796305	0.6340181557572862	0.39990444338270426	0.5633062589584329	0.8434464086637999	0.9821627647714605	0.9541328236980411	0.9737219302436694	0.5220576524924351	0.5236502627806976	0.9542920847268673	0.9590699155916548	0.9052396878483835	0.7243191591017678	0.9356585443541965	0.9941073419334289	0.884854276158624	0.9117693900302596	0.8600095556617295	0.968944099378882	0.912724956203217	0.8740245261984393	0.934702978181239	0.6480331262939959	0.7542602325211021	0.5555024685459468	0.864150342411212	0.968307055263577	0.9522216913521261	0.9612995699952221	0.9595476986781335	0.9655996177735309	0.9162286988373944	0.6348144609014175	0.9654403567447045	0.939799331103679	0.9272177098264055	0.9259436215957955	0.9405956362478102	0.9412326803631151	0.9195731804427456	0.9289695811434941	0.8980729415512024	0.9437808568243351	0.9611403089663959	0.9235547061634019	0.9448956840261188	0.9671922280617933	0.9749960184742793	0.9562032170727823	0.5534320751712056	0.9413919413919414	0.7999681477942348	0.907469342251951	0.5562987736900781	0.9390030259595477	0.5435578913839784	0.9100175187131709	0.9698996655518395	0.9383659818442427	0.5986622073578596	0.9568402611880873	0.968944099378882	0.9560439560439561	0.589265806657111	0.8953655040611562	0.9719700589265806	0.7993311036789298	0.9433030737378564	0.9358178053830227	0.965121834687052	0.9563624781016086
SRR23478212	0.9361363274406753	0.915273132664437	0.7773530817009078	0.8573021181716833	0.7862716993151776	0.7066411849020545	0.6846631629240325	0.7937569676700111	0.9205287466157032	0.7713011626055104	0.9014174231565536	0.6368848542761586	0.8010829749960184	0.7908902691511387	0.9316770186335404	0.7464564421086161	0.8752986144290492	0.7622232839624143	0.0	0.959866220735786	0.8512501990762861	0.7693900302595955	0.864787386526517	0.7150820194298455	0.8353240961936614	0.9479216435738175	0.8361204013377926	0.8342092689918776	0.7341933428889951	0.8686096512183469	0.8861283643892339	0.8582576843446409	0.8827838827838828	0.8979136805223762	0.9033285555024686	0.8561872909698997	0.870043000477783	0.7821309125656952	0.7596751075011945	0.8657429526994744	0.7284599458512502	0.9163879598662207	0.7633381111641981	0.9216435738174868	0.9628921802834847	0.9112916069437809	0.822742474916388	0.8878802357063227	0.9880554228380315	0.7687529861442904	0.893295110686415	0.8909061952540214	0.9719700589265806	0.9319955406911928	0.8265647396082179	0.9284917980570154	0.9643255295429208	0.9377289377289377	0.9641662685140946	0.7717789456919891	0.9006211180124224	0.7182672400063704	0.8722726548813505	0.9743589743589743	0.9393215480172001	0.8279980888676541	0.7711419015766842	0.8334129638477464	0.8036311514572384	0.967670011148272	0.8530020703933747	0.9641662685140946	0.9826405478579392	0.8138238573021181	0.8897913680522376	0.9485586876891224	0.980570154483198	0.8756171364867017	0.9429845516802039	0.6919891702500398	0.8128682911291607	0.7432712215320911	0.8866061474757126	0.9302436693741042	0.633221850613155	0.8993470297818124	0.9820035037426342	0.8716356107660456	0.8697244784201306	0.7214524605828954	0.8811912724956203	0.8827838827838828	0.8663799968147794	0.765249243510113	0.7341933428889951	0.7099856665074057	0.8353240961936614	0.797579232361841	0.9124064341455645	0.9133620003185221	0.9098582576843447	0.8775282688326167	0.9163879598662207	0.7469342251950948	0.7853161331422202	0.9267399267399268	0.7947125338429686	0.7767160375856028	0.7986940595636248	0.9173435260391782	0.917184265010352	0.872591176939003	0.8623984710941233	0.664277751234273	0.7676381589425068	0.8168498168498168	0.8181239050804269	0.8106386367255932	0.9410734193342889	0.9367733715559803	0.9125656951743908	0.7842013059404364	0.802038541168976	0.7439082656473961	0.6637999681477942	0.8370759675107501	0.8211498646281254	0.7993311036789298	0.8759356585443542	0.9093804745978659	0.8684503901895206	0.7074374900461857	0.905558209906036	0.9151138716356108	0.9041248606465998	0.9705367096671444	0.8522057652492435	0.9445771619684663	0.955406911928651	0.907469342251951	0.7396082178690875	0.8283166109253066	0.8752986144290492
SRR23478213	0.9617773530817009	0.9765886287625418	0.9769071508201943	0.9859850294632904	0.9678292721770982	0.9205287466157032	0.9539735626692148	0.9713330148112757	0.902372989329511	0.9327918458353242	0.9724478420130594	0.9584328714763497	0.8772097467749642	0.9437808568243351	0.9659181398311834	0.9525402134097787	0.9235547061634019	0.967032967032967	0.959866220735786	0.0	0.8741837872272655	0.8869246695333652	0.9192546583850931	0.967670011148272	0.7869087434304826	0.893295110686415	0.5276317885013537	0.9321548017200191	0.8759356585443542	0.9297658862876255	0.9251473164516643	0.9421882465360726	0.9789775441949355	0.8974358974358975	0.8329351807612677	0.9512661251791686	0.9286510590858417	0.9020544672718586	0.9190953973562669	0.7009077878643096	0.8549132027392897	0.8636725593247332	0.8824653607262303	0.9270584487975793	0.6913521261347348	0.6778149386845039	0.9335881509794554	0.8666985188724319	0.9686255773212294	0.8953655040611562	0.9205287466157032	0.3433667781493868	0.9307214524605829	0.9483994266602962	0.8776875298614429	0.9240324892498806	0.9468068163720338	0.9108138238573021	0.9173435260391782	0.9141583054626533	0.9104953017996497	0.8453575410097149	0.8937728937728938	0.9526994744386049	0.9544513457556936	0.9141583054626533	0.8853320592451027	0.8480649784997611	0.9751552795031055	0.9229176620480968	0.8453575410097149	0.9472845994585125	0.9354992833253702	0.9555661729574773	0.9362955884695016	0.9318362796623666	0.9660774008600096	0.7544194935499283	0.9362955884695016	0.9447364229972925	0.9246695333651855	0.8181239050804269	0.5096352922439878	0.9515846472368211	0.9031692944736422	0.84217232043319	0.9291288421723204	0.9163879598662207	0.8517279821627648	0.8186016881669056	0.706959706959707	0.9109730848861284	0.8601688166905558	0.8705207835642619	0.9026915113871635	0.9797738493390667	0.9869405956362478	0.9671922280617933	0.9155916547220895	0.9464882943143813	0.9605032648510909	0.9308807134894092	0.9738811912724956	0.959229176620481	0.9340659340659341	0.9691033604077083	0.8867654085045389	0.9687848383500557	0.9202102245580507	0.8818283166109253	0.8904284121675426	0.9724478420130594	0.9850294632903328	0.8837394489568403	0.9198917025003982	0.9571587832457398	0.9203694855868769	0.9722885809842332	0.978659022137283	0.9891702500398153	0.7052078356426182	0.9667144449753146	0.9405956362478102	0.8630355152094282	0.9655996177735309	0.9929925147316452	0.9361363274406753	0.9880554228380315	0.9343844561235866	0.9605032648510909	0.9386845039018952	0.9864628125497691	0.8924988055422838	0.8724319159101768	0.9334288899506291	0.9718107978977544	0.9872591176939003	0.9635292243987896	0.9155916547220895	0.7604714126453257	0.9417104634495939	0.9724478420130594	0.9313584965758879
SRR23478214	0.9291288421723204	0.9323140627488453	0.8772097467749642	0.9205287466157032	0.8816690555820991	0.89520624303233	0.8663799968147794	0.8902691511387164	0.8171683389074693	0.7217709826405478	0.9318362796623666	0.9120879120879121	0.6658703615225354	0.8034718904284122	0.9405956362478102	0.6540850453893932	0.8002866698518872	0.94569198917025	0.8512501990762861	0.8741837872272655	0.0	0.622232839624144	0.545309762701067	0.8372352285395763	0.7048893135849658	0.9149546106067845	0.9888517279821628	0.6314699792960663	0.7439082656473961	0.8216276477146043	0.7348303870043	0.7386526516961299	0.8444019748367575	0.9050804268195572	0.8069756330625896	0.8711578276795668	0.78913839783405	0.8514094601051123	0.8819875776397516	0.8211498646281254	0.7744863831820353	0.8690874343048256	0.8049052396878483	0.8445612358655837	0.924988055422838	0.8606465997770345	0.7123745819397993	0.6802038541168975	0.9778627169931517	0.7383341296384774	0.7459786590221373	0.8682911291606944	0.945054945054945	0.9522216913521261	0.8528428093645485	0.9122471731167383	0.9394808090460265	0.9033285555024686	0.9237139671922281	0.6803631151457239	0.849976110845676	0.7157190635451505	0.7235228539576366	0.9552476508998248	0.9544513457556936	0.7158783245739767	0.729574773053034	0.7932791845835324	0.9448956840261188	0.9057174709348622	0.8141423793597706	0.947603121516165	0.9562032170727823	0.9550883898709985	0.9187768752986144	0.9219620958751393	0.9718107978977544	0.8139831183309444	0.9254658385093167	0.9412326803631151	0.935340022296544	0.8203535594839942	0.8709985666507406	0.9374104156712852	0.7945532728141423	0.877050485746138	0.9499920369485587	0.9194139194139194	0.8684503901895206	0.7867494824016563	0.8773690078037905	0.8878802357063227	0.9479216435738175	0.8260869565217391	0.9093804745978659	0.9466475553432075	0.9886924669533366	0.9289695811434941	0.9151138716356108	0.9270584487975793	0.8203535594839942	0.8044274566013696	0.9662366618888358	0.8988692466953336	0.9321548017200191	0.9536550406115624	0.8066571110049371	0.8315018315018315	0.8886765408504539	0.9154323936932632	0.8963210702341137	0.8636725593247332	0.9708552317247969	0.7966236661888836	0.9073100812231247	0.8332537028189202	0.8821468386685778	0.8918617614269788	0.9394808090460265	0.9722885809842332	0.9784997611084567	0.8475871954132824	0.9004618569835962	0.8582576843446409	0.9257843605669692	0.9929925147316452	0.8931358496575887	0.9671922280617933	0.8980729415512024	0.9413919413919414	0.926899187768753	0.9815257206561554	0.8545946806816372	0.8289536550406116	0.8953655040611562	0.9753145405319318	0.9778627169931517	0.9396400700748527	0.89775441949355	0.8921802834846313	0.9089026915113871	0.9289695811434941	0.872591176939003
SRR23478215	0.8168498168498168	0.9509476031215162	0.8917025003981526	0.9052396878483835	0.8582576843446409	0.8834209268991877	0.8416945373467113	0.8568243350852046	0.8931358496575887	0.7171524128045867	0.9241917502787068	0.8964803312629399	0.5687211339385252	0.7318044274566013	0.8706800445930881	0.6569517439082656	0.755534320751712	0.9342251950947603	0.7693900302595955	0.8869246695333652	0.622232839624144	0.0	0.6257365822583214	0.6684185379837554	0.707596751075012	0.8999840738971173	0.9407548972766364	0.6227106227106227	0.7322822105430801	0.7709826405478579	0.7504379678292722	0.7861124382863514	0.8517279821627648	0.8620799490364708	0.8265647396082179	0.8695652173913043	0.851887243191591	0.8170090778786431	0.812390508042682	0.8262462175505654	0.8233795190316929	0.8491798057015448	0.8388278388278388	0.7896161809205288	0.8969581143494187	0.7789456919891703	0.8249721293199554	0.7870680044593088	0.9730848861283644	0.6787705048574614	0.7698678133460742	0.8087275043796783	0.9436215957955089	0.9498327759197325	0.7873865265169613	0.8568243350852046	0.9176620480968307	0.807294155120242	0.8130275521579869	0.7324414715719063	0.8399426660296225	0.7829272177098264	0.7545787545787546	0.956681000159261	0.9006211180124224	0.817646121993948	0.7587195413282369	0.8198757763975155	0.887402452619844	0.9112916069437809	0.8665392578436056	0.9308807134894092	0.9138397834050008	0.9380474597865902	0.9305621914317567	0.8993470297818124	0.965121834687052	0.7756012103838191	0.9085841694537347	0.8491798057015448	0.9079471253384297	0.8313425704730053	0.8765727026596591	0.8584169453734671	0.8697244784201306	0.8947284599458513	0.8729096989966555	0.9270584487975793	0.8713170887083931	0.8397834050007963	0.824653607262303	0.9143175664914795	0.8889950629081064	0.8504538939321548	0.8643096034400383	0.8600095556617295	0.9741997133301481	0.9315177576047141	0.8757763975155279	0.8549132027392897	0.8861283643892339	0.7631788501353719	0.9143175664914795	0.7765567765567766	0.905558209906036	0.8939321548017201	0.7789456919891703	0.8028348463131072	0.9369326325848065	0.926899187768753	0.8284758719541329	0.821468386685778	0.9168657429526995	0.7998088867654085	0.8416945373467113	0.7883420926899187	0.8453575410097149	0.8459945851250199	0.8845357541009715	0.9453734671125975	0.9160694378085682	0.8917025003981526	0.7708233795190317	0.8029941073419334	0.8291129160694378	0.9458512501990762	0.8080904602643733	0.8609651218346871	0.8270425226946966	0.8866061474757126	0.8222646918299092	0.9480809046026437	0.8264054785793916	0.8955247650899825	0.8370759675107501	0.9759515846472369	0.9291288421723204	0.8445612358655837	0.9280140149705367	0.7935977066411849	0.84472049689441	0.8964803312629399	0.7942347507564899
SRR23478216	0.9343844561235866	0.9630514413123109	0.9439401178531613	0.9429845516802039	0.934702978181239	0.9313584965758879	0.8716356107660456	0.8746615703137443	0.8748208313425705	0.717948717948718	0.947603121516165	0.9337474120082816	0.6043956043956044	0.7983755375059723	0.9490364707756012	0.5916547220895046	0.7510750119445772	0.9515846472368211	0.864787386526517	0.9192546583850931	0.545309762701067	0.6257365822583214	0.0	0.8623984710941233	0.5714285714285714	0.9004618569835962	0.9894887720974678	0.6453256888039497	0.7340340818601688	0.7623825449912407	0.7232043318999841	0.6372033763338111	0.8219461697722568	0.9593884376493073	0.8326166587036152	0.8942506768593725	0.7220895046982003	0.8768912247173116	0.9039655996177736	0.8386685777990126	0.7488453575410097	0.883580187928014	0.8028348463131072	0.8469501512979773	0.9342251950947603	0.8850135371874502	0.7816531294792164	0.7348303870043	0.9866220735785953	0.6779741997133302	0.7082337951903169	0.8302277432712215	0.9775441949354993	0.982481286829113	0.8689281732759994	0.9292881032011466	0.9729256250995382	0.926899187768753	0.9477623825449912	0.7260710304188565	0.811753463927377	0.697244784201306	0.7235228539576366	0.9791368052237618	0.9681477942347507	0.7689122471731168	0.7695492912884218	0.8031533683707597	0.9775441949354993	0.9345437171524128	0.8595317725752508	0.9727663640707119	0.9847109412326803	0.9620958751393534	0.9194139194139194	0.9022137283006848	0.9818442427138079	0.8773690078037905	0.936614110527154	0.9006211180124224	0.9605032648510909	0.8488612836438924	0.9076286032807772	0.9641662685140946	0.8601688166905558	0.9098582576843447	0.9675107501194458	0.9240324892498806	0.8783245739767479	0.8587354674311196	0.8819875776397516	0.9415512024207676	0.9628921802834847	0.8735467431119605	0.9095397356266921	0.959866220735786	0.9949036470775601	0.9597069597069597	0.9284917980570154	0.9316770186335404	0.8995062908106386	0.7961458831024049	0.9025322503583373	0.8684503901895206	0.9375696767001115	0.9577958273610447	0.7767160375856028	0.8549132027392897	0.9440993788819876	0.9377289377289377	0.8458353240961937	0.799490364707756	0.9740404523013219	0.8507724159898072	0.906832298136646	0.7974199713330148	0.7854753941710464	0.7381748686096512	0.9754738015607581	0.9745182353878006	0.9832775919732442	0.9087434304825609	0.9106545628284759	0.8980729415512024	0.8889950629081064	0.9964962573658226	0.8789616180920529	0.9342251950947603	0.9216435738174868	0.9461697722567288	0.9160694378085682	0.9784997611084567	0.8251313903487817	0.8248128682911292	0.9003025959547699	0.9788182831661093	0.980570154483198	0.9402771141901577	0.9531772575250836	0.9394808090460265	0.9339066730371078	0.9273769708552317	0.8504538939321548
SRR23478217	0.8875617136486702	0.9644847905717471	0.8573021181716833	0.8362796623666189	0.8165312947921644	0.8681318681318682	0.7421563943303073	0.7582417582417582	0.9361363274406753	0.7958273610447524	0.8893135849657589	0.9270584487975793	0.7098264054785793	0.6591813983118331	0.8885172798216276	0.7136486701704093	0.8877209746774964	0.9405956362478102	0.7150820194298455	0.967670011148272	0.8372352285395763	0.6684185379837554	0.8623984710941233	0.0	0.749641662685141	0.9444179009396401	0.9928332537028189	0.7687529861442904	0.7614269788182831	0.7478897913680522	0.8087275043796783	0.8541168975951585	0.7340340818601688	0.9396400700748527	0.9428252906513777	0.8737060041407867	0.8722726548813505	0.8378722726548814	0.8652651696129957	0.8772097467749642	0.8233795190316929	0.934702978181239	0.8346870520783565	0.9480809046026437	0.9681477942347507	0.9036470775601211	0.9154323936932632	0.8781653129479217	0.9893295110686415	0.7776716037585603	0.9141583054626533	0.8940914158305463	0.9853479853479854	0.9839146360885491	0.8937728937728938	0.9694218824653608	0.9810479375696767	0.9434623347666826	0.959229176620481	0.8998248128682911	0.9519031692944736	0.776875298614429	0.8552317247969422	0.9939480809046026	0.9729256250995382	0.8956840261188087	0.8749800923713967	0.9071508201942985	0.8870839305621915	0.9834368530020704	0.9284917980570154	0.9832775919732442	0.9800923713967192	0.9812071985985029	0.9455327281414238	0.9614588310240484	0.9821627647714605	0.915910176779742	0.9539735626692148	0.8862876254180602	0.978021978021978	0.8365981844242714	0.9528587354674312	0.9633699633699634	0.89265806657111	0.9401178531613315	0.967670011148272	0.9679885332059245	0.945054945054945	0.8940914158305463	0.9388437649307214	0.9721293199554069	0.9757923236184106	0.9017359452142061	0.9203694855868769	0.8493390667303711	0.9955406911928651	0.9423475075648988	0.9557254339863035	0.9442586399108138	0.935977066411849	0.8768912247173116	0.9034878165312948	0.6935817805383023	0.9576365663322185	0.9636884854276159	0.7588788023570632	0.6289218028348463	0.7601528905876732	0.9815257206561554	0.9066730371078198	0.7407230450708712	0.8966395922917662	0.7900939640070075	0.7810160853639114	0.6956521739130435	0.8944099378881988	0.8294314381270903	0.8904284121675426	0.9425067685937251	0.9569995222169135	0.9407548972766364	0.8377130116260552	0.9337474120082816	0.6677814938684504	0.9754738015607581	0.8596910336040771	0.8995062908106386	0.9167064819238733	0.9605032648510909	0.9100175187131709	0.9130434782608695	0.8969581143494187	0.9421882465360726	0.922439878961618	0.9781812390508042	0.9453734671125975	0.9466475553432075	0.9886924669533366	0.9549291288421723	0.7862716993151776	0.877050485746138	0.8372352285395763
SRR23478218	0.9409141583054627	0.9740404523013219	0.9361363274406753	0.9319955406911928	0.8861283643892339	0.8780060519190954	0.8577799012581622	0.7805383022774327	0.917184265010352	0.6911928651059086	0.9192546583850931	0.9426660296225514	0.6467590380633859	0.7840420449116101	0.9490364707756012	0.6037585602802994	0.7577639751552795	0.954769867813346	0.8353240961936614	0.7869087434304826	0.7048893135849658	0.707596751075012	0.5714285714285714	0.749641662685141	0.0	0.9506290810638637	0.875139353400223	0.758082497212932	0.6446886446886447	0.800127408823061	0.6845039018952063	0.68434464086638	0.7945532728141423	0.9278547539417105	0.8639910813823858	0.8805542283803154	0.7142857142857143	0.8797579232361841	0.9143175664914795	0.7177894569198917	0.6867335562987736	0.9093804745978659	0.8166905558209906	0.8768912247173116	0.842809364548495	0.7397674788979137	0.7713011626055104	0.7453416149068323	0.9907628603280777	0.577639751552795	0.7310081223124701	0.7279821627647715	0.9663959229176621	0.9858257684344641	0.8432871476349737	0.9698996655518395	0.9837553750597229	0.935977066411849	0.9214843127886606	0.7999681477942348	0.8727504379678293	0.6902372989329512	0.7329192546583851	0.9826405478579392	0.9858257684344641	0.7711419015766842	0.7875457875457875	0.8407389711737537	0.9351807612677178	0.969581143494187	0.8931358496575887	0.9821627647714605	0.989648033126294	0.9705367096671444	0.9297658862876255	0.9536550406115624	0.9837553750597229	0.7426341774167862	0.9519031692944736	0.9291288421723204	0.9633699633699634	0.7713011626055104	0.7838827838827839	0.9808886765408504	0.8807134894091416	0.9278547539417105	0.9770664118490205	0.9587513935340022	0.9214843127886606	0.8127090301003345	0.792323618410575	0.9555661729574773	0.9168657429526995	0.8686096512183469	0.9046026437330785	0.9517439082656474	0.9950629081063863	0.9627329192546584	0.9659181398311834	0.950151297977385	0.9254658385093167	0.8139831183309444	0.9259436215957955	0.84472049689441	0.9460105112279026	0.9657588788023571	0.7419971333014811	0.7741678611243829	0.8313425704730053	0.9514253862079949	0.8442427138079311	0.7606306736741519	0.9839146360885491	0.8343685300207039	0.8740245261984393	0.6896002548176461	0.9022137283006848	0.8931358496575887	0.9711737537824494	0.9726071030418857	0.867335562987737	0.9315177576047141	0.8864468864468864	0.8601688166905558	0.8450390189520625	0.9966555183946488	0.8517279821627648	0.9648033126293996	0.9276954929128842	0.955406911928651	0.9190953973562669	0.9745182353878006	0.8224239528587355	0.8021978021978022	0.9173435260391782	0.9784997611084567	0.985188724319159	0.9214843127886606	0.9719700589265806	0.8232202580028667	0.9114508679726071	0.9184583532409619	0.8864468864468864
SRR23478220	0.926899187768753	0.9845516802038541	0.9931517757604714	0.987099856665074	0.9734034081860169	0.9729256250995382	0.9587513935340022	0.9859850294632904	0.9089026915113871	0.9437808568243351	0.9743589743589743	0.9542920847268673	0.9804108934543717	0.9291288421723204	0.9845516802038541	0.957318044274566	0.8365981844242714	0.967032967032967	0.9479216435738175	0.893295110686415	0.9149546106067845	0.8999840738971173	0.9004618569835962	0.9444179009396401	0.9506290810638637	0.0	0.9956999522216914	0.9316770186335404	0.9253065774804905	0.9523809523809523	0.9130434782608695	0.9415512024207676	0.9856665074056379	0.9426660296225514	0.7456601369644847	0.950151297977385	0.9436215957955089	0.930084408345278	0.9496735148909062	0.864150342411212	0.9101767797419972	0.8090460264373308	0.8483835005574136	0.9519031692944736	0.9039655996177736	0.9233954451345756	0.8530020703933747	0.8961618092052874	0.9837553750597229	0.8729096989966555	0.8827838827838828	0.903010033444816	0.9471253384296863	0.9741997133301481	0.8768912247173116	0.9536550406115624	0.9351807612677178	0.9089026915113871	0.9184583532409619	0.7861124382863514	0.8143016403885969	0.8972766364070712	0.9061952540213409	0.9536550406115624	0.9407548972766364	0.9399585921325052	0.8961618092052874	0.872591176939003	0.9458512501990762	0.9089026915113871	0.8616021659499921	0.9453734671125975	0.9630514413123109	0.9458512501990762	0.8894728459945851	0.8757763975155279	0.9663959229176621	0.9081063863672559	0.8784838350055741	0.9120879120879121	0.9374104156712852	0.9058767319636885	0.9104953017996497	0.9552476508998248	0.9096989966555183	0.877050485746138	0.9426660296225514	0.89775441949355	0.8198757763975155	0.8668577799012581	0.8451982799808887	0.8690874343048256	0.9374104156712852	0.9031692944736422	0.8800764452938366	0.9584328714763497	0.9920369485586877	0.9534957795827361	0.9254658385093167	0.930084408345278	0.9585921325051759	0.9331103678929766	0.990285077241599	0.956681000159261	0.7757604714126454	0.9593884376493073	0.8146201624462494	0.9463290332855551	0.9821627647714605	0.9144768275203058	0.8711578276795668	0.988373944895684	0.9880554228380315	0.8754578754578755	0.8993470297818124	0.7763975155279503	0.9198917025003982	0.9729256250995382	0.9523809523809523	0.9745182353878006	0.9813664596273292	0.9842331581462016	0.9103360407708234	0.895843287147635	0.9625736582258322	0.9757923236184106	0.9431438127090301	0.9767478897913681	0.9402771141901577	0.9659181398311834	0.9606625258799172	0.9952221691352127	0.9323140627488453	0.9264214046822743	0.9667144449753146	0.9850294632903328	0.9880554228380315	0.9356585443541965	0.9046026437330785	0.9324733237776716	0.965121834687052	0.9698996655518395	0.9018952062430323
SRR23478227	0.9737219302436694	0.9764293677337156	0.9562032170727823	0.9886924669533366	0.9807294155120242	0.47889791368052237	0.7886606147475713	0.916547220895047	0.9923554706163402	0.9710144927536232	0.9878961618092053	0.4824016563146998	0.8445612358655837	0.9859850294632904	0.9933110367892977	0.9832775919732442	0.9913999044433827	0.5529542920847269	0.8361204013377926	0.5276317885013537	0.9888517279821628	0.9407548972766364	0.9894887720974678	0.9928332537028189	0.875139353400223	0.9956999522216914	0.0	0.9939480809046026	0.9893295110686415	0.9928332537028189	0.9928332537028189	0.9929925147316452	0.9931517757604714	0.9929925147316452	0.9812071985985029	0.9933110367892977	0.990285077241599	0.9708552317247969	0.9304029304029304	0.8456760630673674	0.9874183787227265	0.9909221213569039	0.9781812390508042	0.9713330148112757	0.7935977066411849	0.7829272177098264	0.957955088389871	0.9947443860487338	0.9928332537028189	0.9931517757604714	0.9925147316451665	0.5311355311355311	0.9917184265010351	0.965121834687052	0.9417104634495939	0.9646440516005733	0.99745182353878	0.9761108456760631	0.9581143494186972	0.9886924669533366	0.9909221213569039	0.9660774008600096	0.9869405956362478	0.9961777353081701	0.9952221691352127	0.9767478897913681	0.9907628603280777	0.9907628603280777	0.9119286510590858	0.9918776875298615	0.9888517279821628	0.9839146360885491	0.9966555183946488	0.7577639751552795	0.9952221691352127	0.9816849816849816	0.9925147316451665	0.8979136805223762	0.9909221213569039	0.48192387322822106	0.6993151775760471	0.990285077241599	0.6327440675266762	0.9749960184742793	0.772256728778468	0.9706959706959707	0.9775441949354993	0.9017359452142061	0.9863035515209428	0.9512661251791686	0.8125497690715082	0.9235547061634019	0.8249721293199554	0.9864628125497691	0.6741519350215003	0.7986940595636248	0.48319796145883104	0.8810320114667941	0.9926739926739927	0.9847109412326803	0.9901258162127727	0.9904443382704252	0.9929925147316452	0.989010989010989	0.693422519509476	0.9923554706163402	0.9847109412326803	0.9880554228380315	0.9663959229176621	0.9727663640707119	0.9837553750597229	0.9861442904921166	0.9445771619684663	0.9503105590062112	0.982481286829113	0.9925147316451665	0.9821627647714605	0.9800923713967192	0.9909221213569039	0.9958592132505176	0.6873706004140787	0.5757286192068801	0.9694218824653608	0.8303870043000477	0.9354992833253702	0.4855868768912247	0.9913999044433827	0.4868609651218347	0.9488772097467749	0.9818442427138079	0.9496735148909062	0.6139512661251791	0.9891702500398153	0.990285077241599	0.9869405956362478	0.9893295110686415	0.9208472686733556	0.9928332537028189	0.9953814301640389	0.8028348463131072	0.9864628125497691	0.9904443382704252	0.9928332537028189
SRR23478228	0.9404363752189839	0.9511068641503424	0.8934543717152413	0.9157509157509157	0.9125656951743908	0.8780060519190954	0.862239210065297	0.8256091734352604	0.9020544672718586	0.6892817327599936	0.8910654562828476	0.934702978181239	0.6438923395445134	0.7098264054785793	0.927536231884058	0.609332696289218	0.8023570632266285	0.9522216913521261	0.8342092689918776	0.9321548017200191	0.6314699792960663	0.6227106227106227	0.6453256888039497	0.7687529861442904	0.758082497212932	0.9316770186335404	0.9939480809046026	0.0	0.8036311514572384	0.8533205924510272	0.7956681000159261	0.7821309125656952	0.7490046185698359	0.9202102245580507	0.8393056219143176	0.8821468386685778	0.8012422360248447	0.9079471253384297	0.8794394011785316	0.8690874343048256	0.8674948240165632	0.884854276158624	0.9211657907310081	0.8721133938525243	0.9130434782608695	0.922439878961618	0.8517279821627648	0.8416945373467113	0.9848702022615066	0.7767160375856028	0.8095238095238095	0.8819875776397516	0.9632107023411371	0.9697404045230132	0.8200350374263418	0.9170250039815258	0.9399585921325052	0.9046026437330785	0.9337474120082816	0.767160375856028	0.9036470775601211	0.8147794234750757	0.7870680044593088	0.9741997133301481	0.9593884376493073	0.8423315814620163	0.7856346551998726	0.8466316292403249	0.9597069597069597	0.9531772575250836	0.8361204013377926	0.9706959706959707	0.9761108456760631	0.9778627169931517	0.9605032648510909	0.957318044274566	0.9769071508201943	0.8748208313425705	0.9289695811434941	0.9453734671125975	0.94569198917025	0.9089026915113871	0.9170250039815258	0.947603121516165	0.9028507724159898	0.9442586399108138	0.9719700589265806	0.9563624781016086	0.8682911291606944	0.8749800923713967	0.8944099378881988	0.9010989010989011	0.9526994744386049	0.8985507246376812	0.8803949673514891	0.9491957318044275	0.9937888198757764	0.9479216435738175	0.9189361363274406	0.9181398311833094	0.9104953017996497	0.8131868131868132	0.9114508679726071	0.7728937728937729	0.9569995222169135	0.8714763497372193	0.8850135371874502	0.7778308647873865	0.78786430960344	0.9006211180124224	0.8931358496575887	0.7908902691511387	0.9675107501194458	0.8792801401497053	0.8760949195731804	0.8122312470138557	0.871954132823698	0.9356585443541965	0.9520624303232998	0.9648033126293996	0.9729256250995382	0.9270584487975793	0.9307214524605829	0.8407389711737537	0.8015607580824972	0.9949036470775601	0.8342092689918776	0.9565217391304348	0.8799171842650103	0.8797579232361841	0.9519031692944736	0.9474438604873388	0.9033285555024686	0.9149546106067845	0.8896321070234113	0.9818442427138079	0.9781812390508042	0.8773690078037905	0.8716356107660456	0.8687689122471731	0.8869246695333652	0.9284917980570154	0.8203535594839942
SRR23478229	0.9073100812231247	0.9081063863672559	0.9007803790412486	0.9265806657111005	0.8249721293199554	0.8211498646281254	0.8292721770982641	0.7888198757763976	0.8843764930721453	0.602165949992037	0.8816690555820991	0.8453575410097149	0.7756012103838191	0.7947125338429686	0.9079471253384297	0.6591813983118331	0.787227265488135	0.9463290332855551	0.7341933428889951	0.8759356585443542	0.7439082656473961	0.7322822105430801	0.7340340818601688	0.7614269788182831	0.6446886446886447	0.9253065774804905	0.9893295110686415	0.8036311514572384	0.0	0.8783245739767479	0.7615862398471094	0.7792642140468228	0.8287943940117853	0.8940914158305463	0.8174868609651218	0.8401019270584488	0.652014652014652	0.7383341296384774	0.8512501990762861	0.860328077719382	0.6453256888039497	0.8660614747571269	0.6784519827998089	0.8826246217550565	0.9455327281414238	0.7929606625258799	0.7464564421086161	0.7302118171683389	0.9808886765408504	0.609969740404523	0.8082497212931996	0.8061793279184584	0.9654403567447045	0.9710144927536232	0.7603121516164995	0.9241917502787068	0.9569995222169135	0.8799171842650103	0.9232361841057494	0.7641344163083293	0.8273610447523491	0.747093486223921	0.6997929606625258	0.9800923713967192	0.9673514890906195	0.6602962255136168	0.727663640707119	0.7316451664277751	0.8944099378881988	0.935340022296544	0.7986940595636248	0.9734034081860169	0.9845516802038541	0.9730848861283644	0.9124064341455645	0.9289695811434941	0.9767478897913681	0.7531454053193184	0.928173275999363	0.873228221054308	0.9526994744386049	0.6026437330785157	0.8385093167701864	0.9499920369485587	0.8243350852046504	0.8944099378881988	0.977384933906673	0.9471253384296863	0.8375537505972288	0.6669851887243191	0.8772097467749642	0.9364548494983278	0.9582736104475235	0.7896161809205288	0.8262462175505654	0.9377289377289377	0.9894887720974678	0.9232361841057494	0.9098582576843447	0.925625099538143	0.9453734671125975	0.7996496257365823	0.9280140149705367	0.7591973244147158	0.9382067208154165	0.9230769230769231	0.7311673833412964	0.7509157509157509	0.78913839783405	0.8917025003981526	0.8084089823220258	0.8652651696129957	0.9517439082656474	0.7163561076604554	0.7553750597228858	0.7510750119445772	0.8651059085841695	0.8213091256569517	0.9574773053033923	0.955406911928651	0.9710144927536232	0.8797579232361841	0.9116101290014333	0.8023570632266285	0.7469342251950948	0.989010989010989	0.8084089823220258	0.979296066252588	0.8991877687529861	0.9100175187131709	0.8909061952540214	0.9517439082656474	0.8112756808408982	0.7337155598025163	0.8474279343844561	0.9665551839464883	0.9560439560439561	0.8733874820831342	0.9311992355470616	0.8585762064022934	0.798216276477146	0.905558209906036	0.7865902213728301
SRR23478230	0.9114508679726071	0.956681000159261	0.9316770186335404	0.9288103201146679	0.9079471253384297	0.9100175187131709	0.8773690078037905	0.8380315336837076	0.7821309125656952	0.8643096034400383	0.9362955884695016	0.9464882943143813	0.8630355152094282	0.6870520783564262	0.8681318681318682	0.8722726548813505	0.8859691033604077	0.8577799012581622	0.8686096512183469	0.9297658862876255	0.8216276477146043	0.7709826405478579	0.7623825449912407	0.7478897913680522	0.800127408823061	0.9523809523809523	0.9928332537028189	0.8533205924510272	0.8783245739767479	0.0	0.7337155598025163	0.7163561076604554	0.8717948717948718	0.9657588788023571	0.9038063385889473	0.8187609491957318	0.7408823060996974	0.7717789456919891	0.9311992355470616	0.7376970855231725	0.7924828794394012	0.8883580187928014	0.7849976110845676	0.8295906991559165	0.9603440038222647	0.9251473164516643	0.7939162286988374	0.6418219461697723	0.9015766841853798	0.8646281254976907	0.6523331740723045	0.9103360407708234	0.885491320273929	0.8993470297818124	0.9211657907310081	0.9391622869883739	0.9808886765408504	0.9585921325051759	0.9756330625895844	0.8655836916706482	0.8295906991559165	0.7523491001751871	0.8267240006370441	0.9843924191750278	0.9807294155120242	0.8284758719541329	0.8388278388278388	0.8157349896480331	0.9517439082656474	0.9329511068641504	0.894569198917025	0.9810479375696767	0.904284121675426	0.8947284599458513	0.8580984233158147	0.8832616658703615	0.9872591176939003	0.9093804745978659	0.9555661729574773	0.9491957318044275	0.8815097945532728	0.902372989329511	0.9425067685937251	0.9128842172320433	0.822105430801083	0.894569198917025	0.9875776397515528	0.9345437171524128	0.8678133460742157	0.8697244784201306	0.8491798057015448	0.9654403567447045	0.9719700589265806	0.7542602325211021	0.9436215957955089	0.9162286988373944	0.9952221691352127	0.9605032648510909	0.9198917025003982	0.9765886287625418	0.9264214046822743	0.8942506768593725	0.907469342251951	0.8681318681318682	0.9299251473164517	0.9694218824653608	0.8139831183309444	0.7808568243350852	0.9087434304825609	0.7967829272177098	0.9304029304029304	0.7950310559006211	0.937251154642459	0.7536231884057971	0.9480809046026437	0.8343685300207039	0.8630355152094282	0.8152572065615544	0.79041248606466	0.9800923713967192	0.9880554228380315	0.9452142060837713	0.8878802357063227	0.9296066252587992	0.9233954451345756	0.9745182353878006	0.9087434304825609	0.6591813983118331	0.9448956840261188	0.9754738015607581	0.8558687689122472	0.9606625258799172	0.8596910336040771	0.8821468386685778	0.9103360407708234	0.8982322025800287	0.9804108934543717	0.9810479375696767	0.882306099697404	0.9577958273610447	0.9101767797419972	0.9496735148909062	0.8275203057811753
SRR23478231	0.9246695333651855	0.9611403089663959	0.954769867813346	0.9538143016403886	0.9440993788819876	0.9361363274406753	0.8815097945532728	0.855072463768116	0.609332696289218	0.7929606625258799	0.9200509635292244	0.9555661729574773	0.7888198757763976	0.8631947762382545	0.6747889791368052	0.7808568243350852	0.7827679566810002	0.6954929128842172	0.8861283643892339	0.9251473164516643	0.7348303870043	0.7504379678292722	0.7232043318999841	0.8087275043796783	0.6845039018952063	0.9130434782608695	0.9928332537028189	0.7956681000159261	0.7615862398471094	0.7337155598025163	0.0	0.4720496894409938	0.8729096989966555	0.9576365663322185	0.8528428093645485	0.6190476190476191	0.5276317885013537	0.8979136805223762	0.8963210702341137	0.8158942506768594	0.7424749163879598	0.8709985666507406	0.8477464564421087	0.6768593725115464	0.9289695811434941	0.9014174231565536	0.6539257843605669	0.7228858098423315	0.7072782290173595	0.7200191113234592	0.5703137442267877	0.8523650262780698	0.7063226628444019	0.8069756330625896	0.862239210065297	0.9393215480172001	0.9480809046026437	0.904284121675426	0.9358178053830227	0.7531454053193184	0.587991718426501	0.7700270743749005	0.7569676700111483	0.9777034559643255	0.9646440516005733	0.782608695652174	0.7631788501353719	0.8058608058608059	0.9574773053033923	0.9386845039018952	0.8786430960344004	0.9708552317247969	0.7088708393056219	0.6996336996336996	0.6512183468705208	0.8230609969740404	0.9853479853479854	0.8620799490364708	0.9361363274406753	0.9345437171524128	0.8063385889472846	0.8275203057811753	0.9069915591654722	0.8998248128682911	0.8690874343048256	0.9189361363274406	0.9727663640707119	0.9404363752189839	0.8662207357859532	0.8213091256569517	0.8665392578436056	0.9318362796623666	0.956681000159261	0.8679726071030419	0.9087434304825609	0.9640070074852684	0.9929925147316452	0.959229176620481	0.9413919413919414	0.9299251473164517	0.9288103201146679	0.8130275521579869	0.9635292243987896	0.928173275999363	0.9190953973562669	0.9536550406115624	0.7174709348622392	0.8407389711737537	0.9659181398311834	0.9487179487179487	0.8686096512183469	0.8088867654085046	0.9872591176939003	0.8090460264373308	0.8466316292403249	0.7803790412486065	0.8921802834846313	0.8786430960344004	0.9770664118490205	0.9802516324255455	0.9823220258002867	0.9374104156712852	0.8846950151297978	0.8912247173116739	0.9117693900302596	0.9964962573658226	0.7932791845835324	0.9727663640707119	0.906832298136646	0.9506290810638637	0.9337474120082816	0.9863035515209428	0.8940914158305463	0.893295110686415	0.9108138238573021	0.7039337474120083	0.989648033126294	0.9076286032807772	0.7658862876254181	0.9339066730371078	0.9382067208154165	0.9261028826246217	0.8807134894091416
SRR23478232	0.9477623825449912	0.955406911928651	0.9294473642299729	0.9326325848064978	0.94824016563147	0.9214843127886606	0.8702022615066093	0.8665392578436056	0.47873865265169613	0.8050645007166747	0.9283325370281892	0.9358178053830227	0.754897276636407	0.8342092689918776	0.5263577002707438	0.726389552476509	0.7541009714922758	0.5462653288740246	0.8582576843446409	0.9421882465360726	0.7386526516961299	0.7861124382863514	0.6372033763338111	0.8541168975951585	0.68434464086638	0.9415512024207676	0.9929925147316452	0.7821309125656952	0.7792642140468228	0.7163561076604554	0.4720496894409938	0.0	0.8235387800605192	0.9756330625895844	0.9020544672718586	0.42395285873546745	0.5292243987896161	0.9084249084249084	0.895843287147635	0.8537983755375059	0.7929606625258799	0.9138397834050008	0.8630355152094282	0.6899187768752986	0.9606625258799172	0.9063545150501672	0.5822583213887562	0.6932632584806497	0.5529542920847269	0.765249243510113	0.5790731008122313	0.8679726071030419	0.5566172957477306	0.809205287466157	0.8869246695333652	0.9711737537824494	0.9714922758401019	0.9393215480172001	0.9630514413123109	0.7945532728141423	0.5779582736104475	0.7184265010351967	0.7628603280777194	0.979933110367893	0.9710144927536232	0.8107978977544195	0.8187609491957318	0.8209906035992992	0.9530179964962574	0.9710144927536232	0.9003025959547699	0.9797738493390667	0.6287625418060201	0.620321707278229	0.5160057333970377	0.8276795668100015	0.9839146360885491	0.8811912724956203	0.9474438604873388	0.930084408345278	0.8111164198120719	0.8784838350055741	0.945054945054945	0.9036470775601211	0.870043000477783	0.9251473164516643	0.9875776397515528	0.9635292243987896	0.8909061952540214	0.8358018792801402	0.9096989966555183	0.9522216913521261	0.9749960184742793	0.9071508201942985	0.9262621436534481	0.9335881509794554	0.9956999522216914	0.9608217869087434	0.9466475553432075	0.936614110527154	0.9144768275203058	0.8158942506768594	0.9245102723363593	0.870043000477783	0.917184265010352	0.9557254339863035	0.8063385889472846	0.864150342411212	0.955406911928651	0.9563624781016086	0.8870839305621915	0.800764452938366	0.979296066252588	0.8592132505175983	0.8929765886287625	0.8482242395285874	0.860328077719382	0.8609651218346871	0.977384933906673	0.9724478420130594	0.9832775919732442	0.9205287466157032	0.8974358974358975	0.9069915591654722	0.8902691511387164	0.9982481286829112	0.8810320114667941	0.9358178053830227	0.9186176142697882	0.9608217869087434	0.9440993788819876	0.9652810957158783	0.8243350852046504	0.8772097467749642	0.9323140627488453	0.5609173435260392	0.9872591176939003	0.9393215480172001	0.7865902213728301	0.9538143016403886	0.9302436693741042	0.9319955406911928	0.8714763497372193
SRR23478233	0.957955088389871	0.9710144927536232	0.9039655996177736	0.9179805701544832	0.8504538939321548	0.9079471253384297	0.8010829749960184	0.7544194935499283	0.9377289377289377	0.772256728778468	0.8861283643892339	0.9377289377289377	0.8143016403885969	0.6790890269151139	0.9415512024207676	0.7509157509157509	0.8404204491161013	0.9576365663322185	0.8827838827838828	0.9789775441949355	0.8444019748367575	0.8517279821627648	0.8219461697722568	0.7340340818601688	0.7945532728141423	0.9856665074056379	0.9931517757604714	0.7490046185698359	0.8287943940117853	0.8717948717948718	0.8729096989966555	0.8235387800605192	0.0	0.9735626692148431	0.9496735148909062	0.8676540850453894	0.8858098423315814	0.9135212613473483	0.9218028348463131	0.9421882465360726	0.8643096034400383	0.9546106067845198	0.9318362796623666	0.9093804745978659	0.9724478420130594	0.9538143016403886	0.8888358018792801	0.7971014492753623	0.9941073419334289	0.84217232043319	0.8924988055422838	0.8690874343048256	0.9969740404523013	0.988373944895684	0.8985507246376812	0.9823220258002867	0.9875776397515528	0.9679885332059245	0.985188724319159	0.8840579710144928	0.9291288421723204	0.8375537505972288	0.8319796145883103	0.989010989010989	0.9953814301640389	0.8270425226946966	0.8678133460742157	0.9053989488772097	0.9691033604077083	0.987736900780379	0.947603121516165	0.9888517279821628	0.99745182353878	0.9928332537028189	0.9726071030418857	0.9840738971173754	0.990285077241599	0.9143175664914795	0.9770664118490205	0.967032967032967	0.9818442427138079	0.9444179009396401	0.9700589265806657	0.9859850294632904	0.9324733237776716	0.9644847905717471	0.9976110845676063	0.9738811912724956	0.959229176620481	0.9405956362478102	0.9630514413123109	0.9791368052237618	0.9698996655518395	0.9517439082656474	0.9741997133301481	0.8955247650899825	0.9958592132505176	0.9646440516005733	0.9832775919732442	0.9812071985985029	0.9659181398311834	0.8515687211339386	0.9272177098264055	0.8679726071030419	0.9713330148112757	0.9700589265806657	0.9058767319636885	0.6755852842809364	0.7504379678292722	0.9831183309444179	0.9001433349259437	0.8160535117056856	0.915273132664437	0.9496735148909062	0.9538143016403886	0.7733715559802516	0.9310399745182354	0.9429845516802039	0.9777034559643255	0.9593884376493073	0.9738811912724956	0.8596910336040771	0.9577958273610447	0.9541328236980411	0.7631788501353719	0.9968147794234751	0.8913839783405001	0.977384933906673	0.9386845039018952	0.9729256250995382	0.9745182353878006	0.9646440516005733	0.9429845516802039	0.9506290810638637	0.9386845039018952	0.9850294632903328	0.9761108456760631	0.9746774964166268	0.9906035992992515	0.9641662685140946	0.9100175187131709	0.8832616658703615	0.8756171364867017
SRR23478234	0.9270584487975793	0.9765886287625418	0.9726071030418857	0.9515846472368211	0.9612995699952221	0.9181398311833094	0.9608217869087434	0.9802516324255455	0.9474438604873388	0.9222806179327918	0.9738811912724956	0.9077878643096035	0.9544513457556936	0.9420289855072463	0.8896321070234113	0.9203694855868769	0.8514094601051123	0.9565217391304348	0.8979136805223762	0.8974358974358975	0.9050804268195572	0.8620799490364708	0.9593884376493073	0.9396400700748527	0.9278547539417105	0.9426660296225514	0.9929925147316452	0.9202102245580507	0.8940914158305463	0.9657588788023571	0.9576365663322185	0.9756330625895844	0.9735626692148431	0.0	0.8483835005574136	0.9568402611880873	0.9562032170727823	0.9423475075648988	0.8257684344640867	0.9425067685937251	0.9041248606465998	0.8797579232361841	0.885491320273929	0.8407389711737537	0.8803949673514891	0.905558209906036	0.9504698200350374	0.9033285555024686	0.9753145405319318	0.9533365185539099	0.9519031692944736	0.9520624303232998	0.8923395445134575	0.8931358496575887	0.8192387322822106	0.7545787545787546	0.7861124382863514	0.7716196846631629	0.7620640229335881	0.8660614747571269	0.9345437171524128	0.8450390189520625	0.9319955406911928	0.9114508679726071	0.8493390667303711	0.9310399745182354	0.9488772097467749	0.8936136327440676	0.978659022137283	0.8345277910495302	0.8439241917502787	0.8666985188724319	0.8979136805223762	0.9536550406115624	0.9549291288421723	0.9139990444338271	0.9562032170727823	0.8388278388278388	0.7865902213728301	0.9455327281414238	0.8045867176301958	0.8491798057015448	0.8717948717948718	0.8375537505972288	0.9151138716356108	0.9085841694537347	0.7598343685300207	0.9254658385093167	0.9310399745182354	0.8802357063226628	0.9304029304029304	0.84217232043319	0.8530020703933747	0.8590539894887721	0.9659181398311834	0.9741997133301481	0.9855072463768116	0.9407548972766364	0.8166905558209906	0.835005574136009	0.8568243350852046	0.8630355152094282	0.9848702022615066	0.9533365185539099	0.9463290332855551	0.9487179487179487	0.8901098901098901	0.9350215002388915	0.9313584965758879	0.9436215957955089	0.9329511068641504	0.9616180920528746	0.9840738971173754	0.8878802357063227	0.9472845994585125	0.9571587832457398	0.8052237617455009	0.9923554706163402	0.9671922280617933	0.978659022137283	0.9632107023411371	0.9627329192546584	0.8692466953336518	0.8660614747571269	0.9429845516802039	0.9982481286829112	0.8420130594043638	0.9960184742793439	0.7658862876254181	0.7556935817805382	0.9006211180124224	0.9910813823857302	0.8889950629081064	0.8797579232361841	0.7757604714126454	0.9713330148112757	0.978659022137283	0.8969581143494187	0.9060359929925147	0.8593725115464246	0.9351807612677178	0.9147953495779583	0.9431438127090301
SRR23478235	0.8709985666507406	0.9552476508998248	0.9660774008600096	0.9493549928332538	0.950151297977385	0.9225991399904443	0.9211657907310081	0.9654403567447045	0.855072463768116	0.9025322503583373	0.9595476986781335	0.922439878961618	0.9089026915113871	0.8717948717948718	0.9491957318044275	0.8620799490364708	0.7687529861442904	0.9617773530817009	0.9033285555024686	0.8329351807612677	0.8069756330625896	0.8265647396082179	0.8326166587036152	0.9428252906513777	0.8639910813823858	0.7456601369644847	0.9812071985985029	0.8393056219143176	0.8174868609651218	0.9038063385889473	0.8528428093645485	0.9020544672718586	0.9496735148909062	0.8483835005574136	0.0	0.9175027870680045	0.8620799490364708	0.8631947762382545	0.8590539894887721	0.8224239528587355	0.8665392578436056	0.6840261188087275	0.7920050963529225	0.8316610925306578	0.8639910813823858	0.8197165153686893	0.7961458831024049	0.8233795190316929	0.9538143016403886	0.7427934384456124	0.8436056696926262	0.873228221054308	0.8502946329033285	0.9523809523809523	0.7396082178690875	0.8200350374263418	0.9009396400700749	0.7093486223921006	0.8490205446727186	0.8523650262780698	0.7889791368052238	0.8437649307214524	0.7835642618251314	0.9089026915113871	0.8329351807612677	0.8353240961936614	0.8217869087434305	0.7813346074215639	0.9721293199554069	0.831820353559484	0.726389552476509	0.9087434304825609	0.9109730848861284	0.9334288899506291	0.8988692466953336	0.853161331422201	0.9458512501990762	0.8111164198120719	0.8617614269788183	0.9044433827042523	0.8982322025800287	0.8029941073419334	0.7924828794394012	0.8686096512183469	0.8412167542602326	0.8190794712533843	0.9018952062430323	0.8749800923713967	0.7943940117853161	0.7521898391463608	0.7553750597228858	0.7748049052396878	0.874502309284918	0.8292721770982641	0.8380315336837076	0.9686255773212294	0.9781812390508042	0.9477623825449912	0.8131868131868132	0.8483835005574136	0.8807134894091416	0.8340500079630514	0.9730848861283644	0.9273769708552317	0.8716356107660456	0.8760949195731804	0.7877050485746138	0.9383659818442427	0.9402771141901577	0.8644688644688645	0.8319796145883103	0.9418697244784201	0.9737219302436694	0.8256091734352604	0.8655836916706482	0.8493390667303711	0.870043000477783	0.9738811912724956	0.9590699155916548	0.968307055263577	0.9609810479375697	0.9463290332855551	0.8851727982162765	0.7916865742952699	0.9417104634495939	0.9918776875298615	0.8767319636884854	0.9899665551839465	0.8490205446727186	0.8931358496575887	0.853161331422201	0.9874183787227265	0.8130275521579869	0.8068163720337633	0.8695652173913043	0.967032967032967	0.9754738015607581	0.860328077719382	0.8270425226946966	0.8584169453734671	0.9090619525402134	0.9388437649307214	0.809205287466157
SRR23478236	0.9184583532409619	0.9619366141105271	0.945054945054945	0.9370918936136328	0.8888358018792801	0.9128842172320433	0.8966395922917662	0.9296066252587992	0.390030259595477	0.9087434304825609	0.9370918936136328	0.9390030259595477	0.8894728459945851	0.8405797101449275	0.399745182353878	0.8748208313425705	0.8612836438923396	0.547220895046982	0.8561872909698997	0.9512661251791686	0.8711578276795668	0.8695652173913043	0.8942506768593725	0.8737060041407867	0.8805542283803154	0.950151297977385	0.9933110367892977	0.8821468386685778	0.8401019270584488	0.8187609491957318	0.6190476190476191	0.42395285873546745	0.8676540850453894	0.9568402611880873	0.9175027870680045	0.0	0.6481923873228221	0.8905876731963689	0.8947284599458513	0.9020544672718586	0.8533205924510272	0.9103360407708234	0.895843287147635	0.7520305781175346	0.9675107501194458	0.904921165790731	0.7267080745341615	0.7730530339225992	0.3597706641184902	0.8813505335244466	0.6637999681477942	0.8905876731963689	0.5518394648829431	0.8050645007166747	0.8703615225354355	0.9635292243987896	0.9655996177735309	0.9155916547220895	0.94951425386208	0.8896321070234113	0.6107660455486542	0.8397834050007963	0.8620799490364708	0.982481286829113	0.9635292243987896	0.8399426660296225	0.8560280299410734	0.8808727504379679	0.9436215957955089	0.9563624781016086	0.8875617136486702	0.9820035037426342	0.6204809683070552	0.6239847109412326	0.3481446090141742	0.8265647396082179	0.9794553272814143	0.870043000477783	0.9356585443541965	0.9267399267399268	0.7971014492753623	0.8885172798216276	0.9205287466157032	0.894569198917025	0.9235547061634019	0.9385252428730689	0.982481286829113	0.9659181398311834	0.8733874820831342	0.84089823220258	0.8985507246376812	0.954769867813346	0.9729256250995382	0.8993470297818124	0.9039655996177736	0.9433030737378564	0.9956999522216914	0.9726071030418857	0.9399585921325052	0.9472845994585125	0.9530179964962574	0.8566650740563784	0.9641662685140946	0.8463131071826724	0.9233954451345756	0.922439878961618	0.8737060041407867	0.9103360407708234	0.9445771619684663	0.9326325848064978	0.8840579710144928	0.8996655518394648	0.9697404045230132	0.9095397356266921	0.8975951584647237	0.8856505813027552	0.9163879598662207	0.9638477464564421	0.9847109412326803	0.9675107501194458	0.9638477464564421	0.8606465997770345	0.9463290332855551	0.8772097467749642	0.8727504379678293	0.998088867654085	0.8393056219143176	0.9853479853479854	0.9050804268195572	0.945054945054945	0.935340022296544	0.957955088389871	0.8702022615066093	0.8990285077241599	0.8896321070234113	0.34894091415830547	0.9931517757604714	0.8995062908106386	0.7743271221532091	0.915273132664437	0.9044433827042523	0.8894728459945851	0.8644688644688645
SRR23478237	0.9448956840261188	0.9498327759197325	0.9332696289218029	0.9108138238573021	0.9426660296225514	0.9057174709348622	0.8587354674311196	0.7642936773371556	0.63513298295907	0.7418378722726549	0.8982322025800287	0.9386845039018952	0.8294314381270903	0.8686096512183469	0.7168338907469343	0.7808568243350852	0.8170090778786431	0.6913521261347348	0.870043000477783	0.9286510590858417	0.78913839783405	0.851887243191591	0.7220895046982003	0.8722726548813505	0.7142857142857143	0.9436215957955089	0.990285077241599	0.8012422360248447	0.652014652014652	0.7408823060996974	0.5276317885013537	0.5292243987896161	0.8858098423315814	0.9562032170727823	0.8620799490364708	0.6481923873228221	0.0	0.8466316292403249	0.8931358496575887	0.8444019748367575	0.73992673992674	0.8980729415512024	0.8189202102245581	0.7141264532568881	0.9477623825449912	0.9025322503583373	0.6392737697085523	0.7302118171683389	0.7402452619843924	0.7744863831820353	0.5980251632425545	0.8794394011785316	0.735467431119605	0.8181239050804269	0.8660614747571269	0.9431438127090301	0.9796145883102405	0.925625099538143	0.9528587354674312	0.8217869087434305	0.6120401337792643	0.7939162286988374	0.7843605669692626	0.979296066252588	0.9687848383500557	0.7698678133460742	0.8295906991559165	0.8057015448319796	0.9601847427934385	0.9506290810638637	0.8294314381270903	0.9741997133301481	0.7440675266762223	0.7316451664277751	0.6706481923873229	0.8189202102245581	0.9840738971173754	0.8705207835642619	0.935340022296544	0.9523809523809523	0.8080904602643733	0.8262462175505654	0.9144768275203058	0.9052396878483835	0.8295906991559165	0.9061952540213409	0.9855072463768116	0.9326325848064978	0.8684503901895206	0.8071348940914158	0.9093804745978659	0.9447364229972925	0.9698996655518395	0.8706800445930881	0.8846950151297978	0.9503105590062112	0.9942666029622551	0.9474438604873388	0.9276954929128842	0.9407548972766364	0.9246695333651855	0.8617614269788183	0.9630514413123109	0.8442427138079311	0.9111323459149546	0.9560439560439561	0.7883420926899187	0.8107978977544195	0.9192546583850931	0.9348622392100653	0.8760949195731804	0.7762382544991241	0.9753145405319318	0.8103201146679407	0.8694059563624781	0.8595317725752508	0.8991877687529861	0.8248128682911292	0.9611403089663959	0.9746774964166268	0.9827998088867654	0.9417104634495939	0.9210065297021819	0.8800764452938366	0.8373944895684026	0.9966555183946488	0.8585762064022934	0.968944099378882	0.9278547539417105	0.94951425386208	0.9335881509794554	0.957318044274566	0.8187609491957318	0.8270425226946966	0.89520624303233	0.7341933428889951	0.9770664118490205	0.8920210224558051	0.7612677177894569	0.9412326803631151	0.9264214046822743	0.9310399745182354	0.8493390667303711
SRR23478238	0.9504698200350374	0.9238732282210543	0.8920210224558051	0.9316770186335404	0.8721133938525243	0.9262621436534481	0.8808727504379679	0.8867654085045389	0.8437649307214524	0.7389711737537824	0.8966395922917662	0.835005574136009	0.9026915113871635	0.83962414397197	0.9662366618888358	0.8171683389074693	0.9096989966555183	0.9219620958751393	0.7821309125656952	0.9020544672718586	0.8514094601051123	0.8170090778786431	0.8768912247173116	0.8378722726548814	0.8797579232361841	0.930084408345278	0.9708552317247969	0.9079471253384297	0.7383341296384774	0.7717789456919891	0.8979136805223762	0.9084249084249084	0.9135212613473483	0.9423475075648988	0.8631947762382545	0.8905876731963689	0.8466316292403249	0.0	0.8614429049211658	0.7679566810001592	0.7598343685300207	0.8450390189520625	0.6094919573180443	0.9009396400700749	0.9420289855072463	0.8416945373467113	0.8375537505972288	0.68434464086638	0.9840738971173754	0.7859531772575251	0.7292562509953814	0.8794394011785316	0.9678292721770982	0.9611403089663959	0.8733874820831342	0.9211657907310081	0.9859850294632904	0.9187768752986144	0.9620958751393534	0.8380315336837076	0.8811912724956203	0.8353240961936614	0.7966236661888836	0.9834368530020704	0.9727663640707119	0.7434304825609174	0.7746456442108616	0.7709826405478579	0.8853320592451027	0.925625099538143	0.833094441790094	0.9660774008600096	0.9925147316451665	0.9463290332855551	0.8859691033604077	0.9436215957955089	0.9788182831661093	0.8810320114667941	0.9421882465360726	0.8565058130275521	0.9286510590858417	0.7776716037585603	0.8845357541009715	0.9597069597069597	0.7386526516961299	0.8200350374263418	0.9831183309444179	0.8934543717152413	0.8322981366459627	0.7950310559006211	0.8152572065615544	0.9227584010192705	0.9447364229972925	0.7020226150660933	0.8358018792801402	0.8931358496575887	0.9743589743589743	0.9229176620480968	0.897117375378245	0.9280140149705367	0.9506290810638637	0.9057174709348622	0.9601847427934385	0.7389711737537824	0.9066730371078198	0.9499920369485587	0.8362796623666189	0.8623984710941233	0.9007803790412486	0.7746456442108616	0.8791208791208791	0.9380474597865902	0.9184583532409619	0.6475553432075172	0.8359611403089664	0.8303870043000477	0.8899506290810638	0.8894728459945851	0.957955088389871	0.9525402134097787	0.9638477464564421	0.882306099697404	0.8893135849657589	0.875139353400223	0.7940754897276636	0.9694218824653608	0.8983914636088549	0.9557254339863035	0.9095397356266921	0.9474438604873388	0.7666825927695493	0.9448956840261188	0.8385093167701864	0.8767319636884854	0.906832298136646	0.9769071508201943	0.8827838827838828	0.9560439560439561	0.9571587832457398	0.9170250039815258	0.6333811116419812	0.9417104634495939	0.8633540372670807
SRR23478239	0.8918617614269788	0.9404363752189839	0.885491320273929	0.9122471731167383	0.9090619525402134	0.8316610925306578	0.8294314381270903	0.8780060519190954	0.8885172798216276	0.874502309284918	0.9241917502787068	0.829909221213569	0.8542761586239848	0.8561872909698997	0.8705207835642619	0.8799171842650103	0.8877209746774964	0.864787386526517	0.7596751075011945	0.9190953973562669	0.8819875776397516	0.812390508042682	0.9039655996177736	0.8652651696129957	0.9143175664914795	0.9496735148909062	0.9304029304029304	0.8794394011785316	0.8512501990762861	0.9311992355470616	0.8963210702341137	0.895843287147635	0.9218028348463131	0.8257684344640867	0.8590539894887721	0.8947284599458513	0.8931358496575887	0.8614429049211658	0.0	0.8999840738971173	0.8308647873865265	0.9119286510590858	0.8353240961936614	0.7814938684503902	0.9480809046026437	0.8948877209746775	0.8206720815416467	0.8813505335244466	0.9536550406115624	0.8413760152890588	0.9076286032807772	0.8901098901098901	0.9627329192546584	0.9315177576047141	0.6547220895046982	0.7814938684503902	0.9638477464564421	0.776875298614429	0.9071508201942985	0.8579391622869884	0.8846950151297978	0.7773530817009078	0.8797579232361841	0.980570154483198	0.7558528428093646	0.84472049689441	0.8616021659499921	0.8154164675903807	0.9012581621277274	0.9319955406911928	0.8302277432712215	0.9622551361681796	0.9417104634495939	0.9089026915113871	0.9001433349259437	0.9232361841057494	0.955406911928651	0.8837394489568403	0.9324733237776716	0.8676540850453894	0.9026915113871635	0.8383500557413601	0.8832616658703615	0.7870680044593088	0.7908902691511387	0.8832616658703615	0.8502946329033285	0.8772097467749642	0.8775282688326167	0.7865902213728301	0.9098582576843447	0.8815097945532728	0.8270425226946966	0.8453575410097149	0.8638318203535594	0.8485427615862399	0.9321548017200191	0.8853320592451027	0.9111323459149546	0.8815097945532728	0.9296066252587992	0.863513298295907	0.9471253384296863	0.8646281254976907	0.8834209268991877	0.9294473642299729	0.8308647873865265	0.8815097945532728	0.9087434304825609	0.9104953017996497	0.9012581621277274	0.9278547539417105	0.895843287147635	0.8093645484949833	0.8311833094441791	0.9106545628284759	0.8119127249562033	0.8824653607262303	0.9605032648510909	0.9601847427934385	0.9461697722567288	0.8904284121675426	0.6693741041567128	0.8107978977544195	0.8686096512183469	0.937251154642459	0.835005574136009	0.9219620958751393	0.8332537028189202	0.8843764930721453	0.8119127249562033	0.9106545628284759	0.8405797101449275	0.9210065297021819	0.8526835483357222	0.9624143971970059	0.9007803790412486	0.769708552317248	0.9483994266602962	0.8377130116260552	0.8821468386685778	0.9337474120082816	0.8762541806020067
SRR23478240	0.9576365663322185	0.9732441471571907	0.9522216913521261	0.957318044274566	0.9267399267399268	0.9270584487975793	0.9323140627488453	0.9254658385093167	0.8287943940117853	0.8850135371874502	0.9299251473164517	0.9488772097467749	0.8233795190316929	0.8972766364070712	0.9718107978977544	0.8709985666507406	0.8692466953336518	0.9745182353878006	0.8657429526994744	0.7009077878643096	0.8211498646281254	0.8262462175505654	0.8386685777990126	0.8772097467749642	0.7177894569198917	0.864150342411212	0.8456760630673674	0.8690874343048256	0.860328077719382	0.7376970855231725	0.8158942506768594	0.8537983755375059	0.9421882465360726	0.9425067685937251	0.8224239528587355	0.9020544672718586	0.8444019748367575	0.7679566810001592	0.8999840738971173	0.0	0.729574773053034	0.8037904124860646	0.7442267877050486	0.930084408345278	0.7418378722726549	0.729574773053034	0.8843764930721453	0.6246217550565377	0.9778627169931517	0.7908902691511387	0.6336996336996337	0.7450230928491798	0.967032967032967	0.9775441949354993	0.8840579710144928	0.9155916547220895	0.9700589265806657	0.9257843605669692	0.906832298136646	0.8694059563624781	0.8956840261188087	0.7993311036789298	0.7990125816212773	0.9784997611084567	0.9584328714763497	0.7937569676700111	0.8071348940914158	0.726389552476509	0.939799331103679	0.9141583054626533	0.79041248606466	0.9630514413123109	0.9796145883102405	0.968944099378882	0.9109730848861284	0.9417104634495939	0.9772256728778468	0.79041248606466	0.9391622869883739	0.9394808090460265	0.9584328714763497	0.8264054785793916	0.7378563465519987	0.9585921325051759	0.7787864309603441	0.7950310559006211	0.9609810479375697	0.915273132664437	0.809205287466157	0.8068163720337633	0.6029622551361682	0.884854276158624	0.9001433349259437	0.693422519509476	0.8899506290810638	0.9608217869087434	0.9918776875298615	0.9590699155916548	0.870043000477783	0.9404363752189839	0.9184583532409619	0.8737060041407867	0.9657588788023571	0.9108138238573021	0.9339066730371078	0.9519031692944736	0.8297499601847428	0.9033285555024686	0.9571587832457398	0.7095078834209269	0.873865265169613	0.9235547061634019	0.9875776397515528	0.6759038063385889	0.8864468864468864	0.8780060519190954	0.8832616658703615	0.9433030737378564	0.9756330625895844	0.9831183309444179	0.8335722248765727	0.9571587832457398	0.9144768275203058	0.864150342411212	0.9304029304029304	0.9972925625099538	0.89520624303233	0.9705367096671444	0.9254658385093167	0.9509476031215162	0.8170090778786431	0.9840738971173754	0.8087275043796783	0.8464723682114986	0.9065137760789934	0.9708552317247969	0.9917184265010351	0.9390030259595477	0.9069915591654722	0.7845198279980888	0.9240324892498806	0.912724956203217	0.8689281732759994
SRR23478241	0.9421882465360726	0.9356585443541965	0.9168657429526995	0.9331103678929766	0.8764134416308329	0.8423315814620163	0.8262462175505654	0.8845357541009715	0.8077719382067208	0.8109571587832457	0.8837394489568403	0.885491320273929	0.8561872909698997	0.7977384933906673	0.9420289855072463	0.7220895046982003	0.8444019748367575	0.9202102245580507	0.7284599458512502	0.8549132027392897	0.7744863831820353	0.8233795190316929	0.7488453575410097	0.8233795190316929	0.6867335562987736	0.9101767797419972	0.9874183787227265	0.8674948240165632	0.6453256888039497	0.7924828794394012	0.7424749163879598	0.7929606625258799	0.8643096034400383	0.9041248606465998	0.8665392578436056	0.8533205924510272	0.73992673992674	0.7598343685300207	0.8308647873865265	0.729574773053034	0.0	0.8037904124860646	0.6392737697085523	0.9221213569039656	0.9417104634495939	0.7934384456123587	0.7682752030578117	0.6596591813983118	0.9757923236184106	0.7260710304188565	0.7698678133460742	0.8147794234750757	0.9517439082656474	0.9652810957158783	0.807294155120242	0.928173275999363	0.9853479853479854	0.9262621436534481	0.94569198917025	0.7998088867654085	0.8445612358655837	0.5676063067367415	0.6977225672877847	0.9882146838668577	0.9748367574454531	0.6711259754738016	0.7738493390667304	0.7389711737537824	0.9362955884695016	0.9233954451345756	0.8063385889472846	0.9668737060041408	0.9810479375696767	0.9582736104475235	0.8573021181716833	0.9132027392896959	0.9807294155120242	0.8103201146679407	0.9477623825449912	0.8878802357063227	0.950151297977385	0.670170409300844	0.8420130594043638	0.9525402134097787	0.6781334607421564	0.8182831661092531	0.9746774964166268	0.9119286510590858	0.8101608536391145	0.6822742474916388	0.817646121993948	0.926899187768753	0.9686255773212294	0.7142857142857143	0.8708393056219144	0.9179805701544832	0.9867813346074216	0.9331103678929766	0.8737060041407867	0.9093804745978659	0.9170250039815258	0.8512501990762861	0.9292881032011466	0.840261188087275	0.9135212613473483	0.9507883420926899	0.7037744863831821	0.8453575410097149	0.8150979455327282	0.8381907947125339	0.7735308170090779	0.8679726071030419	0.9533365185539099	0.6802038541168975	0.7848383500557413	0.7829272177098264	0.8418537983755375	0.8590539894887721	0.9560439560439561	0.9654403567447045	0.9777034559643255	0.9284917980570154	0.8475871954132824	0.8410574932314063	0.8310240484153527	0.988373944895684	0.8045867176301958	0.9514253862079949	0.9151138716356108	0.957955088389871	0.8588947284599459	0.9603440038222647	0.7746456442108616	0.7410415671285236	0.8694059563624781	0.970218187609492	0.9536550406115624	0.9017359452142061	0.9425067685937251	0.9270584487975793	0.8413760152890588	0.9077878643096035	0.8222646918299092
SRR23478242	0.9597069597069597	0.9781812390508042	0.9772256728778468	0.9781812390508042	0.9530179964962574	0.9394808090460265	0.9227584010192705	0.9654403567447045	0.8630355152094282	0.907469342251951	0.9665551839464883	0.9351807612677178	0.9291288421723204	0.9076286032807772	0.9687848383500557	0.9090619525402134	0.8399426660296225	0.9619366141105271	0.9163879598662207	0.8636725593247332	0.8690874343048256	0.8491798057015448	0.883580187928014	0.934702978181239	0.9093804745978659	0.8090460264373308	0.9909221213569039	0.884854276158624	0.8660614747571269	0.8883580187928014	0.8709985666507406	0.9138397834050008	0.9546106067845198	0.8797579232361841	0.6840261188087275	0.9103360407708234	0.8980729415512024	0.8450390189520625	0.9119286510590858	0.8037904124860646	0.8037904124860646	0.0	0.7928014014970537	0.8623984710941233	0.8268832616658703	0.8749800923713967	0.8660614747571269	0.8122312470138557	0.979296066252588	0.7615862398471094	0.8488612836438924	0.8549132027392897	0.9147953495779583	0.9507883420926899	0.8679726071030419	0.8552317247969422	0.9299251473164517	0.8576206402293359	0.8815097945532728	0.893295110686415	0.8448797579232362	0.8692466953336518	0.8103201146679407	0.9216435738174868	0.8596910336040771	0.8611243828635133	0.7947125338429686	0.7784679089026915	0.9665551839464883	0.8445612358655837	0.6131549609810479	0.9262621436534481	0.9483994266602962	0.9437808568243351	0.8998248128682911	0.9205287466157032	0.9721293199554069	0.875139353400223	0.8995062908106386	0.8877209746774964	0.8872431915910177	0.8343685300207039	0.8663799968147794	0.902372989329511	0.8536391145086797	0.7966236661888836	0.9405956362478102	0.8924988055422838	0.820194298455168	0.8130275521579869	0.7001114827201784	0.7604714126453257	0.8883580187928014	0.8233795190316929	0.8953655040611562	0.9668737060041408	0.982481286829113	0.9668737060041408	0.8308647873865265	0.8980729415512024	0.89265806657111	0.8752986144290492	0.9684663162924032	0.9288103201146679	0.8740245261984393	0.9318362796623666	0.8563465519987259	0.9544513457556936	0.9800923713967192	0.8714763497372193	0.862239210065297	0.9480809046026437	0.9864628125497691	0.8262462175505654	0.9038063385889473	0.9006211180124224	0.9009396400700749	0.9569995222169135	0.9741997133301481	0.9843924191750278	0.9845516802038541	0.9460105112279026	0.9101767797419972	0.8466316292403249	0.9323140627488453	0.9933110367892977	0.8775282688326167	0.9929925147316452	0.8883580187928014	0.9141583054626533	0.9065137760789934	0.9909221213569039	0.8611243828635133	0.84089823220258	0.849976110845676	0.985188724319159	0.9808886765408504	0.9307214524605829	0.8960025481764612	0.9205287466157032	0.9200509635292244	0.937888198757764	0.8638318203535594
SRR23478243	0.9007803790412486	0.9025322503583373	0.917821309125657	0.9542920847268673	0.8778467908902692	0.854435419652811	0.8964803312629399	0.9227584010192705	0.8136645962732919	0.7437490046185699	0.9327918458353242	0.7816531294792164	0.9009396400700749	0.8052237617455009	0.954769867813346	0.7829272177098264	0.8936136327440676	0.9339066730371078	0.7633381111641981	0.8824653607262303	0.8049052396878483	0.8388278388278388	0.8028348463131072	0.8346870520783565	0.8166905558209906	0.8483835005574136	0.9781812390508042	0.9211657907310081	0.6784519827998089	0.7849976110845676	0.8477464564421087	0.8630355152094282	0.9318362796623666	0.885491320273929	0.7920050963529225	0.895843287147635	0.8189202102245581	0.6094919573180443	0.8353240961936614	0.7442267877050486	0.6392737697085523	0.7928014014970537	0.0	0.8915432393693263	0.9332696289218029	0.8198757763975155	0.787227265488135	0.6587036152253544	0.9764293677337156	0.7182672400063704	0.7383341296384774	0.8229017359452142	0.9490364707756012	0.9417104634495939	0.8549132027392897	0.9096989966555183	0.9222806179327918	0.9046026437330785	0.9380474597865902	0.7606306736741519	0.8087275043796783	0.7587195413282369	0.7450230928491798	0.9826405478579392	0.9085841694537347	0.6711259754738016	0.7490046185698359	0.6884854276158624	0.915273132664437	0.9170250039815258	0.7689122471731168	0.9593884376493073	0.9826405478579392	0.9382067208154165	0.8791208791208791	0.8956840261188087	0.9757923236184106	0.8190794712533843	0.939799331103679	0.8230609969740404	0.9361363274406753	0.6534480012740882	0.830546265328874	0.904284121675426	0.6004140786749482	0.7619047619047619	0.970218187609492	0.8821468386685778	0.8033126293995859	0.6910336040770824	0.755534320751712	0.9108138238573021	0.9480809046026437	0.6529702181876095	0.8373944895684026	0.8781653129479217	0.979933110367893	0.8716356107660456	0.8711578276795668	0.9057174709348622	0.9383659818442427	0.8816690555820991	0.954769867813346	0.7939162286988374	0.9076286032807772	0.9461697722567288	0.7413600891861761	0.7918458353240962	0.894569198917025	0.7971014492753623	0.8014014970536709	0.936614110527154	0.9340659340659341	0.5926102882624622	0.807294155120242	0.8612836438923396	0.8625577321229495	0.8969581143494187	0.9246695333651855	0.9665551839464883	0.9675107501194458	0.9190953973562669	0.8885172798216276	0.8547539417104635	0.8200350374263418	0.9584328714763497	0.8783245739767479	0.9385252428730689	0.9141583054626533	0.947603121516165	0.789775441949355	0.9635292243987896	0.7838827838827839	0.7964644051600573	0.8840579710144928	0.9735626692148431	0.916547220895047	0.9039655996177736	0.9405956362478102	0.9065137760789934	0.7617455008759356	0.9327918458353242	0.7846790890269151
SRR23478244	0.919732441471572	0.9577958273610447	0.94824016563147	0.9498327759197325	0.9633699633699634	0.9401178531613315	0.887402452619844	0.9434623347666826	0.7348303870043	0.8502946329033285	0.9646440516005733	0.926899187768753	0.8420130594043638	0.8918617614269788	0.705048574613792	0.8580984233158147	0.7453416149068323	0.7631788501353719	0.9216435738174868	0.9270584487975793	0.8445612358655837	0.7896161809205288	0.8469501512979773	0.9480809046026437	0.8768912247173116	0.9519031692944736	0.9713330148112757	0.8721133938525243	0.8826246217550565	0.8295906991559165	0.6768593725115464	0.6899187768752986	0.9093804745978659	0.8407389711737537	0.8316610925306578	0.7520305781175346	0.7141264532568881	0.9009396400700749	0.7814938684503902	0.930084408345278	0.9221213569039656	0.8623984710941233	0.8915432393693263	0.0	0.9187768752986144	0.9111323459149546	0.7391304347826086	0.7829272177098264	0.7799012581621277	0.8697244784201306	0.6636407071189679	0.9128842172320433	0.7370600414078675	0.7437490046185699	0.8856505813027552	0.8071348940914158	0.9445771619684663	0.8576206402293359	0.8537983755375059	0.8174868609651218	0.6988373944895684	0.8759356585443542	0.8571428571428571	0.8867654085045389	0.8827838827838828	0.862239210065297	0.8322981366459627	0.8767319636884854	0.9600254817646122	0.8474279343844561	0.8961618092052874	0.9066730371078198	0.7236821149864628	0.7074374900461857	0.7542602325211021	0.7622232839624143	0.9447364229972925	0.8727504379678293	0.8577799012581622	0.9192546583850931	0.7321229495142538	0.9327918458353242	0.9351807612677178	0.8028348463131072	0.915910176779742	0.8780060519190954	0.9093804745978659	0.8342092689918776	0.9009396400700749	0.853161331422201	0.875139353400223	0.8517279821627648	0.8135053352444657	0.9135212613473483	0.9313584965758879	0.9331103678929766	0.9638477464564421	0.9538143016403886	0.884217232043319	0.9128842172320433	0.9173435260391782	0.8034718904284122	0.9839146360885491	0.955406911928651	0.8451982799808887	0.9649625736582258	0.905558209906036	0.9585921325051759	0.9589106545628284	0.9304029304029304	0.9321548017200191	0.9308807134894092	0.9511068641503424	0.9053989488772097	0.9455327281414238	0.9511068641503424	0.9066730371078198	0.9530179964962574	0.9778627169931517	0.9853479853479854	0.9600254817646122	0.9429845516802039	0.893295110686415	0.8802357063226628	0.9200509635292244	0.9729256250995382	0.8568243350852046	0.9746774964166268	0.8651059085841695	0.8703615225354355	0.882306099697404	0.9730848861283644	0.89775441949355	0.8923395445134575	0.8240165631469979	0.759356585443542	0.9558846950151298	0.9270584487975793	0.7498009237139672	0.9084249084249084	0.9480809046026437	0.959229176620481	0.9189361363274406
SRR23478245	0.9757923236184106	0.9802516324255455	0.9807294155120242	0.9812071985985029	0.9617773530817009	0.9729256250995382	0.9649625736582258	0.9734034081860169	0.9321548017200191	0.9612995699952221	0.9765886287625418	0.9746774964166268	0.8773690078037905	0.9442586399108138	0.9558846950151298	0.9617773530817009	0.9611403089663959	0.979296066252588	0.9628921802834847	0.6913521261347348	0.924988055422838	0.8969581143494187	0.9342251950947603	0.9681477942347507	0.842809364548495	0.9039655996177736	0.7935977066411849	0.9130434782608695	0.9455327281414238	0.9603440038222647	0.9289695811434941	0.9606625258799172	0.9724478420130594	0.8803949673514891	0.8639910813823858	0.9675107501194458	0.9477623825449912	0.9420289855072463	0.9480809046026437	0.7418378722726549	0.9417104634495939	0.8268832616658703	0.9332696289218029	0.9187768752986144	0.0	0.747093486223921	0.9600254817646122	0.9272177098264055	0.9834368530020704	0.939799331103679	0.94824016563147	0.7585602802994107	0.9504698200350374	0.912724956203217	0.8904284121675426	0.8996655518394648	0.9141583054626533	0.9246695333651855	0.9184583532409619	0.9374104156712852	0.9480809046026437	0.9296066252587992	0.9345437171524128	0.9444179009396401	0.9012581621277274	0.94569198917025	0.9386845039018952	0.9206880076445294	0.9734034081860169	0.9221213569039656	0.8423315814620163	0.9206880076445294	0.8616021659499921	0.9668737060041408	0.94951425386208	0.955406911928651	0.9705367096671444	0.8526835483357222	0.9576365663322185	0.968307055263577	0.9147953495779583	0.9014174231565536	0.7091893613632744	0.9339066730371078	0.9386845039018952	0.8772097467749642	0.8445612358655837	0.9270584487975793	0.9471253384296863	0.9375696767001115	0.6529702181876095	0.8160535117056856	0.8077719382067208	0.9112916069437809	0.925625099538143	0.9807294155120242	0.9920369485586877	0.9743589743589743	0.9087434304825609	0.9582736104475235	0.9214843127886606	0.9455327281414238	0.9783405000796305	0.9678292721770982	0.9490364707756012	0.977384933906673	0.9038063385889473	0.9622551361681796	0.9837553750597229	0.959229176620481	0.9546106067845198	0.979933110367893	0.9861442904921166	0.9120879120879121	0.9531772575250836	0.9616180920528746	0.916547220895047	0.9823220258002867	0.9863035515209428	0.9910813823857302	0.7881828316610925	0.9694218824653608	0.9507883420926899	0.9555661729574773	0.9727663640707119	0.9968147794234751	0.9232361841057494	0.987736900780379	0.9292881032011466	0.9205287466157032	0.94951425386208	0.9847109412326803	0.9507883420926899	0.9480809046026437	0.9313584965758879	0.9850294632903328	0.9947443860487338	0.9711737537824494	0.9120879120879121	0.7814938684503902	0.9678292721770982	0.9635292243987896	0.9351807612677178
SRR23478246	0.9318362796623666	0.9584328714763497	0.9022137283006848	0.9657588788023571	0.9288103201146679	0.8682911291606944	0.930084408345278	0.9437808568243351	0.8702022615066093	0.9009396400700749	0.9498327759197325	0.9326325848064978	0.7931199235547062	0.8735467431119605	0.9380474597865902	0.8883580187928014	0.9114508679726071	0.9472845994585125	0.9112916069437809	0.6778149386845039	0.8606465997770345	0.7789456919891703	0.8850135371874502	0.9036470775601211	0.7397674788979137	0.9233954451345756	0.7829272177098264	0.922439878961618	0.7929606625258799	0.9251473164516643	0.9014174231565536	0.9063545150501672	0.9538143016403886	0.905558209906036	0.8197165153686893	0.904921165790731	0.9025322503583373	0.8416945373467113	0.8948877209746775	0.729574773053034	0.7934384456123587	0.8749800923713967	0.8198757763975155	0.9111323459149546	0.747093486223921	0.0	0.8955247650899825	0.802038541168976	0.9823220258002867	0.8872431915910177	0.8967988533205925	0.6918299092212136	0.9616180920528746	0.9485586876891224	0.8033126293995859	0.9026915113871635	0.9593884376493073	0.8585762064022934	0.8292721770982641	0.917821309125657	0.8630355152094282	0.7859531772575251	0.7776716037585603	0.978659022137283	0.950151297977385	0.8625577321229495	0.8522057652492435	0.8144609014174231	0.9321548017200191	0.8929765886287625	0.8424908424908425	0.9595476986781335	0.9738811912724956	0.9534957795827361	0.9292881032011466	0.8819875776397516	0.9721293199554069	0.7378563465519987	0.9208472686733556	0.9206880076445294	0.935977066411849	0.8045867176301958	0.6456442108616022	0.9311992355470616	0.8773690078037905	0.8832616658703615	0.9509476031215162	0.9257843605669692	0.8781653129479217	0.7986940595636248	0.7138079311992356	0.864150342411212	0.883580187928014	0.8358018792801402	0.8512501990762861	0.9440993788819876	0.9692626214365345	0.9313584965758879	0.8689281732759994	0.8913839783405001	0.9479216435738175	0.8797579232361841	0.9691033604077083	0.8437649307214524	0.89520624303233	0.9221213569039656	0.8558687689122472	0.9394808090460265	0.9162286988373944	0.871954132823698	0.8491798057015448	0.9464882943143813	0.9326325848064978	0.849976110845676	0.8869246695333652	0.8671763019589106	0.9138397834050008	0.947603121516165	0.94824016563147	0.9163879598662207	0.7743271221532091	0.8891543239369326	0.9089026915113871	0.7985347985347986	0.9120879120879121	0.937251154642459	0.9205287466157032	0.9705367096671444	0.8819875776397516	0.9302436693741042	0.8910654562828476	0.9246695333651855	0.7985347985347986	0.8160535117056856	0.9119286510590858	0.9759515846472369	0.9331103678929766	0.905558209906036	0.9124064341455645	0.6607740086000956	0.9066730371078198	0.9168657429526995	0.8522057652492435
SRR23478247	0.8960025481764612	0.9141583054626533	0.9307214524605829	0.9477623825449912	0.9304029304029304	0.8985507246376812	0.8248128682911292	0.9061952540213409	0.6978818283166109	0.8144609014174231	0.925625099538143	0.862239210065297	0.8163720337633381	0.8569835961140309	0.8028348463131072	0.7126931039974518	0.6967670011148273	0.7407230450708712	0.822742474916388	0.9335881509794554	0.7123745819397993	0.8249721293199554	0.7816531294792164	0.9154323936932632	0.7713011626055104	0.8530020703933747	0.957955088389871	0.8517279821627648	0.7464564421086161	0.7939162286988374	0.6539257843605669	0.5822583213887562	0.8888358018792801	0.9504698200350374	0.7961458831024049	0.7267080745341615	0.6392737697085523	0.8375537505972288	0.8206720815416467	0.8843764930721453	0.7682752030578117	0.8660614747571269	0.787227265488135	0.7391304347826086	0.9600254817646122	0.8955247650899825	0.0	0.7131708870839306	0.832457397674789	0.7182672400063704	0.6915113871635611	0.8467908902691511	0.8233795190316929	0.7918458353240962	0.7991718426501035	0.9229176620480968	0.9603440038222647	0.8937728937728938	0.9417104634495939	0.8171683389074693	0.6663481446090141	0.7235228539576366	0.7813346074215639	0.9769071508201943	0.9791368052237618	0.7947125338429686	0.7990125816212773	0.7827679566810002	0.9189361363274406	0.9488772097467749	0.8815097945532728	0.9581143494186972	0.8334129638477464	0.7849976110845676	0.7456601369644847	0.8211498646281254	0.9627329192546584	0.8568243350852046	0.94696607740086	0.8762541806020067	0.776875298614429	0.8066571110049371	0.8937728937728938	0.8920210224558051	0.781971651536869	0.8921802834846313	0.9767478897913681	0.9101767797419972	0.8127090301003345	0.757445453097627	0.8689281732759994	0.8918617614269788	0.935977066411849	0.8286351329829591	0.8818283166109253	0.8966395922917662	0.9587513935340022	0.9033285555024686	0.9531772575250836	0.9098582576843447	0.8444019748367575	0.862876254180602	0.936614110527154	0.8862876254180602	0.8792801401497053	0.9506290810638637	0.7435897435897436	0.8921802834846313	0.9058767319636885	0.9265806657111005	0.8553909858257684	0.8549132027392897	0.9394808090460265	0.7896161809205288	0.8327759197324415	0.8541168975951585	0.8453575410097149	0.8891543239369326	0.9577958273610447	0.9732441471571907	0.9541328236980411	0.8066571110049371	0.8866061474757126	0.8582576843446409	0.8947284599458513	0.9638477464564421	0.8517279821627648	0.9396400700748527	0.8740245261984393	0.9488772097467749	0.9232361841057494	0.9477623825449912	0.852524287306896	0.8834209268991877	0.8974358974358975	0.8275203057811753	0.9402771141901577	0.9214843127886606	0.8087275043796783	0.905558209906036	0.8891543239369326	0.94951425386208	0.8668577799012581
SRR23478248	0.9491957318044275	0.9673514890906195	0.9343844561235866	0.9576365663322185	0.906832298136646	0.9167064819238733	0.8859691033604077	0.9190953973562669	0.6731963688485427	0.8235387800605192	0.9474438604873388	0.9181398311833094	0.819557254339863	0.8225832138875617	0.8794394011785316	0.8150979455327282	0.8289536550406116	0.8792801401497053	0.8878802357063227	0.8666985188724319	0.6802038541168975	0.7870680044593088	0.7348303870043	0.8781653129479217	0.7453416149068323	0.8961618092052874	0.9947443860487338	0.8416945373467113	0.7302118171683389	0.6418219461697723	0.7228858098423315	0.6932632584806497	0.7971014492753623	0.9033285555024686	0.8233795190316929	0.7730530339225992	0.7302118171683389	0.68434464086638	0.8813505335244466	0.6246217550565377	0.6596591813983118	0.8122312470138557	0.6587036152253544	0.7829272177098264	0.9272177098264055	0.802038541168976	0.7131708870839306	0.0	0.9057174709348622	0.7501194457716197	0.5104315973881192	0.8138238573021181	0.8741837872272655	0.897117375378245	0.8681318681318682	0.9213250517598344	0.9738811912724956	0.893295110686415	0.9192546583850931	0.7579232361841057	0.7550565376652333	0.7012263099219621	0.6757445453097627	0.9652810957158783	0.9597069597069597	0.6864150342411212	0.7416786112438286	0.7161968466316292	0.94569198917025	0.9047619047619048	0.8155757286192069	0.9595476986781335	0.8998248128682911	0.89520624303233	0.822742474916388	0.854435419652811	0.9641662685140946	0.8163720337633381	0.9327918458353242	0.9136805223761746	0.8630355152094282	0.7628603280777194	0.8459945851250199	0.9009396400700749	0.7698678133460742	0.8378722726548814	0.9711737537824494	0.9098582576843447	0.8165312947921644	0.7224080267558528	0.7924828794394012	0.8815097945532728	0.9423475075648988	0.6894409937888198	0.8698837394489568	0.9377289377289377	0.9939480809046026	0.9576365663322185	0.8808727504379679	0.9227584010192705	0.8866061474757126	0.7921643573817487	0.9692626214365345	0.8936136327440676	0.8810320114667941	0.9464882943143813	0.7945532728141423	0.863513298295907	0.9463290332855551	0.6974040452301322	0.8510909380474598	0.8920210224558051	0.9740404523013219	0.6751075011944577	0.874502309284918	0.8144609014174231	0.8924988055422838	0.9264214046822743	0.9759515846472369	0.9823220258002867	0.9907628603280777	0.8517279821627648	0.8974358974358975	0.824653607262303	0.852524287306896	0.9972925625099538	0.89520624303233	0.9729256250995382	0.907469342251951	0.9480809046026437	0.8200350374263418	0.9913999044433827	0.774964166268514	0.792323618410575	0.9006211180124224	0.8969581143494187	0.9726071030418857	0.9211657907310081	0.8340500079630514	0.9096989966555183	0.8815097945532728	0.9195731804427456	0.8365981844242714
SRR23478249	0.9853479853479854	0.9804108934543717	0.9928332537028189	0.9891702500398153	0.9920369485586877	0.9866220735785953	0.9910813823857302	0.9912406434145564	0.48845357541009715	0.9829590699155917	0.9906035992992515	0.9904443382704252	0.9821627647714605	0.9754738015607581	0.4432234432234432	0.9823220258002867	0.9571587832457398	0.5938843764930721	0.9880554228380315	0.9686255773212294	0.9778627169931517	0.9730848861283644	0.9866220735785953	0.9893295110686415	0.9907628603280777	0.9837553750597229	0.9928332537028189	0.9848702022615066	0.9808886765408504	0.9015766841853798	0.7072782290173595	0.5529542920847269	0.9941073419334289	0.9753145405319318	0.9538143016403886	0.3597706641184902	0.7402452619843924	0.9840738971173754	0.9536550406115624	0.9778627169931517	0.9757923236184106	0.979296066252588	0.9764293677337156	0.7799012581621277	0.9834368530020704	0.9823220258002867	0.832457397674789	0.9057174709348622	0.0	0.985188724319159	0.745819397993311	0.9847109412326803	0.5527950310559007	0.8179646440516005	0.959866220735786	0.9759515846472369	0.9885332059245103	0.94569198917025	0.9762701067048893	0.9562032170727823	0.675266762223284	0.959229176620481	0.9789775441949355	0.9878961618092053	0.9829590699155917	0.9856665074056379	0.9842331581462016	0.968944099378882	0.9859850294632904	0.9813664596273292	0.9633699633699634	0.979296066252588	0.6255773212294952	0.6239847109412326	0.39433030737378566	0.835005574136009	0.9769071508201943	0.9756330625895844	0.9753145405319318	0.9737219302436694	0.8181239050804269	0.9818442427138079	0.9800923713967192	0.9162286988373944	0.980570154483198	0.9673514890906195	0.9858257684344641	0.9734034081860169	0.950151297977385	0.9369326325848065	0.979296066252588	0.979296066252588	0.9526994744386049	0.9759515846472369	0.9802516324255455	0.9920369485586877	0.9933110367892977	0.9842331581462016	0.9681477942347507	0.9788182831661093	0.9850294632903328	0.9769071508201943	0.9939480809046026	0.9920369485586877	0.94696607740086	0.9904443382704252	0.9770664118490205	0.9949036470775601	0.9937888198757764	0.9835961140308966	0.9759515846472369	0.9875776397515528	0.9947443860487338	0.9770664118490205	0.9679885332059245	0.9915591654722089	0.980570154483198	0.9929925147316452	0.9869405956362478	0.9960184742793439	0.9847109412326803	0.992196209587514	0.9789775441949355	0.9737219302436694	0.9894887720974678	0.9952221691352127	0.9839146360885491	0.9960184742793439	0.9775441949354993	0.9823220258002867	0.982481286829113	0.9945851250199076	0.9659181398311834	0.9829590699155917	0.9856665074056379	0.18219461697722567	0.9878961618092053	0.987736900780379	0.8017200191113235	0.978021978021978	0.9853479853479854	0.992196209587514	0.9855072463768116
SRR23478250	0.9069915591654722	0.9514253862079949	0.9442586399108138	0.9452142060837713	0.8991877687529861	0.9136805223761746	0.8012422360248447	0.8861283643892339	0.8832616658703615	0.6969262621436535	0.9194139194139194	0.905558209906036	0.7644529383659818	0.8131868131868132	0.9233954451345756	0.6446886446886447	0.7435897435897436	0.9468068163720338	0.7687529861442904	0.8953655040611562	0.7383341296384774	0.6787705048574614	0.6779741997133302	0.7776716037585603	0.577639751552795	0.8729096989966555	0.9931517757604714	0.7767160375856028	0.609969740404523	0.8646281254976907	0.7200191113234592	0.765249243510113	0.84217232043319	0.9533365185539099	0.7427934384456124	0.8813505335244466	0.7744863831820353	0.7859531772575251	0.8413760152890588	0.7908902691511387	0.7260710304188565	0.7615862398471094	0.7182672400063704	0.8697244784201306	0.939799331103679	0.8872431915910177	0.7182672400063704	0.7501194457716197	0.985188724319159	0.0	0.6743111960503265	0.8044274566013696	0.9751552795031055	0.9853479853479854	0.8375537505972288	0.9528587354674312	0.9603440038222647	0.8974358974358975	0.9490364707756012	0.7545787545787546	0.8009237139671922	0.7647714604236343	0.6943780856824335	0.9789775441949355	0.9267399267399268	0.787227265488135	0.7087115782767957	0.7185857620640229	0.8893135849657589	0.9437808568243351	0.8612836438923396	0.9777034559643255	0.9855072463768116	0.957318044274566	0.8574613792005097	0.9534957795827361	0.9761108456760631	0.8463131071826724	0.9393215480172001	0.8138238573021181	0.959229176620481	0.7268673355629878	0.8791208791208791	0.9663959229176621	0.7695492912884218	0.7998088867654085	0.9711737537824494	0.9339066730371078	0.7892976588628763	0.7443860487338748	0.8431278866061475	0.9498327759197325	0.9684663162924032	0.79041248606466	0.8537983755375059	0.915273132664437	0.9971333014811276	0.9444179009396401	0.9487179487179487	0.9221213569039656	0.9233954451345756	0.8084089823220258	0.9283325370281892	0.8058608058608059	0.9189361363274406	0.9565217391304348	0.682433508520465	0.8459945851250199	0.9415512024207676	0.9213250517598344	0.7714604236343366	0.8705207835642619	0.9853479853479854	0.7271858576206403	0.7757604714126454	0.7553750597228858	0.8319796145883103	0.8612836438923396	0.9584328714763497	0.9743589743589743	0.9859850294632904	0.935977066411849	0.8703615225354355	0.8278388278388278	0.8186016881669056	0.9972925625099538	0.8367574454530976	0.9657588788023571	0.904921165790731	0.9624143971970059	0.894569198917025	0.9880554228380315	0.882943143812709	0.8721133938525243	0.9066730371078198	0.9788182831661093	0.985188724319159	0.9241917502787068	0.9681477942347507	0.9407548972766364	0.84089823220258	0.9248287943940118	0.8711578276795668
SRR23478251	0.9609810479375697	0.9410734193342889	0.959229176620481	0.9582736104475235	0.9251473164516643	0.9609810479375697	0.9017359452142061	0.9536550406115624	0.6102882624621755	0.7892976588628763	0.9562032170727823	0.917184265010352	0.8166905558209906	0.8523650262780698	0.7407230450708712	0.7146042363433668	0.811753463927377	0.7189042841216754	0.893295110686415	0.9205287466157032	0.7459786590221373	0.7698678133460742	0.7082337951903169	0.9141583054626533	0.7310081223124701	0.8827838827838828	0.9925147316451665	0.8095238095238095	0.8082497212931996	0.6523331740723045	0.5703137442267877	0.5790731008122313	0.8924988055422838	0.9519031692944736	0.8436056696926262	0.6637999681477942	0.5980251632425545	0.7292562509953814	0.9076286032807772	0.6336996336996337	0.7698678133460742	0.8488612836438924	0.7383341296384774	0.6636407071189679	0.94824016563147	0.8967988533205925	0.6915113871635611	0.5104315973881192	0.745819397993311	0.6743111960503265	0.0	0.875139353400223	0.7426341774167862	0.8173275999362956	0.9310399745182354	0.9440993788819876	0.979933110367893	0.9442586399108138	0.9605032648510909	0.7348303870043	0.5848064978499761	0.8477464564421087	0.7564898869246696	0.9719700589265806	0.9753145405319318	0.7814938684503902	0.727663640707119	0.7630195891065457	0.8988692466953336	0.9393215480172001	0.8401019270584488	0.9735626692148431	0.7490046185698359	0.7287784679089027	0.6066252587991718	0.8262462175505654	0.9772256728778468	0.8609651218346871	0.8877209746774964	0.9122471731167383	0.8041089345437171	0.829909221213569	0.9025322503583373	0.9096989966555183	0.7963051441312311	0.8434464086637999	0.9813664596273292	0.8698837394489568	0.7958273610447524	0.8088867654085046	0.8017200191113235	0.9504698200350374	0.9609810479375697	0.7042522694696608	0.8859691033604077	0.9563624781016086	0.9950629081063863	0.94951425386208	0.9036470775601211	0.9358178053830227	0.9493549928332538	0.8623984710941233	0.9644847905717471	0.8948877209746775	0.8907469342251951	0.9646440516005733	0.8553909858257684	0.9202102245580507	0.954769867813346	0.7513935340022296	0.9114508679726071	0.9144768275203058	0.9745182353878006	0.7066411849020545	0.8995062908106386	0.8851727982162765	0.907469342251951	0.94951425386208	0.9625736582258322	0.9743589743589743	0.9856665074056379	0.9433030737378564	0.9417104634495939	0.8907469342251951	0.9136805223761746	0.9982481286829112	0.9221213569039656	0.9759515846472369	0.9380474597865902	0.9692626214365345	0.810479375696767	0.9874183787227265	0.8351648351648352	0.8666985188724319	0.9230769230769231	0.7491638795986622	0.9775441949354993	0.9356585443541965	0.7779901258162127	0.9582736104475235	0.912724956203217	0.9426660296225514	0.8888358018792801
SRR23478252	0.9526994744386049	0.9705367096671444	0.9678292721770982	0.9705367096671444	0.9084249084249084	0.9120879120879121	0.883580187928014	0.9124064341455645	0.8975951584647237	0.852524287306896	0.9310399745182354	0.9289695811434941	0.7837235228539576	0.8579391622869884	0.9436215957955089	0.8432871476349737	0.8514094601051123	0.9509476031215162	0.8909061952540214	0.3433667781493868	0.8682911291606944	0.8087275043796783	0.8302277432712215	0.8940914158305463	0.7279821627647715	0.903010033444816	0.5311355311355311	0.8819875776397516	0.8061793279184584	0.9103360407708234	0.8523650262780698	0.8679726071030419	0.8690874343048256	0.9520624303232998	0.873228221054308	0.8905876731963689	0.8794394011785316	0.8794394011785316	0.8901098901098901	0.7450230928491798	0.8147794234750757	0.8549132027392897	0.8229017359452142	0.9128842172320433	0.7585602802994107	0.6918299092212136	0.8467908902691511	0.8138238573021181	0.9847109412326803	0.8044274566013696	0.875139353400223	0.0	0.9711737537824494	0.9748367574454531	0.8896321070234113	0.959866220735786	0.9741997133301481	0.9190953973562669	0.9081063863672559	0.8702022615066093	0.8358018792801402	0.8281573498964804	0.7940754897276636	0.978021978021978	0.977384933906673	0.8612836438923396	0.8205128205128205	0.8243350852046504	0.9555661729574773	0.956681000159261	0.8894728459945851	0.9730848861283644	0.9878961618092053	0.9568402611880873	0.9296066252587992	0.937888198757764	0.9791368052237618	0.7698678133460742	0.9466475553432075	0.8939321548017201	0.9491957318044275	0.8380315336837076	0.537505972288581	0.959229176620481	0.8831024048415352	0.8947284599458513	0.9538143016403886	0.9522216913521261	0.884854276158624	0.8485427615862399	0.7099856665074057	0.9370918936136328	0.9028507724159898	0.8652651696129957	0.9079471253384297	0.94824016563147	0.987099856665074	0.9625736582258322	0.937888198757764	0.9265806657111005	0.9574773053033923	0.8386685777990126	0.9423475075648988	0.9093804745978659	0.9194139194139194	0.9558846950151298	0.8342092689918776	0.9004618569835962	0.9448956840261188	0.9323140627488453	0.8356426182513139	0.8988692466953336	0.9810479375696767	0.8717948717948718	0.8995062908106386	0.8681318681318682	0.9007803790412486	0.9421882465360726	0.9749960184742793	0.9831183309444179	0.7107819716515369	0.9351807612677178	0.9254658385093167	0.8824653607262303	0.8921802834846313	0.9925147316451665	0.8923395445134575	0.9855072463768116	0.9257843605669692	0.9552476508998248	0.9520624303232998	0.9812071985985029	0.8955247650899825	0.9103360407708234	0.919732441471572	0.9784997611084567	0.9800923713967192	0.9413919413919414	0.9665551839464883	0.7681159420289855	0.8928173275999363	0.9571587832457398	0.8826246217550565
SRR23478253	0.9343844561235866	0.9823220258002867	0.9955406911928651	0.9418697244784201	0.9933110367892977	0.9756330625895844	0.9827998088867654	0.9937888198757764	0.5422838031533683	0.9859850294632904	0.9942666029622551	0.9861442904921166	0.9745182353878006	0.9555661729574773	0.5676063067367415	0.9826405478579392	0.9386845039018952	0.5914954610606784	0.9719700589265806	0.9307214524605829	0.945054945054945	0.9436215957955089	0.9775441949354993	0.9853479853479854	0.9663959229176621	0.9471253384296863	0.9917184265010351	0.9632107023411371	0.9654403567447045	0.885491320273929	0.7063226628444019	0.5566172957477306	0.9969740404523013	0.8923395445134575	0.8502946329033285	0.5518394648829431	0.735467431119605	0.9678292721770982	0.9627329192546584	0.967032967032967	0.9517439082656474	0.9147953495779583	0.9490364707756012	0.7370600414078675	0.9504698200350374	0.9616180920528746	0.8233795190316929	0.8741837872272655	0.5527950310559007	0.9751552795031055	0.7426341774167862	0.9711737537824494	0.0	0.7939162286988374	0.9089026915113871	0.8907469342251951	0.8867654085045389	0.8302277432712215	0.8953655040611562	0.9370918936136328	0.6483516483516484	0.912724956203217	0.9544513457556936	0.8671763019589106	0.8867654085045389	0.9713330148112757	0.9718107978977544	0.9638477464564421	0.987099856665074	0.9498327759197325	0.9362955884695016	0.8576206402293359	0.5236502627806976	0.5961140308966396	0.5521579869405956	0.7956681000159261	0.9655996177735309	0.9399585921325052	0.9235547061634019	0.9730848861283644	0.7083930562191432	0.9356585443541965	0.9350215002388915	0.7937569676700111	0.9413919413919414	0.917184265010352	0.7870680044593088	0.9297658862876255	0.9225991399904443	0.8588947284599459	0.9238732282210543	0.8784838350055741	0.8743430482560918	0.9240324892498806	0.9671922280617933	0.9901258162127727	0.9891702500398153	0.9777034559643255	0.9160694378085682	0.9399585921325052	0.9616180920528746	0.9386845039018952	0.9976110845676063	0.9823220258002867	0.9106545628284759	0.9082656473960822	0.9262621436534481	0.9898072941551203	0.9797738493390667	0.9448956840261188	0.9509476031215162	0.9953814301640389	0.9987259117693901	0.9534957795827361	0.9648033126293996	0.9855072463768116	0.9517439082656474	0.9886924669533366	0.9863035515209428	0.9972925625099538	0.980570154483198	0.9952221691352127	0.9390030259595477	0.926899187768753	0.9813664596273292	0.9944258639910813	0.94569198917025	0.998088867654085	0.8947284599458513	0.9144768275203058	0.9241917502787068	0.9977703455964325	0.9431438127090301	0.9488772097467749	0.9512661251791686	0.5677655677655677	0.9963369963369964	0.9085841694537347	0.7332377767160376	0.9608217869087434	0.9808886765408504	0.9708552317247969	0.9590699155916548
SRR23478254	0.9635292243987896	0.9655996177735309	0.9589106545628284	0.9858257684344641	0.985188724319159	0.9218028348463131	0.9480809046026437	0.9624143971970059	0.792323618410575	0.9625736582258322	0.9856665074056379	0.9431438127090301	0.9393215480172001	0.9433030737378564	0.8074534161490683	0.9708552317247969	0.8756171364867017	0.7849976110845676	0.9319955406911928	0.9483994266602962	0.9522216913521261	0.9498327759197325	0.982481286829113	0.9839146360885491	0.9858257684344641	0.9741997133301481	0.965121834687052	0.9697404045230132	0.9710144927536232	0.8993470297818124	0.8069756330625896	0.809205287466157	0.988373944895684	0.8931358496575887	0.9523809523809523	0.8050645007166747	0.8181239050804269	0.9611403089663959	0.9315177576047141	0.9775441949354993	0.9652810957158783	0.9507883420926899	0.9417104634495939	0.7437490046185699	0.912724956203217	0.9485586876891224	0.7918458353240962	0.897117375378245	0.8179646440516005	0.9853479853479854	0.8173275999362956	0.9748367574454531	0.7939162286988374	0.0	0.8743430482560918	0.9065137760789934	0.8463131071826724	0.8944099378881988	0.8080904602643733	0.9474438604873388	0.8077719382067208	0.930084408345278	0.9743589743589743	0.9396400700748527	0.9511068641503424	0.9616180920528746	0.970218187609492	0.9655996177735309	0.9536550406115624	0.907469342251951	0.9010989010989011	0.8931358496575887	0.7840420449116101	0.7423156553591336	0.8154164675903807	0.8252906513776079	0.9820035037426342	0.9167064819238733	0.8795986622073578	0.9331103678929766	0.7106227106227107	0.9195731804427456	0.9418697244784201	0.8432871476349737	0.919732441471572	0.7499601847427935	0.8660614747571269	0.8563465519987259	0.9396400700748527	0.8604873387482083	0.9498327759197325	0.9071508201942985	0.7376970855231725	0.9616180920528746	0.9463290332855551	0.9574773053033923	0.9622551361681796	0.9563624781016086	0.9525402134097787	0.8813505335244466	0.9574773053033923	0.9007803790412486	0.992196209587514	0.979296066252588	0.872591176939003	0.9684663162924032	0.9319955406911928	0.989648033126294	0.9627329192546584	0.9512661251791686	0.9624143971970059	0.924351011307533	0.9628921802834847	0.9380474597865902	0.9652810957158783	0.9872591176939003	0.895843287147635	0.9764293677337156	0.985188724319159	0.9958592132505176	0.9022137283006848	0.9526994744386049	0.9225991399904443	0.916547220895047	0.9606625258799172	0.9640070074852684	0.9251473164516643	0.9678292721770982	0.8515687211339386	0.9119286510590858	0.9448956840261188	0.9660774008600096	0.9665551839464883	0.9053989488772097	0.9007803790412486	0.8186016881669056	0.9530179964962574	0.9721293199554069	0.78913839783405	0.8915432393693263	0.9745182353878006	0.9184583532409619	0.9684663162924032
SRR23478255	0.8165312947921644	0.94696607740086	0.9160694378085682	0.9046026437330785	0.912724956203217	0.8010829749960184	0.8404204491161013	0.8557095078834209	0.8631947762382545	0.8816690555820991	0.8840579710144928	0.8821468386685778	0.8510909380474598	0.8786430960344004	0.8897913680522376	0.8522057652492435	0.7842013059404364	0.9017359452142061	0.8265647396082179	0.8776875298614429	0.8528428093645485	0.7873865265169613	0.8689281732759994	0.8937728937728938	0.8432871476349737	0.8768912247173116	0.9417104634495939	0.8200350374263418	0.7603121516164995	0.9211657907310081	0.862239210065297	0.8869246695333652	0.8985507246376812	0.8192387322822106	0.7396082178690875	0.8703615225354355	0.8660614747571269	0.8733874820831342	0.6547220895046982	0.8840579710144928	0.807294155120242	0.8679726071030419	0.8549132027392897	0.8856505813027552	0.8904284121675426	0.8033126293995859	0.7991718426501035	0.8681318681318682	0.959866220735786	0.8375537505972288	0.9310399745182354	0.8896321070234113	0.9089026915113871	0.8743430482560918	0.0	0.7440675266762223	0.8772097467749642	0.7117375378244943	0.797579232361841	0.9221213569039656	0.8135053352444657	0.7655677655677655	0.7404045230132187	0.9522216913521261	0.8467908902691511	0.7934384456123587	0.8458353240961937	0.7305303392259914	0.9358178053830227	0.8791208791208791	0.8012422360248447	0.9308807134894092	0.89520624303233	0.9096989966555183	0.9405956362478102	0.8955247650899825	0.9719700589265806	0.779423475075649	0.9038063385889473	0.9084249084249084	0.8394648829431438	0.7724159898072942	0.8203535594839942	0.8139831183309444	0.8373944895684026	0.873228221054308	0.8292721770982641	0.8897913680522376	0.8114349418697244	0.7752826883261665	0.8901098901098901	0.8224239528587355	0.7644529383659818	0.8776875298614429	0.800127408823061	0.9130434782608695	0.9431438127090301	0.9018952062430323	0.8168498168498168	0.8144609014174231	0.9233954451345756	0.8512501990762861	0.939799331103679	0.8471094123268036	0.8472686733556298	0.8260869565217391	0.8189202102245581	0.9017359452142061	0.8713170887083931	0.853161331422201	0.7814938684503902	0.8679726071030419	0.9189361363274406	0.8315018315018315	0.8604873387482083	0.7996496257365823	0.8880394967351489	0.9589106545628284	0.9628921802834847	0.9663959229176621	0.9329511068641504	0.8450390189520625	0.832457397674789	0.7209746774964166	0.8498168498168498	0.9401178531613315	0.7488453575410097	0.9442586399108138	0.7719382067208154	0.8687689122471731	0.7881828316610925	0.9154323936932632	0.7760789934702979	0.7821309125656952	0.7490046185698359	0.9740404523013219	0.9198917025003982	0.7416786112438286	0.8391463608854913	0.7376970855231725	0.9033285555024686	0.8717948717948718	0.7163561076604554
SRR23478256	0.854435419652811	0.9770664118490205	0.9410734193342889	0.9205287466157032	0.9831183309444179	0.9194139194139194	0.9405956362478102	0.9550883898709985	0.9135212613473483	0.9608217869087434	0.9767478897913681	0.9404363752189839	0.9316770186335404	0.9574773053033923	0.8837394489568403	0.9697404045230132	0.8856505813027552	0.9506290810638637	0.9284917980570154	0.9240324892498806	0.9122471731167383	0.8568243350852046	0.9292881032011466	0.9694218824653608	0.9698996655518395	0.9536550406115624	0.9646440516005733	0.9170250039815258	0.9241917502787068	0.9391622869883739	0.9393215480172001	0.9711737537824494	0.9823220258002867	0.7545787545787546	0.8200350374263418	0.9635292243987896	0.9431438127090301	0.9211657907310081	0.7814938684503902	0.9155916547220895	0.928173275999363	0.8552317247969422	0.9096989966555183	0.8071348940914158	0.8996655518394648	0.9026915113871635	0.9229176620480968	0.9213250517598344	0.9759515846472369	0.9528587354674312	0.9440993788819876	0.959866220735786	0.8907469342251951	0.9065137760789934	0.7440675266762223	0.0	0.8762541806020067	0.7849976110845676	0.7701863354037267	0.9382067208154165	0.9294473642299729	0.8709985666507406	0.9109730848861284	0.9318362796623666	0.8152572065615544	0.8665392578436056	0.9116101290014333	0.860328077719382	0.9625736582258322	0.7948717948717948	0.8217869087434305	0.9162286988373944	0.9026915113871635	0.9393215480172001	0.9649625736582258	0.9096989966555183	0.968307055263577	0.9208472686733556	0.8897913680522376	0.9302436693741042	0.8649466475553432	0.8969581143494187	0.9116101290014333	0.7974199713330148	0.882306099697404	0.893295110686415	0.8537983755375059	0.8404204491161013	0.8891543239369326	0.8864468864468864	0.8307055263577002	0.8530020703933747	0.8818283166109253	0.9108138238573021	0.9248287943940118	0.959229176620481	0.9544513457556936	0.9479216435738175	0.8240165631469979	0.8754578754578755	0.8730689600254817	0.8705207835642619	0.9867813346074216	0.9735626692148431	0.9254658385093167	0.7523491001751871	0.884217232043319	0.9783405000796305	0.9488772097467749	0.9047619047619048	0.9447364229972925	0.9463290332855551	0.9643255295429208	0.8875617136486702	0.9496735148909062	0.9681477942347507	0.8413760152890588	0.9781812390508042	0.9834368530020704	0.9929925147316452	0.9225991399904443	0.9531772575250836	0.8547539417104635	0.8362796623666189	0.9425067685937251	0.9679885332059245	0.8722726548813505	0.9692626214365345	0.6443701226309922	0.8431278866061475	0.7853161331422202	0.9662366618888358	0.8834209268991877	0.8781653129479217	0.8064978499761108	0.970218187609492	0.9555661729574773	0.8077719382067208	0.925625099538143	0.8018792801401498	0.9549291288421723	0.9659181398311834	0.8811912724956203
SRR23478257	0.9468068163720338	0.9984073897117376	0.9982481286829112	0.9807294155120242	0.9920369485586877	0.9264214046822743	0.9878961618092053	0.989010989010989	0.9628921802834847	0.987099856665074	0.9939480809046026	0.9797738493390667	0.9746774964166268	0.977384933906673	0.9635292243987896	0.9906035992992515	0.9520624303232998	0.9886924669533366	0.9643255295429208	0.9468068163720338	0.9394808090460265	0.9176620480968307	0.9729256250995382	0.9810479375696767	0.9837553750597229	0.9351807612677178	0.99745182353878	0.9399585921325052	0.9569995222169135	0.9808886765408504	0.9480809046026437	0.9714922758401019	0.9875776397515528	0.7861124382863514	0.9009396400700749	0.9655996177735309	0.9796145883102405	0.9859850294632904	0.9638477464564421	0.9700589265806657	0.9853479853479854	0.9299251473164517	0.9222806179327918	0.9445771619684663	0.9141583054626533	0.9593884376493073	0.9603440038222647	0.9738811912724956	0.9885332059245103	0.9603440038222647	0.979933110367893	0.9741997133301481	0.8867654085045389	0.8463131071826724	0.8772097467749642	0.8762541806020067	0.0	0.8487020226150661	0.8487020226150661	0.9745182353878006	0.9442586399108138	0.9259436215957955	0.9663959229176621	0.8596910336040771	0.8300684822423953	0.9684663162924032	0.9552476508998248	0.9429845516802039	0.9977703455964325	0.8869246695333652	0.9390030259595477	0.8464723682114986	0.8800764452938366	0.9404363752189839	0.9826405478579392	0.9402771141901577	0.9831183309444179	0.9289695811434941	0.8568243350852046	0.9663959229176621	0.8329351807612677	0.930084408345278	0.9565217391304348	0.8705207835642619	0.915910176779742	0.9538143016403886	0.8356426182513139	0.9600254817646122	0.9466475553432075	0.9261028826246217	0.8899506290810638	0.9160694378085682	0.9087434304825609	0.9558846950151298	0.9802516324255455	0.9955406911928651	0.9952221691352127	0.988373944895684	0.9006211180124224	0.9096989966555183	0.9425067685937251	0.935340022296544	0.9985666507405638	0.9837553750597229	0.9558846950151298	0.9627329192546584	0.9141583054626533	0.9888517279821628	0.998088867654085	0.9713330148112757	0.9600254817646122	0.988373944895684	0.9985666507405638	0.9644847905717471	0.9778627169931517	0.9646440516005733	0.8474279343844561	0.9944258639910813	0.9875776397515528	0.998088867654085	0.9936295588469501	0.9839146360885491	0.9374104156712852	0.9491957318044275	0.9826405478579392	0.9988851727982163	0.9337474120082816	0.9995222169135213	0.8799171842650103	0.8354833572224877	0.9562032170727823	0.9985666507405638	0.9660774008600096	0.9374104156712852	0.9350215002388915	0.9947443860487338	0.9966555183946488	0.9509476031215162	0.7822901735945215	0.9531772575250836	0.9912406434145564	0.9232361841057494	0.9415512024207676
SRR23478258	0.8270425226946966	0.9713330148112757	0.9617773530817009	0.9299251473164517	0.9694218824653608	0.9248287943940118	0.9542920847268673	0.9323140627488453	0.8889950629081064	0.9361363274406753	0.968944099378882	0.9447364229972925	0.9163879598662207	0.9041248606465998	0.9294473642299729	0.9386845039018952	0.8012422360248447	0.9569995222169135	0.9377289377289377	0.9108138238573021	0.9033285555024686	0.807294155120242	0.926899187768753	0.9434623347666826	0.935977066411849	0.9089026915113871	0.9761108456760631	0.9046026437330785	0.8799171842650103	0.9585921325051759	0.904284121675426	0.9393215480172001	0.9679885332059245	0.7716196846631629	0.7093486223921006	0.9155916547220895	0.925625099538143	0.9187768752986144	0.776875298614429	0.9257843605669692	0.9262621436534481	0.8576206402293359	0.9046026437330785	0.8576206402293359	0.9246695333651855	0.8585762064022934	0.8937728937728938	0.893295110686415	0.94569198917025	0.8974358974358975	0.9442586399108138	0.9190953973562669	0.8302277432712215	0.8944099378881988	0.7117375378244943	0.7849976110845676	0.8487020226150661	0.0	0.7327599936295588	0.9377289377289377	0.8445612358655837	0.8754578754578755	0.8477464564421087	0.8913839783405001	0.802038541168976	0.8936136327440676	0.9200509635292244	0.8493390667303711	0.9730848861283644	0.7948717948717948	0.788501353718745	0.83962414397197	0.8592132505175983	0.9410734193342889	0.9601847427934385	0.8585762064022934	0.9488772097467749	0.8058608058608059	0.8929765886287625	0.9257843605669692	0.8555502468545947	0.877050485746138	0.8608058608058609	0.852524287306896	0.8939321548017201	0.8961618092052874	0.8502946329033285	0.8616021659499921	0.8480649784997611	0.8378722726548814	0.8858098423315814	0.7814938684503902	0.8584169453734671	0.9128842172320433	0.8596910336040771	0.9557254339863035	0.9697404045230132	0.9558846950151298	0.7636566332218506	0.7776716037585603	0.8639910813823858	0.7843605669692626	0.9802516324255455	0.9151138716356108	0.8904284121675426	0.8002866698518872	0.8343685300207039	0.9667144449753146	0.9663959229176621	0.8799171842650103	0.8184424271380794	0.8818283166109253	0.9746774964166268	0.9096989966555183	0.8746615703137443	0.8991877687529861	0.8616021659499921	0.9694218824653608	0.9692626214365345	0.978659022137283	0.9276954929128842	0.9138397834050008	0.8717948717948718	0.7639751552795031	0.9415512024207676	0.9788182831661093	0.8322981366459627	0.9826405478579392	0.6994744386048733	0.8254499124064342	0.8666985188724319	0.9668737060041408	0.8063385889472846	0.8523650262780698	0.7682752030578117	0.9749960184742793	0.9601847427934385	0.7900939640070075	0.8565058130275521	0.7958273610447524	0.9407548972766364	0.8754578754578755	0.8114349418697244
SRR23478259	0.8979136805223762	0.9893295110686415	0.9622551361681796	0.9452142060837713	0.9691033604077083	0.9483994266602962	0.9781812390508042	0.970218187609492	0.9087434304825609	0.9585921325051759	0.9872591176939003	0.9694218824653608	0.8780060519190954	0.9307214524605829	0.9175027870680045	0.9679885332059245	0.7518713170887084	0.9754738015607581	0.9641662685140946	0.9173435260391782	0.9237139671922281	0.8130275521579869	0.9477623825449912	0.959229176620481	0.9214843127886606	0.9184583532409619	0.9581143494186972	0.9337474120082816	0.9232361841057494	0.9756330625895844	0.9358178053830227	0.9630514413123109	0.985188724319159	0.7620640229335881	0.8490205446727186	0.94951425386208	0.9528587354674312	0.9620958751393534	0.9071508201942985	0.906832298136646	0.94569198917025	0.8815097945532728	0.9380474597865902	0.8537983755375059	0.9184583532409619	0.8292721770982641	0.9417104634495939	0.9192546583850931	0.9762701067048893	0.9490364707756012	0.9605032648510909	0.9081063863672559	0.8953655040611562	0.8080904602643733	0.797579232361841	0.7701863354037267	0.8487020226150661	0.7327599936295588	0.0	0.9541328236980411	0.8956840261188087	0.9139990444338271	0.9077878643096035	0.9104953017996497	0.8439241917502787	0.9390030259595477	0.9302436693741042	0.8991877687529861	0.9923554706163402	0.8069756330625896	0.7939162286988374	0.8410574932314063	0.902372989329511	0.9248287943940118	0.9700589265806657	0.8821468386685778	0.9710144927536232	0.8316610925306578	0.8219461697722568	0.94696607740086	0.8076126771778945	0.9202102245580507	0.8803949673514891	0.8023570632266285	0.9407548972766364	0.9128842172320433	0.7709826405478579	0.8278388278388278	0.9182990922121357	0.8963210702341137	0.8862876254180602	0.8184424271380794	0.7905717470934862	0.9253065774804905	0.9339066730371078	0.9831183309444179	0.9875776397515528	0.9657588788023571	0.8429686255773212	0.6278069756330625	0.912724956203217	0.8291129160694378	0.9907628603280777	0.9319955406911928	0.8810320114667941	0.8985507246376812	0.8795986622073578	0.9754738015607581	0.9810479375696767	0.9294473642299729	0.902372989329511	0.8955247650899825	0.9864628125497691	0.9483994266602962	0.94951425386208	0.9399585921325052	0.8502946329033285	0.9912406434145564	0.968307055263577	0.9743589743589743	0.7271858576206403	0.9536550406115624	0.8660614747571269	0.8423315814620163	0.9480809046026437	0.9619366141105271	0.8566650740563784	0.9964962573658226	0.6986781334607421	0.7419971333014811	0.9093804745978659	0.9796145883102405	0.8917025003981526	0.8287943940117853	0.7335562987736901	0.9842331581462016	0.9756330625895844	0.8515687211339386	0.8910654562828476	0.7735308170090779	0.9722885809842332	0.8093645484949833	0.8888358018792801
SRR23478260	0.9748367574454531	0.8912247173116739	0.8808727504379679	0.9437808568243351	0.8708393056219144	0.9515846472368211	0.8816690555820991	0.9316770186335404	0.8807134894091416	0.6579073100812232	0.9525402134097787	0.8028348463131072	0.7732122949514254	0.822105430801083	0.9460105112279026	0.6360885491320274	0.7892976588628763	0.9233954451345756	0.7717789456919891	0.9141583054626533	0.6803631151457239	0.7324414715719063	0.7260710304188565	0.8998248128682911	0.7999681477942348	0.7861124382863514	0.9886924669533366	0.767160375856028	0.7641344163083293	0.8655836916706482	0.7531454053193184	0.7945532728141423	0.8840579710144928	0.8660614747571269	0.8523650262780698	0.8896321070234113	0.8217869087434305	0.8380315336837076	0.8579391622869884	0.8694059563624781	0.7998088867654085	0.893295110686415	0.7606306736741519	0.8174868609651218	0.9374104156712852	0.917821309125657	0.8171683389074693	0.7579232361841057	0.9562032170727823	0.7545787545787546	0.7348303870043	0.8702022615066093	0.9370918936136328	0.9474438604873388	0.9221213569039656	0.9382067208154165	0.9745182353878006	0.9377289377289377	0.9541328236980411	0.0	0.8474279343844561	0.8315018315018315	0.8163720337633381	0.9691033604077083	0.9708552317247969	0.7485268354833572	0.7490046185698359	0.8279980888676541	0.9511068641503424	0.959229176620481	0.8192387322822106	0.9619366141105271	0.9506290810638637	0.9297658862876255	0.8893135849657589	0.9114508679726071	0.9636884854276159	0.8200350374263418	0.9304029304029304	0.9195731804427456	0.9133620003185221	0.8272017837235228	0.8856505813027552	0.9324733237776716	0.7638158942506769	0.8923395445134575	0.9660774008600096	0.9218028348463131	0.8517279821627648	0.7634973721930244	0.8948877209746775	0.9291288421723204	0.9487179487179487	0.7861124382863514	0.882943143812709	0.9388437649307214	0.9898072941551203	0.8924988055422838	0.922439878961618	0.9364548494983278	0.9160694378085682	0.8346870520783565	0.9718107978977544	0.904284121675426	0.7126931039974518	0.9568402611880873	0.8588947284599459	0.7963051441312311	0.8939321548017201	0.935977066411849	0.9001433349259437	0.9007803790412486	0.9628921802834847	0.7415193502150024	0.8759356585443542	0.7459786590221373	0.8924988055422838	0.9210065297021819	0.9370918936136328	0.9778627169931517	0.9853479853479854	0.9377289377289377	0.9009396400700749	0.9060359929925147	0.9348622392100653	0.9920369485586877	0.9163879598662207	0.9671922280617933	0.9292881032011466	0.9530179964962574	0.9568402611880873	0.9906035992992515	0.9014174231565536	0.9437808568243351	0.9539735626692148	0.9480809046026437	0.9491957318044275	0.9526994744386049	0.9267399267399268	0.94951425386208	0.8896321070234113	0.9334288899506291	0.9233954451345756
SRR23478261	0.9254658385093167	0.9620958751393534	0.9721293199554069	0.9643255295429208	0.9619366141105271	0.9437808568243351	0.9139990444338271	0.9546106067845198	0.5613951266125179	0.8881987577639752	0.9560439560439561	0.9257843605669692	0.9157509157509157	0.8843764930721453	0.6628444019748367	0.8834209268991877	0.8494983277591973	0.6510590858416946	0.9006211180124224	0.9104953017996497	0.849976110845676	0.8399426660296225	0.811753463927377	0.9519031692944736	0.8727504379678293	0.8143016403885969	0.9909221213569039	0.9036470775601211	0.8273610447523491	0.8295906991559165	0.587991718426501	0.5779582736104475	0.9291288421723204	0.9345437171524128	0.7889791368052238	0.6107660455486542	0.6120401337792643	0.8811912724956203	0.8846950151297978	0.8956840261188087	0.8445612358655837	0.8448797579232362	0.8087275043796783	0.6988373944895684	0.9480809046026437	0.8630355152094282	0.6663481446090141	0.7550565376652333	0.675266762223284	0.8009237139671922	0.5848064978499761	0.8358018792801402	0.6483516483516484	0.8077719382067208	0.8135053352444657	0.9294473642299729	0.9442586399108138	0.8445612358655837	0.8956840261188087	0.8474279343844561	0.0	0.8206720815416467	0.7466157031374423	0.9620958751393534	0.9466475553432075	0.8491798057015448	0.8386685777990126	0.7184265010351967	0.9315177576047141	0.9179805701544832	0.8385093167701864	0.9511068641503424	0.6665074056378404	0.6566332218506131	0.5526357700270744	0.6900780379041248	0.9633699633699634	0.8006051919095397	0.8576206402293359	0.8173275999362956	0.7778308647873865	0.8139831183309444	0.8080904602643733	0.8819875776397516	0.8410574932314063	0.9006211180124224	0.9526994744386049	0.8601688166905558	0.7939162286988374	0.7673196368848543	0.8609651218346871	0.8834209268991877	0.9388437649307214	0.8563465519987259	0.8023570632266285	0.9386845039018952	0.9931517757604714	0.9539735626692148	0.8393056219143176	0.8595317725752508	0.9382067208154165	0.873228221054308	0.9722885809842332	0.9273769708552317	0.8144609014174231	0.8966395922917662	0.7584010192705845	0.9490364707756012	0.9657588788023571	0.8888358018792801	0.812390508042682	0.9315177576047141	0.9826405478579392	0.8773690078037905	0.8631947762382545	0.8327759197324415	0.873865265169613	0.9296066252587992	0.9711737537824494	0.9800923713967192	0.9826405478579392	0.9409141583054627	0.8687689122471731	0.777512342729734	0.9506290810638637	0.9966555183946488	0.9010989010989011	0.9907628603280777	0.9085841694537347	0.9479216435738175	0.9270584487975793	0.9874183787227265	0.8748208313425705	0.7972607103041885	0.9291288421723204	0.6776556776556777	0.9827998088867654	0.8864468864468864	0.6615703137442268	0.7859531772575251	0.9479216435738175	0.9633699633699634	0.7837235228539576
SRR23478262	0.894569198917025	0.9351807612677178	0.9006211180124224	0.9079471253384297	0.9167064819238733	0.8358018792801402	0.8587354674311196	0.8125497690715082	0.8241758241758241	0.7951903169294474	0.8979136805223762	0.8813505335244466	0.8205128205128205	0.7607899347029782	0.9076286032807772	0.7732122949514254	0.8348463131071827	0.8840579710144928	0.7182672400063704	0.8453575410097149	0.7157190635451505	0.7829272177098264	0.697244784201306	0.776875298614429	0.6902372989329512	0.8972766364070712	0.9660774008600096	0.8147794234750757	0.747093486223921	0.7523491001751871	0.7700270743749005	0.7184265010351967	0.8375537505972288	0.8450390189520625	0.8437649307214524	0.8397834050007963	0.7939162286988374	0.8353240961936614	0.7773530817009078	0.7993311036789298	0.5676063067367415	0.8692466953336518	0.7587195413282369	0.8759356585443542	0.9296066252587992	0.7859531772575251	0.7235228539576366	0.7012263099219621	0.959229176620481	0.7647714604236343	0.8477464564421087	0.8281573498964804	0.912724956203217	0.930084408345278	0.7655677655677655	0.8709985666507406	0.9259436215957955	0.8754578754578755	0.9139990444338271	0.8315018315018315	0.8206720815416467	0.0	0.7432712215320911	0.9662366618888358	0.9294473642299729	0.7736900780379041	0.8287943940117853	0.7848383500557413	0.9125656951743908	0.8996655518394648	0.8206720815416467	0.935340022296544	0.9364548494983278	0.9276954929128842	0.8666985188724319	0.8888358018792801	0.9584328714763497	0.8106386367255932	0.882943143812709	0.883580187928014	0.8818283166109253	0.7547380156075808	0.8365981844242714	0.9106545628284759	0.7230450708711579	0.8287943940117853	0.9241917502787068	0.8864468864468864	0.7913680522376174	0.7158783245739767	0.8537983755375059	0.8795986622073578	0.9253065774804905	0.7873865265169613	0.873228221054308	0.9026915113871635	0.968307055263577	0.9053989488772097	0.8633540372670807	0.8877209746774964	0.8695652173913043	0.7902532250358337	0.8663799968147794	0.8165312947921644	0.89775441949355	0.9351807612677178	0.6778149386845039	0.799490364707756	0.8343685300207039	0.8695652173913043	0.8302277432712215	0.7837235228539576	0.9562032170727823	0.7619047619047619	0.7838827838827839	0.7668418537983756	0.7361044752349101	0.7453416149068323	0.9611403089663959	0.9708552317247969	0.9415512024207676	0.8588947284599459	0.7566491479534958	0.8268832616658703	0.8276795668100015	0.9681477942347507	0.8111164198120719	0.9076286032807772	0.8471094123268036	0.8788023570632266	0.8813505335244466	0.9421882465360726	0.7928014014970537	0.8139831183309444	0.8485427615862399	0.9542920847268673	0.9541328236980411	0.912724956203217	0.8743430482560918	0.8722726548813505	0.8937728937728938	0.9119286510590858	0.8163720337633381
SRR23478263	0.9362955884695016	0.9538143016403886	0.9487179487179487	0.9515846472368211	0.9125656951743908	0.8781653129479217	0.8383500557413601	0.8972766364070712	0.8063385889472846	0.7861124382863514	0.8953655040611562	0.9254658385093167	0.7972607103041885	0.820831342570473	0.939799331103679	0.7587195413282369	0.8002866698518872	0.9552476508998248	0.8722726548813505	0.8937728937728938	0.7235228539576366	0.7545787545787546	0.7235228539576366	0.8552317247969422	0.7329192546583851	0.9061952540213409	0.9869405956362478	0.7870680044593088	0.6997929606625258	0.8267240006370441	0.7569676700111483	0.7628603280777194	0.8319796145883103	0.9319955406911928	0.7835642618251314	0.8620799490364708	0.7843605669692626	0.7966236661888836	0.8797579232361841	0.7990125816212773	0.6977225672877847	0.8103201146679407	0.7450230928491798	0.8571428571428571	0.9345437171524128	0.7776716037585603	0.7813346074215639	0.6757445453097627	0.9789775441949355	0.6943780856824335	0.7564898869246696	0.7940754897276636	0.9544513457556936	0.9743589743589743	0.7404045230132187	0.9109730848861284	0.9663959229176621	0.8477464564421087	0.9077878643096035	0.8163720337633381	0.7466157031374423	0.7432712215320911	0.0	0.9751552795031055	0.9525402134097787	0.7290969899665551	0.7099856665074057	0.6192068800764453	0.9065137760789934	0.89775441949355	0.779423475075649	0.9624143971970059	0.9764293677337156	0.967670011148272	0.9025322503583373	0.9071508201942985	0.9740404523013219	0.5978659022137283	0.9167064819238733	0.9111323459149546	0.9364548494983278	0.7595158464723683	0.8381907947125339	0.9512661251791686	0.780060519190954	0.8405797101449275	0.967032967032967	0.9003025959547699	0.8310240484153527	0.7713011626055104	0.8397834050007963	0.8807134894091416	0.9493549928332538	0.797579232361841	0.725752508361204	0.9444179009396401	0.9886924669533366	0.9440993788819876	0.7998088867654085	0.8241758241758241	0.9210065297021819	0.792323618410575	0.930084408345278	0.8862876254180602	0.8393056219143176	0.9089026915113871	0.7620640229335881	0.8888358018792801	0.9291288421723204	0.849976110845676	0.7778308647873865	0.8600095556617295	0.9835961140308966	0.769708552317248	0.8178053830227743	0.7529861442904922	0.8477464564421087	0.936614110527154	0.9630514413123109	0.9834368530020704	0.9791368052237618	0.9109730848861284	0.8889950629081064	0.7627010670488932	0.8811912724956203	0.9901258162127727	0.8509316770186336	0.9652810957158783	0.903010033444816	0.9442586399108138	0.8655836916706482	0.979933110367893	0.7732122949514254	0.6682592769549291	0.8509316770186336	0.9729256250995382	0.9796145883102405	0.8724319159101768	0.8517279821627648	0.6789297658862876	0.8679726071030419	0.9297658862876255	0.692785475394171
SRR23478264	0.9821627647714605	0.99745182353878	0.998088867654085	0.9917184265010351	0.99745182353878	0.9947443860487338	0.9796145883102405	0.9928332537028189	0.9691033604077083	0.9843924191750278	0.99745182353878	0.9904443382704252	0.9667144449753146	0.9541328236980411	0.985188724319159	0.9829590699155917	0.9147953495779583	0.9958592132505176	0.9743589743589743	0.9526994744386049	0.9552476508998248	0.956681000159261	0.9791368052237618	0.9939480809046026	0.9826405478579392	0.9536550406115624	0.9961777353081701	0.9741997133301481	0.9800923713967192	0.9843924191750278	0.9777034559643255	0.979933110367893	0.989010989010989	0.9114508679726071	0.9089026915113871	0.982481286829113	0.979296066252588	0.9834368530020704	0.980570154483198	0.9784997611084567	0.9882146838668577	0.9216435738174868	0.9826405478579392	0.8867654085045389	0.9444179009396401	0.978659022137283	0.9769071508201943	0.9652810957158783	0.9878961618092053	0.9789775441949355	0.9719700589265806	0.978021978021978	0.8671763019589106	0.9396400700748527	0.9522216913521261	0.9318362796623666	0.8596910336040771	0.8913839783405001	0.9104953017996497	0.9691033604077083	0.9620958751393534	0.9662366618888358	0.9751552795031055	0.0	0.8679726071030419	0.9775441949354993	0.9775441949354993	0.9614588310240484	0.9961777353081701	0.9028507724159898	0.9657588788023571	0.42570473005255616	0.8474279343844561	0.9170250039815258	0.9812071985985029	0.9440993788819876	0.47157190635451507	0.9374104156712852	0.9182990922121357	0.9625736582258322	0.9081063863672559	0.9616180920528746	0.9477623825449912	0.9124064341455645	0.9749960184742793	0.9245102723363593	0.9012581621277274	0.9154323936932632	0.9681477942347507	0.9286510590858417	0.924988055422838	0.873228221054308	0.8278388278388278	0.9558846950151298	0.9859850294632904	0.998088867654085	0.9847109412326803	0.9794553272814143	0.9106545628284759	0.9748367574454531	0.9431438127090301	0.9058767319636885	0.9971333014811276	0.9929925147316452	0.9235547061634019	0.9608217869087434	0.9369326325848065	0.9898072941551203	0.9992036948558688	0.9878961618092053	0.9726071030418857	0.9874183787227265	0.9992036948558688	0.9735626692148431	0.9858257684344641	0.9807294155120242	0.9729256250995382	0.9936295588469501	0.9872591176939003	0.998088867654085	0.9915591654722089	0.9866220735785953	0.9622551361681796	0.9703774486383182	0.989010989010989	0.9955406911928651	0.9058767319636885	0.9985666507405638	0.9593884376493073	0.9136805223761746	0.9861442904921166	0.9987259117693901	0.9869405956362478	0.9582736104475235	0.8955247650899825	0.9963369963369964	1.0	0.9778627169931517	0.9061952540213409	0.9874183787227265	0.9912406434145564	0.9646440516005733	0.9761108456760631
SRR23478265	0.9506290810638637	0.9949036470775601	0.9963369963369964	0.9729256250995382	0.9944258639910813	0.9531772575250836	0.9928332537028189	0.9949036470775601	0.9609810479375697	0.9834368530020704	0.9945851250199076	0.9864628125497691	0.9800923713967192	0.9667144449753146	0.8928173275999363	0.992196209587514	0.8936136327440676	0.992196209587514	0.9393215480172001	0.9544513457556936	0.9544513457556936	0.9006211180124224	0.9681477942347507	0.9729256250995382	0.9858257684344641	0.9407548972766364	0.9952221691352127	0.9593884376493073	0.9673514890906195	0.9807294155120242	0.9646440516005733	0.9710144927536232	0.9953814301640389	0.8493390667303711	0.8329351807612677	0.9635292243987896	0.9687848383500557	0.9727663640707119	0.7558528428093646	0.9584328714763497	0.9748367574454531	0.8596910336040771	0.9085841694537347	0.8827838827838828	0.9012581621277274	0.950151297977385	0.9791368052237618	0.9597069597069597	0.9829590699155917	0.9267399267399268	0.9753145405319318	0.977384933906673	0.8867654085045389	0.9511068641503424	0.8467908902691511	0.8152572065615544	0.8300684822423953	0.802038541168976	0.8439241917502787	0.9708552317247969	0.9466475553432075	0.9294473642299729	0.9525402134097787	0.8679726071030419	0.0	0.9694218824653608	0.9678292721770982	0.9448956840261188	0.9942666029622551	0.8439241917502787	0.9405956362478102	0.8878802357063227	0.8646281254976907	0.9584328714763497	0.9684663162924032	0.9101767797419972	0.9706959706959707	0.9448956840261188	0.9405956362478102	0.9444179009396401	0.9216435738174868	0.9423475075648988	0.9448956840261188	0.7303710781971652	0.947603121516165	0.9038063385889473	0.8216276477146043	0.937888198757764	0.9498327759197325	0.9069915591654722	0.8956840261188087	0.8563465519987259	0.9093804745978659	0.9311992355470616	0.9584328714763497	0.9955406911928651	0.9834368530020704	0.9628921802834847	0.8168498168498168	0.9089026915113871	0.8963210702341137	0.9315177576047141	0.9952221691352127	0.9804108934543717	0.9496735148909062	0.9552476508998248	0.9444179009396401	0.9875776397515528	0.9966555183946488	0.9582736104475235	0.9644847905717471	0.9934702978181239	0.9936295588469501	0.9565217391304348	0.9640070074852684	0.9840738971173754	0.925625099538143	0.99745182353878	0.988373944895684	0.9960184742793439	0.9310399745182354	0.9878961618092053	0.7192228061793279	0.894569198917025	0.987099856665074	0.9979296066252588	0.8948877209746775	0.9995222169135213	0.9218028348463131	0.8482242395285874	0.8639910813823858	0.9966555183946488	0.9323140627488453	0.9439401178531613	0.8737060041407867	0.9939480809046026	0.9917184265010351	0.7961458831024049	0.8936136327440676	0.9038063385889473	0.9912406434145564	0.9724478420130594	0.9464882943143813
SRR23478266	0.9096989966555183	0.7582417582417582	0.8881987577639752	0.94569198917025	0.8749800923713967	0.9033285555024686	0.8716356107660456	0.9066730371078198	0.8200350374263418	0.7525083612040134	0.8985507246376812	0.8268832616658703	0.8456760630673674	0.802038541168976	0.9576365663322185	0.7649307214524605	0.8365981844242714	0.9399585921325052	0.8279980888676541	0.9141583054626533	0.7158783245739767	0.817646121993948	0.7689122471731168	0.8956840261188087	0.7711419015766842	0.9399585921325052	0.9767478897913681	0.8423315814620163	0.6602962255136168	0.8284758719541329	0.782608695652174	0.8107978977544195	0.8270425226946966	0.9310399745182354	0.8353240961936614	0.8399426660296225	0.7698678133460742	0.7434304825609174	0.84472049689441	0.7937569676700111	0.6711259754738016	0.8611243828635133	0.6711259754738016	0.862239210065297	0.94569198917025	0.8625577321229495	0.7947125338429686	0.6864150342411212	0.9856665074056379	0.787227265488135	0.7814938684503902	0.8612836438923396	0.9713330148112757	0.9616180920528746	0.7934384456123587	0.8665392578436056	0.9684663162924032	0.8936136327440676	0.9390030259595477	0.7485268354833572	0.8491798057015448	0.7736900780379041	0.7290969899665551	0.9775441949354993	0.9694218824653608	0.0	0.6741519350215003	0.6459627329192547	0.9593884376493073	0.8964803312629399	0.7888198757763976	0.9622551361681796	0.9861442904921166	0.9585921325051759	0.9248287943940118	0.9332696289218029	0.9808886765408504	0.8283166109253066	0.9404363752189839	0.9284917980570154	0.9329511068641504	0.725752508361204	0.8781653129479217	0.9444179009396401	0.7392896958114349	0.8423315814620163	0.980570154483198	0.9073100812231247	0.8272017837235228	0.7711419015766842	0.8549132027392897	0.9232361841057494	0.9493549928332538	0.7899347029781812	0.8862876254180602	0.9230769230769231	0.9769071508201943	0.9098582576843447	0.8963210702341137	0.9241917502787068	0.925625099538143	0.8284758719541329	0.9649625736582258	0.8878802357063227	0.9213250517598344	0.928173275999363	0.8294314381270903	0.7308488612836439	0.8901098901098901	0.8365981844242714	0.841535276317885	0.8901098901098901	0.9433030737378564	0.7316451664277751	0.8682911291606944	0.8264054785793916	0.8869246695333652	0.9254658385093167	0.9375696767001115	0.9652810957158783	0.9737219302436694	0.8112756808408982	0.9076286032807772	0.854435419652811	0.8883580187928014	0.9748367574454531	0.8356426182513139	0.9538143016403886	0.8888358018792801	0.9426660296225514	0.8659022137283007	0.9636884854276159	0.8213091256569517	0.8171683389074693	0.8577799012581622	0.9802516324255455	0.9483994266602962	0.8948877209746775	0.9415512024207676	0.89520624303233	0.9015766841853798	0.9176620480968307	0.8114349418697244
SRR23478267	0.9541328236980411	0.9420289855072463	0.9316770186335404	0.9616180920528746	0.8655836916706482	0.9090619525402134	0.872591176939003	0.9323140627488453	0.8348463131071827	0.7754419493549929	0.9205287466157032	0.8765727026596591	0.8251313903487817	0.8281573498964804	0.9584328714763497	0.7576047141264532	0.7791049530179965	0.9426660296225514	0.7711419015766842	0.8853320592451027	0.729574773053034	0.7587195413282369	0.7695492912884218	0.8749800923713967	0.7875457875457875	0.8961618092052874	0.9907628603280777	0.7856346551998726	0.727663640707119	0.8388278388278388	0.7631788501353719	0.8187609491957318	0.8678133460742157	0.9488772097467749	0.8217869087434305	0.8560280299410734	0.8295906991559165	0.7746456442108616	0.8616021659499921	0.8071348940914158	0.7738493390667304	0.7947125338429686	0.7490046185698359	0.8322981366459627	0.9386845039018952	0.8522057652492435	0.7990125816212773	0.7416786112438286	0.9842331581462016	0.7087115782767957	0.727663640707119	0.8205128205128205	0.9718107978977544	0.970218187609492	0.8458353240961937	0.9116101290014333	0.9552476508998248	0.9200509635292244	0.9302436693741042	0.7490046185698359	0.8386685777990126	0.8287943940117853	0.7099856665074057	0.9775441949354993	0.9678292721770982	0.6741519350215003	0.0	0.7523491001751871	0.9442586399108138	0.9095397356266921	0.810479375696767	0.9722885809842332	0.9843924191750278	0.9678292721770982	0.8910654562828476	0.9479216435738175	0.9769071508201943	0.8303870043000477	0.9345437171524128	0.9168657429526995	0.9503105590062112	0.809205287466157	0.8608058608058609	0.9565217391304348	0.8249721293199554	0.8340500079630514	0.9775441949354993	0.9144768275203058	0.8206720815416467	0.8037904124860646	0.8125497690715082	0.9297658862876255	0.9569995222169135	0.7853161331422202	0.8805542283803154	0.9425067685937251	0.9915591654722089	0.9431438127090301	0.8875617136486702	0.926899187768753	0.9458512501990762	0.8315018315018315	0.9348622392100653	0.8496575887880236	0.9167064819238733	0.9487179487179487	0.8319796145883103	0.8724319159101768	0.9017359452142061	0.8800764452938366	0.8748208313425705	0.8999840738971173	0.9569995222169135	0.7733715559802516	0.8791208791208791	0.8424908424908425	0.8990285077241599	0.9321548017200191	0.9593884376493073	0.968944099378882	0.978659022137283	0.8947284599458513	0.9190953973562669	0.8617614269788183	0.8893135849657589	0.9923554706163402	0.8788023570632266	0.9759515846472369	0.9203694855868769	0.9595476986781335	0.9001433349259437	0.9810479375696767	0.8356426182513139	0.8630355152094282	0.8800764452938366	0.977384933906673	0.9409141583054627	0.9418697244784201	0.9410734193342889	0.9229176620480968	0.8365981844242714	0.9442586399108138	0.8367574454530976
SRR23478268	0.9025322503583373	0.9614588310240484	0.9655996177735309	0.9574773053033923	0.9409141583054627	0.8993470297818124	0.8899506290810638	0.9415512024207676	0.745819397993311	0.8205128205128205	0.9262621436534481	0.882306099697404	0.8936136327440676	0.8636725593247332	0.9383659818442427	0.8300684822423953	0.7845198279980888	0.9356585443541965	0.8334129638477464	0.8480649784997611	0.7932791845835324	0.8198757763975155	0.8031533683707597	0.9071508201942985	0.8407389711737537	0.872591176939003	0.9907628603280777	0.8466316292403249	0.7316451664277751	0.8157349896480331	0.8058608058608059	0.8209906035992992	0.9053989488772097	0.8936136327440676	0.7813346074215639	0.8808727504379679	0.8057015448319796	0.7709826405478579	0.8154164675903807	0.726389552476509	0.7389711737537824	0.7784679089026915	0.6884854276158624	0.8767319636884854	0.9206880076445294	0.8144609014174231	0.7827679566810002	0.7161968466316292	0.968944099378882	0.7185857620640229	0.7630195891065457	0.8243350852046504	0.9638477464564421	0.9655996177735309	0.7305303392259914	0.860328077719382	0.9429845516802039	0.8493390667303711	0.8991877687529861	0.8279980888676541	0.7184265010351967	0.7848383500557413	0.6192068800764453	0.9614588310240484	0.9448956840261188	0.6459627329192547	0.7523491001751871	0.0	0.9498327759197325	0.8709985666507406	0.735467431119605	0.9560439560439561	0.9721293199554069	0.9606625258799172	0.9058767319636885	0.9222806179327918	0.9700589265806657	0.7020226150660933	0.9288103201146679	0.9219620958751393	0.9410734193342889	0.6929447364229973	0.8182831661092531	0.9405956362478102	0.7741678611243829	0.7818123905080426	0.9608217869087434	0.8948877209746775	0.7311673833412964	0.7447045707915273	0.7843605669692626	0.8867654085045389	0.9405956362478102	0.7542602325211021	0.7421563943303073	0.9425067685937251	0.982481286829113	0.9313584965758879	0.7636566332218506	0.8630355152094282	0.9254658385093167	0.8279980888676541	0.9589106545628284	0.8832616658703615	0.8136645962732919	0.8840579710144928	0.8190794712533843	0.8987099856665074	0.9399585921325052	0.7744863831820353	0.7533046663481446	0.9116101290014333	0.9611403089663959	0.7308488612836439	0.8405797101449275	0.8014014970536709	0.8590539894887721	0.9533365185539099	0.9608217869087434	0.9581143494186972	0.9796145883102405	0.9170250039815258	0.9089026915113871	0.7064819238732282	0.9205287466157032	0.9963369963369964	0.8429686255773212	0.9867813346074216	0.8783245739767479	0.903010033444816	0.8407389711737537	0.9757923236184106	0.8084089823220258	0.6942188246536073	0.8362796623666189	0.9741997133301481	0.9711737537824494	0.865424430641822	0.8440834527791049	0.7541009714922758	0.8913839783405001	0.9417104634495939	0.6867335562987736
SRR23478269	0.9737219302436694	0.9571587832457398	0.9291288421723204	0.9687848383500557	0.919732441471572	0.8746615703137443	0.8737060041407867	0.8979136805223762	0.9622551361681796	0.9511068641503424	0.9726071030418857	0.8826246217550565	0.9240324892498806	0.9391622869883739	0.9778627169931517	0.928173275999363	0.9734034081860169	0.8846950151297978	0.8036311514572384	0.9751552795031055	0.9448956840261188	0.887402452619844	0.9775441949354993	0.8870839305621915	0.9351807612677178	0.9458512501990762	0.9119286510590858	0.9597069597069597	0.8944099378881988	0.9517439082656474	0.9574773053033923	0.9530179964962574	0.9691033604077083	0.978659022137283	0.9721293199554069	0.9436215957955089	0.9601847427934385	0.8853320592451027	0.9012581621277274	0.939799331103679	0.9362955884695016	0.9665551839464883	0.915273132664437	0.9600254817646122	0.9734034081860169	0.9321548017200191	0.9189361363274406	0.94569198917025	0.9859850294632904	0.8893135849657589	0.8988692466953336	0.9555661729574773	0.987099856665074	0.9536550406115624	0.9358178053830227	0.9625736582258322	0.9977703455964325	0.9730848861283644	0.9923554706163402	0.9511068641503424	0.9315177576047141	0.9125656951743908	0.9065137760789934	0.9961777353081701	0.9942666029622551	0.9593884376493073	0.9442586399108138	0.9498327759197325	0.0	0.9906035992992515	0.9667144449753146	0.9797738493390667	0.9906035992992515	0.902372989329511	0.9139990444338271	0.9762701067048893	0.989648033126294	0.9568402611880873	0.9356585443541965	0.8190794712533843	0.8993470297818124	0.8902691511387164	0.9474438604873388	0.9697404045230132	0.8659022137283007	0.9337474120082816	0.9947443860487338	0.8587354674311196	0.9339066730371078	0.8982322025800287	0.955406911928651	0.9031692944736422	0.8996655518394648	0.9289695811434941	0.8475871954132824	0.8773690078037905	0.912724956203217	0.8741837872272655	0.9937888198757764	0.9737219302436694	0.9834368530020704	0.9523809523809523	0.9756330625895844	0.8896321070234113	0.8924988055422838	0.9875776397515528	0.8896321070234113	0.9636884854276159	0.9404363752189839	0.9622551361681796	0.9655996177735309	0.9652810957158783	0.9386845039018952	0.8297499601847428	0.8816690555820991	0.9323140627488453	0.9533365185539099	0.9692626214365345	0.9485586876891224	0.9856665074056379	0.9627329192546584	0.8918617614269788	0.9304029304029304	0.8662207357859532	0.8401019270584488	0.914636088549132	0.9479216435738175	0.8942506768593725	0.9291288421723204	0.9595476986781335	0.8746615703137443	0.9073100812231247	0.9522216913521261	0.9831183309444179	0.9694218824653608	0.9791368052237618	0.9232361841057494	0.9839146360885491	0.9872591176939003	0.9429845516802039	0.9053989488772097	0.9593884376493073	0.9655996177735309
SRR23478270	0.9133620003185221	0.990285077241599	0.9853479853479854	0.990285077241599	0.9850294632903328	0.9460105112279026	0.982481286829113	0.9917184265010351	0.9063545150501672	0.9751552795031055	0.9842331581462016	0.9673514890906195	0.9563624781016086	0.8939321548017201	0.9493549928332538	0.9834368530020704	0.7499601847427935	0.9807294155120242	0.967670011148272	0.9229176620480968	0.9057174709348622	0.9112916069437809	0.9345437171524128	0.9834368530020704	0.969581143494187	0.9089026915113871	0.9918776875298615	0.9531772575250836	0.935340022296544	0.9329511068641504	0.9386845039018952	0.9710144927536232	0.987736900780379	0.8345277910495302	0.831820353559484	0.9563624781016086	0.9506290810638637	0.925625099538143	0.9319955406911928	0.9141583054626533	0.9233954451345756	0.8445612358655837	0.9170250039815258	0.8474279343844561	0.9221213569039656	0.8929765886287625	0.9488772097467749	0.9047619047619048	0.9813664596273292	0.9437808568243351	0.9393215480172001	0.956681000159261	0.9498327759197325	0.907469342251951	0.8791208791208791	0.7948717948717948	0.8869246695333652	0.7948717948717948	0.8069756330625896	0.959229176620481	0.9179805701544832	0.8996655518394648	0.89775441949355	0.9028507724159898	0.8439241917502787	0.8964803312629399	0.9095397356266921	0.8709985666507406	0.9906035992992515	0.0	0.8837394489568403	0.9181398311833094	0.9308807134894092	0.935977066411849	0.9643255295429208	0.865424430641822	0.9681477942347507	0.9085841694537347	0.8485427615862399	0.9622551361681796	0.9230769230769231	0.9227584010192705	0.8821468386685778	0.89775441949355	0.9203694855868769	0.8960025481764612	0.9531772575250836	0.7486860965121834	0.8542761586239848	0.9006211180124224	0.8381907947125339	0.8364389233954451	0.8308647873865265	0.8990285077241599	0.9393215480172001	0.9749960184742793	0.9820035037426342	0.9734034081860169	0.7351489090619525	0.9480809046026437	0.8028348463131072	0.8872431915910177	0.9949036470775601	0.955406911928651	0.9114508679726071	0.9350215002388915	0.9205287466157032	0.9823220258002867	0.9829590699155917	0.9031692944736422	0.9296066252587992	0.9735626692148431	0.9864628125497691	0.9240324892498806	0.9560439560439561	0.9511068641503424	0.8991877687529861	0.9934702978181239	0.9759515846472369	0.9906035992992515	0.978659022137283	0.9576365663322185	0.9536550406115624	0.9163879598662207	0.987099856665074	0.9891702500398153	0.882943143812709	0.9979296066252588	0.8463131071826724	0.9089026915113871	0.9151138716356108	0.9869405956362478	0.89265806657111	0.8631947762382545	0.7017040930084408	0.9928332537028189	0.9906035992992515	0.9425067685937251	0.9211657907310081	0.9160694378085682	0.9757923236184106	0.9299251473164517	0.8805542283803154
SRR23478271	0.8991877687529861	0.9538143016403886	0.9415512024207676	0.9413919413919414	0.9391622869883739	0.8987099856665074	0.9154323936932632	0.9606625258799172	0.792323618410575	0.8678133460742157	0.9574773053033923	0.8826246217550565	0.9202102245580507	0.8802357063226628	0.9253065774804905	0.8709985666507406	0.8754578754578755	0.9514253862079949	0.8530020703933747	0.8453575410097149	0.8141423793597706	0.8665392578436056	0.8595317725752508	0.9284917980570154	0.8931358496575887	0.8616021659499921	0.9888517279821628	0.8361204013377926	0.7986940595636248	0.894569198917025	0.8786430960344004	0.9003025959547699	0.947603121516165	0.8439241917502787	0.726389552476509	0.8875617136486702	0.8294314381270903	0.833094441790094	0.8302277432712215	0.79041248606466	0.8063385889472846	0.6131549609810479	0.7689122471731168	0.8961618092052874	0.8423315814620163	0.8424908424908425	0.8815097945532728	0.8155757286192069	0.9633699633699634	0.8612836438923396	0.8401019270584488	0.8894728459945851	0.9362955884695016	0.9010989010989011	0.8012422360248447	0.8217869087434305	0.9390030259595477	0.788501353718745	0.7939162286988374	0.8192387322822106	0.8385093167701864	0.8206720815416467	0.779423475075649	0.9657588788023571	0.9405956362478102	0.7888198757763976	0.810479375696767	0.735467431119605	0.9667144449753146	0.8837394489568403	0.0	0.9490364707756012	0.9630514413123109	0.9665551839464883	0.9167064819238733	0.8982322025800287	0.9657588788023571	0.8090460264373308	0.916547220895047	0.934702978181239	0.9173435260391782	0.7808568243350852	0.8276795668100015	0.9265806657111005	0.800127408823061	0.8458353240961937	0.9458512501990762	0.8638318203535594	0.7972607103041885	0.7797419971333015	0.7595158464723683	0.7763975155279503	0.9348622392100653	0.780060519190954	0.8369167064819238	0.9597069597069597	0.989648033126294	0.9144768275203058	0.8171683389074693	0.8192387322822106	0.9307214524605829	0.8232202580028667	0.9659181398311834	0.8636725593247332	0.9240324892498806	0.8627169931517757	0.8459945851250199	0.9052396878483835	0.9305621914317567	0.8404204491161013	0.8496575887880236	0.8268832616658703	0.979933110367893	0.7453416149068323	0.8576206402293359	0.8947284599458513	0.7964644051600573	0.965121834687052	0.9525402134097787	0.9735626692148431	0.9167064819238733	0.9257843605669692	0.9061952540213409	0.8111164198120719	0.9237139671922281	0.9928332537028189	0.8851727982162765	0.9858257684344641	0.8125497690715082	0.9003025959547699	0.8577799012581622	0.9832775919732442	0.7615862398471094	0.8055422838031534	0.8450390189520625	0.9597069597069597	0.970218187609492	0.8377130116260552	0.8493390667303711	0.8052237617455009	0.9138397834050008	0.9394808090460265	0.8002866698518872
SRR23478272	0.9794553272814143	0.9796145883102405	0.9802516324255455	0.9855072463768116	0.9874183787227265	0.9769071508201943	0.9686255773212294	0.9751552795031055	0.9550883898709985	0.9711737537824494	0.9898072941551203	0.9729256250995382	0.9523809523809523	0.9423475075648988	0.9788182831661093	0.9753145405319318	0.9302436693741042	0.9783405000796305	0.9641662685140946	0.9472845994585125	0.947603121516165	0.9308807134894092	0.9727663640707119	0.9832775919732442	0.9821627647714605	0.9453734671125975	0.9839146360885491	0.9706959706959707	0.9734034081860169	0.9810479375696767	0.9708552317247969	0.9797738493390667	0.9888517279821628	0.8666985188724319	0.9087434304825609	0.9820035037426342	0.9741997133301481	0.9660774008600096	0.9622551361681796	0.9630514413123109	0.9668737060041408	0.9262621436534481	0.9593884376493073	0.9066730371078198	0.9206880076445294	0.9595476986781335	0.9581143494186972	0.9595476986781335	0.979296066252588	0.9777034559643255	0.9735626692148431	0.9730848861283644	0.8576206402293359	0.8931358496575887	0.9308807134894092	0.9162286988373944	0.8464723682114986	0.83962414397197	0.8410574932314063	0.9619366141105271	0.9511068641503424	0.935340022296544	0.9624143971970059	0.42570473005255616	0.8878802357063227	0.9622551361681796	0.9722885809842332	0.9560439560439561	0.9797738493390667	0.9181398311833094	0.9490364707756012	0.0	0.8334129638477464	0.9170250039815258	0.9724478420130594	0.9230769230769231	0.5760471412645326	0.9238732282210543	0.8709985666507406	0.9536550406115624	0.8286351329829591	0.9525402134097787	0.9315177576047141	0.8668577799012581	0.9525402134097787	0.9050804268195572	0.8276795668100015	0.8788023570632266	0.9667144449753146	0.9192546583850931	0.9248287943940118	0.8584169453734671	0.8053830227743272	0.9496735148909062	0.9600254817646122	0.9791368052237618	0.9730848861283644	0.9694218824653608	0.9176620480968307	0.8995062908106386	0.9182990922121357	0.8866061474757126	0.988373944895684	0.9845516802038541	0.9092212135690396	0.9452142060837713	0.915273132664437	0.9835961140308966	0.9855072463768116	0.9628921802834847	0.9652810957158783	0.9684663162924032	0.9863035515209428	0.9485586876891224	0.9617773530817009	0.9788182831661093	0.9214843127886606	0.9796145883102405	0.985188724319159	0.9976110845676063	0.9722885809842332	0.9705367096671444	0.9143175664914795	0.9463290332855551	0.9741997133301481	0.9832775919732442	0.9240324892498806	0.9818442427138079	0.8834209268991877	0.8474279343844561	0.9638477464564421	0.9855072463768116	0.9710144927536232	0.9305621914317567	0.915910176779742	0.9867813346074216	0.9761108456760631	0.968944099378882	0.9082656473960822	0.9538143016403886	0.9770664118490205	0.9028507724159898	0.9601847427934385
SRR23478273	0.9530179964962574	0.9832775919732442	0.9971333014811276	0.9646440516005733	0.9963369963369964	0.9918776875298615	0.9955406911928651	0.9966555183946488	0.6246217550565377	0.9875776397515528	0.9958592132505176	0.9931517757604714	0.9796145883102405	0.9617773530817009	0.6055104315973882	0.9886924669533366	0.9453734671125975	0.6340181557572862	0.9826405478579392	0.9354992833253702	0.9562032170727823	0.9138397834050008	0.9847109412326803	0.9800923713967192	0.989648033126294	0.9630514413123109	0.9966555183946488	0.9761108456760631	0.9845516802038541	0.904284121675426	0.7088708393056219	0.6287625418060201	0.99745182353878	0.8979136805223762	0.9109730848861284	0.6204809683070552	0.7440675266762223	0.9925147316451665	0.9417104634495939	0.9796145883102405	0.9810479375696767	0.9483994266602962	0.9826405478579392	0.7236821149864628	0.8616021659499921	0.9738811912724956	0.8334129638477464	0.8998248128682911	0.6255773212294952	0.9855072463768116	0.7490046185698359	0.9878961618092053	0.5236502627806976	0.7840420449116101	0.89520624303233	0.9026915113871635	0.8800764452938366	0.8592132505175983	0.902372989329511	0.9506290810638637	0.6665074056378404	0.9364548494983278	0.9764293677337156	0.8474279343844561	0.8646281254976907	0.9861442904921166	0.9843924191750278	0.9721293199554069	0.9906035992992515	0.9308807134894092	0.9630514413123109	0.8334129638477464	0.0	0.5988214683866858	0.6258958432871476	0.7905717470934862	0.9254658385093167	0.9455327281414238	0.8969581143494187	0.9847109412326803	0.7349896480331263	0.9425067685937251	0.9192546583850931	0.8565058130275521	0.9724478420130594	0.9248287943940118	0.8351648351648352	0.9418697244784201	0.9248287943940118	0.9060359929925147	0.9132027392896959	0.9135212613473483	0.882306099697404	0.957955088389871	0.965121834687052	0.9968147794234751	0.9928332537028189	0.9863035515209428	0.9297658862876255	0.9394808090460265	0.9471253384296863	0.9124064341455645	0.998088867654085	0.9934702978181239	0.9302436693741042	0.9635292243987896	0.9472845994585125	0.9875776397515528	0.999362955884695	0.9856665074056379	0.9722885809842332	0.9977703455964325	1.0	0.9714922758401019	0.9820035037426342	0.9882146838668577	0.9654403567447045	0.9971333014811276	0.9886924669533366	0.9995222169135213	0.9942666029622551	0.9961777353081701	0.9374104156712852	0.9351807612677178	0.9913999044433827	0.9995222169135213	0.9235547061634019	0.9990444338270426	0.947603121516165	0.9138397834050008	0.9488772097467749	0.9985666507405638	0.9611403089663959	0.9848702022615066	0.9144768275203058	0.6338588947284599	0.9972925625099538	0.9423475075648988	0.7306896002548177	0.955406911928651	0.9920369485586877	0.9815257206561554	0.9681477942347507
SRR23478274	0.9694218824653608	0.9617773530817009	0.9539735626692148	0.9837553750597229	0.9906035992992515	0.7447045707915273	0.7719382067208154	0.9050804268195572	0.6141105271540054	0.9490364707756012	0.9847109412326803	0.7515527950310559	0.9122471731167383	0.9348622392100653	0.6314699792960663	0.9509476031215162	0.9065137760789934	0.39990444338270426	0.8138238573021181	0.9555661729574773	0.9550883898709985	0.9380474597865902	0.9620958751393534	0.9812071985985029	0.9705367096671444	0.9458512501990762	0.7577639751552795	0.9778627169931517	0.9730848861283644	0.8947284599458513	0.6996336996336996	0.620321707278229	0.9928332537028189	0.9536550406115624	0.9334288899506291	0.6239847109412326	0.7316451664277751	0.9463290332855551	0.9089026915113871	0.968944099378882	0.9582736104475235	0.9437808568243351	0.9382067208154165	0.7074374900461857	0.9668737060041408	0.9534957795827361	0.7849976110845676	0.89520624303233	0.6239847109412326	0.957318044274566	0.7287784679089027	0.9568402611880873	0.5961140308966396	0.7423156553591336	0.9096989966555183	0.9393215480172001	0.9404363752189839	0.9410734193342889	0.9248287943940118	0.9297658862876255	0.6566332218506131	0.9276954929128842	0.967670011148272	0.9170250039815258	0.9584328714763497	0.9585921325051759	0.9678292721770982	0.9606625258799172	0.902372989329511	0.935977066411849	0.9665551839464883	0.9170250039815258	0.5988214683866858	0.0	0.6109253065774805	0.8015607580824972	0.9743589743589743	0.9246695333651855	0.9163879598662207	0.7190635451505016	0.5304984870202262	0.9582736104475235	0.9609810479375697	0.873865265169613	0.7345118649466476	0.8963210702341137	0.9493549928332538	0.8439241917502787	0.9296066252587992	0.840261188087275	0.9571587832457398	0.8687689122471731	0.8080904602643733	0.9552476508998248	0.7337155598025163	0.7916865742952699	0.7556935817805382	0.872591176939003	0.954769867813346	0.9644847905717471	0.9729256250995382	0.9334288899506291	0.989010989010989	0.9861442904921166	0.6481923873228221	0.9789775441949355	0.9541328236980411	0.9912406434145564	0.9635292243987896	0.9440993788819876	0.9546106067845198	0.980570154483198	0.9399585921325052	0.9206880076445294	0.9673514890906195	0.9831183309444179	0.9622551361681796	0.9730848861283644	0.9808886765408504	0.9929925147316452	0.9620958751393534	0.7499601847427935	0.9423475075648988	0.8088867654085046	0.9186176142697882	0.7584010192705845	0.9410734193342889	0.7620640229335881	0.9273769708552317	0.9445771619684663	0.9170250039815258	0.7617455008759356	0.9737219302436694	0.9251473164516643	0.9375696767001115	0.6298773690078038	0.9155916547220895	0.9748367574454531	0.768434464086638	0.9603440038222647	0.9743589743589743	0.9628921802834847	0.9706959706959707
SRR23478275	0.9827998088867654	0.9530179964962574	0.977384933906673	0.9697404045230132	0.9519031692944736	0.9708552317247969	0.9431438127090301	0.9706959706959707	0.43080108297499603	0.9433030737378564	0.9741997133301481	0.9264214046822743	0.9740404523013219	0.9246695333651855	0.4462494027711419	0.9143175664914795	0.9273769708552317	0.5633062589584329	0.8897913680522376	0.9362955884695016	0.9187768752986144	0.9305621914317567	0.9194139194139194	0.9455327281414238	0.9297658862876255	0.8894728459945851	0.9952221691352127	0.9605032648510909	0.9124064341455645	0.8580984233158147	0.6512183468705208	0.5160057333970377	0.9726071030418857	0.9549291288421723	0.8988692466953336	0.3481446090141742	0.6706481923873229	0.8859691033604077	0.9001433349259437	0.9109730848861284	0.8573021181716833	0.8998248128682911	0.8791208791208791	0.7542602325211021	0.94951425386208	0.9292881032011466	0.7456601369644847	0.822742474916388	0.39433030737378566	0.8574613792005097	0.6066252587991718	0.9296066252587992	0.5521579869405956	0.8154164675903807	0.9405956362478102	0.9649625736582258	0.9826405478579392	0.9601847427934385	0.9700589265806657	0.8893135849657589	0.5526357700270744	0.8666985188724319	0.9025322503583373	0.9812071985985029	0.9684663162924032	0.9248287943940118	0.8910654562828476	0.9058767319636885	0.9139990444338271	0.9643255295429208	0.9167064819238733	0.9724478420130594	0.6258958432871476	0.6109253065774805	0.0	0.8240165631469979	0.9743589743589743	0.9302436693741042	0.9012581621277274	0.9176620480968307	0.8080904602643733	0.8752986144290492	0.9136805223761746	0.9084249084249084	0.862239210065297	0.9015766841853798	0.9812071985985029	0.9007803790412486	0.8386685777990126	0.8141423793597706	0.905558209906036	0.957318044274566	0.9611403089663959	0.8479057174709349	0.9087434304825609	0.9471253384296863	0.9968147794234751	0.9624143971970059	0.9509476031215162	0.9345437171524128	0.9581143494186972	0.9401178531613315	0.9770664118490205	0.9284917980570154	0.8918617614269788	0.9663959229176621	0.870043000477783	0.9512661251791686	0.967670011148272	0.9434623347666826	0.939799331103679	0.9748367574454531	0.9829590699155917	0.8762541806020067	0.8894728459945851	0.9296066252587992	0.8859691033604077	0.9307214524605829	0.9716515368689281	0.9812071985985029	0.9917184265010351	0.9761108456760631	0.9098582576843447	0.9326325848064978	0.9525402134097787	0.9979296066252588	0.9222806179327918	0.9858257684344641	0.9471253384296863	0.9697404045230132	0.935340022296544	0.9971333014811276	0.9194139194139194	0.9358178053830227	0.9498327759197325	0.3956043956043956	0.9820035037426342	0.9595476986781335	0.7784679089026915	0.9608217869087434	0.9402771141901577	0.9552476508998248	0.9052396878483835
SRR23478276	0.9480809046026437	0.9692626214365345	0.9493549928332538	0.9606625258799172	0.9791368052237618	0.9483994266602962	0.9749960184742793	0.9832775919732442	0.8125497690715082	0.9491957318044275	0.9719700589265806	0.9678292721770982	0.9426660296225514	0.8752986144290492	0.8260869565217391	0.9466475553432075	0.9104953017996497	0.8434464086637999	0.9485586876891224	0.9318362796623666	0.9219620958751393	0.8993470297818124	0.9022137283006848	0.9614588310240484	0.9536550406115624	0.8757763975155279	0.9816849816849816	0.957318044274566	0.9289695811434941	0.8832616658703615	0.8230609969740404	0.8276795668100015	0.9840738971173754	0.9139990444338271	0.853161331422201	0.8265647396082179	0.8189202102245581	0.9436215957955089	0.9232361841057494	0.9417104634495939	0.9132027392896959	0.9205287466157032	0.8956840261188087	0.7622232839624143	0.955406911928651	0.8819875776397516	0.8211498646281254	0.854435419652811	0.835005574136009	0.9534957795827361	0.8262462175505654	0.937888198757764	0.7956681000159261	0.8252906513776079	0.8955247650899825	0.9096989966555183	0.9402771141901577	0.8585762064022934	0.8821468386685778	0.9114508679726071	0.6900780379041248	0.8888358018792801	0.9071508201942985	0.9440993788819876	0.9101767797419972	0.9332696289218029	0.9479216435738175	0.9222806179327918	0.9762701067048893	0.865424430641822	0.8982322025800287	0.9230769230769231	0.7905717470934862	0.8015607580824972	0.8240165631469979	0.0	0.905558209906036	0.9179805701544832	0.8569835961140309	0.8773690078037905	0.7849976110845676	0.9136805223761746	0.8775282688326167	0.8494983277591973	0.9230769230769231	0.8999840738971173	0.9253065774804905	0.9280140149705367	0.8861283643892339	0.8450390189520625	0.9124064341455645	0.8947284599458513	0.9184583532409619	0.9050804268195572	0.9238732282210543	0.9638477464564421	0.9816849816849816	0.9585921325051759	0.9053989488772097	0.9190953973562669	0.9356585443541965	0.9063545150501672	0.9858257684344641	0.9434623347666826	0.9001433349259437	0.9517439082656474	0.8620799490364708	0.9719700589265806	0.9716515368689281	0.9342251950947603	0.8982322025800287	0.9759515846472369	0.977384933906673	0.917821309125657	0.9245102723363593	0.9558846950151298	0.927536231884058	0.9847109412326803	0.9550883898709985	0.970218187609492	0.9753145405319318	0.9444179009396401	0.8996655518394648	0.9155916547220895	0.9721293199554069	0.9617773530817009	0.9362955884695016	0.9917184265010351	0.8831024048415352	0.927536231884058	0.9046026437330785	0.9719700589265806	0.8991877687529861	0.9319955406911928	0.9339066730371078	0.8445612358655837	0.9783405000796305	0.9302436693741042	0.7797419971333015	0.925625099538143	0.955406911928651	0.9436215957955089	0.9240324892498806
SRR23478277	0.980570154483198	0.9912406434145564	0.9869405956362478	0.9853479853479854	0.9882146838668577	0.9915591654722089	0.9823220258002867	0.989010989010989	0.9711737537824494	0.9853479853479854	0.9925147316451665	0.9823220258002867	0.9777034559643255	0.9800923713967192	0.9847109412326803	0.9772256728778468	0.9823220258002867	0.9821627647714605	0.980570154483198	0.9660774008600096	0.9718107978977544	0.965121834687052	0.9818442427138079	0.9821627647714605	0.9837553750597229	0.9663959229176621	0.9925147316451665	0.9769071508201943	0.9767478897913681	0.9872591176939003	0.9853479853479854	0.9839146360885491	0.990285077241599	0.9562032170727823	0.9458512501990762	0.9794553272814143	0.9840738971173754	0.9788182831661093	0.955406911928651	0.9772256728778468	0.9807294155120242	0.9721293199554069	0.9757923236184106	0.9447364229972925	0.9705367096671444	0.9721293199554069	0.9627329192546584	0.9641662685140946	0.9769071508201943	0.9761108456760631	0.9772256728778468	0.9791368052237618	0.9655996177735309	0.9820035037426342	0.9719700589265806	0.968307055263577	0.9831183309444179	0.9488772097467749	0.9710144927536232	0.9636884854276159	0.9633699633699634	0.9584328714763497	0.9740404523013219	0.47157190635451507	0.9706959706959707	0.9808886765408504	0.9769071508201943	0.9700589265806657	0.989648033126294	0.9681477942347507	0.9657588788023571	0.5760471412645326	0.9254658385093167	0.9743589743589743	0.9743589743589743	0.905558209906036	0.0	0.968307055263577	0.8166905558209906	0.968944099378882	0.9694218824653608	0.968307055263577	0.9504698200350374	0.9726071030418857	0.9692626214365345	0.9605032648510909	0.9640070074852684	0.9523809523809523	0.9593884376493073	0.9675107501194458	0.9616180920528746	0.9542920847268673	0.9499920369485587	0.9614588310240484	0.9741997133301481	0.9893295110686415	0.9939480809046026	0.9794553272814143	0.9745182353878006	0.9741997133301481	0.957318044274566	0.9726071030418857	0.9888517279821628	0.9853479853479854	0.9671922280617933	0.9843924191750278	0.9692626214365345	0.9874183787227265	0.9898072941551203	0.9800923713967192	0.970218187609492	0.9863035515209428	0.9950629081063863	0.9565217391304348	0.9751552795031055	0.9840738971173754	0.9708552317247969	0.9866220735785953	0.9840738971173754	0.9971333014811276	0.9901258162127727	0.9842331581462016	0.9617773530817009	0.9662366618888358	0.9904443382704252	0.9955406911928651	0.9769071508201943	0.9917184265010351	0.9687848383500557	0.9675107501194458	0.9800923713967192	0.9955406911928651	0.970218187609492	0.9829590699155917	0.9820035037426342	0.9872591176939003	0.9929925147316452	0.9730848861283644	0.9794553272814143	0.9719700589265806	0.9784997611084567	0.9866220735785953	0.9827998088867654
SRR23478278	0.9149546106067845	0.9595476986781335	0.9652810957158783	0.9541328236980411	0.9329511068641504	0.8776875298614429	0.8896321070234113	0.9318362796623666	0.8609651218346871	0.831820353559484	0.9550883898709985	0.8899506290810638	0.8010829749960184	0.8625577321229495	0.9517439082656474	0.8580984233158147	0.820831342570473	0.9541328236980411	0.8756171364867017	0.7544194935499283	0.8139831183309444	0.7756012103838191	0.8773690078037905	0.915910176779742	0.7426341774167862	0.9081063863672559	0.8979136805223762	0.8748208313425705	0.7531454053193184	0.9093804745978659	0.8620799490364708	0.8811912724956203	0.9143175664914795	0.8388278388278388	0.8111164198120719	0.870043000477783	0.8705207835642619	0.8810320114667941	0.8837394489568403	0.79041248606466	0.8103201146679407	0.875139353400223	0.8190794712533843	0.8727504379678293	0.8526835483357222	0.7378563465519987	0.8568243350852046	0.8163720337633381	0.9756330625895844	0.8463131071826724	0.8609651218346871	0.7698678133460742	0.9399585921325052	0.9167064819238733	0.779423475075649	0.9208472686733556	0.9289695811434941	0.8058608058608059	0.8316610925306578	0.8200350374263418	0.8006051919095397	0.8106386367255932	0.5978659022137283	0.9374104156712852	0.9448956840261188	0.8283166109253066	0.8303870043000477	0.7020226150660933	0.9568402611880873	0.9085841694537347	0.8090460264373308	0.9238732282210543	0.9455327281414238	0.9246695333651855	0.9302436693741042	0.9179805701544832	0.968307055263577	0.0	0.8937728937728938	0.9052396878483835	0.8821468386685778	0.7381748686096512	0.7427934384456124	0.9278547539417105	0.8565058130275521	0.8311833094441791	0.9286510590858417	0.9039655996177736	0.8522057652492435	0.7214524605828954	0.8049052396878483	0.8703615225354355	0.8509316770186336	0.812390508042682	0.7991718426501035	0.9593884376493073	0.9826405478579392	0.9167064819238733	0.8623984710941233	0.8678133460742157	0.9270584487975793	0.8152572065615544	0.9611403089663959	0.8940914158305463	0.774964166268514	0.8689281732759994	0.8533205924510272	0.9192546583850931	0.8786430960344004	0.8741837872272655	0.8174868609651218	0.8729096989966555	0.9765886287625418	0.8439241917502787	0.8964803312629399	0.8477464564421087	0.8937728937728938	0.9560439560439561	0.9648033126293996	0.9781812390508042	0.877050485746138	0.885491320273929	0.9128842172320433	0.749641662685141	0.9304029304029304	0.980570154483198	0.8436056696926262	0.9716515368689281	0.8541168975951585	0.9225991399904443	0.9147953495779583	0.9796145883102405	0.8342092689918776	0.6919891702500398	0.863513298295907	0.9751552795031055	0.9719700589265806	0.8557095078834209	0.8372352285395763	0.591813983118331	0.9305621914317567	0.8803949673514891	0.7834050007963052
SRR23478279	0.9555661729574773	0.9769071508201943	0.9802516324255455	0.9703774486383182	0.9727663640707119	0.9485586876891224	0.9597069597069597	0.9777034559643255	0.9176620480968307	0.9562032170727823	0.980570154483198	0.9585921325051759	0.9496735148909062	0.9112916069437809	0.9671922280617933	0.9509476031215162	0.8689281732759994	0.9737219302436694	0.9429845516802039	0.9362955884695016	0.9254658385093167	0.9085841694537347	0.936614110527154	0.9539735626692148	0.9519031692944736	0.8784838350055741	0.9909221213569039	0.9289695811434941	0.928173275999363	0.9555661729574773	0.9361363274406753	0.9474438604873388	0.9770664118490205	0.7865902213728301	0.8617614269788183	0.9356585443541965	0.935340022296544	0.9421882465360726	0.9324733237776716	0.9391622869883739	0.9477623825449912	0.8995062908106386	0.939799331103679	0.8577799012581622	0.9576365663322185	0.9208472686733556	0.94696607740086	0.9327918458353242	0.9753145405319318	0.9393215480172001	0.8877209746774964	0.9466475553432075	0.9235547061634019	0.8795986622073578	0.9038063385889473	0.8897913680522376	0.8568243350852046	0.8929765886287625	0.8219461697722568	0.9304029304029304	0.8576206402293359	0.882943143812709	0.9167064819238733	0.9182990922121357	0.9405956362478102	0.9404363752189839	0.9345437171524128	0.9288103201146679	0.9356585443541965	0.8485427615862399	0.916547220895047	0.8709985666507406	0.8969581143494187	0.9163879598662207	0.9012581621277274	0.8569835961140309	0.8166905558209906	0.8937728937728938	0.0	0.9429845516802039	0.8671763019589106	0.9240324892498806	0.8883580187928014	0.9122471731167383	0.9374104156712852	0.9004618569835962	0.9061952540213409	0.8136645962732919	0.8791208791208791	0.89775441949355	0.8915432393693263	0.8940914158305463	0.84472049689441	0.9254658385093167	0.934702978181239	0.9813664596273292	0.9926739926739927	0.957955088389871	0.9125656951743908	0.8991877687529861	0.915910176779742	0.874502309284918	0.9821627647714605	0.9479216435738175	0.8888358018792801	0.9526994744386049	0.9284917980570154	0.9662366618888358	0.9807294155120242	0.945054945054945	0.9370918936136328	0.9745182353878006	0.9893295110686415	0.9230769230769231	0.9351807612677178	0.9485586876891224	0.822742474916388	0.9813664596273292	0.9703774486383182	0.982481286829113	0.9783405000796305	0.9706959706959707	0.9020544672718586	0.9047619047619048	0.9557254339863035	0.992196209587514	0.8999840738971173	0.990285077241599	0.8901098901098901	0.8474279343844561	0.9452142060837713	0.9923554706163402	0.9053989488772097	0.8445612358655837	0.8724319159101768	0.9729256250995382	0.9848702022615066	0.9331103678929766	0.9216435738174868	0.927536231884058	0.9549291288421723	0.9219620958751393	0.9253065774804905
SRR23478280	0.9638477464564421	0.9636884854276159	0.9490364707756012	0.9823220258002867	0.9431438127090301	0.4484790571747094	0.7450230928491798	0.8808727504379679	0.9415512024207676	0.9233954451345756	0.9762701067048893	0.3979933110367893	0.8940914158305463	0.9316770186335404	0.9781812390508042	0.9130434782608695	0.9280140149705367	0.5220576524924351	0.6919891702500398	0.9447364229972925	0.9412326803631151	0.8491798057015448	0.9006211180124224	0.8862876254180602	0.9291288421723204	0.9120879120879121	0.48192387322822106	0.9453734671125975	0.873228221054308	0.9491957318044275	0.9345437171524128	0.930084408345278	0.967032967032967	0.9455327281414238	0.9044433827042523	0.9267399267399268	0.9523809523809523	0.8565058130275521	0.8676540850453894	0.9394808090460265	0.8878802357063227	0.8877209746774964	0.8230609969740404	0.9192546583850931	0.968307055263577	0.9206880076445294	0.8762541806020067	0.9136805223761746	0.9737219302436694	0.8138238573021181	0.9122471731167383	0.8939321548017201	0.9730848861283644	0.9331103678929766	0.9084249084249084	0.9302436693741042	0.9663959229176621	0.9257843605669692	0.94696607740086	0.9195731804427456	0.8173275999362956	0.883580187928014	0.9111323459149546	0.9625736582258322	0.9444179009396401	0.9284917980570154	0.9168657429526995	0.9219620958751393	0.8190794712533843	0.9622551361681796	0.934702978181239	0.9536550406115624	0.9847109412326803	0.7190635451505016	0.9176620480968307	0.8773690078037905	0.968944099378882	0.9052396878483835	0.9429845516802039	0.0	0.6631629240324892	0.8264054785793916	0.9375696767001115	0.9445771619684663	0.6876891224717312	0.8612836438923396	0.9705367096671444	0.8536391145086797	0.9116101290014333	0.8378722726548814	0.8869246695333652	0.882943143812709	0.8444019748367575	0.8768912247173116	0.5897435897435898	0.7588788023570632	0.3973562669214843	0.8636725593247332	0.9705367096671444	0.9396400700748527	0.9517439082656474	0.9031692944736422	0.9743589743589743	0.8840579710144928	0.6493072145246058	0.9640070074852684	0.7837235228539576	0.9697404045230132	0.9581143494186972	0.9364548494983278	0.8821468386685778	0.9496735148909062	0.9305621914317567	0.812390508042682	0.842809364548495	0.9205287466157032	0.9063545150501672	0.9259436215957955	0.9741997133301481	0.9925147316451665	0.9531772575250836	0.5492912884217233	0.9076286032807772	0.7505972288580984	0.8338907469342252	0.4110527154005415	0.917821309125657	0.4594680681637203	0.89775441949355	0.9608217869087434	0.8709985666507406	0.6169772256728778	0.9412326803631151	0.9468068163720338	0.9549291288421723	0.980570154483198	0.9125656951743908	0.9552476508998248	0.9775441949354993	0.9452142060837713	0.9100175187131709	0.9612995699952221	0.9660774008600096
SRR23478281	0.9345437171524128	0.9620958751393534	0.9555661729574773	0.9616180920528746	0.9808886765408504	0.6770186335403726	0.7665233317407231	0.9007803790412486	0.781971651536869	0.9512661251791686	0.9837553750597229	0.6725593247332378	0.9081063863672559	0.9426660296225514	0.8058608058608059	0.9611403089663959	0.9112916069437809	0.5236502627806976	0.8128682911291607	0.9246695333651855	0.935340022296544	0.9079471253384297	0.9605032648510909	0.978021978021978	0.9633699633699634	0.9374104156712852	0.6993151775760471	0.94569198917025	0.9526994744386049	0.8815097945532728	0.8063385889472846	0.8111164198120719	0.9818442427138079	0.8045867176301958	0.8982322025800287	0.7971014492753623	0.8080904602643733	0.9286510590858417	0.9026915113871635	0.9584328714763497	0.950151297977385	0.8872431915910177	0.9361363274406753	0.7321229495142538	0.9147953495779583	0.935977066411849	0.776875298614429	0.8630355152094282	0.8181239050804269	0.959229176620481	0.8041089345437171	0.9491957318044275	0.7083930562191432	0.7106227106227107	0.8394648829431438	0.8649466475553432	0.8329351807612677	0.8555502468545947	0.8076126771778945	0.9133620003185221	0.7778308647873865	0.8818283166109253	0.9364548494983278	0.9081063863672559	0.9216435738174868	0.9329511068641504	0.9503105590062112	0.9410734193342889	0.8993470297818124	0.9230769230769231	0.9173435260391782	0.8286351329829591	0.7349896480331263	0.5304984870202262	0.8080904602643733	0.7849976110845676	0.9694218824653608	0.8821468386685778	0.8671763019589106	0.6631629240324892	0.0	0.9232361841057494	0.9200509635292244	0.8362796623666189	0.7297340340818602	0.8859691033604077	0.8095238095238095	0.8373944895684026	0.8998248128682911	0.8399426660296225	0.924351011307533	0.8399426660296225	0.7752826883261665	0.9163879598662207	0.6634814460901417	0.7840420449116101	0.6997929606625258	0.8509316770186336	0.9248287943940118	0.874502309284918	0.9216435738174868	0.9233954451345756	0.9899665551839465	0.9678292721770982	0.6005733397037745	0.9340659340659341	0.8972766364070712	0.9878961618092053	0.9589106545628284	0.917184265010352	0.9270584487975793	0.9644847905717471	0.9421882465360726	0.9143175664914795	0.9506290810638637	0.9743589743589743	0.9010989010989011	0.9655996177735309	0.9826405478579392	0.9955406911928651	0.9487179487179487	0.6724000637044115	0.8913839783405001	0.7558528428093646	0.9111323459149546	0.7021818760949196	0.9211657907310081	0.7034559643255296	0.8029941073419334	0.8125497690715082	0.8168498168498168	0.7013855709507884	0.9453734671125975	0.924988055422838	0.9162286988373944	0.8211498646281254	0.9117693900302596	0.9318362796623666	0.749641662685141	0.9362955884695016	0.9660774008600096	0.8913839783405001	0.9307214524605829
SRR23478282	0.9420289855072463	0.9542920847268673	0.9734034081860169	0.9418697244784201	0.9104953017996497	0.8639910813823858	0.9162286988373944	0.9519031692944736	0.8358018792801402	0.8017200191113235	0.9560439560439561	0.8440834527791049	0.9230769230769231	0.8983914636088549	0.9649625736582258	0.8311833094441791	0.9122471731167383	0.9542920847268673	0.7432712215320911	0.8181239050804269	0.8203535594839942	0.8313425704730053	0.8488612836438924	0.8365981844242714	0.7713011626055104	0.9058767319636885	0.990285077241599	0.9089026915113871	0.6026437330785157	0.902372989329511	0.8275203057811753	0.8784838350055741	0.9444179009396401	0.8491798057015448	0.8029941073419334	0.8885172798216276	0.8262462175505654	0.7776716037585603	0.8383500557413601	0.8264054785793916	0.670170409300844	0.8343685300207039	0.6534480012740882	0.9327918458353242	0.9014174231565536	0.8045867176301958	0.8066571110049371	0.7628603280777194	0.9818442427138079	0.7268673355629878	0.829909221213569	0.8380315336837076	0.9356585443541965	0.9195731804427456	0.7724159898072942	0.8969581143494187	0.930084408345278	0.877050485746138	0.9202102245580507	0.8272017837235228	0.8139831183309444	0.7547380156075808	0.7595158464723683	0.9616180920528746	0.9423475075648988	0.725752508361204	0.809205287466157	0.6929447364229973	0.8902691511387164	0.9227584010192705	0.7808568243350852	0.9525402134097787	0.9425067685937251	0.9582736104475235	0.8752986144290492	0.9136805223761746	0.968307055263577	0.7381748686096512	0.9240324892498806	0.8264054785793916	0.9232361841057494	0.0	0.774964166268514	0.9221213569039656	0.7585602802994107	0.8193979933110368	0.9340659340659341	0.9133620003185221	0.8276795668100015	0.6550406115623507	0.8069756330625896	0.8974358974358975	0.917184265010352	0.7136486701704093	0.8074534161490683	0.9192546583850931	0.9926739926739927	0.9283325370281892	0.8861283643892339	0.8834209268991877	0.9433030737378564	0.8888358018792801	0.9571587832457398	0.8222646918299092	0.9104953017996497	0.9187768752986144	0.7560121038381908	0.9046026437330785	0.8190794712533843	0.8630355152094282	0.8179646440516005	0.9444179009396401	0.9863035515209428	0.5937251154642459	0.7404045230132187	0.8206720815416467	0.8816690555820991	0.9149546106067845	0.9667144449753146	0.9749960184742793	0.9726071030418857	0.9444179009396401	0.8920210224558051	0.8243350852046504	0.8469501512979773	0.9977703455964325	0.8490205446727186	0.9858257684344641	0.9276954929128842	0.9485586876891224	0.8561872909698997	0.9875776397515528	0.8313425704730053	0.7533046663481446	0.8800764452938366	0.9778627169931517	0.987736900780379	0.8802357063226628	0.914636088549132	0.9071508201942985	0.8671763019589106	0.926899187768753	0.8423315814620163
SRR23478283	0.9493549928332538	0.9716515368689281	0.9706959706959707	0.9775441949354993	0.937888198757764	0.9036470775601211	0.9479216435738175	0.979296066252588	0.8795986622073578	0.9388437649307214	0.9582736104475235	0.9265806657111005	0.8729096989966555	0.8931358496575887	0.9686255773212294	0.9141583054626533	0.9377289377289377	0.9590699155916548	0.8866061474757126	0.5096352922439878	0.8709985666507406	0.8765727026596591	0.9076286032807772	0.9528587354674312	0.7838827838827839	0.9104953017996497	0.6327440675266762	0.9170250039815258	0.8385093167701864	0.9425067685937251	0.9069915591654722	0.945054945054945	0.9700589265806657	0.8717948717948718	0.7924828794394012	0.9205287466157032	0.9144768275203058	0.8845357541009715	0.8832616658703615	0.7378563465519987	0.8420130594043638	0.8663799968147794	0.830546265328874	0.9351807612677178	0.7091893613632744	0.6456442108616022	0.8937728937728938	0.8459945851250199	0.9800923713967192	0.8791208791208791	0.9025322503583373	0.537505972288581	0.9350215002388915	0.9418697244784201	0.8203535594839942	0.9116101290014333	0.9565217391304348	0.8608058608058609	0.8803949673514891	0.8856505813027552	0.8080904602643733	0.8365981844242714	0.8381907947125339	0.9477623825449912	0.9448956840261188	0.8781653129479217	0.8608058608058609	0.8182831661092531	0.9474438604873388	0.8821468386685778	0.8276795668100015	0.9315177576047141	0.9192546583850931	0.9609810479375697	0.9136805223761746	0.8775282688326167	0.9504698200350374	0.7427934384456124	0.8883580187928014	0.9375696767001115	0.9200509635292244	0.774964166268514	0.0	0.9391622869883739	0.8764134416308329	0.8749800923713967	0.9272177098264055	0.9218028348463131	0.8393056219143176	0.7714604236343366	0.6790890269151139	0.864787386526517	0.8410574932314063	0.8520465042204173	0.8479057174709349	0.957318044274566	0.9893295110686415	0.9367733715559803	0.8797579232361841	0.8821468386685778	0.9351807612677178	0.8902691511387164	0.9738811912724956	0.915910176779742	0.9065137760789934	0.8948877209746775	0.8788023570632266	0.9444179009396401	0.9388437649307214	0.8595317725752508	0.8735467431119605	0.967032967032967	0.978021978021978	0.8620799490364708	0.855072463768116	0.8967988533205925	0.9039655996177736	0.9767478897913681	0.9663959229176621	0.9753145405319318	0.7091893613632744	0.9517439082656474	0.8862876254180602	0.8287943940117853	0.9569995222169135	0.9928332537028189	0.8748208313425705	0.9910813823857302	0.8867654085045389	0.9058767319636885	0.853161331422201	0.9863035515209428	0.8663799968147794	0.8576206402293359	0.9114508679726071	0.9762701067048893	0.9856665074056379	0.8136645962732919	0.8802357063226628	0.6481923873228221	0.9162286988373944	0.9329511068641504	0.850613154960981
SRR23478284	0.9084249084249084	0.9638477464564421	0.9748367574454531	0.9550883898709985	0.9823220258002867	0.8991877687529861	0.9710144927536232	0.9735626692148431	0.8964803312629399	0.9636884854276159	0.9842331581462016	0.9595476986781335	0.9487179487179487	0.9211657907310081	0.8576206402293359	0.968307055263577	0.8365981844242714	0.9052396878483835	0.9302436693741042	0.9515846472368211	0.9374104156712852	0.8584169453734671	0.9641662685140946	0.9633699633699634	0.9808886765408504	0.9552476508998248	0.9749960184742793	0.947603121516165	0.9499920369485587	0.9128842172320433	0.8998248128682911	0.9036470775601211	0.9859850294632904	0.8375537505972288	0.8686096512183469	0.894569198917025	0.9052396878483835	0.9597069597069597	0.7870680044593088	0.9585921325051759	0.9525402134097787	0.902372989329511	0.904284121675426	0.8028348463131072	0.9339066730371078	0.9311992355470616	0.8920210224558051	0.9009396400700749	0.9162286988373944	0.9663959229176621	0.9096989966555183	0.959229176620481	0.7937569676700111	0.8432871476349737	0.8139831183309444	0.7974199713330148	0.8705207835642619	0.852524287306896	0.8023570632266285	0.9324733237776716	0.8819875776397516	0.9106545628284759	0.9512661251791686	0.9124064341455645	0.7303710781971652	0.9444179009396401	0.9565217391304348	0.9405956362478102	0.9697404045230132	0.89775441949355	0.9265806657111005	0.8668577799012581	0.8565058130275521	0.873865265169613	0.9084249084249084	0.8494983277591973	0.9726071030418857	0.9278547539417105	0.9122471731167383	0.9445771619684663	0.8362796623666189	0.9221213569039656	0.9391622869883739	0.0	0.89520624303233	0.9377289377289377	0.7357859531772575	0.9345437171524128	0.9222806179327918	0.8665392578436056	0.8808727504379679	0.877050485746138	0.8407389711737537	0.94569198917025	0.9448956840261188	0.9737219302436694	0.9657588788023571	0.9587513935340022	0.8528428093645485	0.8608058608058609	0.9057174709348622	0.9103360407708234	0.989648033126294	0.9703774486383182	0.9106545628284759	0.9401178531613315	0.9420289855072463	0.9835961140308966	0.9788182831661093	0.9436215957955089	0.9402771141901577	0.9810479375696767	0.9765886287625418	0.937888198757764	0.9528587354674312	0.9762701067048893	0.925625099538143	0.9781812390508042	0.9749960184742793	0.9934702978181239	0.8899506290810638	0.9686255773212294	0.7958273610447524	0.89520624303233	0.9609810479375697	0.9816849816849816	0.862876254180602	0.9831183309444179	0.8797579232361841	0.8426501035196687	0.8472686733556298	0.9789775441949355	0.915910176779742	0.9222806179327918	0.8085682433508521	0.912724956203217	0.9765886287625418	0.8216276477146043	0.873865265169613	0.8808727504379679	0.9738811912724956	0.9324733237776716	0.9241917502787068
SRR23478285	0.9283325370281892	0.9116101290014333	0.870043000477783	0.9329511068641504	0.905558209906036	0.6744704570791528	0.6564739608217869	0.8238573021181717	0.8107978977544195	0.8112756808408982	0.9421882465360726	0.6524924351011308	0.854435419652811	0.8482242395285874	0.9584328714763497	0.7937569676700111	0.9076286032807772	0.7243191591017678	0.633221850613155	0.9031692944736422	0.7945532728141423	0.8697244784201306	0.8601688166905558	0.89265806657111	0.8807134894091416	0.9096989966555183	0.772256728778468	0.9028507724159898	0.8243350852046504	0.822105430801083	0.8690874343048256	0.870043000477783	0.9324733237776716	0.9151138716356108	0.8412167542602326	0.9235547061634019	0.8295906991559165	0.7386526516961299	0.7908902691511387	0.7787864309603441	0.6781334607421564	0.8536391145086797	0.6004140786749482	0.915910176779742	0.9386845039018952	0.8773690078037905	0.781971651536869	0.7698678133460742	0.980570154483198	0.7695492912884218	0.7963051441312311	0.8831024048415352	0.9413919413919414	0.919732441471572	0.8373944895684026	0.882306099697404	0.915910176779742	0.8939321548017201	0.9407548972766364	0.7638158942506769	0.8410574932314063	0.7230450708711579	0.780060519190954	0.9749960184742793	0.947603121516165	0.7392896958114349	0.8249721293199554	0.7741678611243829	0.8659022137283007	0.9203694855868769	0.800127408823061	0.9525402134097787	0.9724478420130594	0.7345118649466476	0.862239210065297	0.9230769230769231	0.9692626214365345	0.8565058130275521	0.9374104156712852	0.6876891224717312	0.7297340340818602	0.7585602802994107	0.8764134416308329	0.89520624303233	0.0	0.8115942028985508	0.9706959706959707	0.7789456919891703	0.8036311514572384	0.6336996336996337	0.7937569676700111	0.862876254180602	0.8483835005574136	0.7090301003344481	0.6349737219302437	0.7004300047778309	0.7700270743749005	0.7913680522376174	0.8631947762382545	0.8886765408504539	0.924351011307533	0.8988692466953336	0.9557254339863035	0.9009396400700749	0.7048893135849658	0.9276954929128842	0.7587195413282369	0.8061793279184584	0.8850135371874502	0.8146201624462494	0.871954132823698	0.9240324892498806	0.9237139671922281	0.6504220417263895	0.8130275521579869	0.8756171364867017	0.8388278388278388	0.8362796623666189	0.8969581143494187	0.9694218824653608	0.9534957795827361	0.7214524605828954	0.8050645007166747	0.7654085045389393	0.8708393056219144	0.7607899347029782	0.8760949195731804	0.7349896480331263	0.8698837394489568	0.9452142060837713	0.8050645007166747	0.7657270265965919	0.812390508042682	0.8515687211339386	0.8910654562828476	0.9769071508201943	0.8928173275999363	0.9251473164516643	0.9272177098264055	0.9245102723363593	0.9018952062430323	0.9362955884695016	0.8456760630673674
SRR23478286	0.9415512024207676	0.9539735626692148	0.9562032170727823	0.9732441471571907	0.959229176620481	0.9299251473164517	0.9093804745978659	0.9240324892498806	0.8373944895684026	0.8902691511387164	0.9584328714763497	0.9082656473960822	0.9198917025003982	0.9058767319636885	0.9627329192546584	0.9221213569039656	0.8743430482560918	0.9356585443541965	0.8993470297818124	0.84217232043319	0.877050485746138	0.8947284599458513	0.9098582576843447	0.9401178531613315	0.9278547539417105	0.877050485746138	0.9706959706959707	0.9442586399108138	0.8944099378881988	0.894569198917025	0.9189361363274406	0.9251473164516643	0.9644847905717471	0.9085841694537347	0.8190794712533843	0.9385252428730689	0.9061952540213409	0.8200350374263418	0.8832616658703615	0.7950310559006211	0.8182831661092531	0.7966236661888836	0.7619047619047619	0.8780060519190954	0.8772097467749642	0.8832616658703615	0.8921802834846313	0.8378722726548814	0.9673514890906195	0.7998088867654085	0.8434464086637999	0.8947284599458513	0.917184265010352	0.7499601847427935	0.873228221054308	0.893295110686415	0.9538143016403886	0.8961618092052874	0.9128842172320433	0.8923395445134575	0.9006211180124224	0.8287943940117853	0.8405797101449275	0.9245102723363593	0.9038063385889473	0.8423315814620163	0.8340500079630514	0.7818123905080426	0.9337474120082816	0.8960025481764612	0.8458353240961937	0.9050804268195572	0.9248287943940118	0.8963210702341137	0.9015766841853798	0.8999840738971173	0.9605032648510909	0.8311833094441791	0.9004618569835962	0.8612836438923396	0.8859691033604077	0.8193979933110368	0.8749800923713967	0.9377289377289377	0.8115942028985508	0.0	0.8789616180920529	0.8265647396082179	0.8100015926102883	0.7857939162286989	0.8437649307214524	0.8792801401497053	0.7880235706322662	0.8012422360248447	0.8918617614269788	0.9245102723363593	0.9681477942347507	0.9307214524605829	0.8295906991559165	0.9186176142697882	0.9238732282210543	0.84472049689441	0.9692626214365345	0.9362955884695016	0.8781653129479217	0.8386685777990126	0.8756171364867017	0.950151297977385	0.9324733237776716	0.8265647396082179	0.8665392578436056	0.955406911928651	0.9369326325848065	0.7951903169294474	0.8991877687529861	0.9289695811434941	0.8928173275999363	0.9440993788819876	0.9705367096671444	0.9757923236184106	0.9526994744386049	0.9410734193342889	0.9087434304825609	0.8614429049211658	0.9219620958751393	0.9721293199554069	0.8803949673514891	0.9692626214365345	0.8889950629081064	0.9348622392100653	0.8488612836438924	0.9687848383500557	0.8533205924510272	0.8633540372670807	0.8862876254180602	0.9753145405319318	0.9671922280617933	0.9447364229972925	0.8893135849657589	0.9238732282210543	0.9203694855868769	0.9329511068641504	0.9050804268195572
SRR23478287	0.937888198757764	0.9968147794234751	0.9972925625099538	0.9391622869883739	0.9848702022615066	0.9885332059245103	0.9920369485586877	0.99745182353878	0.978021978021978	0.9910813823857302	0.99745182353878	0.9945851250199076	0.9523809523809523	0.9714922758401019	0.9318362796623666	0.9858257684344641	0.9643255295429208	0.9941073419334289	0.9820035037426342	0.9291288421723204	0.9499920369485587	0.8729096989966555	0.9675107501194458	0.967670011148272	0.9770664118490205	0.9426660296225514	0.9775441949354993	0.9719700589265806	0.977384933906673	0.9875776397515528	0.9727663640707119	0.9875776397515528	0.9976110845676063	0.7598343685300207	0.9018952062430323	0.982481286829113	0.9855072463768116	0.9831183309444179	0.8502946329033285	0.9609810479375697	0.9746774964166268	0.9405956362478102	0.970218187609492	0.9093804745978659	0.8445612358655837	0.9509476031215162	0.9767478897913681	0.9711737537824494	0.9858257684344641	0.9711737537824494	0.9813664596273292	0.9538143016403886	0.7870680044593088	0.8660614747571269	0.8292721770982641	0.8537983755375059	0.8356426182513139	0.8502946329033285	0.7709826405478579	0.9660774008600096	0.9526994744386049	0.9241917502787068	0.967032967032967	0.9012581621277274	0.8216276477146043	0.980570154483198	0.9775441949354993	0.9608217869087434	0.9947443860487338	0.9531772575250836	0.9458512501990762	0.8276795668100015	0.8351648351648352	0.9493549928332538	0.9812071985985029	0.9253065774804905	0.9640070074852684	0.9286510590858417	0.9061952540213409	0.9705367096671444	0.8095238095238095	0.9340659340659341	0.9272177098264055	0.7357859531772575	0.9706959706959707	0.8789616180920529	0.0	0.9477623825449912	0.968307055263577	0.9585921325051759	0.9133620003185221	0.9047619047619048	0.8060200668896321	0.9528587354674312	0.9770664118490205	0.9961777353081701	0.9920369485586877	0.9802516324255455	0.9141583054626533	0.8012422360248447	0.9737219302436694	0.9082656473960822	0.9979296066252588	0.9944258639910813	0.9542920847268673	0.9627329192546584	0.9221213569039656	0.9904443382704252	0.9988851727982163	0.9796145883102405	0.9593884376493073	0.9966555183946488	0.9968147794234751	0.9668737060041408	0.9826405478579392	0.9821627647714605	0.939799331103679	0.9964962573658226	0.9861442904921166	0.998088867654085	0.9584328714763497	0.9944258639910813	0.8483835005574136	0.9367733715559803	0.9950629081063863	0.9972925625099538	0.9187768752986144	0.9996814779423475	0.8818283166109253	0.802038541168976	0.8799171842650103	0.9987259117693901	0.9455327281414238	0.9558846950151298	0.8939321548017201	0.9939480809046026	0.9952221691352127	0.8684503901895206	0.928173275999363	0.9025322503583373	0.9925147316451665	0.8861283643892339	0.959866220735786
SRR23478288	0.9601847427934385	0.9648033126293996	0.9477623825449912	0.9778627169931517	0.9719700589265806	0.8818283166109253	0.8276795668100015	0.8600095556617295	0.8931358496575887	0.9339066730371078	0.9729256250995382	0.8780060519190954	0.8905876731963689	0.9374104156712852	0.9413919413919414	0.9538143016403886	0.8464723682114986	0.884854276158624	0.8716356107660456	0.9163879598662207	0.9194139194139194	0.9270584487975793	0.9240324892498806	0.9679885332059245	0.9587513935340022	0.89775441949355	0.9017359452142061	0.9563624781016086	0.9471253384296863	0.9345437171524128	0.9404363752189839	0.9635292243987896	0.9738811912724956	0.9254658385093167	0.8749800923713967	0.9659181398311834	0.9326325848064978	0.8934543717152413	0.8772097467749642	0.915273132664437	0.9119286510590858	0.8924988055422838	0.8821468386685778	0.8342092689918776	0.9270584487975793	0.9257843605669692	0.9101767797419972	0.9098582576843447	0.9734034081860169	0.9339066730371078	0.8698837394489568	0.9522216913521261	0.9297658862876255	0.8563465519987259	0.8897913680522376	0.8404204491161013	0.9600254817646122	0.8616021659499921	0.8278388278388278	0.9218028348463131	0.8601688166905558	0.8864468864468864	0.9003025959547699	0.9154323936932632	0.937888198757764	0.9073100812231247	0.9144768275203058	0.8948877209746775	0.8587354674311196	0.7486860965121834	0.8638318203535594	0.8788023570632266	0.9418697244784201	0.8439241917502787	0.9007803790412486	0.9280140149705367	0.9523809523809523	0.9039655996177736	0.8136645962732919	0.8536391145086797	0.8373944895684026	0.9133620003185221	0.9218028348463131	0.9345437171524128	0.7789456919891703	0.8265647396082179	0.9477623825449912	0.0	0.885491320273929	0.8633540372670807	0.8924988055422838	0.8198757763975155	0.7177894569198917	0.8917025003981526	0.8155757286192069	0.8674948240165632	0.8996655518394648	0.8795986622073578	0.8813505335244466	0.9133620003185221	0.9342251950947603	0.8520465042204173	0.9754738015607581	0.9684663162924032	0.8037904124860646	0.945054945054945	0.8834209268991877	0.9654403567447045	0.9487179487179487	0.9022137283006848	0.9440993788819876	0.9324733237776716	0.9253065774804905	0.8480649784997611	0.9370918936136328	0.9585921325051759	0.8795986622073578	0.9681477942347507	0.9730848861283644	0.9738811912724956	0.924988055422838	0.8717948717948718	0.9225991399904443	0.84472049689441	0.9026915113871635	0.9033285555024686	0.907469342251951	0.9026915113871635	0.84089823220258	0.924351011307533	0.8853320592451027	0.9007803790412486	0.9198917025003982	0.8909061952540214	0.8077719382067208	0.9627329192546584	0.894569198917025	0.9574773053033923	0.937251154642459	0.9143175664914795	0.9552476508998248	0.9659181398311834	0.9186176142697882
SRR23478289	0.9082656473960822	0.9385252428730689	0.9753145405319318	0.9802516324255455	0.9434623347666826	0.9187768752986144	0.9369326325848065	0.969581143494187	0.8130275521579869	0.8996655518394648	0.959229176620481	0.8940914158305463	0.9616180920528746	0.89265806657111	0.9463290332855551	0.8961618092052874	0.8009237139671922	0.9117693900302596	0.8697244784201306	0.8517279821627648	0.8684503901895206	0.8713170887083931	0.8783245739767479	0.945054945054945	0.9214843127886606	0.8198757763975155	0.9863035515209428	0.8682911291606944	0.8375537505972288	0.8678133460742157	0.8662207357859532	0.8909061952540214	0.959229176620481	0.9310399745182354	0.7943940117853161	0.8733874820831342	0.8684503901895206	0.8322981366459627	0.8775282688326167	0.809205287466157	0.8101608536391145	0.820194298455168	0.8033126293995859	0.9009396400700749	0.9471253384296863	0.8781653129479217	0.8127090301003345	0.8165312947921644	0.950151297977385	0.7892976588628763	0.7958273610447524	0.884854276158624	0.9225991399904443	0.9396400700748527	0.8114349418697244	0.8891543239369326	0.9466475553432075	0.8480649784997611	0.9182990922121357	0.8517279821627648	0.7939162286988374	0.7913680522376174	0.8310240484153527	0.9681477942347507	0.9498327759197325	0.8272017837235228	0.8206720815416467	0.7311673833412964	0.9339066730371078	0.8542761586239848	0.7972607103041885	0.9667144449753146	0.9248287943940118	0.9296066252587992	0.8386685777990126	0.8861283643892339	0.9593884376493073	0.8522057652492435	0.8791208791208791	0.9116101290014333	0.8998248128682911	0.8276795668100015	0.8393056219143176	0.9222806179327918	0.8036311514572384	0.8100015926102883	0.968307055263577	0.885491320273929	0.0	0.7359452142060837	0.8184424271380794	0.9291288421723204	0.94569198917025	0.7880235706322662	0.8050645007166747	0.94951425386208	0.9867813346074216	0.9458512501990762	0.851887243191591	0.9170250039815258	0.9350215002388915	0.8878802357063227	0.9660774008600096	0.8434464086637999	0.8803949673514891	0.8313425704730053	0.8439241917502787	0.9369326325848065	0.9445771619684663	0.6747889791368052	0.8233795190316929	0.939799331103679	0.9816849816849816	0.8138238573021181	0.8491798057015448	0.8714763497372193	0.8788023570632266	0.9519031692944736	0.9600254817646122	0.9759515846472369	0.9837553750597229	0.9440993788819876	0.9111323459149546	0.7717789456919891	0.9562032170727823	0.9944258639910813	0.8668577799012581	0.9821627647714605	0.9103360407708234	0.8528428093645485	0.8983914636088549	0.9823220258002867	0.8292721770982641	0.8671763019589106	0.8676540850453894	0.9520624303232998	0.9832775919732442	0.8643096034400383	0.8071348940914158	0.8678133460742157	0.9240324892498806	0.9396400700748527	0.7889791368052238
SRR23478290	0.8934543717152413	0.8904284121675426	0.9003025959547699	0.9433030737378564	0.9076286032807772	0.8138238573021181	0.8522057652492435	0.8931358496575887	0.789775441949355	0.8014014970536709	0.9367733715559803	0.8039496735148909	0.8740245261984393	0.8464723682114986	0.915273132664437	0.8144609014174231	0.8303870043000477	0.8600095556617295	0.7214524605828954	0.8186016881669056	0.7867494824016563	0.8397834050007963	0.8587354674311196	0.8940914158305463	0.8127090301003345	0.8668577799012581	0.9512661251791686	0.8749800923713967	0.6669851887243191	0.8697244784201306	0.8213091256569517	0.8358018792801402	0.9405956362478102	0.8802357063226628	0.7521898391463608	0.84089823220258	0.8071348940914158	0.7950310559006211	0.7865902213728301	0.8068163720337633	0.6822742474916388	0.8130275521579869	0.6910336040770824	0.853161331422201	0.9375696767001115	0.7986940595636248	0.757445453097627	0.7224080267558528	0.9369326325848065	0.7443860487338748	0.8088867654085046	0.8485427615862399	0.8588947284599459	0.8604873387482083	0.7752826883261665	0.8864468864468864	0.9261028826246217	0.8378722726548814	0.8963210702341137	0.7634973721930244	0.7673196368848543	0.7158783245739767	0.7713011626055104	0.9286510590858417	0.9069915591654722	0.7711419015766842	0.8037904124860646	0.7447045707915273	0.8982322025800287	0.9006211180124224	0.7797419971333015	0.9192546583850931	0.9060359929925147	0.840261188087275	0.8141423793597706	0.8450390189520625	0.9675107501194458	0.7214524605828954	0.89775441949355	0.8378722726548814	0.8399426660296225	0.6550406115623507	0.7714604236343366	0.8665392578436056	0.6336996336996337	0.7857939162286989	0.9585921325051759	0.8633540372670807	0.7359452142060837	0.0	0.840261188087275	0.8251313903487817	0.8813505335244466	0.7316451664277751	0.7735308170090779	0.8870839305621915	0.9490364707756012	0.8850135371874502	0.8436056696926262	0.8608058608058609	0.9096989966555183	0.8388278388278388	0.9560439560439561	0.864787386526517	0.7953495779582737	0.8827838827838828	0.7791049530179965	0.8536391145086797	0.7865902213728301	0.7864309603440038	0.7910495301799649	0.9240324892498806	0.9369326325848065	0.702500398152572	0.7649307214524605	0.8429686255773212	0.8173275999362956	0.8821468386685778	0.9477623825449912	0.9727663640707119	0.9466475553432075	0.9009396400700749	0.8173275999362956	0.7305303392259914	0.874502309284918	0.9520624303232998	0.8034718904284122	0.9299251473164517	0.8606465997770345	0.9017359452142061	0.850613154960981	0.9466475553432075	0.8252906513776079	0.7098264054785793	0.8590539894887721	0.9276954929128842	0.9358178053830227	0.8671763019589106	0.807931199235547	0.8496575887880236	0.8702022615066093	0.8735467431119605	0.8243350852046504
SRR23478291	0.9464882943143813	0.9820035037426342	0.9818442427138079	0.977384933906673	0.9388437649307214	0.9329511068641504	0.9383659818442427	0.978021978021978	0.8485427615862399	0.9474438604873388	0.9874183787227265	0.9425067685937251	0.8623984710941233	0.919732441471572	0.977384933906673	0.9184583532409619	0.8915432393693263	0.968944099378882	0.8811912724956203	0.706959706959707	0.8773690078037905	0.824653607262303	0.8819875776397516	0.9388437649307214	0.792323618410575	0.8451982799808887	0.8125497690715082	0.8944099378881988	0.8772097467749642	0.8491798057015448	0.8665392578436056	0.9096989966555183	0.9630514413123109	0.9304029304029304	0.7553750597228858	0.8985507246376812	0.9093804745978659	0.8152572065615544	0.9098582576843447	0.6029622551361682	0.817646121993948	0.7001114827201784	0.755534320751712	0.875139353400223	0.6529702181876095	0.7138079311992356	0.8689281732759994	0.7924828794394012	0.979296066252588	0.8431278866061475	0.8017200191113235	0.7099856665074057	0.9238732282210543	0.9498327759197325	0.8901098901098901	0.8307055263577002	0.8899506290810638	0.8858098423315814	0.8862876254180602	0.8948877209746775	0.8609651218346871	0.8537983755375059	0.8397834050007963	0.924988055422838	0.8956840261188087	0.8549132027392897	0.8125497690715082	0.7843605669692626	0.955406911928651	0.8381907947125339	0.7595158464723683	0.9248287943940118	0.9132027392896959	0.9571587832457398	0.905558209906036	0.9124064341455645	0.9616180920528746	0.8049052396878483	0.8915432393693263	0.8869246695333652	0.924351011307533	0.8069756330625896	0.6790890269151139	0.8808727504379679	0.7937569676700111	0.8437649307214524	0.9133620003185221	0.8924988055422838	0.8184424271380794	0.840261188087275	0.0	0.7943940117853161	0.8455168020385412	0.73737856346552	0.9004618569835962	0.9628921802834847	0.9807294155120242	0.9698996655518395	0.8706800445930881	0.9240324892498806	0.9052396878483835	0.8826246217550565	0.978659022137283	0.927536231884058	0.9254658385093167	0.9458512501990762	0.84472049689441	0.9659181398311834	0.9915591654722089	0.8563465519987259	0.9211657907310081	0.9496735148909062	0.99745182353878	0.7754419493549929	0.89265806657111	0.8985507246376812	0.9057174709348622	0.9514253862079949	0.9815257206561554	0.9929925147316452	0.8068163720337633	0.9601847427934385	0.9132027392896959	0.8810320114667941	0.9496735148909062	0.99745182353878	0.89775441949355	0.9823220258002867	0.9125656951743908	0.9342251950947603	0.8380315336837076	0.9971333014811276	0.8580984233158147	0.8711578276795668	0.9047619047619048	0.9807294155120242	0.9941073419334289	0.9213250517598344	0.9046026437330785	0.7668418537983756	0.9386845039018952	0.9487179487179487	0.8886765408504539
SRR23478292	0.9488772097467749	0.9692626214365345	0.9507883420926899	0.9837553750597229	0.9772256728778468	0.8902691511387164	0.9076286032807772	0.9089026915113871	0.8657429526994744	0.9463290332855551	0.979933110367893	0.9047619047619048	0.887402452619844	0.9130434782608695	0.9507883420926899	0.9593884376493073	0.8592132505175983	0.912724956203217	0.8827838827838828	0.9109730848861284	0.8878802357063227	0.9143175664914795	0.9415512024207676	0.9721293199554069	0.9555661729574773	0.8690874343048256	0.9235547061634019	0.9010989010989011	0.9364548494983278	0.9654403567447045	0.9318362796623666	0.9522216913521261	0.9791368052237618	0.84217232043319	0.7748049052396878	0.954769867813346	0.9447364229972925	0.9227584010192705	0.8815097945532728	0.884854276158624	0.926899187768753	0.7604714126453257	0.9108138238573021	0.8517279821627648	0.8160535117056856	0.864150342411212	0.8918617614269788	0.8815097945532728	0.979296066252588	0.9498327759197325	0.9504698200350374	0.9370918936136328	0.8784838350055741	0.9071508201942985	0.8224239528587355	0.8530020703933747	0.9160694378085682	0.7814938684503902	0.8184424271380794	0.9291288421723204	0.8834209268991877	0.8795986622073578	0.8807134894091416	0.873228221054308	0.8563465519987259	0.9232361841057494	0.9297658862876255	0.8867654085045389	0.9031692944736422	0.8364389233954451	0.7763975155279503	0.8584169453734671	0.9135212613473483	0.8687689122471731	0.957318044274566	0.8947284599458513	0.9542920847268673	0.8703615225354355	0.8940914158305463	0.882943143812709	0.8399426660296225	0.8974358974358975	0.864787386526517	0.877050485746138	0.862876254180602	0.8792801401497053	0.9047619047619048	0.8198757763975155	0.9291288421723204	0.8251313903487817	0.7943940117853161	0.0	0.7934384456123587	0.9073100812231247	0.8351648351648352	0.916547220895047	0.9143175664914795	0.8676540850453894	0.7889791368052238	0.8797579232361841	0.8311833094441791	0.8866061474757126	0.9853479853479854	0.9542920847268673	0.8174868609651218	0.9103360407708234	0.8939321548017201	0.9705367096671444	0.94951425386208	0.894569198917025	0.9149546106067845	0.9745182353878006	0.9343844561235866	0.8729096989966555	0.9297658862876255	0.9308807134894092	0.9160694378085682	0.968944099378882	0.9746774964166268	0.988373944895684	0.9339066730371078	0.8781653129479217	0.8580984233158147	0.8249721293199554	0.8893135849657589	0.9259436215957955	0.8630355152094282	0.9289695811434941	0.8466316292403249	0.8461538461538461	0.8987099856665074	0.9246695333651855	0.9235547061634019	0.8805542283803154	0.8429686255773212	0.9783405000796305	0.925625099538143	0.9098582576843447	0.8229017359452142	0.8652651696129957	0.9673514890906195	0.9401178531613315	0.9025322503583373
SRR23478293	0.9593884376493073	0.9775441949354993	0.955406911928651	0.9796145883102405	0.9734034081860169	0.8714763497372193	0.8606465997770345	0.9038063385889473	0.9409141583054627	0.959229176620481	0.9767478897913681	0.8709985666507406	0.8440834527791049	0.9248287943940118	0.9714922758401019	0.9622551361681796	0.8420130594043638	0.8740245261984393	0.8663799968147794	0.8601688166905558	0.9479216435738175	0.8889950629081064	0.9628921802834847	0.9757923236184106	0.9168657429526995	0.9374104156712852	0.8249721293199554	0.9526994744386049	0.9582736104475235	0.9719700589265806	0.956681000159261	0.9749960184742793	0.9698996655518395	0.8530020703933747	0.874502309284918	0.9729256250995382	0.9698996655518395	0.9447364229972925	0.8270425226946966	0.9001433349259437	0.9686255773212294	0.8883580187928014	0.9480809046026437	0.8135053352444657	0.8077719382067208	0.883580187928014	0.935977066411849	0.9423475075648988	0.9526994744386049	0.9684663162924032	0.9609810479375697	0.9028507724159898	0.8743430482560918	0.7376970855231725	0.7644529383659818	0.8818283166109253	0.9087434304825609	0.8584169453734671	0.7905717470934862	0.9487179487179487	0.9388437649307214	0.9253065774804905	0.9493549928332538	0.8278388278388278	0.9093804745978659	0.9493549928332538	0.9569995222169135	0.9405956362478102	0.8996655518394648	0.8308647873865265	0.9348622392100653	0.8053830227743272	0.882306099697404	0.8080904602643733	0.9611403089663959	0.9184583532409619	0.9499920369485587	0.8509316770186336	0.84472049689441	0.8444019748367575	0.7752826883261665	0.917184265010352	0.8410574932314063	0.8407389711737537	0.8483835005574136	0.7880235706322662	0.8060200668896321	0.7177894569198917	0.94569198917025	0.8813505335244466	0.8455168020385412	0.7934384456123587	0.0	0.9270584487975793	0.8496575887880236	0.8729096989966555	0.867335562987737	0.8663799968147794	0.9053989488772097	0.9358178053830227	0.9442586399108138	0.8921802834846313	0.9915591654722089	0.9863035515209428	0.7900939640070075	0.957955088389871	0.9195731804427456	0.9802516324255455	0.9636884854276159	0.9409141583054627	0.9464882943143813	0.9745182353878006	0.9377289377289377	0.9012581621277274	0.94824016563147	0.9694218824653608	0.9445771619684663	0.9735626692148431	0.9800923713967192	0.9933110367892977	0.8948877209746775	0.8684503901895206	0.8894728459945851	0.8365981844242714	0.9076286032807772	0.8815097945532728	0.8869246695333652	0.885491320273929	0.8714763497372193	0.8929765886287625	0.9230769230769231	0.8845357541009715	0.9461697722567288	0.9119286510590858	0.8252906513776079	0.9762701067048893	0.9189361363274406	0.957318044274566	0.9251473164516643	0.8929765886287625	0.9741997133301481	0.9270584487975793	0.9577958273610447
SRR23478294	0.9622551361681796	0.924988055422838	0.9665551839464883	0.967670011148272	0.905558209906036	0.9265806657111005	0.9139990444338271	0.9541328236980411	0.819557254339863	0.8571428571428571	0.9506290810638637	0.7959866220735786	0.9270584487975793	0.8717948717948718	0.9585921325051759	0.8391463608854913	0.8996655518394648	0.934702978181239	0.765249243510113	0.8705207835642619	0.8260869565217391	0.8504538939321548	0.8735467431119605	0.9017359452142061	0.8686096512183469	0.9031692944736422	0.9864628125497691	0.8985507246376812	0.7896161809205288	0.7542602325211021	0.8679726071030419	0.9071508201942985	0.9517439082656474	0.8590539894887721	0.8292721770982641	0.8993470297818124	0.8706800445930881	0.7020226150660933	0.8453575410097149	0.693422519509476	0.7142857142857143	0.8233795190316929	0.6529702181876095	0.9135212613473483	0.9112916069437809	0.8358018792801402	0.8286351329829591	0.6894409937888198	0.9759515846472369	0.79041248606466	0.7042522694696608	0.8652651696129957	0.9240324892498806	0.9616180920528746	0.8776875298614429	0.9108138238573021	0.9558846950151298	0.9128842172320433	0.9253065774804905	0.7861124382863514	0.8563465519987259	0.7873865265169613	0.797579232361841	0.9558846950151298	0.9311992355470616	0.7899347029781812	0.7853161331422202	0.7542602325211021	0.9289695811434941	0.8990285077241599	0.780060519190954	0.9496735148909062	0.957955088389871	0.9552476508998248	0.8479057174709349	0.9050804268195572	0.9614588310240484	0.812390508042682	0.9254658385093167	0.8768912247173116	0.9163879598662207	0.7136486701704093	0.8520465042204173	0.94569198917025	0.7090301003344481	0.8012422360248447	0.9528587354674312	0.8917025003981526	0.7880235706322662	0.7316451664277751	0.73737856346552	0.9073100812231247	0.9270584487975793	0.0	0.8681318681318682	0.94569198917025	0.9931517757604714	0.9176620480968307	0.8545946806816372	0.9155916547220895	0.9345437171524128	0.8998248128682911	0.9515846472368211	0.8889950629081064	0.9218028348463131	0.9560439560439561	0.7942347507564899	0.8826246217550565	0.9039655996177736	0.7639751552795031	0.8918617614269788	0.9477623825449912	0.9788182831661093	0.5612358655836917	0.8466316292403249	0.883580187928014	0.8445612358655837	0.9194139194139194	0.9612995699952221	0.977384933906673	0.9761108456760631	0.9491957318044275	0.8845357541009715	0.8918617614269788	0.9184583532409619	0.9939480809046026	0.882943143812709	0.9802516324255455	0.9227584010192705	0.9479216435738175	0.8018792801401498	0.9812071985985029	0.8267240006370441	0.8604873387482083	0.8923395445134575	0.9778627169931517	0.9757923236184106	0.9503105590062112	0.9202102245580507	0.9321548017200191	0.8714763497372193	0.9396400700748527	0.8717948717948718
SRR23492483	0.9439401178531613	0.959229176620481	0.947603121516165	0.9732441471571907	0.9340659340659341	0.6198439241917503	0.7007485268354834	0.8722726548813505	0.863513298295907	0.9163879598662207	0.9655996177735309	0.639751552795031	0.9057174709348622	0.9213250517598344	0.9718107978977544	0.9093804745978659	0.9468068163720338	0.6480331262939959	0.7341933428889951	0.9026915113871635	0.9093804745978659	0.8643096034400383	0.9095397356266921	0.9203694855868769	0.9046026437330785	0.8800764452938366	0.6741519350215003	0.8803949673514891	0.8262462175505654	0.9436215957955089	0.9087434304825609	0.9262621436534481	0.9741997133301481	0.9659181398311834	0.8380315336837076	0.9039655996177736	0.8846950151297978	0.8358018792801402	0.8638318203535594	0.8899506290810638	0.8708393056219144	0.8953655040611562	0.8373944895684026	0.9313584965758879	0.925625099538143	0.8512501990762861	0.8818283166109253	0.8698837394489568	0.9802516324255455	0.8537983755375059	0.8859691033604077	0.9079471253384297	0.9671922280617933	0.9463290332855551	0.800127408823061	0.9248287943940118	0.9802516324255455	0.8596910336040771	0.9339066730371078	0.882943143812709	0.8023570632266285	0.873228221054308	0.725752508361204	0.9859850294632904	0.9584328714763497	0.8862876254180602	0.8805542283803154	0.7421563943303073	0.8475871954132824	0.9393215480172001	0.8369167064819238	0.9600254817646122	0.965121834687052	0.7337155598025163	0.9087434304825609	0.9238732282210543	0.9741997133301481	0.7991718426501035	0.934702978181239	0.5897435897435898	0.6634814460901417	0.8074534161490683	0.8479057174709349	0.9448956840261188	0.6349737219302437	0.8918617614269788	0.9770664118490205	0.8155757286192069	0.8050645007166747	0.7735308170090779	0.9004618569835962	0.8351648351648352	0.8496575887880236	0.8681318681318682	0.0	0.7620640229335881	0.672718585762064	0.8467908902691511	0.817646121993948	0.8694059563624781	0.9622551361681796	0.9065137760789934	0.9655996177735309	0.8193979933110368	0.5110686415034241	0.8101608536391145	0.8585762064022934	0.957955088389871	0.9461697722567288	0.768434464086638	0.8463131071826724	0.9643255295429208	0.9321548017200191	0.7791049530179965	0.7513935340022296	0.7889791368052238	0.9096989966555183	0.9533365185539099	0.9691033604077083	0.9813664596273292	0.9584328714763497	0.6346551998725912	0.8746615703137443	0.5755693581780539	0.8456760630673674	0.6779741997133302	0.8947284599458513	0.6725593247332378	0.8999840738971173	0.8593725115464246	0.8240165631469979	0.6692148431278866	0.8593725115464246	0.7748049052396878	0.8918617614269788	0.9686255773212294	0.9095397356266921	0.8286351329829591	0.759993629558847	0.7582417582417582	0.8862876254180602	0.935977066411849	0.6974040452301322
SRR23492508	0.8996655518394648	0.9638477464564421	0.7456601369644847	0.8780060519190954	0.9092212135690396	0.7427934384456124	0.6602962255136168	0.820831342570473	0.954769867813346	0.8936136327440676	0.9211657907310081	0.7193820672081541	0.8596910336040771	0.8467908902691511	0.9611403089663959	0.9112916069437809	0.957318044274566	0.7542602325211021	0.7099856665074057	0.9797738493390667	0.9466475553432075	0.8600095556617295	0.959866220735786	0.8493390667303711	0.9517439082656474	0.9584328714763497	0.7986940595636248	0.9491957318044275	0.9377289377289377	0.9162286988373944	0.9640070074852684	0.9335881509794554	0.8955247650899825	0.9741997133301481	0.9686255773212294	0.9433030737378564	0.9503105590062112	0.8931358496575887	0.8485427615862399	0.9608217869087434	0.9179805701544832	0.9668737060041408	0.8781653129479217	0.9331103678929766	0.9807294155120242	0.9440993788819876	0.8966395922917662	0.9377289377289377	0.9920369485586877	0.915273132664437	0.9563624781016086	0.94824016563147	0.9901258162127727	0.9574773053033923	0.9130434782608695	0.959229176620481	0.9955406911928651	0.9557254339863035	0.9831183309444179	0.9388437649307214	0.9386845039018952	0.9026915113871635	0.9444179009396401	0.998088867654085	0.9955406911928651	0.9230769230769231	0.9425067685937251	0.9425067685937251	0.8773690078037905	0.9749960184742793	0.9597069597069597	0.9791368052237618	0.9968147794234751	0.7916865742952699	0.9471253384296863	0.9638477464564421	0.9893295110686415	0.9593884376493073	0.9813664596273292	0.7588788023570632	0.7840420449116101	0.9192546583850931	0.957318044274566	0.9737219302436694	0.7004300047778309	0.9245102723363593	0.9961777353081701	0.8674948240165632	0.94951425386208	0.8870839305621915	0.9628921802834847	0.916547220895047	0.8729096989966555	0.94569198917025	0.7620640229335881	0.0	0.799490364707756	0.8281573498964804	0.987736900780379	0.9506290810638637	0.9698996655518395	0.9374104156712852	0.970218187609492	0.8834209268991877	0.7685937251154642	0.9525402134097787	0.9160694378085682	0.8582576843446409	0.8921802834846313	0.9520624303232998	0.9468068163720338	0.9267399267399268	0.757445453097627	0.8894728459945851	0.9173435260391782	0.9310399745182354	0.8920210224558051	0.8272017837235228	0.9124064341455645	0.917821309125657	0.9173435260391782	0.7087115782767957	0.8966395922917662	0.8149386845039019	0.8577799012581622	0.7628603280777194	0.9108138238573021	0.7356266921484312	0.8749800923713967	0.9716515368689281	0.9093804745978659	0.7509157509157509	0.9307214524605829	0.9729256250995382	0.9633699633699634	0.9770664118490205	0.7783086478738652	0.9821627647714605	0.9933110367892977	0.9477623825449912	0.8657429526994744	0.9222806179327918	0.8917025003981526
SRR23492516	0.979933110367893	0.9784997611084567	0.9552476508998248	0.990285077241599	0.9934702978181239	0.48017200191113235	0.7910495301799649	0.9200509635292244	0.9918776875298615	0.9753145405319318	0.9917184265010351	0.4293677337155598	0.9380474597865902	0.9874183787227265	0.9931517757604714	0.9872591176939003	0.9827998088867654	0.5555024685459468	0.8353240961936614	0.9869405956362478	0.9886924669533366	0.9741997133301481	0.9949036470775601	0.9955406911928651	0.9950629081063863	0.9920369485586877	0.48319796145883104	0.9937888198757764	0.9894887720974678	0.9952221691352127	0.9929925147316452	0.9956999522216914	0.9958592132505176	0.9855072463768116	0.9781812390508042	0.9956999522216914	0.9942666029622551	0.9743589743589743	0.9321548017200191	0.9918776875298615	0.9867813346074216	0.982481286829113	0.979933110367893	0.9638477464564421	0.9920369485586877	0.9692626214365345	0.9587513935340022	0.9939480809046026	0.9933110367892977	0.9971333014811276	0.9950629081063863	0.987099856665074	0.9891702500398153	0.9622551361681796	0.9431438127090301	0.9544513457556936	0.9952221691352127	0.9697404045230132	0.9875776397515528	0.9898072941551203	0.9931517757604714	0.968307055263577	0.9886924669533366	0.9847109412326803	0.9834368530020704	0.9769071508201943	0.9915591654722089	0.982481286829113	0.912724956203217	0.9820035037426342	0.989648033126294	0.9730848861283644	0.9928332537028189	0.7556935817805382	0.9968147794234751	0.9816849816849816	0.9939480809046026	0.9826405478579392	0.9926739926739927	0.3973562669214843	0.6997929606625258	0.9926739926739927	0.9893295110686415	0.9657588788023571	0.7700270743749005	0.9681477942347507	0.9920369485586877	0.8996655518394648	0.9867813346074216	0.9490364707756012	0.9807294155120242	0.9143175664914795	0.867335562987737	0.9931517757604714	0.672718585762064	0.799490364707756	0.0	0.8846950151297978	0.9815257206561554	0.9848702022615066	0.9812071985985029	0.9812071985985029	0.9950629081063863	0.9934702978181239	0.6935817805383023	0.9767478897913681	0.989648033126294	0.9907628603280777	0.9673514890906195	0.9724478420130594	0.9875776397515528	0.9886924669533366	0.9304029304029304	0.9315177576047141	0.9837553750597229	0.9934702978181239	0.9815257206561554	0.9797738493390667	0.9898072941551203	0.9987259117693901	0.9660774008600096	0.5806657111004937	0.9638477464564421	0.8294314381270903	0.9386845039018952	0.3283962414397197	0.9832775919732442	0.4693422519509476	0.9423475075648988	0.9729256250995382	0.9519031692944736	0.6078993470297818	0.9945851250199076	0.9937888198757764	0.9784997611084567	0.988373944895684	0.9210065297021819	0.9931517757604714	0.9926739926739927	0.9703774486383182	0.992196209587514	0.990285077241599	0.9913999044433827
SRR23492517	0.9356585443541965	0.9493549928332538	0.9141583054626533	0.9622551361681796	0.9420289855072463	0.8507724159898072	0.8399426660296225	0.894569198917025	0.9520624303232998	0.9095397356266921	0.9552476508998248	0.8211498646281254	0.9052396878483835	0.915910176779742	0.9678292721770982	0.915910176779742	0.955406911928651	0.864150342411212	0.797579232361841	0.9671922280617933	0.9289695811434941	0.9315177576047141	0.9597069597069597	0.9423475075648988	0.9627329192546584	0.9534957795827361	0.8810320114667941	0.9479216435738175	0.9232361841057494	0.9605032648510909	0.959229176620481	0.9608217869087434	0.9646440516005733	0.9407548972766364	0.9477623825449912	0.9726071030418857	0.9474438604873388	0.9229176620480968	0.8853320592451027	0.9590699155916548	0.9331103678929766	0.9668737060041408	0.8716356107660456	0.9538143016403886	0.9743589743589743	0.9313584965758879	0.9033285555024686	0.9576365663322185	0.9842331581462016	0.9444179009396401	0.94951425386208	0.9625736582258322	0.9777034559643255	0.9563624781016086	0.9018952062430323	0.9479216435738175	0.988373944895684	0.9558846950151298	0.9657588788023571	0.8924988055422838	0.9539735626692148	0.9053989488772097	0.9440993788819876	0.9794553272814143	0.9628921802834847	0.9098582576843447	0.9431438127090301	0.9313584965758879	0.8741837872272655	0.9734034081860169	0.9144768275203058	0.9694218824653608	0.9863035515209428	0.872591176939003	0.9624143971970059	0.9585921325051759	0.9794553272814143	0.9167064819238733	0.957955088389871	0.8636725593247332	0.8509316770186336	0.9283325370281892	0.9367733715559803	0.9587513935340022	0.7913680522376174	0.9307214524605829	0.9802516324255455	0.8795986622073578	0.9458512501990762	0.8850135371874502	0.9698996655518395	0.8676540850453894	0.8663799968147794	0.9176620480968307	0.8467908902691511	0.8281573498964804	0.8846950151297978	0.0	0.9526994744386049	0.937251154642459	0.9743589743589743	0.9593884376493073	0.9734034081860169	0.9542920847268673	0.8580984233158147	0.967670011148272	0.9490364707756012	0.89775441949355	0.9004618569835962	0.9582736104475235	0.9601847427934385	0.9730848861283644	0.9190953973562669	0.8711578276795668	0.950151297977385	0.9433030737378564	0.9439401178531613	0.9622551361681796	0.9184583532409619	0.965121834687052	0.9356585443541965	0.8523650262780698	0.9337474120082816	0.8526835483357222	0.9133620003185221	0.8730689600254817	0.9585921325051759	0.8686096512183469	0.9155916547220895	0.9452142060837713	0.9036470775601211	0.8657429526994744	0.9614588310240484	0.9706959706959707	0.9563624781016086	0.9820035037426342	0.9101767797419972	0.9605032648510909	0.9789775441949355	0.9385252428730689	0.935340022296544	0.9619366141105271	0.9455327281414238
SRR23492518	0.9254658385093167	0.9804108934543717	0.9904443382704252	0.9523809523809523	0.9800923713967192	0.9276954929128842	0.9609810479375697	0.9821627647714605	0.8444019748367575	0.968307055263577	0.9622551361681796	0.9619366141105271	0.9463290332855551	0.9380474597865902	0.9315177576047141	0.9595476986781335	0.8549132027392897	0.968307055263577	0.9124064341455645	0.9155916547220895	0.9151138716356108	0.8757763975155279	0.9284917980570154	0.9557254339863035	0.9659181398311834	0.9254658385093167	0.9926739926739927	0.9189361363274406	0.9098582576843447	0.9198917025003982	0.9413919413919414	0.9466475553432075	0.9832775919732442	0.8166905558209906	0.8131868131868132	0.9399585921325052	0.9276954929128842	0.897117375378245	0.9111323459149546	0.870043000477783	0.8737060041407867	0.8308647873865265	0.8711578276795668	0.884217232043319	0.9087434304825609	0.8689281732759994	0.9531772575250836	0.8808727504379679	0.9681477942347507	0.9487179487179487	0.9036470775601211	0.937888198757764	0.9160694378085682	0.9525402134097787	0.8168498168498168	0.8240165631469979	0.9006211180124224	0.7636566332218506	0.8429686255773212	0.922439878961618	0.8393056219143176	0.8633540372670807	0.7998088867654085	0.9106545628284759	0.8168498168498168	0.8963210702341137	0.8875617136486702	0.7636566332218506	0.9937888198757764	0.7351489090619525	0.8171683389074693	0.9176620480968307	0.9297658862876255	0.954769867813346	0.9509476031215162	0.9053989488772097	0.9745182353878006	0.8623984710941233	0.9125656951743908	0.9705367096671444	0.9248287943940118	0.8861283643892339	0.8797579232361841	0.8528428093645485	0.8631947762382545	0.8295906991559165	0.9141583054626533	0.8813505335244466	0.851887243191591	0.8436056696926262	0.8706800445930881	0.7889791368052238	0.9053989488772097	0.8545946806816372	0.817646121993948	0.987736900780379	0.9815257206561554	0.9526994744386049	0.0	0.829909221213569	0.7799012581621277	0.8752986144290492	0.9800923713967192	0.9425067685937251	0.863513298295907	0.8442427138079311	0.9144768275203058	0.9641662685140946	0.970218187609492	0.8431278866061475	0.8644688644688645	0.9777034559643255	0.9925147316451665	0.8493390667303711	0.89520624303233	0.8904284121675426	0.872591176939003	0.9928332537028189	0.9796145883102405	0.9875776397515528	0.9440993788819876	0.9843924191750278	0.870043000477783	0.8181239050804269	0.9555661729574773	0.9920369485586877	0.8601688166905558	0.9971333014811276	0.9092212135690396	0.8216276477146043	0.8080904602643733	0.9885332059245103	0.8229017359452142	0.8034718904284122	0.6749482401656315	0.9740404523013219	0.9757923236184106	0.8451982799808887	0.7830864787386527	0.8528428093645485	0.954769867813346	0.9189361363274406	0.7552157986940595
SRR23492520	0.8807134894091416	0.9630514413123109	0.9636884854276159	0.9327918458353242	0.969581143494187	0.9410734193342889	0.9442586399108138	0.9638477464564421	0.9093804745978659	0.9421882465360726	0.9660774008600096	0.9331103678929766	0.922439878961618	0.9396400700748527	0.9310399745182354	0.9369326325848065	0.8939321548017201	0.9522216913521261	0.9133620003185221	0.9464882943143813	0.9270584487975793	0.8549132027392897	0.9316770186335404	0.9442586399108138	0.950151297977385	0.930084408345278	0.9847109412326803	0.9181398311833094	0.925625099538143	0.9765886287625418	0.9299251473164517	0.936614110527154	0.9812071985985029	0.835005574136009	0.8483835005574136	0.9472845994585125	0.9407548972766364	0.9280140149705367	0.8815097945532728	0.9404363752189839	0.9093804745978659	0.8980729415512024	0.9057174709348622	0.9128842172320433	0.9582736104475235	0.8913839783405001	0.9098582576843447	0.9227584010192705	0.9788182831661093	0.9221213569039656	0.9358178053830227	0.9265806657111005	0.9399585921325052	0.8813505335244466	0.8144609014174231	0.8754578754578755	0.9096989966555183	0.7776716037585603	0.6278069756330625	0.9364548494983278	0.8595317725752508	0.8877209746774964	0.8241758241758241	0.9748367574454531	0.9089026915113871	0.9241917502787068	0.926899187768753	0.8630355152094282	0.9737219302436694	0.9480809046026437	0.8192387322822106	0.8995062908106386	0.9394808090460265	0.9644847905717471	0.9345437171524128	0.9190953973562669	0.9741997133301481	0.8678133460742157	0.8991877687529861	0.9396400700748527	0.874502309284918	0.8834209268991877	0.8821468386685778	0.8608058608058609	0.8886765408504539	0.9186176142697882	0.8012422360248447	0.9133620003185221	0.9170250039815258	0.8608058608058609	0.9240324892498806	0.8797579232361841	0.9358178053830227	0.9155916547220895	0.8694059563624781	0.9506290810638637	0.9848702022615066	0.937251154642459	0.829909221213569	0.0	0.94569198917025	0.8512501990762861	0.9722885809842332	0.9463290332855551	0.9015766841853798	0.8636725593247332	0.9014174231565536	0.9611403089663959	0.9662366618888358	0.9109730848861284	0.8660614747571269	0.9120879120879121	0.9710144927536232	0.8928173275999363	0.8687689122471731	0.9095397356266921	0.862239210065297	0.9590699155916548	0.9609810479375697	0.9700589265806657	0.819557254339863	0.9638477464564421	0.821468386685778	0.7526676222328397	0.9308807134894092	0.9823220258002867	0.8795986622073578	0.979933110367893	0.7655677655677655	0.8006051919095397	0.8684503901895206	0.9761108456760631	0.7905717470934862	0.8627169931517757	0.8459945851250199	0.9491957318044275	0.9589106545628284	0.8257684344640867	0.8983914636088549	0.8111164198120719	0.937888198757764	0.8310240484153527	0.8461538461538461
SRR23492521	0.968307055263577	0.9713330148112757	0.9562032170727823	0.9597069597069597	0.9722885809842332	0.9622551361681796	0.9442586399108138	0.9393215480172001	0.8888358018792801	0.9331103678929766	0.9820035037426342	0.934702978181239	0.9335881509794554	0.915910176779742	0.9544513457556936	0.9393215480172001	0.863513298295907	0.9612995699952221	0.9098582576843447	0.9605032648510909	0.8203535594839942	0.8861283643892339	0.8995062908106386	0.935977066411849	0.9254658385093167	0.9585921325051759	0.9901258162127727	0.9104953017996497	0.9453734671125975	0.9264214046822743	0.9288103201146679	0.9144768275203058	0.9659181398311834	0.8568243350852046	0.8807134894091416	0.9530179964962574	0.9246695333651855	0.9506290810638637	0.9296066252587992	0.9184583532409619	0.9170250039815258	0.89265806657111	0.9383659818442427	0.9173435260391782	0.9214843127886606	0.9479216435738175	0.8444019748367575	0.8866061474757126	0.9850294632903328	0.9233954451345756	0.9493549928332538	0.9574773053033923	0.9616180920528746	0.9574773053033923	0.9233954451345756	0.8730689600254817	0.9425067685937251	0.8639910813823858	0.912724956203217	0.9160694378085682	0.9382067208154165	0.8695652173913043	0.9210065297021819	0.9431438127090301	0.8963210702341137	0.925625099538143	0.9458512501990762	0.9254658385093167	0.9834368530020704	0.8028348463131072	0.9307214524605829	0.9182990922121357	0.9471253384296863	0.9729256250995382	0.9581143494186972	0.9356585443541965	0.957318044274566	0.9270584487975793	0.915910176779742	0.9517439082656474	0.9216435738174868	0.9433030737378564	0.9351807612677178	0.9057174709348622	0.924351011307533	0.9238732282210543	0.9737219302436694	0.9342251950947603	0.9350215002388915	0.9096989966555183	0.9052396878483835	0.8311833094441791	0.9442586399108138	0.9345437171524128	0.9622551361681796	0.9698996655518395	0.9812071985985029	0.9743589743589743	0.7799012581621277	0.94569198917025	0.0	0.9079471253384297	0.9536550406115624	0.9307214524605829	0.9609810479375697	0.9434623347666826	0.9093804745978659	0.9331103678929766	0.9842331581462016	0.9557254339863035	0.9418697244784201	0.912724956203217	0.9910813823857302	0.9186176142697882	0.9423475075648988	0.9340659340659341	0.8760949195731804	0.9241917502787068	0.9810479375696767	0.9933110367892977	0.9700589265806657	0.8877209746774964	0.9162286988373944	0.9375696767001115	0.9856665074056379	0.9958592132505176	0.8875617136486702	0.9550883898709985	0.9015766841853798	0.9138397834050008	0.9751552795031055	0.9926739926739927	0.9276954929128842	0.9560439560439561	0.840261188087275	0.9866220735785953	0.9917184265010351	0.9581143494186972	0.9311992355470616	0.9437808568243351	0.9719700589265806	0.9343844561235866	0.928173275999363
SRR23492522	0.9218028348463131	0.9770664118490205	0.9528587354674312	0.9286510590858417	0.9292881032011466	0.914636088549132	0.8714763497372193	0.8773690078037905	0.885491320273929	0.8308647873865265	0.9412326803631151	0.9356585443541965	0.8028348463131072	0.8096830705526358	0.8974358974358975	0.8168498168498168	0.7779901258162127	0.9595476986781335	0.8775282688326167	0.9308807134894092	0.8044274566013696	0.7631788501353719	0.7961458831024049	0.8768912247173116	0.8139831183309444	0.9331103678929766	0.9904443382704252	0.8131868131868132	0.7996496257365823	0.8942506768593725	0.8130275521579869	0.8158942506768594	0.8515687211339386	0.8630355152094282	0.8340500079630514	0.8566650740563784	0.8617614269788183	0.9057174709348622	0.863513298295907	0.8737060041407867	0.8512501990762861	0.8752986144290492	0.8816690555820991	0.8034718904284122	0.9455327281414238	0.8797579232361841	0.862876254180602	0.7921643573817487	0.9769071508201943	0.8084089823220258	0.8623984710941233	0.8386685777990126	0.9386845039018952	0.9007803790412486	0.8512501990762861	0.8705207835642619	0.935340022296544	0.7843605669692626	0.8291129160694378	0.8346870520783565	0.873228221054308	0.7902532250358337	0.792323618410575	0.9058767319636885	0.9315177576047141	0.8284758719541329	0.8315018315018315	0.8279980888676541	0.9523809523809523	0.8872431915910177	0.8232202580028667	0.8866061474757126	0.9124064341455645	0.9334288899506291	0.9401178531613315	0.9063545150501672	0.9726071030418857	0.8152572065615544	0.874502309284918	0.9031692944736422	0.9233954451345756	0.8888358018792801	0.8902691511387164	0.9103360407708234	0.8988692466953336	0.84472049689441	0.9082656473960822	0.8520465042204173	0.8878802357063227	0.8388278388278388	0.8826246217550565	0.8866061474757126	0.8921802834846313	0.8998248128682911	0.9065137760789934	0.9374104156712852	0.9812071985985029	0.9593884376493073	0.8752986144290492	0.8512501990762861	0.9079471253384297	0.0	0.9565217391304348	0.8883580187928014	0.9205287466157032	0.8264054785793916	0.8308647873865265	0.9057174709348622	0.9684663162924032	0.9284917980570154	0.8530020703933747	0.8322981366459627	0.9826405478579392	0.8821468386685778	0.8807134894091416	0.8636725593247332	0.8429686255773212	0.94951425386208	0.9781812390508042	0.9816849816849816	0.9394808090460265	0.9211657907310081	0.8999840738971173	0.8310240484153527	0.9036470775601211	0.9909221213569039	0.8029941073419334	0.9692626214365345	0.7711419015766842	0.8552317247969422	0.9058767319636885	0.9831183309444179	0.8404204491161013	0.8929765886287625	0.8232202580028667	0.9749960184742793	0.9711737537824494	0.8708393056219144	0.9210065297021819	0.8682911291606944	0.9081063863672559	0.8910654562828476	0.8773690078037905
SRR23492523	0.9855072463768116	0.9635292243987896	0.9628921802834847	0.9724478420130594	0.9417104634495939	0.9342251950947603	0.9237139671922281	0.9232361841057494	0.9671922280617933	0.9014174231565536	0.9577958273610447	0.9555661729574773	0.9302436693741042	0.9012581621277274	0.9474438604873388	0.8993470297818124	0.9343844561235866	0.9655996177735309	0.9163879598662207	0.9738811912724956	0.9662366618888358	0.9143175664914795	0.9025322503583373	0.9034878165312948	0.9259436215957955	0.990285077241599	0.9929925147316452	0.9114508679726071	0.9280140149705367	0.907469342251951	0.9635292243987896	0.9245102723363593	0.9272177098264055	0.9848702022615066	0.9730848861283644	0.9641662685140946	0.9630514413123109	0.9601847427934385	0.9471253384296863	0.9657588788023571	0.9292881032011466	0.9684663162924032	0.954769867813346	0.9839146360885491	0.9783405000796305	0.9691033604077083	0.936614110527154	0.9692626214365345	0.9939480809046026	0.9283325370281892	0.9644847905717471	0.9423475075648988	0.9976110845676063	0.992196209587514	0.939799331103679	0.9867813346074216	0.9985666507405638	0.9802516324255455	0.9907628603280777	0.9718107978977544	0.9722885809842332	0.8663799968147794	0.930084408345278	0.9971333014811276	0.9952221691352127	0.9649625736582258	0.9348622392100653	0.9589106545628284	0.9756330625895844	0.9949036470775601	0.9659181398311834	0.988373944895684	0.998088867654085	0.989010989010989	0.9770664118490205	0.9858257684344641	0.9888517279821628	0.9611403089663959	0.9821627647714605	0.9743589743589743	0.9899665551839465	0.9571587832457398	0.9738811912724956	0.989648033126294	0.9557254339863035	0.9692626214365345	0.9979296066252588	0.9754738015607581	0.9660774008600096	0.9560439560439561	0.978659022137283	0.9853479853479854	0.9915591654722089	0.9515846472368211	0.9655996177735309	0.970218187609492	0.9950629081063863	0.9734034081860169	0.9800923713967192	0.9722885809842332	0.9536550406115624	0.9565217391304348	0.0	0.8668577799012581	0.9804108934543717	0.9751552795031055	0.9391622869883739	0.9141583054626533	0.9350215002388915	0.9812071985985029	0.9517439082656474	0.9053989488772097	0.9821627647714605	0.9468068163720338	0.9550883898709985	0.9272177098264055	0.9020544672718586	0.9060359929925147	0.9800923713967192	0.9823220258002867	0.985188724319159	0.9721293199554069	0.9552476508998248	0.9770664118490205	0.936614110527154	0.9936295588469501	0.9184583532409619	0.9444179009396401	0.9635292243987896	0.9827998088867654	0.9821627647714605	0.980570154483198	0.9606625258799172	0.9679885332059245	0.9439401178531613	0.9899665551839465	0.9907628603280777	0.9872591176939003	0.9934702978181239	0.980570154483198	0.9394808090460265	0.9741997133301481	0.9560439560439561
SRR23492524	0.94569198917025	0.9512661251791686	0.84472049689441	0.902372989329511	0.8585762064022934	0.8721133938525243	0.8708393056219144	0.8625577321229495	0.9052396878483835	0.7518713170887084	0.9222806179327918	0.8799171842650103	0.8657429526994744	0.7802197802197802	0.9369326325848065	0.8173275999362956	0.8450390189520625	0.9162286988373944	0.7469342251950948	0.959229176620481	0.8988692466953336	0.7765567765567766	0.8684503901895206	0.6935817805383023	0.84472049689441	0.956681000159261	0.989010989010989	0.7728937728937729	0.7591973244147158	0.8681318681318682	0.928173275999363	0.870043000477783	0.8679726071030419	0.9533365185539099	0.9273769708552317	0.8463131071826724	0.8442427138079311	0.7389711737537824	0.8646281254976907	0.9108138238573021	0.840261188087275	0.9288103201146679	0.7939162286988374	0.955406911928651	0.9678292721770982	0.8437649307214524	0.8862876254180602	0.8936136327440676	0.9920369485586877	0.8058608058608059	0.8948877209746775	0.9093804745978659	0.9823220258002867	0.979296066252588	0.8471094123268036	0.9735626692148431	0.9837553750597229	0.9151138716356108	0.9319955406911928	0.904284121675426	0.9273769708552317	0.8165312947921644	0.8862876254180602	0.9929925147316452	0.9804108934543717	0.8878802357063227	0.8496575887880236	0.8832616658703615	0.8896321070234113	0.955406911928651	0.8636725593247332	0.9845516802038541	0.9934702978181239	0.9861442904921166	0.9284917980570154	0.9434623347666826	0.9853479853479854	0.8940914158305463	0.9479216435738175	0.8840579710144928	0.9678292721770982	0.8222646918299092	0.915910176779742	0.9703774486383182	0.9009396400700749	0.9362955884695016	0.9944258639910813	0.9684663162924032	0.8434464086637999	0.864787386526517	0.927536231884058	0.9542920847268673	0.9863035515209428	0.8889950629081064	0.8193979933110368	0.8834209268991877	0.9934702978181239	0.9542920847268673	0.9425067685937251	0.9463290332855551	0.9307214524605829	0.8883580187928014	0.8668577799012581	0.0	0.9483994266602962	0.8407389711737537	0.8558687689122472	0.8025163242554547	0.8939321548017201	0.8897913680522376	0.8530020703933747	0.8319796145883103	0.917821309125657	0.8036311514572384	0.7278229017359452	0.8343685300207039	0.8584169453734671	0.830546265328874	0.9390030259595477	0.9335881509794554	0.9718107978977544	0.8786430960344004	0.914636088549132	0.8391463608854913	0.6813186813186813	0.9316770186335404	0.8055422838031534	0.9377289377289377	0.8883580187928014	0.9046026437330785	0.9232361841057494	0.9302436693741042	0.807931199235547	0.915910176779742	0.8609651218346871	0.9835961140308966	0.9006211180124224	0.8429686255773212	0.9093804745978659	0.887402452619844	0.7397674788979137	0.8401019270584488	0.8229017359452142
SRR23492525	0.9620958751393534	0.9506290810638637	0.9405956362478102	0.9691033604077083	0.965121834687052	0.6709667144449754	0.7494824016563147	0.8950469820035037	0.8741837872272655	0.9254658385093167	0.9734034081860169	0.6508998248128683	0.8947284599458513	0.905558209906036	0.9448956840261188	0.9280140149705367	0.872591176939003	0.6348144609014175	0.7853161331422202	0.9340659340659341	0.9321548017200191	0.905558209906036	0.9375696767001115	0.9576365663322185	0.9460105112279026	0.7757604714126454	0.693422519509476	0.9569995222169135	0.9382067208154165	0.9299251473164517	0.9190953973562669	0.917184265010352	0.9713330148112757	0.9463290332855551	0.8716356107660456	0.9233954451345756	0.9111323459149546	0.9066730371078198	0.8834209268991877	0.9339066730371078	0.9135212613473483	0.8740245261984393	0.9076286032807772	0.8451982799808887	0.9490364707756012	0.89520624303233	0.8792801401497053	0.8810320114667941	0.94696607740086	0.9189361363274406	0.8907469342251951	0.9194139194139194	0.9106545628284759	0.872591176939003	0.8472686733556298	0.9254658385093167	0.9558846950151298	0.8904284121675426	0.8810320114667941	0.7126931039974518	0.8144609014174231	0.89775441949355	0.8393056219143176	0.9235547061634019	0.9496735148909062	0.9213250517598344	0.9167064819238733	0.8136645962732919	0.8924988055422838	0.9114508679726071	0.9240324892498806	0.9092212135690396	0.9302436693741042	0.6481923873228221	0.8918617614269788	0.9001433349259437	0.9671922280617933	0.774964166268514	0.8888358018792801	0.6493072145246058	0.6005733397037745	0.9104953017996497	0.9065137760789934	0.9106545628284759	0.7048893135849658	0.8781653129479217	0.9542920847268673	0.8037904124860646	0.8803949673514891	0.7953495779582737	0.9254658385093167	0.8174868609651218	0.7900939640070075	0.9218028348463131	0.5110686415034241	0.7685937251154642	0.6935817805383023	0.8580984233158147	0.863513298295907	0.9015766841853798	0.9609810479375697	0.9205287466157032	0.9804108934543717	0.9483994266602962	0.0	0.939799331103679	0.9162286988373944	0.9657588788023571	0.9483994266602962	0.9017359452142061	0.9151138716356108	0.9681477942347507	0.9313584965758879	0.8692466953336518	0.895843287147635	0.7582417582417582	0.9280140149705367	0.9466475553432075	0.9730848861283644	0.9850294632903328	0.9576365663322185	0.6813186813186813	0.8998248128682911	0.694059563624781	0.9052396878483835	0.693422519509476	0.9163879598662207	0.692785475394171	0.9109730848861284	0.9375696767001115	0.9071508201942985	0.6937410415671286	0.9383659818442427	0.817646121993948	0.9101767797419972	0.9483994266602962	0.906832298136646	0.939799331103679	0.824653607262303	0.8480649784997611	0.9426660296225514	0.955406911928651	0.8541168975951585
SRR23492530	0.8851727982162765	0.9804108934543717	0.9662366618888358	0.9262621436534481	0.9730848861283644	0.9523809523809523	0.9611403089663959	0.9517439082656474	0.9022137283006848	0.9514253862079949	0.9880554228380315	0.94696607740086	0.9474438604873388	0.9374104156712852	0.9769071508201943	0.9665551839464883	0.9057174709348622	0.9654403567447045	0.9267399267399268	0.9691033604077083	0.9536550406115624	0.8939321548017201	0.9577958273610447	0.9636884854276159	0.9657588788023571	0.9593884376493073	0.9923554706163402	0.8714763497372193	0.9230769230769231	0.9694218824653608	0.9536550406115624	0.9557254339863035	0.9700589265806657	0.9487179487179487	0.8760949195731804	0.922439878961618	0.9560439560439561	0.9499920369485587	0.9294473642299729	0.9519031692944736	0.9507883420926899	0.9318362796623666	0.9461697722567288	0.9649625736582258	0.977384933906673	0.9221213569039656	0.9506290810638637	0.9464882943143813	0.9904443382704252	0.9565217391304348	0.9646440516005733	0.9558846950151298	0.9082656473960822	0.9684663162924032	0.8260869565217391	0.7523491001751871	0.9627329192546584	0.8002866698518872	0.8985507246376812	0.9568402611880873	0.8966395922917662	0.9351807612677178	0.9089026915113871	0.9608217869087434	0.9552476508998248	0.928173275999363	0.9487179487179487	0.8840579710144928	0.9875776397515528	0.9350215002388915	0.8627169931517757	0.9452142060837713	0.9635292243987896	0.9789775441949355	0.9663959229176621	0.9517439082656474	0.9843924191750278	0.8689281732759994	0.9526994744386049	0.9640070074852684	0.9340659340659341	0.9187768752986144	0.8948877209746775	0.9401178531613315	0.9276954929128842	0.8386685777990126	0.9627329192546584	0.945054945054945	0.8313425704730053	0.8827838827838828	0.9458512501990762	0.9103360407708234	0.957955088389871	0.9560439560439561	0.8101608536391145	0.9525402134097787	0.9767478897913681	0.967670011148272	0.8442427138079311	0.8636725593247332	0.9434623347666826	0.8264054785793916	0.9751552795031055	0.8407389711737537	0.939799331103679	0.0	0.9528587354674312	0.9636884854276159	0.9888517279821628	0.8074534161490683	0.7870680044593088	0.9116101290014333	0.9719700589265806	0.9337474120082816	0.8752986144290492	0.9339066730371078	0.9313584965758879	0.9571587832457398	0.9769071508201943	0.9679885332059245	0.9831183309444179	0.9200509635292244	0.9060359929925147	0.812390508042682	0.9808886765408504	0.978659022137283	0.8310240484153527	0.979933110367893	0.7088708393056219	0.8475871954132824	0.8869246695333652	0.9687848383500557	0.8287943940117853	0.912724956203217	0.8229017359452142	0.9901258162127727	0.9740404523013219	0.7091893613632744	0.8236980410893454	0.8748208313425705	0.9655996177735309	0.8972766364070712	0.7572861920688008
SRR23492531	0.8942506768593725	0.9654403567447045	0.934702978181239	0.9318362796623666	0.9053989488772097	0.9138397834050008	0.8590539894887721	0.8346870520783565	0.8729096989966555	0.8587354674311196	0.9417104634495939	0.9175027870680045	0.8377130116260552	0.8636725593247332	0.9077878643096035	0.8130275521579869	0.8356426182513139	0.939799331103679	0.7947125338429686	0.8867654085045389	0.8066571110049371	0.7789456919891703	0.7767160375856028	0.7588788023570632	0.7419971333014811	0.8146201624462494	0.9847109412326803	0.8850135371874502	0.7311673833412964	0.8139831183309444	0.7174709348622392	0.8063385889472846	0.9058767319636885	0.8901098901098901	0.7877050485746138	0.8737060041407867	0.7883420926899187	0.8362796623666189	0.8308647873865265	0.8297499601847428	0.7037744863831821	0.8563465519987259	0.7413600891861761	0.905558209906036	0.9038063385889473	0.8558687689122472	0.7435897435897436	0.7945532728141423	0.9770664118490205	0.682433508520465	0.8553909858257684	0.8342092689918776	0.9262621436534481	0.9319955406911928	0.8189202102245581	0.884217232043319	0.9141583054626533	0.8343685300207039	0.8795986622073578	0.8588947284599459	0.7584010192705845	0.6778149386845039	0.7620640229335881	0.9369326325848065	0.9444179009396401	0.8294314381270903	0.8319796145883103	0.8190794712533843	0.8896321070234113	0.9205287466157032	0.8459945851250199	0.915273132664437	0.9472845994585125	0.9541328236980411	0.870043000477783	0.8620799490364708	0.9692626214365345	0.8533205924510272	0.9284917980570154	0.7837235228539576	0.8972766364070712	0.7560121038381908	0.8788023570632266	0.9420289855072463	0.7587195413282369	0.8756171364867017	0.9221213569039656	0.8834209268991877	0.8439241917502787	0.7791049530179965	0.84472049689441	0.8939321548017201	0.9195731804427456	0.7942347507564899	0.8585762064022934	0.9160694378085682	0.989648033126294	0.9490364707756012	0.9144768275203058	0.9014174231565536	0.9093804745978659	0.8308647873865265	0.9391622869883739	0.8558687689122472	0.9162286988373944	0.9528587354674312	0.0	0.8120719859850295	0.9509476031215162	0.9184583532409619	0.8045867176301958	0.8273610447523491	0.977384933906673	0.7392896958114349	0.7232043318999841	0.7456601369644847	0.8039496735148909	0.7556935817805382	0.9562032170727823	0.9667144449753146	0.957318044274566	0.9362955884695016	0.7504379678292722	0.8477464564421087	0.8579391622869884	0.9859850294632904	0.7888198757763976	0.9498327759197325	0.8512501990762861	0.9167064819238733	0.8961618092052874	0.9743589743589743	0.8394648829431438	0.8695652173913043	0.8733874820831342	0.9678292721770982	0.9730848861283644	0.8913839783405001	0.9270584487975793	0.89265806657111	0.8450390189520625	0.9017359452142061	0.864787386526517
SRR23492532	0.935977066411849	0.8458353240961937	0.8665392578436056	0.9167064819238733	0.8655836916706482	0.903010033444816	0.8596910336040771	0.7126931039974518	0.9307214524605829	0.682433508520465	0.9182990922121357	0.8404204491161013	0.8348463131071827	0.7058448797579232	0.9327918458353242	0.7139671922280618	0.8749800923713967	0.9272177098264055	0.7767160375856028	0.9687848383500557	0.8315018315018315	0.8028348463131072	0.8549132027392897	0.6289218028348463	0.7741678611243829	0.9463290332855551	0.9880554228380315	0.7778308647873865	0.7509157509157509	0.7808568243350852	0.8407389711737537	0.864150342411212	0.6755852842809364	0.9350215002388915	0.9383659818442427	0.9103360407708234	0.8107978977544195	0.8623984710941233	0.8815097945532728	0.9033285555024686	0.8453575410097149	0.9544513457556936	0.7918458353240962	0.9585921325051759	0.9622551361681796	0.9394808090460265	0.8921802834846313	0.863513298295907	0.9949036470775601	0.8459945851250199	0.9202102245580507	0.9004618569835962	0.9898072941551203	0.989648033126294	0.9017359452142061	0.9783405000796305	0.9888517279821628	0.9667144449753146	0.9754738015607581	0.7963051441312311	0.9490364707756012	0.799490364707756	0.8888358018792801	0.9898072941551203	0.9875776397515528	0.7308488612836439	0.8724319159101768	0.8987099856665074	0.9636884854276159	0.9823220258002867	0.9052396878483835	0.9835961140308966	0.9875776397515528	0.9912406434145564	0.9512661251791686	0.9719700589265806	0.9874183787227265	0.9192546583850931	0.9662366618888358	0.9697404045230132	0.9878961618092053	0.9046026437330785	0.9444179009396401	0.9835961140308966	0.8061793279184584	0.950151297977385	0.9904443382704252	0.9654403567447045	0.9369326325848065	0.8536391145086797	0.9659181398311834	0.9705367096671444	0.9802516324255455	0.8826246217550565	0.957955088389871	0.8582576843446409	0.9907628603280777	0.89775441949355	0.9641662685140946	0.9611403089663959	0.9331103678929766	0.9057174709348622	0.9141583054626533	0.8025163242554547	0.9657588788023571	0.9636884854276159	0.8120719859850295	0.0	0.7765567765567766	0.9856665074056379	0.9272177098264055	0.7814938684503902	0.9600254817646122	0.8311833094441791	0.9245102723363593	0.7193820672081541	0.9100175187131709	0.7892976588628763	0.89265806657111	0.9644847905717471	0.9789775441949355	0.9254658385093167	0.8703615225354355	0.9741997133301481	0.745182353878006	0.9751552795031055	0.8749800923713967	0.928173275999363	0.9304029304029304	0.9698996655518395	0.9732441471571907	0.9627329192546584	0.935340022296544	0.9511068641503424	0.9229176620480968	0.9904443382704252	0.94696607740086	0.9667144449753146	0.9912406434145564	0.9595476986781335	0.8451982799808887	0.9468068163720338	0.8284758719541329
SRR23492534	0.9493549928332538	0.9264214046822743	0.8547539417104635	0.9307214524605829	0.8733874820831342	0.8279980888676541	0.8901098901098901	0.8619206880076445	0.9681477942347507	0.7786271699315177	0.914636088549132	0.8913839783405001	0.8856505813027552	0.7728937728937729	0.9595476986781335	0.7711419015766842	0.9219620958751393	0.9259436215957955	0.7986940595636248	0.9202102245580507	0.8886765408504539	0.9369326325848065	0.9440993788819876	0.7601528905876732	0.8313425704730053	0.9821627647714605	0.9663959229176621	0.78786430960344	0.78913839783405	0.9087434304825609	0.9659181398311834	0.955406911928651	0.7504379678292722	0.9313584965758879	0.9402771141901577	0.9445771619684663	0.9192546583850931	0.9007803790412486	0.9087434304825609	0.9571587832457398	0.8150979455327282	0.9800923713967192	0.894569198917025	0.9589106545628284	0.9837553750597229	0.9162286988373944	0.9058767319636885	0.9463290332855551	0.9937888198757764	0.9415512024207676	0.954769867813346	0.9448956840261188	0.9797738493390667	0.9627329192546584	0.8713170887083931	0.9488772097467749	0.998088867654085	0.9663959229176621	0.9810479375696767	0.8939321548017201	0.9657588788023571	0.8343685300207039	0.9291288421723204	0.9992036948558688	0.9966555183946488	0.8901098901098901	0.9017359452142061	0.9399585921325052	0.9404363752189839	0.9829590699155917	0.9305621914317567	0.9855072463768116	0.999362955884695	0.9635292243987896	0.967670011148272	0.9716515368689281	0.9898072941551203	0.8786430960344004	0.9807294155120242	0.9581143494186972	0.9589106545628284	0.8190794712533843	0.9388437649307214	0.9788182831661093	0.8850135371874502	0.9324733237776716	0.9988851727982163	0.9487179487179487	0.9445771619684663	0.7865902213728301	0.9915591654722089	0.94951425386208	0.9636884854276159	0.9039655996177736	0.9461697722567288	0.8921802834846313	0.9673514890906195	0.9004618569835962	0.970218187609492	0.9662366618888358	0.9842331581462016	0.9684663162924032	0.9350215002388915	0.8939321548017201	0.9483994266602962	0.9888517279821628	0.9509476031215162	0.7765567765567766	0.0	0.9483994266602962	0.965121834687052	0.8948877209746775	0.9038063385889473	0.8846950151297978	0.9638477464564421	0.8381907947125339	0.9445771619684663	0.9684663162924032	0.9485586876891224	0.9444179009396401	0.9304029304029304	0.9318362796623666	0.9640070074852684	0.9175027870680045	0.7900939640070075	0.9655996177735309	0.9278547539417105	0.9640070074852684	0.9354992833253702	0.9807294155120242	0.9440993788819876	0.9089026915113871	0.9571587832457398	0.7854753941710464	0.9474438604873388	0.9775441949354993	0.9358178053830227	0.9923554706163402	0.9917184265010351	0.9361363274406753	0.8477464564421087	0.9525402134097787	0.939799331103679
SRR23492545	0.9560439560439561	0.9710144927536232	0.9706959706959707	0.9888517279821628	0.9748367574454531	0.9076286032807772	0.9374104156712852	0.9593884376493073	0.8307055263577002	0.9362955884695016	0.980570154483198	0.9319955406911928	0.9620958751393534	0.9503105590062112	0.9810479375696767	0.967670011148272	0.9327918458353242	0.9405956362478102	0.9173435260391782	0.8818283166109253	0.9154323936932632	0.926899187768753	0.9377289377289377	0.9815257206561554	0.9514253862079949	0.9144768275203058	0.9727663640707119	0.9006211180124224	0.8917025003981526	0.7967829272177098	0.9487179487179487	0.9563624781016086	0.9831183309444179	0.9436215957955089	0.8644688644688645	0.9326325848064978	0.9348622392100653	0.7746456442108616	0.9104953017996497	0.7095078834209269	0.8381907947125339	0.8714763497372193	0.7971014492753623	0.9304029304029304	0.959229176620481	0.871954132823698	0.9265806657111005	0.6974040452301322	0.9835961140308966	0.9213250517598344	0.7513935340022296	0.9323140627488453	0.9448956840261188	0.9512661251791686	0.853161331422201	0.9047619047619048	0.9713330148112757	0.8799171842650103	0.9294473642299729	0.935977066411849	0.8888358018792801	0.8695652173913043	0.849976110845676	0.9878961618092053	0.9582736104475235	0.8365981844242714	0.8800764452938366	0.7744863831820353	0.9622551361681796	0.9031692944736422	0.8404204491161013	0.9628921802834847	0.9856665074056379	0.9440993788819876	0.9434623347666826	0.9342251950947603	0.9800923713967192	0.8741837872272655	0.945054945054945	0.9364548494983278	0.917184265010352	0.8630355152094282	0.8595317725752508	0.9436215957955089	0.8146201624462494	0.8265647396082179	0.9796145883102405	0.9022137283006848	0.6747889791368052	0.7864309603440038	0.8563465519987259	0.894569198917025	0.9409141583054627	0.7639751552795031	0.768434464086638	0.9520624303232998	0.9724478420130594	0.9582736104475235	0.8431278866061475	0.9109730848861284	0.9557254339863035	0.9284917980570154	0.9812071985985029	0.8897913680522376	0.9017359452142061	0.8074534161490683	0.9184583532409619	0.9856665074056379	0.9483994266602962	0.0	0.8601688166905558	0.967670011148272	0.9697404045230132	0.7498009237139672	0.865424430641822	0.9448956840261188	0.9251473164516643	0.9611403089663959	0.9848702022615066	0.989010989010989	0.970218187609492	0.9453734671125975	0.8974358974358975	0.7730530339225992	0.9576365663322185	0.9757923236184106	0.9128842172320433	0.9734034081860169	0.9329511068641504	0.8638318203535594	0.8174868609651218	0.969581143494187	0.8367574454530976	0.8563465519987259	0.8851727982162765	0.9794553272814143	0.9652810957158783	0.8631947762382545	0.8119127249562033	0.8517279821627648	0.9635292243987896	0.9557254339863035	0.8115942028985508
SRR23492546	0.8674948240165632	0.9741997133301481	0.9530179964962574	0.9571587832457398	0.9428252906513777	0.8858098423315814	0.8485427615862399	0.907469342251951	0.8776875298614429	0.8778467908902692	0.9089026915113871	0.9292881032011466	0.8947284599458513	0.8748208313425705	0.9348622392100653	0.8345277910495302	0.8260869565217391	0.9412326803631151	0.917184265010352	0.8904284121675426	0.8963210702341137	0.8284758719541329	0.8458353240961937	0.9066730371078198	0.8442427138079311	0.8711578276795668	0.9837553750597229	0.8931358496575887	0.8084089823220258	0.9304029304029304	0.8686096512183469	0.8870839305621915	0.9001433349259437	0.9329511068641504	0.8319796145883103	0.8840579710144928	0.8760949195731804	0.8791208791208791	0.9012581621277274	0.873865265169613	0.7735308170090779	0.862239210065297	0.8014014970536709	0.9321548017200191	0.9546106067845198	0.8491798057015448	0.8553909858257684	0.8510909380474598	0.9759515846472369	0.7714604236343366	0.9114508679726071	0.8356426182513139	0.9509476031215162	0.9624143971970059	0.7814938684503902	0.9447364229972925	0.9600254817646122	0.8184424271380794	0.902372989329511	0.9001433349259437	0.812390508042682	0.8302277432712215	0.7778308647873865	0.9726071030418857	0.9644847905717471	0.841535276317885	0.8748208313425705	0.7533046663481446	0.9655996177735309	0.9296066252587992	0.8496575887880236	0.9652810957158783	0.9722885809842332	0.9546106067845198	0.939799331103679	0.8982322025800287	0.970218187609492	0.8174868609651218	0.9370918936136328	0.8821468386685778	0.9270584487975793	0.8179646440516005	0.8735467431119605	0.9402771141901577	0.871954132823698	0.8665392578436056	0.9593884376493073	0.9440993788819876	0.8233795190316929	0.7910495301799649	0.9211657907310081	0.9149546106067845	0.9464882943143813	0.8918617614269788	0.8463131071826724	0.9468068163720338	0.9875776397515528	0.9601847427934385	0.8644688644688645	0.8660614747571269	0.9418697244784201	0.8530020703933747	0.9517439082656474	0.8530020703933747	0.9151138716356108	0.7870680044593088	0.8045867176301958	0.9272177098264055	0.965121834687052	0.8601688166905558	0.0	0.8799171842650103	0.9609810479375697	0.8369167064819238	0.8442427138079311	0.8778467908902692	0.9018952062430323	0.9343844561235866	0.9708552317247969	0.9606625258799172	0.9705367096671444	0.8815097945532728	0.8924988055422838	0.8031533683707597	0.9101767797419972	0.9738811912724956	0.5991399904443383	0.9847109412326803	0.812390508042682	0.9496735148909062	0.8802357063226628	0.9555661729574773	0.5827361044752349	0.8768912247173116	0.6583850931677019	0.9746774964166268	0.9525402134097787	0.7980570154483198	0.9168657429526995	0.9117693900302596	0.8471094123268036	0.9006211180124224	0.7900939640070075
SRR23492547	0.9391622869883739	0.9652810957158783	0.9133620003185221	0.9326325848064978	0.9390030259595477	0.9100175187131709	0.8630355152094282	0.8002866698518872	0.9390030259595477	0.7961458831024049	0.9238732282210543	0.9417104634495939	0.8017200191113235	0.8748208313425705	0.9546106067845198	0.8029941073419334	0.8037904124860646	0.9195731804427456	0.872591176939003	0.9724478420130594	0.8636725593247332	0.821468386685778	0.799490364707756	0.7407230450708712	0.7606306736741519	0.988373944895684	0.9861442904921166	0.7908902691511387	0.8652651696129957	0.7950310559006211	0.8088867654085046	0.800764452938366	0.8160535117056856	0.9616180920528746	0.9418697244784201	0.8996655518394648	0.7762382544991241	0.9380474597865902	0.9278547539417105	0.9235547061634019	0.8679726071030419	0.9480809046026437	0.936614110527154	0.9308807134894092	0.979933110367893	0.9464882943143813	0.8549132027392897	0.8920210224558051	0.9875776397515528	0.8705207835642619	0.9144768275203058	0.8988692466953336	0.9953814301640389	0.924351011307533	0.8679726071030419	0.9463290332855551	0.988373944895684	0.8818283166109253	0.8955247650899825	0.9007803790412486	0.9315177576047141	0.7837235228539576	0.8600095556617295	0.9874183787227265	0.9934702978181239	0.8901098901098901	0.8999840738971173	0.9116101290014333	0.9652810957158783	0.9735626692148431	0.8268832616658703	0.9684663162924032	0.9977703455964325	0.980570154483198	0.9748367574454531	0.9759515846472369	0.9863035515209428	0.8729096989966555	0.9745182353878006	0.9496735148909062	0.9644847905717471	0.9444179009396401	0.967032967032967	0.9810479375696767	0.9240324892498806	0.955406911928651	0.9966555183946488	0.9324733237776716	0.939799331103679	0.9240324892498806	0.9496735148909062	0.9745182353878006	0.9745182353878006	0.9477623825449912	0.9643255295429208	0.9267399267399268	0.9886924669533366	0.9730848861283644	0.9777034559643255	0.9120879120879121	0.912724956203217	0.8322981366459627	0.9053989488772097	0.8319796145883103	0.9681477942347507	0.9116101290014333	0.8273610447523491	0.7814938684503902	0.8948877209746775	0.967670011148272	0.8799171842650103	0.0	0.9565217391304348	0.9286510590858417	0.9461697722567288	0.7765567765567766	0.8369167064819238	0.8335722248765727	0.9842331581462016	0.9772256728778468	0.9144768275203058	0.9044433827042523	0.8979136805223762	0.9189361363274406	0.9149546106067845	0.9899665551839465	0.8127090301003345	0.9380474597865902	0.8295906991559165	0.9590699155916548	0.9749960184742793	0.9542920847268673	0.8566650740563784	0.9331103678929766	0.8686096512183469	0.987099856665074	0.9740404523013219	0.9558846950151298	0.985188724319159	0.9036470775601211	0.9173435260391782	0.8980729415512024	0.8967988533205925
SRR23492549	0.9335881509794554	0.9628921802834847	0.7759197324414716	0.8808727504379679	0.8875617136486702	0.8979136805223762	0.8737060041407867	0.9018952062430323	0.9820035037426342	0.9141583054626533	0.9382067208154165	0.8831024048415352	0.8765727026596591	0.9184583532409619	0.9770664118490205	0.9304029304029304	0.968944099378882	0.9289695811434941	0.8623984710941233	0.9850294632903328	0.9708552317247969	0.9168657429526995	0.9740404523013219	0.8966395922917662	0.9839146360885491	0.9880554228380315	0.9445771619684663	0.9675107501194458	0.9517439082656474	0.937251154642459	0.9872591176939003	0.979296066252588	0.915273132664437	0.9840738971173754	0.9737219302436694	0.9697404045230132	0.9753145405319318	0.9184583532409619	0.895843287147635	0.9875776397515528	0.9533365185539099	0.9864628125497691	0.9340659340659341	0.9511068641503424	0.9861442904921166	0.9326325848064978	0.9394808090460265	0.9740404523013219	0.9947443860487338	0.9853479853479854	0.9745182353878006	0.9810479375696767	0.9987259117693901	0.9628921802834847	0.9189361363274406	0.9643255295429208	0.9985666507405638	0.9746774964166268	0.9864628125497691	0.9628921802834847	0.9826405478579392	0.9562032170727823	0.9835961140308966	0.9992036948558688	0.9936295588469501	0.9433030737378564	0.9569995222169135	0.9611403089663959	0.9386845039018952	0.9864628125497691	0.979933110367893	0.9863035515209428	1.0	0.9399585921325052	0.9829590699155917	0.977384933906673	0.9950629081063863	0.9765886287625418	0.9893295110686415	0.9305621914317567	0.9421882465360726	0.9863035515209428	0.978021978021978	0.9765886287625418	0.9237139671922281	0.9369326325848065	0.9968147794234751	0.9253065774804905	0.9816849816849816	0.9369326325848065	0.99745182353878	0.9343844561235866	0.9377289377289377	0.9788182831661093	0.9321548017200191	0.757445453097627	0.9304029304029304	0.9190953973562669	0.9925147316451665	0.9710144927536232	0.9910813823857302	0.9826405478579392	0.9821627647714605	0.917821309125657	0.9313584965758879	0.9719700589265806	0.977384933906673	0.9600254817646122	0.9038063385889473	0.9697404045230132	0.9609810479375697	0.9565217391304348	0.0	0.9288103201146679	0.9730848861283644	0.9659181398311834	0.9640070074852684	0.9124064341455645	0.802038541168976	0.8936136327440676	0.9284917980570154	0.8808727504379679	0.9429845516802039	0.930084408345278	0.8655836916706482	0.9176620480968307	0.9464882943143813	0.9412326803631151	0.9230769230769231	0.9749960184742793	0.9253065774804905	0.8631947762382545	0.9444179009396401	0.9872591176939003	0.9716515368689281	0.9800923713967192	0.7956681000159261	0.9925147316451665	0.9953814301640389	0.9534957795827361	0.8808727504379679	0.9370918936136328	0.9542920847268673
SRR23492550	0.9329511068641504	0.9211657907310081	0.8789616180920529	0.9383659818442427	0.8878802357063227	0.8920210224558051	0.8315018315018315	0.8819875776397516	0.8125497690715082	0.8241758241758241	0.9380474597865902	0.7716196846631629	0.8694059563624781	0.8678133460742157	0.9431438127090301	0.7650899824812868	0.9245102723363593	0.8980729415512024	0.664277751234273	0.8837394489568403	0.7966236661888836	0.7998088867654085	0.8507724159898072	0.7900939640070075	0.8343685300207039	0.8754578754578755	0.9503105590062112	0.8792801401497053	0.7163561076604554	0.7536231884057971	0.8090460264373308	0.8592132505175983	0.9496735148909062	0.8878802357063227	0.8256091734352604	0.9095397356266921	0.8103201146679407	0.6475553432075172	0.8093645484949833	0.6759038063385889	0.6802038541168975	0.8262462175505654	0.5926102882624622	0.9053989488772097	0.9120879120879121	0.849976110845676	0.7896161809205288	0.6751075011944577	0.9770664118490205	0.7271858576206403	0.7066411849020545	0.8717948717948718	0.9534957795827361	0.9380474597865902	0.8315018315018315	0.8875617136486702	0.9644847905717471	0.9096989966555183	0.9483994266602962	0.7415193502150024	0.8773690078037905	0.7619047619047619	0.769708552317248	0.9735626692148431	0.9565217391304348	0.7316451664277751	0.7733715559802516	0.7308488612836439	0.8297499601847428	0.9240324892498806	0.7453416149068323	0.9485586876891224	0.9714922758401019	0.9206880076445294	0.8762541806020067	0.917821309125657	0.9565217391304348	0.8439241917502787	0.9230769230769231	0.812390508042682	0.9143175664914795	0.5937251154642459	0.8620799490364708	0.937888198757764	0.6504220417263895	0.7951903169294474	0.9668737060041408	0.8480649784997611	0.8138238573021181	0.702500398152572	0.7754419493549929	0.8729096989966555	0.9012581621277274	0.5612358655836917	0.7791049530179965	0.8894728459945851	0.9315177576047141	0.8711578276795668	0.8493390667303711	0.8928173275999363	0.9186176142697882	0.8821468386685778	0.9468068163720338	0.8036311514572384	0.8692466953336518	0.9337474120082816	0.7392896958114349	0.8311833094441791	0.8846950151297978	0.7498009237139672	0.8369167064819238	0.9286510590858417	0.9288103201146679	0.0	0.7015448319796146	0.8337314859053989	0.8367574454530976	0.8856505813027552	0.9345437171524128	0.9668737060041408	0.9485586876891224	0.9085841694537347	0.8345277910495302	0.8346870520783565	0.7956681000159261	0.9523809523809523	0.8381907947125339	0.9262621436534481	0.8741837872272655	0.9522216913521261	0.7220895046982003	0.9292881032011466	0.800127408823061	0.8652651696129957	0.8781653129479217	0.9585921325051759	0.9214843127886606	0.89265806657111	0.9248287943940118	0.9321548017200191	0.8354833572224877	0.9090619525402134	0.8448797579232362
SRR23492551	0.9329511068641504	0.9605032648510909	0.9595476986781335	0.957318044274566	0.9136805223761746	0.917821309125657	0.9106545628284759	0.94569198917025	0.8940914158305463	0.9248287943940118	0.9611403089663959	0.925625099538143	0.926899187768753	0.89775441949355	0.9498327759197325	0.8668577799012581	0.9280140149705367	0.9437808568243351	0.7676381589425068	0.9198917025003982	0.9073100812231247	0.8416945373467113	0.906832298136646	0.7810160853639114	0.8740245261984393	0.8993470297818124	0.982481286829113	0.8760949195731804	0.7553750597228858	0.9480809046026437	0.8466316292403249	0.8929765886287625	0.9538143016403886	0.9472845994585125	0.8655836916706482	0.8975951584647237	0.8694059563624781	0.8359611403089664	0.8311833094441791	0.8864468864468864	0.7848383500557413	0.9038063385889473	0.807294155120242	0.9455327281414238	0.9531772575250836	0.8869246695333652	0.8327759197324415	0.874502309284918	0.9679885332059245	0.7757604714126454	0.8995062908106386	0.8995062908106386	0.9648033126293996	0.9652810957158783	0.8604873387482083	0.9496735148909062	0.9778627169931517	0.8746615703137443	0.94951425386208	0.8759356585443542	0.8631947762382545	0.7838827838827839	0.8178053830227743	0.9858257684344641	0.9640070074852684	0.8682911291606944	0.8791208791208791	0.8405797101449275	0.8816690555820991	0.9560439560439561	0.8576206402293359	0.9617773530817009	0.9820035037426342	0.9673514890906195	0.8894728459945851	0.9245102723363593	0.9751552795031055	0.8964803312629399	0.9351807612677178	0.842809364548495	0.9506290810638637	0.7404045230132187	0.855072463768116	0.9528587354674312	0.8130275521579869	0.8991877687529861	0.9826405478579392	0.9370918936136328	0.8491798057015448	0.7649307214524605	0.89265806657111	0.9297658862876255	0.94824016563147	0.8466316292403249	0.7513935340022296	0.9173435260391782	0.9837553750597229	0.950151297977385	0.89520624303233	0.8687689122471731	0.9423475075648988	0.8807134894091416	0.9550883898709985	0.7278229017359452	0.895843287147635	0.8752986144290492	0.7232043318999841	0.9245102723363593	0.9638477464564421	0.865424430641822	0.8442427138079311	0.9461697722567288	0.9730848861283644	0.7015448319796146	0.0	0.8537983755375059	0.8437649307214524	0.8224239528587355	0.9740404523013219	0.9808886765408504	0.9756330625895844	0.9511068641503424	0.7603121516164995	0.8365981844242714	0.84217232043319	0.9875776397515528	0.79041248606466	0.9697404045230132	0.8921802834846313	0.9071508201942985	0.8557095078834209	0.9788182831661093	0.8493390667303711	0.9162286988373944	0.8741837872272655	0.9692626214365345	0.9788182831661093	0.8276795668100015	0.8995062908106386	0.882943143812709	0.8791208791208791	0.9117693900302596	0.8342092689918776
SRR23492553	0.9388437649307214	0.957318044274566	0.914636088549132	0.9340659340659341	0.8662207357859532	0.9377289377289377	0.8679726071030419	0.7861124382863514	0.8827838827838828	0.7310081223124701	0.9108138238573021	0.9297658862876255	0.8448797579232362	0.7983755375059723	0.9536550406115624	0.7631788501353719	0.8432871476349737	0.9611403089663959	0.8168498168498168	0.9571587832457398	0.8332537028189202	0.7883420926899187	0.7974199713330148	0.6956521739130435	0.6896002548176461	0.7763975155279503	0.9925147316451665	0.8122312470138557	0.7510750119445772	0.8343685300207039	0.7803790412486065	0.8482242395285874	0.7733715559802516	0.9571587832457398	0.8493390667303711	0.8856505813027552	0.8595317725752508	0.8303870043000477	0.9106545628284759	0.8780060519190954	0.7829272177098264	0.9006211180124224	0.8612836438923396	0.9511068641503424	0.9616180920528746	0.8671763019589106	0.8541168975951585	0.8144609014174231	0.9915591654722089	0.7553750597228858	0.8851727982162765	0.8681318681318682	0.9855072463768116	0.9872591176939003	0.7996496257365823	0.9681477942347507	0.9646440516005733	0.8991877687529861	0.9399585921325052	0.7459786590221373	0.8327759197324415	0.7668418537983756	0.7529861442904922	0.9807294155120242	0.9840738971173754	0.8264054785793916	0.8424908424908425	0.8014014970536709	0.9323140627488453	0.9511068641503424	0.8947284599458513	0.9788182831661093	0.9882146838668577	0.9831183309444179	0.9296066252587992	0.9558846950151298	0.9840738971173754	0.8477464564421087	0.9485586876891224	0.9205287466157032	0.9743589743589743	0.8206720815416467	0.8967988533205925	0.9762701067048893	0.8756171364867017	0.9289695811434941	0.9821627647714605	0.9585921325051759	0.8714763497372193	0.8429686255773212	0.8985507246376812	0.9308807134894092	0.9694218824653608	0.883580187928014	0.7889791368052238	0.9310399745182354	0.9934702978181239	0.9433030737378564	0.8904284121675426	0.9095397356266921	0.9340659340659341	0.8636725593247332	0.9272177098264055	0.8343685300207039	0.7582417582417582	0.9339066730371078	0.7456601369644847	0.7193820672081541	0.8381907947125339	0.9448956840261188	0.8778467908902692	0.7765567765567766	0.9659181398311834	0.8337314859053989	0.8537983755375059	0.0	0.9047619047619048	0.855072463768116	0.9606625258799172	0.9413919413919414	0.9837553750597229	0.9079471253384297	0.8711578276795668	0.8522057652492435	0.8096830705526358	0.9920369485586877	0.862876254180602	0.9686255773212294	0.9147953495779583	0.968307055263577	0.9354992833253702	0.9726071030418857	0.9073100812231247	0.840261188087275	0.9374104156712852	0.9796145883102405	0.9641662685140946	0.927536231884058	0.9198917025003982	0.8765727026596591	0.8722726548813505	0.9245102723363593	0.8358018792801402
SRR23492554	0.9229176620480968	0.957318044274566	0.9246695333651855	0.9358178053830227	0.9421882465360726	0.8988692466953336	0.8800764452938366	0.9225991399904443	0.9006211180124224	0.8929765886287625	0.9308807134894092	0.9015766841853798	0.9014174231565536	0.875139353400223	0.9050804268195572	0.8888358018792801	0.8651059085841695	0.9235547061634019	0.8181239050804269	0.9203694855868769	0.8821468386685778	0.8453575410097149	0.7854753941710464	0.8944099378881988	0.9022137283006848	0.9198917025003982	0.9821627647714605	0.871954132823698	0.8651059085841695	0.8630355152094282	0.8921802834846313	0.860328077719382	0.9310399745182354	0.8052237617455009	0.870043000477783	0.9163879598662207	0.8991877687529861	0.8899506290810638	0.8119127249562033	0.8832616658703615	0.8418537983755375	0.9009396400700749	0.8625577321229495	0.9066730371078198	0.916547220895047	0.9138397834050008	0.8453575410097149	0.8924988055422838	0.980570154483198	0.8319796145883103	0.907469342251951	0.9007803790412486	0.9517439082656474	0.895843287147635	0.8880394967351489	0.8413760152890588	0.8474279343844561	0.8616021659499921	0.8502946329033285	0.8924988055422838	0.873865265169613	0.7361044752349101	0.8477464564421087	0.9729256250995382	0.925625099538143	0.8869246695333652	0.8990285077241599	0.8590539894887721	0.9533365185539099	0.8991877687529861	0.7964644051600573	0.9214843127886606	0.9654403567447045	0.9622551361681796	0.8859691033604077	0.927536231884058	0.9708552317247969	0.8937728937728938	0.822742474916388	0.9063545150501672	0.9010989010989011	0.8816690555820991	0.9039655996177736	0.925625099538143	0.8388278388278388	0.8928173275999363	0.939799331103679	0.8795986622073578	0.8788023570632266	0.8173275999362956	0.9057174709348622	0.9160694378085682	0.9445771619684663	0.8445612358655837	0.9096989966555183	0.8920210224558051	0.9815257206561554	0.9439401178531613	0.872591176939003	0.862239210065297	0.8760949195731804	0.8429686255773212	0.9020544672718586	0.8584169453734671	0.9280140149705367	0.9313584965758879	0.8039496735148909	0.9100175187131709	0.9445771619684663	0.9251473164516643	0.9018952062430323	0.8369167064819238	0.9640070074852684	0.8367574454530976	0.8437649307214524	0.9047619047619048	0.0	0.7679566810001592	0.9746774964166268	0.9730848861283644	0.8909061952540214	0.9391622869883739	0.8549132027392897	0.871954132823698	0.9280140149705367	0.9813664596273292	0.8631947762382545	0.9262621436534481	0.8203535594839942	0.8576206402293359	0.9466475553432075	0.928173275999363	0.8909061952540214	0.9052396878483835	0.9098582576843447	0.9485586876891224	0.9624143971970059	0.9431438127090301	0.9214843127886606	0.8420130594043638	0.9093804745978659	0.9160694378085682	0.8690874343048256
SRR23492555	0.969581143494187	0.9536550406115624	0.8434464086637999	0.9163879598662207	0.9560439560439561	0.9525402134097787	0.9001433349259437	0.7306896002548177	0.957318044274566	0.7808568243350852	0.9635292243987896	0.8985507246376812	0.883580187928014	0.8990285077241599	0.9706959706959707	0.9087434304825609	0.9490364707756012	0.9448956840261188	0.8106386367255932	0.9722885809842332	0.8918617614269788	0.8459945851250199	0.7381748686096512	0.8294314381270903	0.8931358496575887	0.9729256250995382	0.9800923713967192	0.9356585443541965	0.8213091256569517	0.8152572065615544	0.8786430960344004	0.8609651218346871	0.9429845516802039	0.9923554706163402	0.9738811912724956	0.9638477464564421	0.8248128682911292	0.8894728459945851	0.8824653607262303	0.9433030737378564	0.8590539894887721	0.9569995222169135	0.8969581143494187	0.9530179964962574	0.9823220258002867	0.947603121516165	0.8891543239369326	0.9264214046822743	0.9929925147316452	0.8612836438923396	0.94951425386208	0.9421882465360726	0.9886924669533366	0.9764293677337156	0.9589106545628284	0.9781812390508042	0.9944258639910813	0.9694218824653608	0.9912406434145564	0.9210065297021819	0.9296066252587992	0.7453416149068323	0.936614110527154	0.9936295588469501	0.99745182353878	0.9254658385093167	0.9321548017200191	0.9533365185539099	0.9692626214365345	0.9934702978181239	0.965121834687052	0.9796145883102405	0.9971333014811276	0.9730848861283644	0.9307214524605829	0.9847109412326803	0.9866220735785953	0.9560439560439561	0.9813664596273292	0.9259436215957955	0.9655996177735309	0.9149546106067845	0.9767478897913681	0.9781812390508042	0.8362796623666189	0.9440993788819876	0.9964962573658226	0.9681477942347507	0.9519031692944736	0.8821468386685778	0.9514253862079949	0.968944099378882	0.9735626692148431	0.9194139194139194	0.9533365185539099	0.8272017837235228	0.9797738493390667	0.9622551361681796	0.9928332537028189	0.9590699155916548	0.9241917502787068	0.94951425386208	0.9060359929925147	0.830546265328874	0.9466475553432075	0.9571587832457398	0.7556935817805382	0.7892976588628763	0.9684663162924032	0.9611403089663959	0.9343844561235866	0.8335722248765727	0.9124064341455645	0.8856505813027552	0.8224239528587355	0.855072463768116	0.7679566810001592	0.0	0.9810479375696767	0.9748367574454531	0.9659181398311834	0.9253065774804905	0.7273451186494665	0.9520624303232998	0.9006211180124224	0.9611403089663959	0.9111323459149546	0.9069915591654722	0.9329511068641504	0.9697404045230132	0.968307055263577	0.9687848383500557	0.9248287943940118	0.9767478897913681	0.9646440516005733	0.9915591654722089	0.9031692944736422	0.9842331581462016	0.9952221691352127	0.9655996177735309	0.9259436215957955	0.9538143016403886	0.9479216435738175
SRR23492556	0.9251473164516643	0.9641662685140946	0.9345437171524128	0.922439878961618	0.9230769230769231	0.9581143494186972	0.9542920847268673	0.9576365663322185	0.9691033604077083	0.9522216913521261	0.968944099378882	0.939799331103679	0.9560439560439561	0.765249243510113	0.9835961140308966	0.9331103678929766	0.968307055263577	0.9671922280617933	0.9410734193342889	0.978659022137283	0.9394808090460265	0.8845357541009715	0.9754738015607581	0.8904284121675426	0.9711737537824494	0.9523809523809523	0.9909221213569039	0.9520624303232998	0.9574773053033923	0.79041248606466	0.9770664118490205	0.977384933906673	0.9777034559643255	0.9671922280617933	0.9590699155916548	0.9847109412326803	0.9611403089663959	0.957955088389871	0.9605032648510909	0.9756330625895844	0.9560439560439561	0.9741997133301481	0.9246695333651855	0.9778627169931517	0.9863035515209428	0.94824016563147	0.9577958273610447	0.9759515846472369	0.9869405956362478	0.9584328714763497	0.9625736582258322	0.9749960184742793	0.9863035515209428	0.985188724319159	0.9628921802834847	0.9834368530020704	0.9875776397515528	0.9692626214365345	0.968307055263577	0.9370918936136328	0.9711737537824494	0.9611403089663959	0.9630514413123109	0.9872591176939003	0.988373944895684	0.9375696767001115	0.9593884376493073	0.9608217869087434	0.9485586876891224	0.9759515846472369	0.9525402134097787	0.985188724319159	0.9886924669533366	0.9808886765408504	0.9716515368689281	0.9550883898709985	0.9840738971173754	0.9648033126293996	0.9703774486383182	0.9741997133301481	0.9826405478579392	0.9667144449753146	0.9663959229176621	0.9749960184742793	0.8969581143494187	0.9705367096671444	0.9861442904921166	0.9730848861283644	0.9600254817646122	0.9477623825449912	0.9815257206561554	0.9746774964166268	0.9800923713967192	0.9612995699952221	0.9691033604077083	0.9124064341455645	0.9898072941551203	0.9184583532409619	0.9796145883102405	0.9609810479375697	0.9810479375696767	0.9781812390508042	0.9800923713967192	0.9390030259595477	0.9730848861283644	0.9769071508201943	0.9562032170727823	0.89265806657111	0.9485586876891224	0.9848702022615066	0.9708552317247969	0.9842331581462016	0.802038541168976	0.9345437171524128	0.9740404523013219	0.9606625258799172	0.9746774964166268	0.9810479375696767	0.0	0.9382067208154165	0.9864628125497691	0.9605032648510909	0.9713330148112757	0.9710144927536232	0.9738811912724956	0.9440993788819876	0.956681000159261	0.7821309125656952	0.9667144449753146	0.9856665074056379	0.9808886765408504	0.9393215480172001	0.970218187609492	0.9832775919732442	0.9775441949354993	0.9893295110686415	0.9714922758401019	0.9813664596273292	0.9886924669533366	0.9749960184742793	0.9498327759197325	0.9490364707756012	0.885491320273929
SRR23492560	0.9581143494186972	0.9778627169931517	0.9012581621277274	0.9222806179327918	0.9332696289218029	0.9490364707756012	0.935977066411849	0.9574773053033923	0.9761108456760631	0.9452142060837713	0.9329511068641504	0.9600254817646122	0.9423475075648988	0.9436215957955089	0.979933110367893	0.9286510590858417	0.9665551839464883	0.9749960184742793	0.9367733715559803	0.9891702500398153	0.9722885809842332	0.9453734671125975	0.9745182353878006	0.9425067685937251	0.9726071030418857	0.9745182353878006	0.9958592132505176	0.9648033126293996	0.955406911928651	0.9800923713967192	0.9802516324255455	0.9724478420130594	0.9593884376493073	0.978659022137283	0.968307055263577	0.9675107501194458	0.9746774964166268	0.9525402134097787	0.9601847427934385	0.9831183309444179	0.9654403567447045	0.9843924191750278	0.9665551839464883	0.9853479853479854	0.9910813823857302	0.9163879598662207	0.9732441471571907	0.9823220258002867	0.9960184742793439	0.9743589743589743	0.9743589743589743	0.9831183309444179	0.9972925625099538	0.9958592132505176	0.9663959229176621	0.9929925147316452	0.998088867654085	0.978659022137283	0.9743589743589743	0.9778627169931517	0.9800923713967192	0.9708552317247969	0.9834368530020704	0.998088867654085	0.9960184742793439	0.9652810957158783	0.968944099378882	0.9581143494186972	0.9856665074056379	0.9906035992992515	0.9735626692148431	0.9976110845676063	0.9995222169135213	0.9929925147316452	0.9812071985985029	0.970218187609492	0.9971333014811276	0.9781812390508042	0.982481286829113	0.9925147316451665	0.9955406911928651	0.9749960184742793	0.9753145405319318	0.9934702978181239	0.9694218824653608	0.9757923236184106	0.998088867654085	0.9738811912724956	0.9759515846472369	0.9727663640707119	0.9929925147316452	0.988373944895684	0.9933110367892977	0.977384933906673	0.9813664596273292	0.917821309125657	0.9987259117693901	0.965121834687052	0.9875776397515528	0.9700589265806657	0.9933110367892977	0.9816849816849816	0.9823220258002867	0.9335881509794554	0.9850294632903328	0.9679885332059245	0.9667144449753146	0.9644847905717471	0.9444179009396401	0.989010989010989	0.9606625258799172	0.9772256728778468	0.8936136327440676	0.9668737060041408	0.9808886765408504	0.9413919413919414	0.9730848861283644	0.9748367574454531	0.9382067208154165	0.0	0.94824016563147	0.9413919413919414	0.9820035037426342	0.9845516802038541	0.9383659818442427	0.9542920847268673	0.9673514890906195	0.985188724319159	0.9458512501990762	0.9901258162127727	0.9788182831661093	0.8838987099856666	0.9468068163720338	0.979933110367893	0.977384933906673	0.9839146360885491	0.8826246217550565	0.9893295110686415	0.9931517757604714	0.9753145405319318	0.9147953495779583	0.9525402134097787	0.9542920847268673
SRR29856071	0.9383659818442427	0.9735626692148431	0.9386845039018952	0.9464882943143813	0.9523809523809523	0.9396400700748527	0.9299251473164517	0.9458512501990762	0.9818442427138079	0.9608217869087434	0.954769867813346	0.9550883898709985	0.8235387800605192	0.956681000159261	0.9640070074852684	0.9546106067845198	0.8784838350055741	0.9562032170727823	0.9125656951743908	0.7052078356426182	0.9784997611084567	0.9160694378085682	0.9832775919732442	0.9569995222169135	0.867335562987737	0.9813664596273292	0.6873706004140787	0.9729256250995382	0.9710144927536232	0.9880554228380315	0.9823220258002867	0.9832775919732442	0.9738811912724956	0.9632107023411371	0.9609810479375697	0.9638477464564421	0.9827998088867654	0.9638477464564421	0.9461697722567288	0.8335722248765727	0.9777034559643255	0.9845516802038541	0.9675107501194458	0.9600254817646122	0.7881828316610925	0.7743271221532091	0.9541328236980411	0.9907628603280777	0.9847109412326803	0.9859850294632904	0.9856665074056379	0.7107819716515369	0.980570154483198	0.9022137283006848	0.9329511068641504	0.9225991399904443	0.9936295588469501	0.9276954929128842	0.7271858576206403	0.9853479853479854	0.9826405478579392	0.9415512024207676	0.9791368052237618	0.9915591654722089	0.9310399745182354	0.9737219302436694	0.978659022137283	0.9796145883102405	0.9627329192546584	0.978659022137283	0.9167064819238733	0.9722885809842332	0.9942666029622551	0.9620958751393534	0.9917184265010351	0.9753145405319318	0.9901258162127727	0.877050485746138	0.9783405000796305	0.9531772575250836	0.9487179487179487	0.9726071030418857	0.7091893613632744	0.8899506290810638	0.9534957795827361	0.9526994744386049	0.9584328714763497	0.924988055422838	0.9837553750597229	0.9466475553432075	0.8068163720337633	0.9339066730371078	0.8948877209746775	0.9761108456760631	0.9584328714763497	0.9173435260391782	0.9660774008600096	0.9356585443541965	0.9440993788819876	0.819557254339863	0.9700589265806657	0.9394808090460265	0.985188724319159	0.9718107978977544	0.9576365663322185	0.9831183309444179	0.957318044274566	0.9789775441949355	0.9304029304029304	0.970218187609492	0.9705367096671444	0.9144768275203058	0.9284917980570154	0.9485586876891224	0.9756330625895844	0.9837553750597229	0.8909061952540214	0.9659181398311834	0.9864628125497691	0.94824016563147	0.0	0.9499920369485587	0.9544513457556936	0.9299251473164517	0.9313584965758879	0.9627329192546584	0.9648033126293996	0.9624143971970059	0.8859691033604077	0.8799171842650103	0.9374104156712852	0.9370918936136328	0.9784997611084567	0.9821627647714605	0.9296066252587992	0.9762701067048893	0.94951425386208	0.9866220735785953	0.9751552795031055	0.7271858576206403	0.9487179487179487	0.9339066730371078	0.9679885332059245
SRR29856073	0.924351011307533	0.9577958273610447	0.8633540372670807	0.9638477464564421	0.9409141583054627	0.527154005414875	0.7150820194298455	0.8569835961140309	0.8909061952540214	0.8929765886287625	0.9385252428730689	0.525879917184265	0.8455168020385412	0.8858098423315814	0.9641662685140946	0.9073100812231247	0.9036470775601211	0.5534320751712056	0.7842013059404364	0.9667144449753146	0.8475871954132824	0.8917025003981526	0.9087434304825609	0.9407548972766364	0.9315177576047141	0.9842331581462016	0.5757286192068801	0.9270584487975793	0.8797579232361841	0.9452142060837713	0.9374104156712852	0.9205287466157032	0.8596910336040771	0.9627329192546584	0.9463290332855551	0.8606465997770345	0.9417104634495939	0.882306099697404	0.8904284121675426	0.9571587832457398	0.9284917980570154	0.9460105112279026	0.9190953973562669	0.9429845516802039	0.9694218824653608	0.8891543239369326	0.8066571110049371	0.8517279821627648	0.992196209587514	0.935977066411849	0.9433030737378564	0.9351807612677178	0.9952221691352127	0.9526994744386049	0.8450390189520625	0.9531772575250836	0.9839146360885491	0.9138397834050008	0.9536550406115624	0.9377289377289377	0.9409141583054627	0.8588947284599459	0.9109730848861284	0.9866220735785953	0.9878961618092053	0.8112756808408982	0.8947284599458513	0.9170250039815258	0.8918617614269788	0.9576365663322185	0.9257843605669692	0.9705367096671444	0.9961777353081701	0.7499601847427935	0.9761108456760631	0.9444179009396401	0.9842331581462016	0.885491320273929	0.9706959706959707	0.5492912884217233	0.6724000637044115	0.9444179009396401	0.9517439082656474	0.9686255773212294	0.7214524605828954	0.9410734193342889	0.9944258639910813	0.8717948717948718	0.9440993788819876	0.9009396400700749	0.9601847427934385	0.8781653129479217	0.8684503901895206	0.9491957318044275	0.6346551998725912	0.7087115782767957	0.5806657111004937	0.8523650262780698	0.9843924191750278	0.9638477464564421	0.8877209746774964	0.9211657907310081	0.9721293199554069	0.8786430960344004	0.6813186813186813	0.9200509635292244	0.9362955884695016	0.9254658385093167	0.9318362796623666	0.9453734671125975	0.8815097945532728	0.9044433827042523	0.8808727504379679	0.9085841694537347	0.9511068641503424	0.9079471253384297	0.9391622869883739	0.9253065774804905	0.9605032648510909	0.9413919413919414	0.9499920369485587	0.0	0.94696607740086	0.780697563306259	0.8870839305621915	0.5392578436056696	0.874502309284918	0.5508838987099857	0.8676540850453894	0.9620958751393534	0.9270584487975793	0.5605988214683867	0.884217232043319	0.9496735148909062	0.9106545628284759	0.978021978021978	0.8617614269788183	0.9506290810638637	0.9722885809842332	0.9233954451345756	0.9404363752189839	0.8963210702341137	0.8901098901098901
SRR29856074	0.9425067685937251	0.967032967032967	0.9117693900302596	0.9305621914317567	0.94824016563147	0.9307214524605829	0.8889950629081064	0.8665392578436056	0.9350215002388915	0.8972766364070712	0.9753145405319318	0.8964803312629399	0.8644688644688645	0.9128842172320433	0.8960025481764612	0.9060359929925147	0.945054945054945	0.9413919413919414	0.802038541168976	0.9405956362478102	0.9004618569835962	0.7708233795190317	0.9106545628284759	0.8377130116260552	0.8864468864468864	0.9103360407708234	0.9694218824653608	0.9307214524605829	0.9116101290014333	0.8878802357063227	0.8846950151297978	0.8974358974358975	0.9577958273610447	0.8692466953336518	0.8851727982162765	0.9463290332855551	0.9210065297021819	0.8893135849657589	0.6693741041567128	0.9144768275203058	0.8475871954132824	0.9101767797419972	0.8885172798216276	0.893295110686415	0.9507883420926899	0.9089026915113871	0.8866061474757126	0.8974358974358975	0.9789775441949355	0.8703615225354355	0.9417104634495939	0.9254658385093167	0.9390030259595477	0.9225991399904443	0.832457397674789	0.8547539417104635	0.9374104156712852	0.8717948717948718	0.8660614747571269	0.9009396400700749	0.8687689122471731	0.7566491479534958	0.8889950629081064	0.9622551361681796	0.7192228061793279	0.9076286032807772	0.9190953973562669	0.9089026915113871	0.9304029304029304	0.9536550406115624	0.9061952540213409	0.9143175664914795	0.9374104156712852	0.9423475075648988	0.9098582576843447	0.8996655518394648	0.9617773530817009	0.9128842172320433	0.9020544672718586	0.9076286032807772	0.8913839783405001	0.8920210224558051	0.8862876254180602	0.7958273610447524	0.8050645007166747	0.9087434304825609	0.8483835005574136	0.9225991399904443	0.9111323459149546	0.8173275999362956	0.9132027392896959	0.8580984233158147	0.8894728459945851	0.8845357541009715	0.8746615703137443	0.8966395922917662	0.9638477464564421	0.9337474120082816	0.870043000477783	0.821468386685778	0.9162286988373944	0.8999840738971173	0.9552476508998248	0.914636088549132	0.8998248128682911	0.9060359929925147	0.7504379678292722	0.8703615225354355	0.9640070074852684	0.8974358974358975	0.8924988055422838	0.8979136805223762	0.9429845516802039	0.8345277910495302	0.7603121516164995	0.8711578276795668	0.8549132027392897	0.7273451186494665	0.9713330148112757	0.9820035037426342	0.9544513457556936	0.94696607740086	0.0	0.8695652173913043	0.9280140149705367	0.9678292721770982	0.821468386685778	0.9361363274406753	0.8407389711737537	0.8608058608058609	0.8047459786590221	0.9600254817646122	0.8679726071030419	0.9307214524605829	0.8617614269788183	0.9823220258002867	0.9390030259595477	0.7490046185698359	0.9253065774804905	0.8560280299410734	0.9232361841057494	0.9128842172320433	0.8861283643892339
SRR29856077	0.8321388756171365	0.9593884376493073	0.9394808090460265	0.9302436693741042	0.9452142060837713	0.7262302914476828	0.7818123905080426	0.8980729415512024	0.877050485746138	0.8953655040611562	0.9765886287625418	0.7845198279980888	0.874502309284918	0.9147953495779583	0.9515846472368211	0.8917025003981526	0.8681318681318682	0.7999681477942348	0.7439082656473961	0.8630355152094282	0.8582576843446409	0.8029941073419334	0.8980729415512024	0.9337474120082816	0.8601688166905558	0.895843287147635	0.8303870043000477	0.8407389711737537	0.8023570632266285	0.9296066252587992	0.8912247173116739	0.9069915591654722	0.9541328236980411	0.8660614747571269	0.7916865742952699	0.8772097467749642	0.8800764452938366	0.875139353400223	0.8107978977544195	0.864150342411212	0.8410574932314063	0.8466316292403249	0.8547539417104635	0.8802357063226628	0.9555661729574773	0.7985347985347986	0.8582576843446409	0.824653607262303	0.9737219302436694	0.8278388278388278	0.8907469342251951	0.8824653607262303	0.926899187768753	0.916547220895047	0.7209746774964166	0.8362796623666189	0.9491957318044275	0.7639751552795031	0.8423315814620163	0.9060359929925147	0.777512342729734	0.8268832616658703	0.7627010670488932	0.9703774486383182	0.894569198917025	0.854435419652811	0.8617614269788183	0.7064819238732282	0.8662207357859532	0.9163879598662207	0.8111164198120719	0.9463290332855551	0.9351807612677178	0.8088867654085046	0.9326325848064978	0.9155916547220895	0.9662366618888358	0.749641662685141	0.9047619047619048	0.7505972288580984	0.7558528428093646	0.8243350852046504	0.8287943940117853	0.89520624303233	0.7654085045389393	0.8614429049211658	0.9367733715559803	0.84472049689441	0.7717789456919891	0.7305303392259914	0.8810320114667941	0.8249721293199554	0.8365981844242714	0.8918617614269788	0.5755693581780539	0.8149386845039019	0.8294314381270903	0.8526835483357222	0.8181239050804269	0.7526676222328397	0.9375696767001115	0.8310240484153527	0.9770664118490205	0.8391463608854913	0.694059563624781	0.812390508042682	0.8477464564421087	0.9741997133301481	0.9175027870680045	0.7730530339225992	0.8031533683707597	0.9189361363274406	0.930084408345278	0.8346870520783565	0.8365981844242714	0.8522057652492435	0.871954132823698	0.9520624303232998	0.9710144927536232	0.9845516802038541	0.9299251473164517	0.780697563306259	0.8695652173913043	0.0	0.852524287306896	0.8332537028189202	0.8393056219143176	0.822742474916388	0.8036311514572384	0.8286351329829591	0.8294314381270903	0.8171683389074693	0.7311673833412964	0.7348303870043	0.8676540850453894	0.9348622392100653	0.89775441949355	0.7776716037585603	0.7942347507564899	0.6677814938684504	0.9297658862876255	0.9170250039815258	0.7378563465519987
SRR29856079	0.9116101290014333	0.9643255295429208	0.8429686255773212	0.8794394011785316	0.8316610925306578	0.8536391145086797	0.832457397674789	0.7391304347826086	0.9520624303232998	0.7569676700111483	0.903010033444816	0.8702022615066093	0.8109571587832457	0.7376970855231725	0.9383659818442427	0.767160375856028	0.905558209906036	0.907469342251951	0.6637999681477942	0.9655996177735309	0.9257843605669692	0.8291129160694378	0.8889950629081064	0.6677814938684504	0.8450390189520625	0.9625736582258322	0.9354992833253702	0.8015607580824972	0.7469342251950948	0.9233954451345756	0.9117693900302596	0.8902691511387164	0.7631788501353719	0.9429845516802039	0.9417104634495939	0.8727504379678293	0.8373944895684026	0.7940754897276636	0.8686096512183469	0.9304029304029304	0.8310240484153527	0.9323140627488453	0.8200350374263418	0.9200509635292244	0.9727663640707119	0.9120879120879121	0.8947284599458513	0.852524287306896	0.9894887720974678	0.8186016881669056	0.9136805223761746	0.8921802834846313	0.9813664596273292	0.9606625258799172	0.8498168498168498	0.9425067685937251	0.9826405478579392	0.9415512024207676	0.9480809046026437	0.9348622392100653	0.9506290810638637	0.8276795668100015	0.8811912724956203	0.989010989010989	0.987099856665074	0.8883580187928014	0.8893135849657589	0.9205287466157032	0.8401019270584488	0.987099856665074	0.9237139671922281	0.9741997133301481	0.9913999044433827	0.9186176142697882	0.9525402134097787	0.9721293199554069	0.9904443382704252	0.9304029304029304	0.9557254339863035	0.8338907469342252	0.9111323459149546	0.8469501512979773	0.9569995222169135	0.9609810479375697	0.8708393056219144	0.9219620958751393	0.9950629081063863	0.9026915113871635	0.9562032170727823	0.874502309284918	0.9496735148909062	0.8893135849657589	0.9076286032807772	0.9184583532409619	0.8456760630673674	0.8577799012581622	0.9386845039018952	0.9133620003185221	0.9555661729574773	0.9308807134894092	0.9856665074056379	0.9036470775601211	0.936614110527154	0.6813186813186813	0.9052396878483835	0.9808886765408504	0.8579391622869884	0.745182353878006	0.7900939640070075	0.9576365663322185	0.9101767797419972	0.9149546106067845	0.8655836916706482	0.7956681000159261	0.84217232043319	0.8096830705526358	0.9280140149705367	0.9006211180124224	0.9738811912724956	0.9383659818442427	0.9313584965758879	0.8870839305621915	0.9280140149705367	0.852524287306896	0.0	0.937888198757764	0.8768912247173116	0.9383659818442427	0.8850135371874502	0.959866220735786	0.8694059563624781	0.8025163242554547	0.8880394967351489	0.9151138716356108	0.8988692466953336	0.9673514890906195	0.8663799968147794	0.9114508679726071	0.9788182831661093	0.950151297977385	0.7494824016563147	0.8834209268991877	0.9018952062430323
SRR29856080	0.955406911928651	0.9789775441949355	0.8730689600254817	0.9781812390508042	0.9944258639910813	0.4782608695652174	0.7805383022774327	0.917821309125657	0.9894887720974678	0.9660774008600096	0.9888517279821628	0.4484790571747094	0.917184265010352	0.9590699155916548	0.9961777353081701	0.9826405478579392	0.9915591654722089	0.5562987736900781	0.8370759675107501	0.9929925147316452	0.9929925147316452	0.9458512501990762	0.9964962573658226	0.9754738015607581	0.9966555183946488	0.9757923236184106	0.4855868768912247	0.9949036470775601	0.989010989010989	0.9745182353878006	0.9964962573658226	0.9982481286829112	0.9968147794234751	0.9982481286829112	0.9918776875298615	0.998088867654085	0.9966555183946488	0.9694218824653608	0.937251154642459	0.9972925625099538	0.988373944895684	0.9933110367892977	0.9584328714763497	0.9729256250995382	0.9968147794234751	0.937251154642459	0.9638477464564421	0.9972925625099538	0.9952221691352127	0.9972925625099538	0.9982481286829112	0.9925147316451665	0.9944258639910813	0.9640070074852684	0.9401178531613315	0.9679885332059245	0.9988851727982163	0.9788182831661093	0.9619366141105271	0.9920369485586877	0.9966555183946488	0.9681477942347507	0.9901258162127727	0.9955406911928651	0.9979296066252588	0.9748367574454531	0.9923554706163402	0.9963369963369964	0.914636088549132	0.9891702500398153	0.9928332537028189	0.9832775919732442	0.9995222169135213	0.7584010192705845	0.9979296066252588	0.9617773530817009	0.9955406911928651	0.980570154483198	0.992196209587514	0.4110527154005415	0.7021818760949196	0.9977703455964325	0.9928332537028189	0.9816849816849816	0.7607899347029782	0.9721293199554069	0.9972925625099538	0.9033285555024686	0.9944258639910813	0.9520624303232998	0.99745182353878	0.9259436215957955	0.8815097945532728	0.9939480809046026	0.6779741997133302	0.7628603280777194	0.3283962414397197	0.8730689600254817	0.9920369485586877	0.9823220258002867	0.9958592132505176	0.9909221213569039	0.9936295588469501	0.9316770186335404	0.693422519509476	0.978659022137283	0.9859850294632904	0.9751552795031055	0.9655996177735309	0.9757923236184106	0.9738811912724956	0.9899665551839465	0.9176620480968307	0.9523809523809523	0.9875776397515528	0.9920369485586877	0.9813664596273292	0.9611403089663959	0.9440993788819876	0.9542920847268673	0.9627329192546584	0.5392578436056696	0.9678292721770982	0.8332537028189202	0.937888198757764	0.0	0.9915591654722089	0.43908265647396083	0.9480809046026437	0.9816849816849816	0.9506290810638637	0.5856028029941074	0.9668737060041408	0.990285077241599	0.9845516802038541	0.9913999044433827	0.89520624303233	0.9961777353081701	0.9982481286829112	0.9732441471571907	0.982481286829113	0.9208472686733556	0.9711737537824494
SRR29856082	0.854435419652811	0.9665551839464883	0.9326325848064978	0.9079471253384297	0.9025322503583373	0.8899506290810638	0.8803949673514891	0.8910654562828476	0.89520624303233	0.8789616180920529	0.9315177576047141	0.9076286032807772	0.8776875298614429	0.8399426660296225	0.8983914636088549	0.8340500079630514	0.802038541168976	0.9390030259595477	0.8211498646281254	0.9361363274406753	0.8931358496575887	0.8080904602643733	0.8789616180920529	0.8596910336040771	0.8517279821627648	0.9431438127090301	0.9913999044433827	0.8342092689918776	0.8084089823220258	0.9087434304825609	0.7932791845835324	0.8810320114667941	0.8913839783405001	0.8420130594043638	0.8767319636884854	0.8393056219143176	0.8585762064022934	0.8983914636088549	0.835005574136009	0.89520624303233	0.8045867176301958	0.8775282688326167	0.8783245739767479	0.8568243350852046	0.9232361841057494	0.9205287466157032	0.8517279821627648	0.89520624303233	0.9839146360885491	0.8367574454530976	0.9221213569039656	0.8923395445134575	0.94569198917025	0.9251473164516643	0.7488453575410097	0.8722726548813505	0.9337474120082816	0.8322981366459627	0.8566650740563784	0.9163879598662207	0.9010989010989011	0.8111164198120719	0.8509316770186336	0.9058767319636885	0.8948877209746775	0.8356426182513139	0.8788023570632266	0.8429686255773212	0.9479216435738175	0.882943143812709	0.8851727982162765	0.9240324892498806	0.9235547061634019	0.9410734193342889	0.9222806179327918	0.9362955884695016	0.9769071508201943	0.8436056696926262	0.8999840738971173	0.917821309125657	0.9211657907310081	0.8490205446727186	0.8748208313425705	0.862876254180602	0.8760949195731804	0.8803949673514891	0.9187768752986144	0.907469342251951	0.8668577799012581	0.8034718904284122	0.89775441949355	0.8630355152094282	0.8869246695333652	0.882943143812709	0.8947284599458513	0.9108138238573021	0.9832775919732442	0.9585921325051759	0.8601688166905558	0.8795986622073578	0.8875617136486702	0.8029941073419334	0.9184583532409619	0.8055422838031534	0.9163879598662207	0.8310240484153527	0.7888198757763976	0.8749800923713967	0.9278547539417105	0.9128842172320433	0.5991399904443383	0.8127090301003345	0.9464882943143813	0.8381907947125339	0.79041248606466	0.862876254180602	0.8631947762382545	0.9111323459149546	0.956681000159261	0.9673514890906195	0.9648033126293996	0.874502309284918	0.821468386685778	0.8393056219143176	0.8768912247173116	0.9915591654722089	0.0	0.9609810479375697	0.7216117216117216	0.8541168975951585	0.8767319636884854	0.9716515368689281	0.6182513139034879	0.8730689600254817	0.4151935021500239	0.9757923236184106	0.9872591176939003	0.8053830227743272	0.9225991399904443	0.8434464086637999	0.9186176142697882	0.8275203057811753	0.840261188087275
SRR29856083	0.9219620958751393	0.9622551361681796	0.9273769708552317	0.9600254817646122	0.9512661251791686	0.48494983277591974	0.757445453097627	0.8909061952540214	0.9821627647714605	0.9445771619684663	0.989010989010989	0.4376493072145246	0.9139990444338271	0.7740086000955566	0.9956999522216914	0.9555661729574773	0.9812071985985029	0.5435578913839784	0.7993311036789298	0.9880554228380315	0.9671922280617933	0.8609651218346871	0.9342251950947603	0.8995062908106386	0.9648033126293996	0.9767478897913681	0.4868609651218347	0.9565217391304348	0.979296066252588	0.6591813983118331	0.9727663640707119	0.9358178053830227	0.977384933906673	0.9960184742793439	0.9899665551839465	0.9853479853479854	0.968944099378882	0.9557254339863035	0.9219620958751393	0.9705367096671444	0.9514253862079949	0.9929925147316452	0.9385252428730689	0.9746774964166268	0.987736900780379	0.9705367096671444	0.9396400700748527	0.9729256250995382	0.9960184742793439	0.9657588788023571	0.9759515846472369	0.9855072463768116	0.998088867654085	0.9678292721770982	0.9442586399108138	0.9692626214365345	0.9995222169135213	0.9826405478579392	0.9964962573658226	0.9671922280617933	0.9907628603280777	0.9076286032807772	0.9652810957158783	0.9985666507405638	0.9995222169135213	0.9538143016403886	0.9759515846472369	0.9867813346074216	0.8942506768593725	0.9979296066252588	0.9858257684344641	0.9818442427138079	0.9990444338270426	0.7620640229335881	0.9858257684344641	0.9917184265010351	0.9917184265010351	0.9716515368689281	0.990285077241599	0.4594680681637203	0.7034559643255296	0.9858257684344641	0.9910813823857302	0.9831183309444179	0.7349896480331263	0.9692626214365345	0.9996814779423475	0.9026915113871635	0.9821627647714605	0.9299251473164517	0.9823220258002867	0.9289695811434941	0.885491320273929	0.9802516324255455	0.6725593247332378	0.7356266921484312	0.4693422519509476	0.8686096512183469	0.9971333014811276	0.979933110367893	0.9550883898709985	0.9692626214365345	0.9444179009396401	0.9377289377289377	0.692785475394171	0.979933110367893	0.9498327759197325	0.928173275999363	0.9640070074852684	0.9734034081860169	0.9847109412326803	0.9380474597865902	0.9412326803631151	0.9262621436534481	0.9697404045230132	0.9686255773212294	0.9262621436534481	0.9069915591654722	0.7821309125656952	0.985188724319159	0.9624143971970059	0.5508838987099857	0.9361363274406753	0.822742474916388	0.9383659818442427	0.43908265647396083	0.9609810479375697	0.0	0.9246695333651855	0.9745182353878006	0.9480809046026437	0.6023252110208632	0.969581143494187	0.9869405956362478	0.9843924191750278	0.9920369485586877	0.9098582576843447	0.9949036470775601	0.9982481286829112	0.9663959229176621	0.9804108934543717	0.9619366141105271	0.8754578754578755
SRR29856085	0.8039496735148909	0.9565217391304348	0.8789616180920529	0.875139353400223	0.9458512501990762	0.89265806657111	0.8760949195731804	0.8717948717948718	0.9149546106067845	0.9007803790412486	0.9514253862079949	0.8937728937728938	0.8576206402293359	0.8713170887083931	0.8985507246376812	0.9071508201942985	0.8445612358655837	0.9100175187131709	0.8759356585443542	0.9343844561235866	0.8980729415512024	0.8270425226946966	0.9216435738174868	0.9167064819238733	0.9276954929128842	0.9402771141901577	0.9488772097467749	0.8799171842650103	0.8991877687529861	0.9448956840261188	0.906832298136646	0.9186176142697882	0.9386845039018952	0.7658862876254181	0.8490205446727186	0.9050804268195572	0.9278547539417105	0.9095397356266921	0.8332537028189202	0.9254658385093167	0.9151138716356108	0.8883580187928014	0.9141583054626533	0.8651059085841695	0.9292881032011466	0.8819875776397516	0.8740245261984393	0.907469342251951	0.9775441949354993	0.904921165790731	0.9380474597865902	0.9257843605669692	0.8947284599458513	0.8515687211339386	0.7719382067208154	0.6443701226309922	0.8799171842650103	0.6994744386048733	0.6986781334607421	0.9292881032011466	0.9085841694537347	0.8471094123268036	0.903010033444816	0.9593884376493073	0.9218028348463131	0.8888358018792801	0.9203694855868769	0.8783245739767479	0.9291288421723204	0.8463131071826724	0.8125497690715082	0.8834209268991877	0.947603121516165	0.9273769708552317	0.9471253384296863	0.8831024048415352	0.9687848383500557	0.8541168975951585	0.8901098901098901	0.89775441949355	0.8029941073419334	0.9276954929128842	0.8867654085045389	0.8797579232361841	0.8698837394489568	0.8889950629081064	0.8818283166109253	0.84089823220258	0.9103360407708234	0.8606465997770345	0.9125656951743908	0.8466316292403249	0.8714763497372193	0.9227584010192705	0.8999840738971173	0.8749800923713967	0.9423475075648988	0.9155916547220895	0.9092212135690396	0.7655677655677655	0.9015766841853798	0.7711419015766842	0.9635292243987896	0.8883580187928014	0.9109730848861284	0.7088708393056219	0.8512501990762861	0.9304029304029304	0.9354992833253702	0.9329511068641504	0.812390508042682	0.8295906991559165	0.9230769230769231	0.8741837872272655	0.8921802834846313	0.9147953495779583	0.8203535594839942	0.9329511068641504	0.9667144449753146	0.9458512501990762	0.8859691033604077	0.8676540850453894	0.8407389711737537	0.8036311514572384	0.8850135371874502	0.9480809046026437	0.7216117216117216	0.9246695333651855	0.0	0.7961458831024049	0.8064978499761108	0.9219620958751393	0.7735308170090779	0.874502309284918	0.7419971333014811	0.967032967032967	0.9288103201146679	0.8120719859850295	0.9606625258799172	0.7802197802197802	0.9079471253384297	0.8289536550406116	0.8580984233158147
SRR29856086	0.9124064341455645	0.9743589743589743	0.9671922280617933	0.9544513457556936	0.9756330625895844	0.9463290332855551	0.9600254817646122	0.9640070074852684	0.934702978181239	0.9522216913521261	0.9839146360885491	0.9577958273610447	0.9324733237776716	0.9401178531613315	0.917821309125657	0.9576365663322185	0.8651059085841695	0.9698996655518395	0.9093804745978659	0.9605032648510909	0.9413919413919414	0.8866061474757126	0.9461697722567288	0.9605032648510909	0.955406911928651	0.9659181398311834	0.9818442427138079	0.8797579232361841	0.9100175187131709	0.9754738015607581	0.9506290810638637	0.9608217869087434	0.9729256250995382	0.7556935817805382	0.8931358496575887	0.945054945054945	0.94951425386208	0.9474438604873388	0.8843764930721453	0.9509476031215162	0.957955088389871	0.9141583054626533	0.947603121516165	0.8703615225354355	0.9205287466157032	0.9302436693741042	0.9488772097467749	0.9480809046026437	0.9823220258002867	0.9624143971970059	0.9692626214365345	0.9552476508998248	0.9144768275203058	0.9119286510590858	0.8687689122471731	0.8431278866061475	0.8354833572224877	0.8254499124064342	0.7419971333014811	0.9530179964962574	0.9479216435738175	0.8788023570632266	0.9442586399108138	0.9136805223761746	0.8482242395285874	0.9426660296225514	0.9595476986781335	0.903010033444816	0.9595476986781335	0.9089026915113871	0.9003025959547699	0.8474279343844561	0.9138397834050008	0.9445771619684663	0.9697404045230132	0.927536231884058	0.9675107501194458	0.9225991399904443	0.8474279343844561	0.9608217869087434	0.8125497690715082	0.9485586876891224	0.9058767319636885	0.8426501035196687	0.9452142060837713	0.9348622392100653	0.802038541168976	0.924351011307533	0.8528428093645485	0.9017359452142061	0.9342251950947603	0.8461538461538461	0.8929765886287625	0.9479216435738175	0.8593725115464246	0.9716515368689281	0.9729256250995382	0.9452142060837713	0.8216276477146043	0.8006051919095397	0.9138397834050008	0.8552317247969422	0.9827998088867654	0.9046026437330785	0.9375696767001115	0.8475871954132824	0.9167064819238733	0.9698996655518395	0.9807294155120242	0.8638318203535594	0.9496735148909062	0.9590699155916548	0.9749960184742793	0.9522216913521261	0.9071508201942985	0.968307055263577	0.8576206402293359	0.9697404045230132	0.9856665074056379	0.9901258162127727	0.8799171842650103	0.9620958751393534	0.8608058608058609	0.8286351329829591	0.959866220735786	0.9816849816849816	0.8541168975951585	0.9745182353878006	0.7961458831024049	0.0	0.9010989010989011	0.9820035037426342	0.9069915591654722	0.8990285077241599	0.8162127727345119	0.9753145405319318	0.9788182831661093	0.8832616658703615	0.8186016881669056	0.8315018315018315	0.9648033126293996	0.8322981366459627	0.8799171842650103
SRR29856087	0.8759356585443542	0.967670011148272	0.9380474597865902	0.9090619525402134	0.9315177576047141	0.9168657429526995	0.9225991399904443	0.930084408345278	0.8843764930721453	0.9483994266602962	0.967670011148272	0.9329511068641504	0.9057174709348622	0.9106545628284759	0.9092212135690396	0.9017359452142061	0.9667144449753146	0.9383659818442427	0.8684503901895206	0.9386845039018952	0.926899187768753	0.8222646918299092	0.9160694378085682	0.9100175187131709	0.9190953973562669	0.9606625258799172	0.9496735148909062	0.9519031692944736	0.8909061952540214	0.8558687689122472	0.9337474120082816	0.9440993788819876	0.9745182353878006	0.9006211180124224	0.853161331422201	0.935340022296544	0.9335881509794554	0.7666825927695493	0.8119127249562033	0.8170090778786431	0.8588947284599459	0.9065137760789934	0.789775441949355	0.882306099697404	0.94951425386208	0.8910654562828476	0.9232361841057494	0.8200350374263418	0.982481286829113	0.894569198917025	0.810479375696767	0.9520624303232998	0.9241917502787068	0.9448956840261188	0.7881828316610925	0.7853161331422202	0.9562032170727823	0.8666985188724319	0.9093804745978659	0.9568402611880873	0.9270584487975793	0.8813505335244466	0.8655836916706482	0.9861442904921166	0.8639910813823858	0.8659022137283007	0.9001433349259437	0.8407389711737537	0.8746615703137443	0.9151138716356108	0.8577799012581622	0.9638477464564421	0.9488772097467749	0.9170250039815258	0.935340022296544	0.9046026437330785	0.9800923713967192	0.9147953495779583	0.9452142060837713	0.8709985666507406	0.8168498168498168	0.8561872909698997	0.853161331422201	0.8472686733556298	0.8050645007166747	0.8488612836438924	0.8799171842650103	0.8853320592451027	0.8983914636088549	0.850613154960981	0.8380315336837076	0.8987099856665074	0.9230769230769231	0.8018792801401498	0.8240165631469979	0.9093804745978659	0.9519031692944736	0.9036470775601211	0.8080904602643733	0.8684503901895206	0.9751552795031055	0.9058767319636885	0.9821627647714605	0.9232361841057494	0.9071508201942985	0.8869246695333652	0.8961618092052874	0.9732441471571907	0.9440993788819876	0.8174868609651218	0.8802357063226628	0.9749960184742793	0.9253065774804905	0.7220895046982003	0.8557095078834209	0.9354992833253702	0.9466475553432075	0.968307055263577	0.9808886765408504	0.9788182831661093	0.9374104156712852	0.9270584487975793	0.8047459786590221	0.8294314381270903	0.8694059563624781	0.9506290810638637	0.8767319636884854	0.9480809046026437	0.8064978499761108	0.9010989010989011	0.0	0.9385252428730689	0.8275203057811753	0.8881987577639752	0.8574613792005097	0.9667144449753146	0.9426660296225514	0.7504379678292722	0.9461697722567288	0.842809364548495	0.9004618569835962	0.9383659818442427	0.84472049689441
SRR29856088	0.9517439082656474	0.9657588788023571	0.8458353240961937	0.8975951584647237	0.9409141583054627	0.5613951266125179	0.7313266443701226	0.8705207835642619	0.985188724319159	0.9418697244784201	0.917184265010352	0.6043956043956044	0.8702022615066093	0.9480809046026437	0.9777034559643255	0.9227584010192705	0.9855072463768116	0.5986622073578596	0.7074374900461857	0.9864628125497691	0.9815257206561554	0.9480809046026437	0.9784997611084567	0.9130434782608695	0.9745182353878006	0.9952221691352127	0.6139512661251791	0.9474438604873388	0.9517439082656474	0.9606625258799172	0.9863035515209428	0.9652810957158783	0.9646440516005733	0.9910813823857302	0.9874183787227265	0.957955088389871	0.957318044274566	0.9448956840261188	0.9106545628284759	0.9840738971173754	0.9603440038222647	0.9909221213569039	0.9635292243987896	0.9730848861283644	0.9847109412326803	0.9246695333651855	0.9477623825449912	0.9913999044433827	0.9945851250199076	0.9880554228380315	0.9874183787227265	0.9812071985985029	0.9977703455964325	0.9660774008600096	0.9154323936932632	0.9662366618888358	0.9985666507405638	0.9668737060041408	0.9796145883102405	0.9906035992992515	0.9874183787227265	0.9421882465360726	0.979933110367893	0.9987259117693901	0.9966555183946488	0.9636884854276159	0.9810479375696767	0.9757923236184106	0.9073100812231247	0.9869405956362478	0.9832775919732442	0.9855072463768116	0.9985666507405638	0.7617455008759356	0.9971333014811276	0.9719700589265806	0.9955406911928651	0.9796145883102405	0.9923554706163402	0.6169772256728778	0.7013855709507884	0.9875776397515528	0.9863035515209428	0.9789775441949355	0.7657270265965919	0.9687848383500557	0.9987259117693901	0.9007803790412486	0.9823220258002867	0.9466475553432075	0.9971333014811276	0.9246695333651855	0.8845357541009715	0.9812071985985029	0.6692148431278866	0.7509157509157509	0.6078993470297818	0.8657429526994744	0.9885332059245103	0.9761108456760631	0.9926739926739927	0.9831183309444179	0.980570154483198	0.9302436693741042	0.6937410415671286	0.9687848383500557	0.9743589743589743	0.9627329192546584	0.9089026915113871	0.969581143494187	0.9555661729574773	0.9542920847268673	0.8631947762382545	0.9292881032011466	0.9788182831661093	0.9726071030418857	0.928173275999363	0.9687848383500557	0.9393215480172001	0.8838987099856666	0.9370918936136328	0.5605988214683867	0.9600254817646122	0.8171683389074693	0.8025163242554547	0.5856028029941074	0.9716515368689281	0.6023252110208632	0.9219620958751393	0.9820035037426342	0.9385252428730689	0.0	0.9625736582258322	0.9775441949354993	0.9706959706959707	0.9796145883102405	0.8467908902691511	0.9925147316451665	0.9972925625099538	0.9593884376493073	0.8639910813823858	0.9034878165312948	0.9504698200350374
SRR29856090	0.883580187928014	0.978659022137283	0.9208472686733556	0.9324733237776716	0.9426660296225514	0.8832616658703615	0.9089026915113871	0.94824016563147	0.8205128205128205	0.9276954929128842	0.9509476031215162	0.9318362796623666	0.8808727504379679	0.8862876254180602	0.9254658385093167	0.8424908424908425	0.8335722248765727	0.9568402611880873	0.905558209906036	0.8924988055422838	0.8545946806816372	0.8264054785793916	0.8251313903487817	0.8969581143494187	0.8224239528587355	0.9323140627488453	0.9891702500398153	0.9033285555024686	0.8112756808408982	0.8596910336040771	0.8940914158305463	0.8243350852046504	0.9429845516802039	0.8889950629081064	0.8130275521579869	0.8702022615066093	0.8187609491957318	0.8385093167701864	0.8405797101449275	0.8087275043796783	0.7746456442108616	0.8611243828635133	0.7838827838827839	0.89775441949355	0.9507883420926899	0.7985347985347986	0.852524287306896	0.774964166268514	0.9659181398311834	0.882943143812709	0.8351648351648352	0.8955247650899825	0.9431438127090301	0.9665551839464883	0.7760789934702979	0.8834209268991877	0.9660774008600096	0.8063385889472846	0.8917025003981526	0.9014174231565536	0.8748208313425705	0.7928014014970537	0.7732122949514254	0.9869405956362478	0.9323140627488453	0.8213091256569517	0.8356426182513139	0.8084089823220258	0.9522216913521261	0.89265806657111	0.7615862398471094	0.9710144927536232	0.9611403089663959	0.9737219302436694	0.9194139194139194	0.8991877687529861	0.970218187609492	0.8342092689918776	0.9053989488772097	0.9412326803631151	0.9453734671125975	0.8313425704730053	0.8663799968147794	0.915910176779742	0.812390508042682	0.8533205924510272	0.9455327281414238	0.9198917025003982	0.8292721770982641	0.8252906513776079	0.8580984233158147	0.9235547061634019	0.9461697722567288	0.8267240006370441	0.8593725115464246	0.9307214524605829	0.9945851250199076	0.9614588310240484	0.8229017359452142	0.7905717470934862	0.9276954929128842	0.8404204491161013	0.9606625258799172	0.807931199235547	0.9383659818442427	0.8287943940117853	0.8394648829431438	0.935340022296544	0.9571587832457398	0.8367574454530976	0.5827361044752349	0.8566650740563784	0.9444179009396401	0.800127408823061	0.8493390667303711	0.9073100812231247	0.8909061952540214	0.9248287943940118	0.970218187609492	0.9468068163720338	0.9784997611084567	0.884217232043319	0.8679726071030419	0.7311673833412964	0.8880394967351489	0.9668737060041408	0.6182513139034879	0.969581143494187	0.7735308170090779	0.9069915591654722	0.8275203057811753	0.9625736582258322	0.0	0.7736900780379041	0.6270106704889313	0.9426660296225514	0.9472845994585125	0.8095238095238095	0.9084249084249084	0.870043000477783	0.8983914636088549	0.8752986144290492	0.7791049530179965
SRR29856091	0.885491320273929	0.977384933906673	0.9571587832457398	0.9721293199554069	0.9605032648510909	0.8633540372670807	0.9493549928332538	0.9577958273610447	0.8219461697722568	0.9093804745978659	0.955406911928651	0.9590699155916548	0.9117693900302596	0.9058767319636885	0.9716515368689281	0.9063545150501672	0.8483835005574136	0.968944099378882	0.9151138716356108	0.8724319159101768	0.8289536550406116	0.8955247650899825	0.8248128682911292	0.9421882465360726	0.8021978021978022	0.9264214046822743	0.990285077241599	0.9149546106067845	0.7337155598025163	0.8821468386685778	0.893295110686415	0.8772097467749642	0.9506290810638637	0.8797579232361841	0.8068163720337633	0.8990285077241599	0.8270425226946966	0.8767319636884854	0.9210065297021819	0.8464723682114986	0.7410415671285236	0.84089823220258	0.7964644051600573	0.8923395445134575	0.9480809046026437	0.8160535117056856	0.8834209268991877	0.792323618410575	0.9829590699155917	0.8721133938525243	0.8666985188724319	0.9103360407708234	0.9488772097467749	0.9053989488772097	0.7821309125656952	0.8781653129479217	0.9374104156712852	0.8523650262780698	0.8287943940117853	0.9437808568243351	0.7972607103041885	0.8139831183309444	0.6682592769549291	0.9582736104475235	0.9439401178531613	0.8171683389074693	0.8630355152094282	0.6942188246536073	0.9831183309444179	0.8631947762382545	0.8055422838031534	0.9305621914317567	0.9848702022615066	0.9251473164516643	0.9358178053830227	0.9319955406911928	0.9829590699155917	0.6919891702500398	0.8445612358655837	0.9468068163720338	0.924988055422838	0.7533046663481446	0.8576206402293359	0.9222806179327918	0.8515687211339386	0.8633540372670807	0.9558846950151298	0.8909061952540214	0.8671763019589106	0.7098264054785793	0.8711578276795668	0.8805542283803154	0.9119286510590858	0.8604873387482083	0.7748049052396878	0.9729256250995382	0.9937888198757764	0.9706959706959707	0.8034718904284122	0.8627169931517757	0.9560439560439561	0.8929765886287625	0.9679885332059245	0.915910176779742	0.817646121993948	0.912724956203217	0.8695652173913043	0.9511068641503424	0.7854753941710464	0.8563465519987259	0.8768912247173116	0.9331103678929766	0.9872591176939003	0.8652651696129957	0.9162286988373944	0.840261188087275	0.9052396878483835	0.9767478897913681	0.9832775919732442	0.979933110367893	0.9821627647714605	0.9496735148909062	0.9307214524605829	0.7348303870043	0.9151138716356108	0.990285077241599	0.8730689600254817	0.9869405956362478	0.874502309284918	0.8990285077241599	0.8881987577639752	0.9775441949354993	0.7736900780379041	0.0	0.8378722726548814	0.9624143971970059	0.987736900780379	0.8867654085045389	0.8636725593247332	0.7260710304188565	0.9394808090460265	0.9052396878483835	0.7007485268354834
SRR29856092	0.8507724159898072	0.9746774964166268	0.9627329192546584	0.9240324892498806	0.9412326803631151	0.8913839783405001	0.9192546583850931	0.9434623347666826	0.8838987099856666	0.9343844561235866	0.9351807612677178	0.9444179009396401	0.8910654562828476	0.8913839783405001	0.8867654085045389	0.9039655996177736	0.6884854276158624	0.9560439560439561	0.9041248606465998	0.9334288899506291	0.8953655040611562	0.8370759675107501	0.9003025959547699	0.922439878961618	0.9173435260391782	0.9667144449753146	0.9869405956362478	0.8896321070234113	0.8474279343844561	0.9103360407708234	0.9108138238573021	0.9323140627488453	0.9386845039018952	0.7757604714126454	0.8695652173913043	0.8896321070234113	0.89520624303233	0.906832298136646	0.8526835483357222	0.9065137760789934	0.8694059563624781	0.849976110845676	0.8840579710144928	0.8240165631469979	0.9313584965758879	0.9119286510590858	0.8974358974358975	0.9006211180124224	0.9856665074056379	0.9066730371078198	0.9230769230769231	0.919732441471572	0.9512661251791686	0.9007803790412486	0.7490046185698359	0.8064978499761108	0.9350215002388915	0.7682752030578117	0.7335562987736901	0.9539735626692148	0.9291288421723204	0.8485427615862399	0.8509316770186336	0.8955247650899825	0.8737060041407867	0.8577799012581622	0.8800764452938366	0.8362796623666189	0.9694218824653608	0.7017040930084408	0.8450390189520625	0.915910176779742	0.9144768275203058	0.9375696767001115	0.9498327759197325	0.9339066730371078	0.9820035037426342	0.863513298295907	0.8724319159101768	0.9549291288421723	0.9162286988373944	0.8800764452938366	0.9114508679726071	0.8085682433508521	0.8910654562828476	0.8862876254180602	0.8939321548017201	0.8077719382067208	0.8676540850453894	0.8590539894887721	0.9047619047619048	0.8429686255773212	0.8252906513776079	0.8923395445134575	0.8918617614269788	0.9633699633699634	0.9784997611084567	0.9563624781016086	0.6749482401656315	0.8459945851250199	0.840261188087275	0.8232202580028667	0.9439401178531613	0.8609651218346871	0.9101767797419972	0.8229017359452142	0.8733874820831342	0.9229176620480968	0.9474438604873388	0.8851727982162765	0.6583850931677019	0.8686096512183469	0.9716515368689281	0.8781653129479217	0.8741837872272655	0.9374104156712852	0.9098582576843447	0.9646440516005733	0.9775441949354993	0.977384933906673	0.9296066252587992	0.9106545628284759	0.8617614269788183	0.8676540850453894	0.8988692466953336	0.9845516802038541	0.4151935021500239	0.9843924191750278	0.7419971333014811	0.8162127727345119	0.8574613792005097	0.9706959706959707	0.6270106704889313	0.8378722726548814	0.0	0.9845516802038541	0.9818442427138079	0.8286351329829591	0.9090619525402134	0.8545946806816372	0.9304029304029304	0.8358018792801402	0.8128682911291607
SRR29856093	0.9413919413919414	0.9738811912724956	0.9775441949354993	0.9797738493390667	0.9772256728778468	0.9589106545628284	0.9614588310240484	0.9791368052237618	0.4730052556139513	0.9698996655518395	0.9784997611084567	0.9869405956362478	0.9748367574454531	0.9633699633699634	0.4276158623984711	0.9628921802834847	0.9539735626692148	0.589265806657111	0.9705367096671444	0.9718107978977544	0.9753145405319318	0.9759515846472369	0.9788182831661093	0.9781812390508042	0.9784997611084567	0.9850294632903328	0.9893295110686415	0.9818442427138079	0.9665551839464883	0.8982322025800287	0.7039337474120083	0.5609173435260392	0.9850294632903328	0.9713330148112757	0.967032967032967	0.34894091415830547	0.7341933428889951	0.9769071508201943	0.9624143971970059	0.9708552317247969	0.970218187609492	0.985188724319159	0.9735626692148431	0.759356585443542	0.9850294632903328	0.9759515846472369	0.8275203057811753	0.8969581143494187	0.18219461697722567	0.9788182831661093	0.7491638795986622	0.9784997611084567	0.5677655677655677	0.8186016881669056	0.9740404523013219	0.970218187609492	0.9947443860487338	0.9749960184742793	0.9842331581462016	0.9480809046026437	0.6776556776556777	0.9542920847268673	0.9729256250995382	0.9963369963369964	0.9939480809046026	0.9802516324255455	0.977384933906673	0.9741997133301481	0.9791368052237618	0.9928332537028189	0.9597069597069597	0.9867813346074216	0.6338588947284599	0.6298773690078038	0.3956043956043956	0.8445612358655837	0.9872591176939003	0.9751552795031055	0.9729256250995382	0.980570154483198	0.8211498646281254	0.9778627169931517	0.9762701067048893	0.912724956203217	0.9769071508201943	0.9753145405319318	0.9939480809046026	0.9627329192546584	0.9520624303232998	0.9276954929128842	0.9807294155120242	0.9783405000796305	0.9762701067048893	0.9778627169931517	0.9686255773212294	0.9770664118490205	0.988373944895684	0.9820035037426342	0.9740404523013219	0.9491957318044275	0.9866220735785953	0.9749960184742793	0.9899665551839465	0.9835961140308966	0.9483994266602962	0.9901258162127727	0.9678292721770982	0.9904443382704252	0.9775441949354993	0.9794553272814143	0.9746774964166268	0.987099856665074	0.9800923713967192	0.9585921325051759	0.9692626214365345	0.9796145883102405	0.9485586876891224	0.9915591654722089	0.9893295110686415	0.9839146360885491	0.9762701067048893	0.978021978021978	0.9823220258002867	0.9348622392100653	0.9673514890906195	0.9913999044433827	0.9757923236184106	0.9920369485586877	0.967032967032967	0.9753145405319318	0.9667144449753146	0.9796145883102405	0.9426660296225514	0.9624143971970059	0.9845516802038541	0.0	0.9910813823857302	0.9872591176939003	0.7864309603440038	0.9729256250995382	0.9673514890906195	0.9751552795031055	0.970218187609492
SRR29856094	0.9737219302436694	0.9628921802834847	0.7410415671285236	0.9534957795827361	0.9612995699952221	0.9031692944736422	0.9026915113871635	0.8944099378881988	0.9875776397515528	0.904921165790731	0.934702978181239	0.8566650740563784	0.9069915591654722	0.9297658862876255	0.9812071985985029	0.9001433349259437	0.9555661729574773	0.8953655040611562	0.8522057652492435	0.9872591176939003	0.9778627169931517	0.9291288421723204	0.980570154483198	0.9453734671125975	0.985188724319159	0.9880554228380315	0.9208472686733556	0.9781812390508042	0.9560439560439561	0.9804108934543717	0.989648033126294	0.9872591176939003	0.9761108456760631	0.978659022137283	0.9754738015607581	0.9931517757604714	0.9770664118490205	0.8827838827838828	0.9007803790412486	0.9917184265010351	0.9536550406115624	0.9808886765408504	0.916547220895047	0.9558846950151298	0.9947443860487338	0.9331103678929766	0.9402771141901577	0.9726071030418857	0.9878961618092053	0.985188724319159	0.9775441949354993	0.9800923713967192	0.9963369963369964	0.9530179964962574	0.9198917025003982	0.9555661729574773	0.9966555183946488	0.9601847427934385	0.9756330625895844	0.9491957318044275	0.9827998088867654	0.9541328236980411	0.9796145883102405	1.0	0.9917184265010351	0.9483994266602962	0.9409141583054627	0.9711737537824494	0.9232361841057494	0.9906035992992515	0.970218187609492	0.9761108456760631	0.9972925625099538	0.9155916547220895	0.9820035037426342	0.9783405000796305	0.9929925147316452	0.9719700589265806	0.9848702022615066	0.9125656951743908	0.9117693900302596	0.987736900780379	0.9856665074056379	0.9765886287625418	0.8928173275999363	0.9671922280617933	0.9952221691352127	0.894569198917025	0.9832775919732442	0.9358178053830227	0.9941073419334289	0.925625099538143	0.9189361363274406	0.9757923236184106	0.9095397356266921	0.7783086478738652	0.9210065297021819	0.9101767797419972	0.9757923236184106	0.9589106545628284	0.9917184265010351	0.9711737537824494	0.9907628603280777	0.9006211180124224	0.906832298136646	0.9740404523013219	0.9730848861283644	0.94696607740086	0.9358178053830227	0.9652810957158783	0.9525402134097787	0.9740404523013219	0.7956681000159261	0.9214843127886606	0.9788182831661093	0.9641662685140946	0.9624143971970059	0.9031692944736422	0.9714922758401019	0.8826246217550565	0.94951425386208	0.8617614269788183	0.9390030259595477	0.89775441949355	0.8663799968147794	0.89520624303233	0.9872591176939003	0.9098582576843447	0.9288103201146679	0.9788182831661093	0.9426660296225514	0.8467908902691511	0.9472845994585125	0.987736900780379	0.9818442427138079	0.9910813823857302	0.0	0.9907628603280777	0.9941073419334289	0.9555661729574773	0.8649466475553432	0.9845516802038541	0.9657588788023571
SRR29856095	0.8418537983755375	0.990285077241599	0.9926739926739927	0.9151138716356108	0.9726071030418857	0.9479216435738175	0.9769071508201943	0.9668737060041408	0.895843287147635	0.9633699633699634	0.987736900780379	0.9660774008600096	0.9534957795827361	0.9464882943143813	0.9208472686733556	0.9385252428730689	0.9280140149705367	0.9719700589265806	0.9445771619684663	0.9635292243987896	0.9396400700748527	0.8445612358655837	0.9402771141901577	0.9466475553432075	0.9214843127886606	0.9356585443541965	0.9928332537028189	0.8773690078037905	0.8733874820831342	0.9810479375696767	0.9076286032807772	0.9393215480172001	0.9746774964166268	0.8969581143494187	0.860328077719382	0.8995062908106386	0.8920210224558051	0.9560439560439561	0.769708552317248	0.9390030259595477	0.9017359452142061	0.9307214524605829	0.9039655996177736	0.9270584487975793	0.9711737537824494	0.905558209906036	0.9214843127886606	0.9211657907310081	0.987736900780379	0.9241917502787068	0.9356585443541965	0.9413919413919414	0.9085841694537347	0.9721293199554069	0.7416786112438286	0.8077719382067208	0.9509476031215162	0.7900939640070075	0.8515687211339386	0.9526994744386049	0.8864468864468864	0.912724956203217	0.8724319159101768	0.9778627169931517	0.7961458831024049	0.8948877209746775	0.9418697244784201	0.865424430641822	0.9839146360885491	0.9425067685937251	0.8377130116260552	0.968944099378882	0.9423475075648988	0.9748367574454531	0.9595476986781335	0.9302436693741042	0.9730848861283644	0.8557095078834209	0.9331103678929766	0.9552476508998248	0.9318362796623666	0.8802357063226628	0.8136645962732919	0.8216276477146043	0.9251473164516643	0.9447364229972925	0.8684503901895206	0.9574773053033923	0.8643096034400383	0.8671763019589106	0.9213250517598344	0.9098582576843447	0.957318044274566	0.9503105590062112	0.8286351329829591	0.9821627647714605	0.9931517757604714	0.9605032648510909	0.8451982799808887	0.8257684344640867	0.9581143494186972	0.8708393056219144	0.9872591176939003	0.8429686255773212	0.939799331103679	0.7091893613632744	0.8913839783405001	0.9667144449753146	0.9923554706163402	0.8631947762382545	0.7980570154483198	0.9558846950151298	0.9925147316451665	0.89265806657111	0.8276795668100015	0.927536231884058	0.9431438127090301	0.9842331581462016	0.9813664596273292	0.9893295110686415	0.9866220735785953	0.9506290810638637	0.7490046185698359	0.7776716037585603	0.9114508679726071	0.9961777353081701	0.8053830227743272	0.9949036470775601	0.8120719859850295	0.8832616658703615	0.7504379678292722	0.9925147316451665	0.8095238095238095	0.8867654085045389	0.8286351329829591	0.9872591176939003	0.9907628603280777	0.0	0.8590539894887721	0.8101608536391145	0.9730848861283644	0.9163879598662207	0.7662048096830706
SRR29856096	0.9761108456760631	0.9816849816849816	0.9941073419334289	0.9901258162127727	0.9888517279821628	0.9538143016403886	0.9891702500398153	0.9949036470775601	0.6962892180283484	0.9808886765408504	0.9912406434145564	0.9796145883102405	0.9829590699155917	0.9499920369485587	0.7862716993151776	0.9818442427138079	0.9176620480968307	0.7993311036789298	0.955406911928651	0.9155916547220895	0.89775441949355	0.9280140149705367	0.9531772575250836	0.9886924669533366	0.9719700589265806	0.9046026437330785	0.9953814301640389	0.8716356107660456	0.9311992355470616	0.882306099697404	0.7658862876254181	0.7865902213728301	0.9906035992992515	0.9060359929925147	0.8270425226946966	0.7743271221532091	0.7612677177894569	0.9571587832457398	0.9483994266602962	0.9069915591654722	0.9425067685937251	0.8960025481764612	0.9405956362478102	0.7498009237139672	0.9120879120879121	0.9124064341455645	0.8087275043796783	0.8340500079630514	0.8017200191113235	0.9681477942347507	0.7779901258162127	0.9665551839464883	0.7332377767160376	0.78913839783405	0.8391463608854913	0.925625099538143	0.7822901735945215	0.8565058130275521	0.8910654562828476	0.9267399267399268	0.6615703137442268	0.8743430482560918	0.8517279821627648	0.9061952540213409	0.8936136327440676	0.9415512024207676	0.9410734193342889	0.8440834527791049	0.9872591176939003	0.9211657907310081	0.8493390667303711	0.9082656473960822	0.7306896002548177	0.768434464086638	0.7784679089026915	0.7797419971333015	0.9794553272814143	0.8372352285395763	0.9216435738174868	0.9775441949354993	0.749641662685141	0.914636088549132	0.8802357063226628	0.873865265169613	0.9272177098264055	0.8893135849657589	0.928173275999363	0.937251154642459	0.8071348940914158	0.807931199235547	0.9046026437330785	0.8229017359452142	0.9251473164516643	0.9202102245580507	0.759993629558847	0.9933110367892977	0.9926739926739927	0.9789775441949355	0.7830864787386527	0.8983914636088549	0.9311992355470616	0.9210065297021819	0.9934702978181239	0.9093804745978659	0.824653607262303	0.8236980410893454	0.9270584487975793	0.9912406434145564	0.9917184265010351	0.8119127249562033	0.9168657429526995	0.985188724319159	0.9953814301640389	0.9248287943940118	0.8995062908106386	0.9198917025003982	0.9214843127886606	0.9952221691352127	0.9886924669533366	0.9931517757604714	0.9751552795031055	0.9722885809842332	0.9253065774804905	0.7942347507564899	0.9788182831661093	0.9982481286829112	0.9225991399904443	0.9982481286829112	0.9606625258799172	0.8186016881669056	0.9461697722567288	0.9972925625099538	0.9084249084249084	0.8636725593247332	0.9090619525402134	0.7864309603440038	0.9941073419334289	0.8590539894887721	0.0	0.8297499601847428	0.9745182353878006	0.9628921802834847	0.7848383500557413
SRR29856097	0.8697244784201306	0.9649625736582258	0.9202102245580507	0.9491957318044275	0.9436215957955089	0.8891543239369326	0.9453734671125975	0.957318044274566	0.9022137283006848	0.939799331103679	0.9589106545628284	0.9356585443541965	0.8547539417104635	0.9280140149705367	0.9058767319636885	0.9413919413919414	0.9238732282210543	0.9433030737378564	0.907469342251951	0.7604714126453257	0.8921802834846313	0.7935977066411849	0.9394808090460265	0.9549291288421723	0.8232202580028667	0.9324733237776716	0.8028348463131072	0.8687689122471731	0.8585762064022934	0.9577958273610447	0.9339066730371078	0.9538143016403886	0.9641662685140946	0.8593725115464246	0.8584169453734671	0.915273132664437	0.9412326803631151	0.9170250039815258	0.8377130116260552	0.7845198279980888	0.9270584487975793	0.9205287466157032	0.9065137760789934	0.9084249084249084	0.7814938684503902	0.6607740086000956	0.905558209906036	0.9096989966555183	0.978021978021978	0.9407548972766364	0.9582736104475235	0.7681159420289855	0.9608217869087434	0.8915432393693263	0.7376970855231725	0.8018792801401498	0.9531772575250836	0.7958273610447524	0.7735308170090779	0.94951425386208	0.7859531772575251	0.8722726548813505	0.6789297658862876	0.9874183787227265	0.9038063385889473	0.89520624303233	0.9229176620480968	0.7541009714922758	0.9429845516802039	0.9160694378085682	0.8052237617455009	0.9538143016403886	0.955406911928651	0.9603440038222647	0.9608217869087434	0.925625099538143	0.9719700589265806	0.591813983118331	0.927536231884058	0.9452142060837713	0.9362955884695016	0.9071508201942985	0.6481923873228221	0.8808727504379679	0.9245102723363593	0.9238732282210543	0.9025322503583373	0.9143175664914795	0.8678133460742157	0.8496575887880236	0.7668418537983756	0.8652651696129957	0.8929765886287625	0.9321548017200191	0.7582417582417582	0.9477623825449912	0.9703774486383182	0.9385252428730689	0.8528428093645485	0.8111164198120719	0.9437808568243351	0.8682911291606944	0.980570154483198	0.887402452619844	0.8480649784997611	0.8748208313425705	0.89265806657111	0.9595476986781335	0.9361363274406753	0.8517279821627648	0.9117693900302596	0.9036470775601211	0.9534957795827361	0.9321548017200191	0.882943143812709	0.8765727026596591	0.8420130594043638	0.9655996177735309	0.9749960184742793	0.9753145405319318	0.7271858576206403	0.9233954451345756	0.8560280299410734	0.6677814938684504	0.950151297977385	0.9732441471571907	0.8434464086637999	0.9663959229176621	0.7802197802197802	0.8315018315018315	0.842809364548495	0.9593884376493073	0.870043000477783	0.7260710304188565	0.8545946806816372	0.9729256250995382	0.9555661729574773	0.8101608536391145	0.8297499601847428	0.0	0.9324733237776716	0.935340022296544	0.7337155598025163
SRR29856098	0.9401178531613315	0.9369326325848065	0.8130275521579869	0.8889950629081064	0.8248128682911292	0.8496575887880236	0.8119127249562033	0.9240324892498806	0.9434623347666826	0.7948717948717948	0.8716356107660456	0.8749800923713967	0.8737060041407867	0.8372352285395763	0.9461697722567288	0.7905717470934862	0.9050804268195572	0.9358178053830227	0.7396082178690875	0.9417104634495939	0.9089026915113871	0.84472049689441	0.9339066730371078	0.7862716993151776	0.9114508679726071	0.965121834687052	0.9864628125497691	0.8869246695333652	0.798216276477146	0.9101767797419972	0.9382067208154165	0.9302436693741042	0.9100175187131709	0.9351807612677178	0.9090619525402134	0.9044433827042523	0.9264214046822743	0.6333811116419812	0.8821468386685778	0.9240324892498806	0.8413760152890588	0.9200509635292244	0.7617455008759356	0.9480809046026437	0.9678292721770982	0.9066730371078198	0.8891543239369326	0.8815097945532728	0.9853479853479854	0.84089823220258	0.912724956203217	0.8928173275999363	0.9808886765408504	0.9745182353878006	0.9033285555024686	0.9549291288421723	0.9912406434145564	0.9407548972766364	0.9722885809842332	0.8896321070234113	0.9479216435738175	0.8937728937728938	0.8679726071030419	0.9912406434145564	0.9912406434145564	0.9015766841853798	0.8365981844242714	0.8913839783405001	0.9053989488772097	0.9757923236184106	0.9138397834050008	0.9770664118490205	0.9920369485586877	0.9743589743589743	0.9402771141901577	0.955406911928651	0.9784997611084567	0.9305621914317567	0.9549291288421723	0.9100175187131709	0.9660774008600096	0.8671763019589106	0.9162286988373944	0.9738811912724956	0.9018952062430323	0.9203694855868769	0.9925147316451665	0.9552476508998248	0.9240324892498806	0.8702022615066093	0.9386845039018952	0.9673514890906195	0.9741997133301481	0.8714763497372193	0.8862876254180602	0.8657429526994744	0.992196209587514	0.935340022296544	0.954769867813346	0.937888198757764	0.9719700589265806	0.9081063863672559	0.9394808090460265	0.7397674788979137	0.9426660296225514	0.9655996177735309	0.8450390189520625	0.8451982799808887	0.8477464564421087	0.9635292243987896	0.8471094123268036	0.9173435260391782	0.8808727504379679	0.8354833572224877	0.8791208791208791	0.8722726548813505	0.9093804745978659	0.9259436215957955	0.9498327759197325	0.9147953495779583	0.9487179487179487	0.9404363752189839	0.9232361841057494	0.9297658862876255	0.7494824016563147	0.982481286829113	0.9186176142697882	0.9804108934543717	0.9079471253384297	0.9648033126293996	0.9004618569835962	0.8639910813823858	0.8983914636088549	0.9394808090460265	0.9304029304029304	0.9673514890906195	0.8649466475553432	0.9730848861283644	0.9745182353878006	0.9324733237776716	0.0	0.8760949195731804	0.8991877687529861
SRR29856099	0.8982322025800287	0.9757923236184106	0.811753463927377	0.8947284599458513	0.9116101290014333	0.9315177576047141	0.8960025481764612	0.9434623347666826	0.945054945054945	0.9356585443541965	0.9624143971970059	0.9455327281414238	0.8706800445930881	0.8568243350852046	0.9738811912724956	0.8902691511387164	0.8881987577639752	0.965121834687052	0.8283166109253066	0.9724478420130594	0.9289695811434941	0.8964803312629399	0.9273769708552317	0.877050485746138	0.9184583532409619	0.9698996655518395	0.9904443382704252	0.9284917980570154	0.905558209906036	0.9496735148909062	0.9261028826246217	0.9319955406911928	0.8832616658703615	0.9147953495779583	0.9388437649307214	0.8894728459945851	0.9310399745182354	0.9417104634495939	0.9337474120082816	0.912724956203217	0.9077878643096035	0.937888198757764	0.9327918458353242	0.959229176620481	0.9635292243987896	0.9168657429526995	0.94951425386208	0.9195731804427456	0.992196209587514	0.9248287943940118	0.9426660296225514	0.9571587832457398	0.9708552317247969	0.9184583532409619	0.8717948717948718	0.9659181398311834	0.9232361841057494	0.8754578754578755	0.8093645484949833	0.9334288899506291	0.9633699633699634	0.9119286510590858	0.9297658862876255	0.9646440516005733	0.9724478420130594	0.9176620480968307	0.9442586399108138	0.9417104634495939	0.9593884376493073	0.9299251473164517	0.9394808090460265	0.9028507724159898	0.9815257206561554	0.9628921802834847	0.9552476508998248	0.9436215957955089	0.9866220735785953	0.8803949673514891	0.9219620958751393	0.9612995699952221	0.8913839783405001	0.926899187768753	0.9329511068641504	0.9324733237776716	0.9362955884695016	0.9329511068641504	0.8861283643892339	0.9659181398311834	0.9396400700748527	0.8735467431119605	0.9487179487179487	0.9401178531613315	0.9270584487975793	0.9396400700748527	0.935977066411849	0.9222806179327918	0.990285077241599	0.9619366141105271	0.9189361363274406	0.8310240484153527	0.9343844561235866	0.8910654562828476	0.9741997133301481	0.8401019270584488	0.955406911928651	0.8972766364070712	0.9017359452142061	0.9468068163720338	0.9525402134097787	0.9557254339863035	0.9006211180124224	0.8980729415512024	0.9370918936136328	0.9090619525402134	0.9117693900302596	0.9245102723363593	0.9160694378085682	0.9538143016403886	0.9490364707756012	0.9525402134097787	0.9339066730371078	0.8963210702341137	0.9128842172320433	0.9170250039815258	0.8834209268991877	0.9208472686733556	0.8275203057811753	0.9619366141105271	0.8289536550406116	0.8322981366459627	0.9383659818442427	0.9034878165312948	0.8752986144290492	0.9052396878483835	0.8358018792801402	0.9751552795031055	0.9845516802038541	0.9163879598662207	0.9628921802834847	0.935340022296544	0.8760949195731804	0.0	0.89775441949355
SRR29856102	0.8186016881669056	0.9718107978977544	0.9291288421723204	0.917184265010352	0.8802357063226628	0.8748208313425705	0.9120879120879121	0.9205287466157032	0.8420130594043638	0.9232361841057494	0.9007803790412486	0.9141583054626533	0.8929765886287625	0.8152572065615544	0.9488772097467749	0.887402452619844	0.8789616180920529	0.9563624781016086	0.8752986144290492	0.9313584965758879	0.872591176939003	0.7942347507564899	0.8504538939321548	0.8372352285395763	0.8864468864468864	0.9018952062430323	0.9928332537028189	0.8203535594839942	0.7865902213728301	0.8275203057811753	0.8807134894091416	0.8714763497372193	0.8756171364867017	0.9431438127090301	0.809205287466157	0.8644688644688645	0.8493390667303711	0.8633540372670807	0.8762541806020067	0.8689281732759994	0.8222646918299092	0.8638318203535594	0.7846790890269151	0.9189361363274406	0.9351807612677178	0.8522057652492435	0.8668577799012581	0.8365981844242714	0.9855072463768116	0.8711578276795668	0.8888358018792801	0.8826246217550565	0.9590699155916548	0.9684663162924032	0.7163561076604554	0.8811912724956203	0.9415512024207676	0.8114349418697244	0.8888358018792801	0.9233954451345756	0.7837235228539576	0.8163720337633381	0.692785475394171	0.9761108456760631	0.9464882943143813	0.8114349418697244	0.8367574454530976	0.6867335562987736	0.9655996177735309	0.8805542283803154	0.8002866698518872	0.9601847427934385	0.9681477942347507	0.9706959706959707	0.9052396878483835	0.9240324892498806	0.9827998088867654	0.7834050007963052	0.9253065774804905	0.9660774008600096	0.9307214524605829	0.8423315814620163	0.850613154960981	0.9241917502787068	0.8456760630673674	0.9050804268195572	0.959866220735786	0.9186176142697882	0.7889791368052238	0.8243350852046504	0.8886765408504539	0.9025322503583373	0.9577958273610447	0.8717948717948718	0.6974040452301322	0.8917025003981526	0.9913999044433827	0.9455327281414238	0.7552157986940595	0.8461538461538461	0.928173275999363	0.8773690078037905	0.9560439560439561	0.8229017359452142	0.8541168975951585	0.7572861920688008	0.864787386526517	0.8284758719541329	0.939799331103679	0.8115942028985508	0.7900939640070075	0.8967988533205925	0.9542920847268673	0.8448797579232362	0.8342092689918776	0.8358018792801402	0.8690874343048256	0.9479216435738175	0.885491320273929	0.9542920847268673	0.9679885332059245	0.8901098901098901	0.8861283643892339	0.7378563465519987	0.9018952062430323	0.9711737537824494	0.840261188087275	0.8754578754578755	0.8580984233158147	0.8799171842650103	0.84472049689441	0.9504698200350374	0.7791049530179965	0.7007485268354834	0.8128682911291607	0.970218187609492	0.9657588788023571	0.7662048096830706	0.7848383500557413	0.7337155598025163	0.8991877687529861	0.89775441949355	0.0
